TRACE::2026-03-02.08:52:23::SCWPlatform::Trying to open the hw design at C:/Users/C27Bradford.Hurt/ece383_wksp/ice1/design_1_wrapper/hw/design_1_wrapper.xsa
TRACE::2026-03-02.08:52:23::SCWPlatform::DSA given C:/Users/C27Bradford.Hurt/ece383_wksp/ice1/design_1_wrapper/hw/design_1_wrapper.xsa
TRACE::2026-03-02.08:52:23::SCWPlatform::DSA absoulate path C:/Users/C27Bradford.Hurt/ece383_wksp/ice1/design_1_wrapper/hw/design_1_wrapper.xsa
TRACE::2026-03-02.08:52:23::SCWPlatform::DSA directory C:/Users/C27Bradford.Hurt/ece383_wksp/ice1/design_1_wrapper/hw
TRACE::2026-03-02.08:52:23::SCWPlatform:: Platform Path C:/Users/C27Bradford.Hurt/ece383_wksp/ice1/design_1_wrapper/hw/design_1_wrapper.xsa
TRACE::2026-03-02.08:52:23::SCWPlatform:: Unique name xilinx:nexys_video::0.0
TRACE::2026-03-02.08:52:23::SCWPlatform::Do not have an existing db opened. 
TRACE::2026-03-02.08:52:23::SCWPlatform::Opened new HwDB with name design_1_wrapper_0
TRACE::2026-03-02.08:52:23::SCWWriter::formatted JSON is {
	"platformName":	"design_1_wrapper",
	"sprVersion":	"2.0",
	"mode":	"gui",
	"dsaType":	"Fixed",
	"platformDesc":	"design_1_wrapper",
	"platHandOff":	"<platformDir>.xsa",
	"platIntHandOff":	"<platformDir>/hw/design_1_wrapper.xsa",
	"deviceType":	"FPGA",
	"platIsPrebuiltAutogen":	"false",
	"platIsNoBootBsp":	"false",
	"hasFsblMakeHasChanges":	"false",
	"hasPmufwMakeHasChanges":	"false",
	"platPreBuiltFlag":	false,
	"platformSamplesDir":	""
}
TRACE::2026-03-02.08:52:23::SCWWriter::formatted JSON is {
	"platformName":	"design_1_wrapper",
	"sprVersion":	"2.0",
	"mode":	"gui",
	"dsaType":	"Fixed",
	"platformDesc":	"design_1_wrapper",
	"platHandOff":	"<platformDir>.xsa",
	"platIntHandOff":	"<platformDir>/hw/design_1_wrapper.xsa",
	"deviceType":	"FPGA",
	"platIsPrebuiltAutogen":	"false",
	"platIsNoBootBsp":	"false",
	"hasFsblMakeHasChanges":	"false",
	"hasPmufwMakeHasChanges":	"false",
	"platPreBuiltFlag":	false,
	"platformSamplesDir":	"",
	"platActiveSys":	"design_1_wrapper",
	"systems":	[{
			"systemName":	"design_1_wrapper",
			"systemDesc":	"design_1_wrapper",
			"sysIsBootAutoGen":	"true",
			"systemDispName":	"design_1_wrapper"
		}]
}
TRACE::2026-03-02.08:52:24::SCWPlatform::Boot application domains not present, creating them
TRACE::2026-03-02.08:52:24::SCWPlatform::Pure FPGA device, no boot application will be created.
TRACE::2026-03-02.08:52:24::SCWWriter::formatted JSON is {
	"platformName":	"design_1_wrapper",
	"sprVersion":	"2.0",
	"mode":	"gui",
	"dsaType":	"Fixed",
	"platformDesc":	"design_1_wrapper",
	"platHandOff":	"<platformDir>.xsa",
	"platIntHandOff":	"<platformDir>/hw/design_1_wrapper.xsa",
	"deviceType":	"FPGA",
	"platIsPrebuiltAutogen":	"false",
	"platIsNoBootBsp":	"false",
	"hasFsblMakeHasChanges":	"false",
	"hasPmufwMakeHasChanges":	"false",
	"platPreBuiltFlag":	false,
	"platformSamplesDir":	"",
	"platActiveSys":	"design_1_wrapper",
	"systems":	[{
			"systemName":	"design_1_wrapper",
			"systemDesc":	"design_1_wrapper",
			"sysIsBootAutoGen":	"true",
			"systemDispName":	"design_1_wrapper"
		}]
}
TRACE::2026-03-02.08:52:24::SCWWriter::formatted JSON is {
	"platformName":	"design_1_wrapper",
	"sprVersion":	"2.0",
	"mode":	"gui",
	"dsaType":	"Fixed",
	"platformDesc":	"design_1_wrapper",
	"platHandOff":	"<platformDir>.xsa",
	"platIntHandOff":	"<platformDir>/hw/design_1_wrapper.xsa",
	"deviceType":	"FPGA",
	"platIsPrebuiltAutogen":	"false",
	"platIsNoBootBsp":	"false",
	"hasFsblMakeHasChanges":	"false",
	"hasPmufwMakeHasChanges":	"false",
	"platPreBuiltFlag":	false,
	"platformSamplesDir":	"",
	"platActiveSys":	"design_1_wrapper",
	"systems":	[{
			"systemName":	"design_1_wrapper",
			"systemDesc":	"design_1_wrapper",
			"sysIsBootAutoGen":	"true",
			"systemDispName":	"design_1_wrapper"
		}]
}
TRACE::2026-03-02.08:52:24::SCWPlatform::Trying to open the hw design at C:/Users/C27Bradford.Hurt/ece383_wksp/ice1/design_1_wrapper/hw/design_1_wrapper.xsa
TRACE::2026-03-02.08:52:24::SCWPlatform::DSA given C:/Users/C27Bradford.Hurt/ece383_wksp/ice1/design_1_wrapper/hw/design_1_wrapper.xsa
TRACE::2026-03-02.08:52:24::SCWPlatform::DSA absoulate path C:/Users/C27Bradford.Hurt/ece383_wksp/ice1/design_1_wrapper/hw/design_1_wrapper.xsa
TRACE::2026-03-02.08:52:24::SCWPlatform::DSA directory C:/Users/C27Bradford.Hurt/ece383_wksp/ice1/design_1_wrapper/hw
TRACE::2026-03-02.08:52:24::SCWPlatform:: Platform Path C:/Users/C27Bradford.Hurt/ece383_wksp/ice1/design_1_wrapper/hw/design_1_wrapper.xsa
TRACE::2026-03-02.08:52:24::SCWPlatform:: Unique name xilinx:nexys_video::0.0
TRACE::2026-03-02.08:52:24::SCWPlatform::Trying to set the existing hwdb with name design_1_wrapper_0
TRACE::2026-03-02.08:52:24::SCWPlatform::Opened existing hwdb design_1_wrapper_0
TRACE::2026-03-02.08:52:24::SCWPlatform::Found the Hw Db part of the input DSA
TRACE::2026-03-02.08:52:24::SCWPlatform::Trying to open the hw design at C:/Users/C27Bradford.Hurt/ece383_wksp/ice1/design_1_wrapper/hw/design_1_wrapper.xsa
TRACE::2026-03-02.08:52:24::SCWPlatform::DSA given C:/Users/C27Bradford.Hurt/ece383_wksp/ice1/design_1_wrapper/hw/design_1_wrapper.xsa
TRACE::2026-03-02.08:52:24::SCWPlatform::DSA absoulate path C:/Users/C27Bradford.Hurt/ece383_wksp/ice1/design_1_wrapper/hw/design_1_wrapper.xsa
TRACE::2026-03-02.08:52:24::SCWPlatform::DSA directory C:/Users/C27Bradford.Hurt/ece383_wksp/ice1/design_1_wrapper/hw
TRACE::2026-03-02.08:52:24::SCWPlatform:: Platform Path C:/Users/C27Bradford.Hurt/ece383_wksp/ice1/design_1_wrapper/hw/design_1_wrapper.xsa
TRACE::2026-03-02.08:52:24::SCWPlatform:: Unique name xilinx:nexys_video::0.0
TRACE::2026-03-02.08:52:24::SCWPlatform::Trying to set the existing hwdb with name design_1_wrapper_0
TRACE::2026-03-02.08:52:24::SCWPlatform::Opened existing hwdb design_1_wrapper_0
TRACE::2026-03-02.08:52:24::SCWPlatform::Found the Hw Db part of the input DSA
TRACE::2026-03-02.08:52:24::SCWDomain::checking for install qemu data   : 
TRACE::2026-03-02.08:52:24::SCWPlatform::Trying to open the hw design at C:/Users/C27Bradford.Hurt/ece383_wksp/ice1/design_1_wrapper/hw/design_1_wrapper.xsa
TRACE::2026-03-02.08:52:24::SCWPlatform::DSA given C:/Users/C27Bradford.Hurt/ece383_wksp/ice1/design_1_wrapper/hw/design_1_wrapper.xsa
TRACE::2026-03-02.08:52:24::SCWPlatform::DSA absoulate path C:/Users/C27Bradford.Hurt/ece383_wksp/ice1/design_1_wrapper/hw/design_1_wrapper.xsa
TRACE::2026-03-02.08:52:24::SCWPlatform::DSA directory C:/Users/C27Bradford.Hurt/ece383_wksp/ice1/design_1_wrapper/hw
TRACE::2026-03-02.08:52:24::SCWPlatform:: Platform Path C:/Users/C27Bradford.Hurt/ece383_wksp/ice1/design_1_wrapper/hw/design_1_wrapper.xsa
TRACE::2026-03-02.08:52:24::SCWPlatform:: Unique name xilinx:nexys_video::0.0
TRACE::2026-03-02.08:52:24::SCWPlatform::Trying to set the existing hwdb with name design_1_wrapper_0
TRACE::2026-03-02.08:52:24::SCWPlatform::Opened existing hwdb design_1_wrapper_0
TRACE::2026-03-02.08:52:24::SCWPlatform::Found the Hw Db part of the input DSA
TRACE::2026-03-02.08:52:24::SCWPlatform::Trying to open the hw design at C:/Users/C27Bradford.Hurt/ece383_wksp/ice1/design_1_wrapper/hw/design_1_wrapper.xsa
TRACE::2026-03-02.08:52:24::SCWPlatform::DSA given C:/Users/C27Bradford.Hurt/ece383_wksp/ice1/design_1_wrapper/hw/design_1_wrapper.xsa
TRACE::2026-03-02.08:52:24::SCWPlatform::DSA absoulate path C:/Users/C27Bradford.Hurt/ece383_wksp/ice1/design_1_wrapper/hw/design_1_wrapper.xsa
TRACE::2026-03-02.08:52:24::SCWPlatform::DSA directory C:/Users/C27Bradford.Hurt/ece383_wksp/ice1/design_1_wrapper/hw
TRACE::2026-03-02.08:52:24::SCWPlatform:: Platform Path C:/Users/C27Bradford.Hurt/ece383_wksp/ice1/design_1_wrapper/hw/design_1_wrapper.xsa
TRACE::2026-03-02.08:52:24::SCWPlatform:: Unique name xilinx:nexys_video::0.0
TRACE::2026-03-02.08:52:24::SCWPlatform::Trying to set the existing hwdb with name design_1_wrapper_0
TRACE::2026-03-02.08:52:24::SCWPlatform::Opened existing hwdb design_1_wrapper_0
TRACE::2026-03-02.08:52:24::SCWPlatform::Found the Hw Db part of the input DSA
TRACE::2026-03-02.08:52:24::SCWPlatform::Trying to open the hw design at C:/Users/C27Bradford.Hurt/ece383_wksp/ice1/design_1_wrapper/hw/design_1_wrapper.xsa
TRACE::2026-03-02.08:52:24::SCWPlatform::DSA given C:/Users/C27Bradford.Hurt/ece383_wksp/ice1/design_1_wrapper/hw/design_1_wrapper.xsa
TRACE::2026-03-02.08:52:24::SCWPlatform::DSA absoulate path C:/Users/C27Bradford.Hurt/ece383_wksp/ice1/design_1_wrapper/hw/design_1_wrapper.xsa
TRACE::2026-03-02.08:52:24::SCWPlatform::DSA directory C:/Users/C27Bradford.Hurt/ece383_wksp/ice1/design_1_wrapper/hw
TRACE::2026-03-02.08:52:24::SCWPlatform:: Platform Path C:/Users/C27Bradford.Hurt/ece383_wksp/ice1/design_1_wrapper/hw/design_1_wrapper.xsa
TRACE::2026-03-02.08:52:24::SCWPlatform:: Unique name xilinx:nexys_video::0.0
TRACE::2026-03-02.08:52:24::SCWPlatform::Trying to set the existing hwdb with name design_1_wrapper_0
TRACE::2026-03-02.08:52:24::SCWPlatform::Opened existing hwdb design_1_wrapper_0
TRACE::2026-03-02.08:52:24::SCWPlatform::Found the Hw Db part of the input DSA
TRACE::2026-03-02.08:52:24::SCWMssOS::Checking the sw design at  C:/Users/C27Bradford.Hurt/ece383_wksp/ice1/design_1_wrapper/microblaze_0/standalone_microblaze_0/bsp/system.mss
TRACE::2026-03-02.08:52:24::SCWMssOS::DEBUG:  swdes dump  
TRACE::2026-03-02.08:52:24::SCWMssOS::No sw design opened at  C:/Users/C27Bradford.Hurt/ece383_wksp/ice1/design_1_wrapper/microblaze_0/standalone_microblaze_0/bsp/system.mss
TRACE::2026-03-02.08:52:24::SCWMssOS::mss does not exists at C:/Users/C27Bradford.Hurt/ece383_wksp/ice1/design_1_wrapper/microblaze_0/standalone_microblaze_0/bsp/system.mss
TRACE::2026-03-02.08:52:24::SCWMssOS::Creating sw design at  C:/Users/C27Bradford.Hurt/ece383_wksp/ice1/design_1_wrapper/microblaze_0/standalone_microblaze_0/bsp/system.mss
TRACE::2026-03-02.08:52:24::SCWMssOS::Adding the swdes entry, created swdb C:/Users/C27Bradford.Hurt/ece383_wksp/ice1/design_1_wrapper/microblaze_0/standalone_microblaze_0/bsp/system.mss with des name C:/Users/C27Bradford.Hurt/ece383_wksp/ice1/design_1_wrapper/microblaze_0/standalone_microblaze_0/bsp/system.mss
TRACE::2026-03-02.08:52:24::SCWMssOS::updating the scw layer changes to swdes at   C:/Users/C27Bradford.Hurt/ece383_wksp/ice1/design_1_wrapper/microblaze_0/standalone_microblaze_0/bsp/system.mss
TRACE::2026-03-02.08:52:24::SCWMssOS::Writing mss at C:/Users/C27Bradford.Hurt/ece383_wksp/ice1/design_1_wrapper/microblaze_0/standalone_microblaze_0/bsp/system.mss
TRACE::2026-03-02.08:52:24::SCWMssOS::Completed writing the mss file at C:/Users/C27Bradford.Hurt/ece383_wksp/ice1/design_1_wrapper/microblaze_0/standalone_microblaze_0/bsp
TRACE::2026-03-02.08:52:24::SCWMssOS::Picking up changes from newly written mss file into SCW Layer. 
TRACE::2026-03-02.08:52:24::SCWMssOS::Updated the changes from newly written mss file into SCW Layer. 
TRACE::2026-03-02.08:52:24::SCWMssOS::Completed writing the mss file at C:/Users/C27Bradford.Hurt/ece383_wksp/ice1/design_1_wrapper/microblaze_0/standalone_microblaze_0/bsp
TRACE::2026-03-02.08:52:24::SCWMssOS::Forcing BSP Sources regeneration.
TRACE::2026-03-02.08:52:30::SCWMssOS::Saving the mss changes C:/Users/C27Bradford.Hurt/ece383_wksp/ice1/design_1_wrapper/microblaze_0/standalone_microblaze_0/bsp/system.mss
TRACE::2026-03-02.08:52:30::SCWMssOS::Adding the swdes entry, mss present, able to open swdb C:/Users/C27Bradford.Hurt/ece383_wksp/ice1/design_1_wrapper/microblaze_0/standalone_microblaze_0/bsp/system.mss with des name system
TRACE::2026-03-02.08:52:30::SCWMssOS::Writing the mss file completed C:/Users/C27Bradford.Hurt/ece383_wksp/ice1/design_1_wrapper/microblaze_0/standalone_microblaze_0/bsp/system.mss
TRACE::2026-03-02.08:52:30::SCWMssOS::Commit changes completed.
TRACE::2026-03-02.08:52:30::SCWPlatform::Trying to open the hw design at C:/Users/C27Bradford.Hurt/ece383_wksp/ice1/design_1_wrapper/hw/design_1_wrapper.xsa
TRACE::2026-03-02.08:52:30::SCWPlatform::DSA given C:/Users/C27Bradford.Hurt/ece383_wksp/ice1/design_1_wrapper/hw/design_1_wrapper.xsa
TRACE::2026-03-02.08:52:30::SCWPlatform::DSA absoulate path C:/Users/C27Bradford.Hurt/ece383_wksp/ice1/design_1_wrapper/hw/design_1_wrapper.xsa
TRACE::2026-03-02.08:52:30::SCWPlatform::DSA directory C:/Users/C27Bradford.Hurt/ece383_wksp/ice1/design_1_wrapper/hw
TRACE::2026-03-02.08:52:30::SCWPlatform:: Platform Path C:/Users/C27Bradford.Hurt/ece383_wksp/ice1/design_1_wrapper/hw/design_1_wrapper.xsa
TRACE::2026-03-02.08:52:30::SCWPlatform:: Unique name xilinx:nexys_video::0.0
TRACE::2026-03-02.08:52:30::SCWPlatform::Trying to set the existing hwdb with name design_1_wrapper_0
TRACE::2026-03-02.08:52:30::SCWPlatform::Opened existing hwdb design_1_wrapper_0
TRACE::2026-03-02.08:52:30::SCWPlatform::Found the Hw Db part of the input DSA
TRACE::2026-03-02.08:52:30::SCWMssOS::Checking the sw design at  C:/Users/C27Bradford.Hurt/ece383_wksp/ice1/design_1_wrapper/microblaze_0/standalone_microblaze_0/bsp/system.mss
TRACE::2026-03-02.08:52:30::SCWMssOS::DEBUG:  swdes dump  C:/Users/C27Bradford.Hurt/ece383_wksp/ice1/design_1_wrapper/microblaze_0/standalone_microblaze_0/bsp/system.mss|system||

TRACE::2026-03-02.08:52:30::SCWMssOS::Sw design exists and opened at  C:/Users/C27Bradford.Hurt/ece383_wksp/ice1/design_1_wrapper/microblaze_0/standalone_microblaze_0/bsp/system.mss
TRACE::2026-03-02.08:52:30::SCWPlatform::Trying to open the hw design at C:/Users/C27Bradford.Hurt/ece383_wksp/ice1/design_1_wrapper/hw/design_1_wrapper.xsa
TRACE::2026-03-02.08:52:30::SCWPlatform::DSA given C:/Users/C27Bradford.Hurt/ece383_wksp/ice1/design_1_wrapper/hw/design_1_wrapper.xsa
TRACE::2026-03-02.08:52:30::SCWPlatform::DSA absoulate path C:/Users/C27Bradford.Hurt/ece383_wksp/ice1/design_1_wrapper/hw/design_1_wrapper.xsa
TRACE::2026-03-02.08:52:30::SCWPlatform::DSA directory C:/Users/C27Bradford.Hurt/ece383_wksp/ice1/design_1_wrapper/hw
TRACE::2026-03-02.08:52:30::SCWPlatform:: Platform Path C:/Users/C27Bradford.Hurt/ece383_wksp/ice1/design_1_wrapper/hw/design_1_wrapper.xsa
TRACE::2026-03-02.08:52:30::SCWPlatform:: Unique name xilinx:nexys_video::0.0
TRACE::2026-03-02.08:52:30::SCWPlatform::Trying to set the existing hwdb with name design_1_wrapper_0
TRACE::2026-03-02.08:52:30::SCWPlatform::Opened existing hwdb design_1_wrapper_0
TRACE::2026-03-02.08:52:30::SCWPlatform::Found the Hw Db part of the input DSA
TRACE::2026-03-02.08:52:30::SCWMssOS::Checking the sw design at  C:/Users/C27Bradford.Hurt/ece383_wksp/ice1/design_1_wrapper/microblaze_0/standalone_microblaze_0/bsp/system.mss
TRACE::2026-03-02.08:52:30::SCWMssOS::DEBUG:  swdes dump  C:/Users/C27Bradford.Hurt/ece383_wksp/ice1/design_1_wrapper/microblaze_0/standalone_microblaze_0/bsp/system.mss|system||

TRACE::2026-03-02.08:52:30::SCWMssOS::Sw design exists and opened at  C:/Users/C27Bradford.Hurt/ece383_wksp/ice1/design_1_wrapper/microblaze_0/standalone_microblaze_0/bsp/system.mss
TRACE::2026-03-02.08:52:30::SCWPlatform::Trying to open the hw design at C:/Users/C27Bradford.Hurt/ece383_wksp/ice1/design_1_wrapper/hw/design_1_wrapper.xsa
TRACE::2026-03-02.08:52:30::SCWPlatform::DSA given C:/Users/C27Bradford.Hurt/ece383_wksp/ice1/design_1_wrapper/hw/design_1_wrapper.xsa
TRACE::2026-03-02.08:52:30::SCWPlatform::DSA absoulate path C:/Users/C27Bradford.Hurt/ece383_wksp/ice1/design_1_wrapper/hw/design_1_wrapper.xsa
TRACE::2026-03-02.08:52:30::SCWPlatform::DSA directory C:/Users/C27Bradford.Hurt/ece383_wksp/ice1/design_1_wrapper/hw
TRACE::2026-03-02.08:52:30::SCWPlatform:: Platform Path C:/Users/C27Bradford.Hurt/ece383_wksp/ice1/design_1_wrapper/hw/design_1_wrapper.xsa
TRACE::2026-03-02.08:52:30::SCWPlatform:: Unique name xilinx:nexys_video::0.0
TRACE::2026-03-02.08:52:30::SCWPlatform::Trying to set the existing hwdb with name design_1_wrapper_0
TRACE::2026-03-02.08:52:30::SCWPlatform::Opened existing hwdb design_1_wrapper_0
TRACE::2026-03-02.08:52:30::SCWPlatform::Found the Hw Db part of the input DSA
TRACE::2026-03-02.08:52:30::SCWMssOS::Checking the sw design at  C:/Users/C27Bradford.Hurt/ece383_wksp/ice1/design_1_wrapper/microblaze_0/standalone_microblaze_0/bsp/system.mss
TRACE::2026-03-02.08:52:30::SCWMssOS::DEBUG:  swdes dump  C:/Users/C27Bradford.Hurt/ece383_wksp/ice1/design_1_wrapper/microblaze_0/standalone_microblaze_0/bsp/system.mss|system||

TRACE::2026-03-02.08:52:30::SCWMssOS::Sw design exists and opened at  C:/Users/C27Bradford.Hurt/ece383_wksp/ice1/design_1_wrapper/microblaze_0/standalone_microblaze_0/bsp/system.mss
TRACE::2026-03-02.08:52:30::SCWWriter::formatted JSON is {
	"platformName":	"design_1_wrapper",
	"sprVersion":	"2.0",
	"mode":	"gui",
	"dsaType":	"Fixed",
	"platformDesc":	"design_1_wrapper",
	"platHandOff":	"<platformDir>.xsa",
	"platIntHandOff":	"<platformDir>/hw/design_1_wrapper.xsa",
	"deviceType":	"FPGA",
	"platIsPrebuiltAutogen":	"false",
	"platIsNoBootBsp":	"false",
	"hasFsblMakeHasChanges":	"false",
	"hasPmufwMakeHasChanges":	"false",
	"platPreBuiltFlag":	false,
	"platformSamplesDir":	"",
	"platActiveSys":	"design_1_wrapper",
	"systems":	[{
			"systemName":	"design_1_wrapper",
			"systemDesc":	"design_1_wrapper",
			"sysIsBootAutoGen":	"true",
			"systemDispName":	"design_1_wrapper",
			"sysActiveDom":	"standalone_microblaze_0",
			"sysDefaultDom":	"standalone_microblaze_0",
			"domains":	[{
					"domainName":	"standalone_microblaze_0",
					"domainDispName":	"standalone_microblaze_0",
					"domainDesc":	"standalone_microblaze_0",
					"processors":	"microblaze_0",
					"os":	"standalone",
					"sdxOs":	"standalone",
					"debugEnable":	"False",
					"domRuntimes":	["cpp"],
					"swRepo":	"",
					"mssOsVer":	"9.2",
					"mssFile":	"",
					"md5Digest":	"27f266669af8a91a539307f7b404e8b4",
					"compatibleApp":	"hello_world",
					"domType":	"mssDomain",
					"arch":	"32-bit",
					"appSettings":	{
						"appCompilerFlags":	"",
						"appLinkerFlags":	""
					},
					"addedLibs":	[],
					"libOptions":	{
						"libsContainingOptions":	[]
					},
					"prebuiltLibs":	{
						"prebuiltIncPath":	[],
						"prebuiltLibPath":	[]
					},
					"isolation":	{
					}
				}]
		}]
}
LOG::2026-03-02.08:52:30::SCWPlatform::Started generating the artifacts platform design_1_wrapper
TRACE::2026-03-02.08:52:30::SCWPlatform::Sanity checking of platform is completed
LOG::2026-03-02.08:52:30::SCWPlatform::Started generating the artifacts for system configuration design_1_wrapper
LOG::2026-03-02.08:52:30::SCWSystem::Checking the domain standalone_microblaze_0
LOG::2026-03-02.08:52:30::SCWSystem::Not a boot domain 
LOG::2026-03-02.08:52:30::SCWSystem::Started Processing the domain standalone_microblaze_0
TRACE::2026-03-02.08:52:30::SCWDomain::Generating domain artifcats
TRACE::2026-03-02.08:52:30::SCWMssOS::Generating standalone artifcats
TRACE::2026-03-02.08:52:30::SCWMssOS:: Copying the user libraries. 
TRACE::2026-03-02.08:52:30::SCWPlatform::Trying to open the hw design at C:/Users/C27Bradford.Hurt/ece383_wksp/ice1/design_1_wrapper/hw/design_1_wrapper.xsa
TRACE::2026-03-02.08:52:30::SCWPlatform::DSA given C:/Users/C27Bradford.Hurt/ece383_wksp/ice1/design_1_wrapper/hw/design_1_wrapper.xsa
TRACE::2026-03-02.08:52:30::SCWPlatform::DSA absoulate path C:/Users/C27Bradford.Hurt/ece383_wksp/ice1/design_1_wrapper/hw/design_1_wrapper.xsa
TRACE::2026-03-02.08:52:30::SCWPlatform::DSA directory C:/Users/C27Bradford.Hurt/ece383_wksp/ice1/design_1_wrapper/hw
TRACE::2026-03-02.08:52:30::SCWPlatform:: Platform Path C:/Users/C27Bradford.Hurt/ece383_wksp/ice1/design_1_wrapper/hw/design_1_wrapper.xsa
TRACE::2026-03-02.08:52:30::SCWPlatform:: Unique name xilinx:nexys_video::0.0
TRACE::2026-03-02.08:52:30::SCWPlatform::Trying to set the existing hwdb with name design_1_wrapper_0
TRACE::2026-03-02.08:52:30::SCWPlatform::Opened existing hwdb design_1_wrapper_0
TRACE::2026-03-02.08:52:30::SCWPlatform::Found the Hw Db part of the input DSA
TRACE::2026-03-02.08:52:30::SCWMssOS::Checking the sw design at  C:/Users/C27Bradford.Hurt/ece383_wksp/ice1/design_1_wrapper/microblaze_0/standalone_microblaze_0/bsp/system.mss
TRACE::2026-03-02.08:52:30::SCWMssOS::DEBUG:  swdes dump  C:/Users/C27Bradford.Hurt/ece383_wksp/ice1/design_1_wrapper/microblaze_0/standalone_microblaze_0/bsp/system.mss|system||

TRACE::2026-03-02.08:52:30::SCWMssOS::Sw design exists and opened at  C:/Users/C27Bradford.Hurt/ece383_wksp/ice1/design_1_wrapper/microblaze_0/standalone_microblaze_0/bsp/system.mss
TRACE::2026-03-02.08:52:30::SCWMssOS::Completed writing the mss file at C:/Users/C27Bradford.Hurt/ece383_wksp/ice1/design_1_wrapper/microblaze_0/standalone_microblaze_0/bsp
TRACE::2026-03-02.08:52:30::SCWMssOS::Mss edits present, copying mssfile into export location C:/Users/C27Bradford.Hurt/ece383_wksp/ice1/design_1_wrapper/microblaze_0/standalone_microblaze_0/bsp/system.mss
TRACE::2026-03-02.08:52:30::SCWMssOS::bsp generated is upto date with the mss file. Skipping bsp generation.
TRACE::2026-03-02.08:52:30::SCWMssOS::BSP is already built. skipping the bsp build ... 
TRACE::2026-03-02.08:52:30::SCWDomain::Skipping the build for domain :  standalone_microblaze_0
TRACE::2026-03-02.08:52:30::SCWMssOS::skipping the bsp build ... 
TRACE::2026-03-02.08:52:30::SCWMssOS::Copying to export directory.
TRACE::2026-03-02.08:52:30::SCWMssOS:: Checking if to create the Supporting Applications
TRACE::2026-03-02.08:52:30::SCWMssOS:: No Linux domain exists, trying to generate FSBL 
LOG::2026-03-02.08:52:30::SCWSystem::Completed Processing the domain standalone_microblaze_0
LOG::2026-03-02.08:52:30::SCWSystem::Completed Processing the sysconfig design_1_wrapper
LOG::2026-03-02.08:52:30::SCWPlatform::Completed generating the artifacts for system configuration design_1_wrapper
TRACE::2026-03-02.08:52:30::SCWPlatform::Started preparing the platform 
TRACE::2026-03-02.08:52:30::SCWSystem::Writing the bif file for system config design_1_wrapper
TRACE::2026-03-02.08:52:30::SCWSystem::dir created 
TRACE::2026-03-02.08:52:30::SCWSystem::Writing the bif 
TRACE::2026-03-02.08:52:30::SCWPlatform::Started writing the spfm file 
TRACE::2026-03-02.08:52:30::SCWPlatform::Started writing the xpfm file 
TRACE::2026-03-02.08:52:30::SCWPlatform::Completed generating the platform
TRACE::2026-03-02.08:52:30::SCWMssOS::Saving the mss changes C:/Users/C27Bradford.Hurt/ece383_wksp/ice1/design_1_wrapper/microblaze_0/standalone_microblaze_0/bsp/system.mss
TRACE::2026-03-02.08:52:30::SCWMssOS::Found a swdesign opened with the mssfile.
TRACE::2026-03-02.08:52:30::SCWMssOS::Completed writemss as part of save.
TRACE::2026-03-02.08:52:30::SCWMssOS::Commit changes completed.
TRACE::2026-03-02.08:52:30::SCWPlatform::Trying to open the hw design at C:/Users/C27Bradford.Hurt/ece383_wksp/ice1/design_1_wrapper/hw/design_1_wrapper.xsa
TRACE::2026-03-02.08:52:30::SCWPlatform::DSA given C:/Users/C27Bradford.Hurt/ece383_wksp/ice1/design_1_wrapper/hw/design_1_wrapper.xsa
TRACE::2026-03-02.08:52:30::SCWPlatform::DSA absoulate path C:/Users/C27Bradford.Hurt/ece383_wksp/ice1/design_1_wrapper/hw/design_1_wrapper.xsa
TRACE::2026-03-02.08:52:30::SCWPlatform::DSA directory C:/Users/C27Bradford.Hurt/ece383_wksp/ice1/design_1_wrapper/hw
TRACE::2026-03-02.08:52:30::SCWPlatform:: Platform Path C:/Users/C27Bradford.Hurt/ece383_wksp/ice1/design_1_wrapper/hw/design_1_wrapper.xsa
TRACE::2026-03-02.08:52:30::SCWPlatform:: Unique name xilinx:nexys_video::0.0
TRACE::2026-03-02.08:52:30::SCWPlatform::Trying to set the existing hwdb with name design_1_wrapper_0
TRACE::2026-03-02.08:52:30::SCWPlatform::Opened existing hwdb design_1_wrapper_0
TRACE::2026-03-02.08:52:30::SCWPlatform::Found the Hw Db part of the input DSA
TRACE::2026-03-02.08:52:30::SCWMssOS::Checking the sw design at  C:/Users/C27Bradford.Hurt/ece383_wksp/ice1/design_1_wrapper/microblaze_0/standalone_microblaze_0/bsp/system.mss
TRACE::2026-03-02.08:52:30::SCWMssOS::DEBUG:  swdes dump  C:/Users/C27Bradford.Hurt/ece383_wksp/ice1/design_1_wrapper/microblaze_0/standalone_microblaze_0/bsp/system.mss|system||

TRACE::2026-03-02.08:52:30::SCWMssOS::Sw design exists and opened at  C:/Users/C27Bradford.Hurt/ece383_wksp/ice1/design_1_wrapper/microblaze_0/standalone_microblaze_0/bsp/system.mss
TRACE::2026-03-02.08:52:30::SCWPlatform::Trying to open the hw design at C:/Users/C27Bradford.Hurt/ece383_wksp/ice1/design_1_wrapper/hw/design_1_wrapper.xsa
TRACE::2026-03-02.08:52:30::SCWPlatform::DSA given C:/Users/C27Bradford.Hurt/ece383_wksp/ice1/design_1_wrapper/hw/design_1_wrapper.xsa
TRACE::2026-03-02.08:52:30::SCWPlatform::DSA absoulate path C:/Users/C27Bradford.Hurt/ece383_wksp/ice1/design_1_wrapper/hw/design_1_wrapper.xsa
TRACE::2026-03-02.08:52:30::SCWPlatform::DSA directory C:/Users/C27Bradford.Hurt/ece383_wksp/ice1/design_1_wrapper/hw
TRACE::2026-03-02.08:52:30::SCWPlatform:: Platform Path C:/Users/C27Bradford.Hurt/ece383_wksp/ice1/design_1_wrapper/hw/design_1_wrapper.xsa
TRACE::2026-03-02.08:52:30::SCWPlatform:: Unique name xilinx:nexys_video::0.0
TRACE::2026-03-02.08:52:30::SCWPlatform::Trying to set the existing hwdb with name design_1_wrapper_0
TRACE::2026-03-02.08:52:30::SCWPlatform::Opened existing hwdb design_1_wrapper_0
TRACE::2026-03-02.08:52:30::SCWPlatform::Found the Hw Db part of the input DSA
TRACE::2026-03-02.08:52:30::SCWMssOS::Checking the sw design at  C:/Users/C27Bradford.Hurt/ece383_wksp/ice1/design_1_wrapper/microblaze_0/standalone_microblaze_0/bsp/system.mss
TRACE::2026-03-02.08:52:30::SCWMssOS::DEBUG:  swdes dump  C:/Users/C27Bradford.Hurt/ece383_wksp/ice1/design_1_wrapper/microblaze_0/standalone_microblaze_0/bsp/system.mss|system||

TRACE::2026-03-02.08:52:30::SCWMssOS::Sw design exists and opened at  C:/Users/C27Bradford.Hurt/ece383_wksp/ice1/design_1_wrapper/microblaze_0/standalone_microblaze_0/bsp/system.mss
TRACE::2026-03-02.08:52:30::SCWPlatform::Trying to open the hw design at C:/Users/C27Bradford.Hurt/ece383_wksp/ice1/design_1_wrapper/hw/design_1_wrapper.xsa
TRACE::2026-03-02.08:52:30::SCWPlatform::DSA given C:/Users/C27Bradford.Hurt/ece383_wksp/ice1/design_1_wrapper/hw/design_1_wrapper.xsa
TRACE::2026-03-02.08:52:30::SCWPlatform::DSA absoulate path C:/Users/C27Bradford.Hurt/ece383_wksp/ice1/design_1_wrapper/hw/design_1_wrapper.xsa
TRACE::2026-03-02.08:52:30::SCWPlatform::DSA directory C:/Users/C27Bradford.Hurt/ece383_wksp/ice1/design_1_wrapper/hw
TRACE::2026-03-02.08:52:30::SCWPlatform:: Platform Path C:/Users/C27Bradford.Hurt/ece383_wksp/ice1/design_1_wrapper/hw/design_1_wrapper.xsa
TRACE::2026-03-02.08:52:30::SCWPlatform:: Unique name xilinx:nexys_video::0.0
TRACE::2026-03-02.08:52:30::SCWPlatform::Trying to set the existing hwdb with name design_1_wrapper_0
TRACE::2026-03-02.08:52:30::SCWPlatform::Opened existing hwdb design_1_wrapper_0
TRACE::2026-03-02.08:52:30::SCWPlatform::Found the Hw Db part of the input DSA
TRACE::2026-03-02.08:52:30::SCWMssOS::Checking the sw design at  C:/Users/C27Bradford.Hurt/ece383_wksp/ice1/design_1_wrapper/microblaze_0/standalone_microblaze_0/bsp/system.mss
TRACE::2026-03-02.08:52:30::SCWMssOS::DEBUG:  swdes dump  C:/Users/C27Bradford.Hurt/ece383_wksp/ice1/design_1_wrapper/microblaze_0/standalone_microblaze_0/bsp/system.mss|system||

TRACE::2026-03-02.08:52:30::SCWMssOS::Sw design exists and opened at  C:/Users/C27Bradford.Hurt/ece383_wksp/ice1/design_1_wrapper/microblaze_0/standalone_microblaze_0/bsp/system.mss
TRACE::2026-03-02.08:52:30::SCWWriter::formatted JSON is {
	"platformName":	"design_1_wrapper",
	"sprVersion":	"2.0",
	"mode":	"gui",
	"dsaType":	"Fixed",
	"platformDesc":	"design_1_wrapper",
	"platHandOff":	"<platformDir>.xsa",
	"platIntHandOff":	"<platformDir>/hw/design_1_wrapper.xsa",
	"deviceType":	"FPGA",
	"platIsPrebuiltAutogen":	"false",
	"platIsNoBootBsp":	"false",
	"hasFsblMakeHasChanges":	"false",
	"hasPmufwMakeHasChanges":	"false",
	"platPreBuiltFlag":	false,
	"platformSamplesDir":	"",
	"platActiveSys":	"design_1_wrapper",
	"systems":	[{
			"systemName":	"design_1_wrapper",
			"systemDesc":	"design_1_wrapper",
			"sysIsBootAutoGen":	"true",
			"systemDispName":	"design_1_wrapper",
			"sysActiveDom":	"standalone_microblaze_0",
			"sysDefaultDom":	"standalone_microblaze_0",
			"domains":	[{
					"domainName":	"standalone_microblaze_0",
					"domainDispName":	"standalone_microblaze_0",
					"domainDesc":	"standalone_microblaze_0",
					"processors":	"microblaze_0",
					"os":	"standalone",
					"sdxOs":	"standalone",
					"debugEnable":	"False",
					"domRuntimes":	["cpp"],
					"swRepo":	"",
					"mssOsVer":	"9.2",
					"mssFile":	"",
					"md5Digest":	"27f266669af8a91a539307f7b404e8b4",
					"compatibleApp":	"hello_world",
					"domType":	"mssDomain",
					"arch":	"32-bit",
					"appSettings":	{
						"appCompilerFlags":	"",
						"appLinkerFlags":	""
					},
					"addedLibs":	[],
					"libOptions":	{
						"libsContainingOptions":	[]
					},
					"prebuiltLibs":	{
						"prebuiltIncPath":	[],
						"prebuiltLibPath":	[]
					},
					"isolation":	{
					}
				}]
		}]
}
KEYINFO::2026-03-02.08:52:30::SCWPlatform::updated the xpfm file.
TRACE::2026-03-02.08:52:30::SCWPlatform::Trying to open the hw design at C:/Users/C27Bradford.Hurt/ece383_wksp/ice1/design_1_wrapper/hw/design_1_wrapper.xsa
TRACE::2026-03-02.08:52:30::SCWPlatform::DSA given C:/Users/C27Bradford.Hurt/ece383_wksp/ice1/design_1_wrapper/hw/design_1_wrapper.xsa
TRACE::2026-03-02.08:52:30::SCWPlatform::DSA absoulate path C:/Users/C27Bradford.Hurt/ece383_wksp/ice1/design_1_wrapper/hw/design_1_wrapper.xsa
TRACE::2026-03-02.08:52:30::SCWPlatform::DSA directory C:/Users/C27Bradford.Hurt/ece383_wksp/ice1/design_1_wrapper/hw
TRACE::2026-03-02.08:52:30::SCWPlatform:: Platform Path C:/Users/C27Bradford.Hurt/ece383_wksp/ice1/design_1_wrapper/hw/design_1_wrapper.xsa
TRACE::2026-03-02.08:52:30::SCWPlatform:: Unique name xilinx:nexys_video::0.0
TRACE::2026-03-02.08:52:30::SCWPlatform::Trying to set the existing hwdb with name design_1_wrapper_0
TRACE::2026-03-02.08:52:30::SCWPlatform::Opened existing hwdb design_1_wrapper_0
TRACE::2026-03-02.08:52:30::SCWPlatform::Found the Hw Db part of the input DSA
TRACE::2026-03-02.08:52:30::SCWMssOS::Checking the sw design at  C:/Users/C27Bradford.Hurt/ece383_wksp/ice1/design_1_wrapper/microblaze_0/standalone_microblaze_0/bsp/system.mss
TRACE::2026-03-02.08:52:30::SCWMssOS::DEBUG:  swdes dump  C:/Users/C27Bradford.Hurt/ece383_wksp/ice1/design_1_wrapper/microblaze_0/standalone_microblaze_0/bsp/system.mss|system||

TRACE::2026-03-02.08:52:30::SCWMssOS::Sw design exists and opened at  C:/Users/C27Bradford.Hurt/ece383_wksp/ice1/design_1_wrapper/microblaze_0/standalone_microblaze_0/bsp/system.mss
TRACE::2026-03-02.08:52:30::SCWMssOS::Saving the mss changes C:/Users/C27Bradford.Hurt/ece383_wksp/ice1/design_1_wrapper/microblaze_0/standalone_microblaze_0/bsp/system.mss
TRACE::2026-03-02.08:52:30::SCWMssOS::Found a swdesign opened with the mssfile.
TRACE::2026-03-02.08:52:30::SCWMssOS::Completed writemss as part of save.
TRACE::2026-03-02.08:52:30::SCWMssOS::Commit changes completed.
TRACE::2026-03-02.08:52:30::SCWPlatform::Trying to open the hw design at C:/Users/C27Bradford.Hurt/ece383_wksp/ice1/design_1_wrapper/hw/design_1_wrapper.xsa
TRACE::2026-03-02.08:52:30::SCWPlatform::DSA given C:/Users/C27Bradford.Hurt/ece383_wksp/ice1/design_1_wrapper/hw/design_1_wrapper.xsa
TRACE::2026-03-02.08:52:30::SCWPlatform::DSA absoulate path C:/Users/C27Bradford.Hurt/ece383_wksp/ice1/design_1_wrapper/hw/design_1_wrapper.xsa
TRACE::2026-03-02.08:52:30::SCWPlatform::DSA directory C:/Users/C27Bradford.Hurt/ece383_wksp/ice1/design_1_wrapper/hw
TRACE::2026-03-02.08:52:30::SCWPlatform:: Platform Path C:/Users/C27Bradford.Hurt/ece383_wksp/ice1/design_1_wrapper/hw/design_1_wrapper.xsa
TRACE::2026-03-02.08:52:30::SCWPlatform:: Unique name xilinx:nexys_video::0.0
TRACE::2026-03-02.08:52:30::SCWPlatform::Trying to set the existing hwdb with name design_1_wrapper_0
TRACE::2026-03-02.08:52:30::SCWPlatform::Opened existing hwdb design_1_wrapper_0
TRACE::2026-03-02.08:52:30::SCWPlatform::Found the Hw Db part of the input DSA
TRACE::2026-03-02.08:52:30::SCWMssOS::Checking the sw design at  C:/Users/C27Bradford.Hurt/ece383_wksp/ice1/design_1_wrapper/microblaze_0/standalone_microblaze_0/bsp/system.mss
TRACE::2026-03-02.08:52:30::SCWMssOS::DEBUG:  swdes dump  C:/Users/C27Bradford.Hurt/ece383_wksp/ice1/design_1_wrapper/microblaze_0/standalone_microblaze_0/bsp/system.mss|system||

TRACE::2026-03-02.08:52:30::SCWMssOS::Sw design exists and opened at  C:/Users/C27Bradford.Hurt/ece383_wksp/ice1/design_1_wrapper/microblaze_0/standalone_microblaze_0/bsp/system.mss
TRACE::2026-03-02.08:52:30::SCWPlatform::Trying to open the hw design at C:/Users/C27Bradford.Hurt/ece383_wksp/ice1/design_1_wrapper/hw/design_1_wrapper.xsa
TRACE::2026-03-02.08:52:30::SCWPlatform::DSA given C:/Users/C27Bradford.Hurt/ece383_wksp/ice1/design_1_wrapper/hw/design_1_wrapper.xsa
TRACE::2026-03-02.08:52:30::SCWPlatform::DSA absoulate path C:/Users/C27Bradford.Hurt/ece383_wksp/ice1/design_1_wrapper/hw/design_1_wrapper.xsa
TRACE::2026-03-02.08:52:30::SCWPlatform::DSA directory C:/Users/C27Bradford.Hurt/ece383_wksp/ice1/design_1_wrapper/hw
TRACE::2026-03-02.08:52:30::SCWPlatform:: Platform Path C:/Users/C27Bradford.Hurt/ece383_wksp/ice1/design_1_wrapper/hw/design_1_wrapper.xsa
TRACE::2026-03-02.08:52:30::SCWPlatform:: Unique name xilinx:nexys_video::0.0
TRACE::2026-03-02.08:52:30::SCWPlatform::Trying to set the existing hwdb with name design_1_wrapper_0
TRACE::2026-03-02.08:52:30::SCWPlatform::Opened existing hwdb design_1_wrapper_0
TRACE::2026-03-02.08:52:30::SCWPlatform::Found the Hw Db part of the input DSA
TRACE::2026-03-02.08:52:30::SCWMssOS::Checking the sw design at  C:/Users/C27Bradford.Hurt/ece383_wksp/ice1/design_1_wrapper/microblaze_0/standalone_microblaze_0/bsp/system.mss
TRACE::2026-03-02.08:52:30::SCWMssOS::DEBUG:  swdes dump  C:/Users/C27Bradford.Hurt/ece383_wksp/ice1/design_1_wrapper/microblaze_0/standalone_microblaze_0/bsp/system.mss|system||

TRACE::2026-03-02.08:52:30::SCWMssOS::Sw design exists and opened at  C:/Users/C27Bradford.Hurt/ece383_wksp/ice1/design_1_wrapper/microblaze_0/standalone_microblaze_0/bsp/system.mss
TRACE::2026-03-02.08:52:30::SCWPlatform::Trying to open the hw design at C:/Users/C27Bradford.Hurt/ece383_wksp/ice1/design_1_wrapper/hw/design_1_wrapper.xsa
TRACE::2026-03-02.08:52:30::SCWPlatform::DSA given C:/Users/C27Bradford.Hurt/ece383_wksp/ice1/design_1_wrapper/hw/design_1_wrapper.xsa
TRACE::2026-03-02.08:52:30::SCWPlatform::DSA absoulate path C:/Users/C27Bradford.Hurt/ece383_wksp/ice1/design_1_wrapper/hw/design_1_wrapper.xsa
TRACE::2026-03-02.08:52:30::SCWPlatform::DSA directory C:/Users/C27Bradford.Hurt/ece383_wksp/ice1/design_1_wrapper/hw
TRACE::2026-03-02.08:52:30::SCWPlatform:: Platform Path C:/Users/C27Bradford.Hurt/ece383_wksp/ice1/design_1_wrapper/hw/design_1_wrapper.xsa
TRACE::2026-03-02.08:52:30::SCWPlatform:: Unique name xilinx:nexys_video::0.0
TRACE::2026-03-02.08:52:30::SCWPlatform::Trying to set the existing hwdb with name design_1_wrapper_0
TRACE::2026-03-02.08:52:30::SCWPlatform::Opened existing hwdb design_1_wrapper_0
TRACE::2026-03-02.08:52:30::SCWPlatform::Found the Hw Db part of the input DSA
TRACE::2026-03-02.08:52:30::SCWMssOS::Checking the sw design at  C:/Users/C27Bradford.Hurt/ece383_wksp/ice1/design_1_wrapper/microblaze_0/standalone_microblaze_0/bsp/system.mss
TRACE::2026-03-02.08:52:30::SCWMssOS::DEBUG:  swdes dump  C:/Users/C27Bradford.Hurt/ece383_wksp/ice1/design_1_wrapper/microblaze_0/standalone_microblaze_0/bsp/system.mss|system||

TRACE::2026-03-02.08:52:30::SCWMssOS::Sw design exists and opened at  C:/Users/C27Bradford.Hurt/ece383_wksp/ice1/design_1_wrapper/microblaze_0/standalone_microblaze_0/bsp/system.mss
TRACE::2026-03-02.08:52:30::SCWWriter::formatted JSON is {
	"platformName":	"design_1_wrapper",
	"sprVersion":	"2.0",
	"mode":	"gui",
	"dsaType":	"Fixed",
	"platformDesc":	"design_1_wrapper",
	"platHandOff":	"<platformDir>.xsa",
	"platIntHandOff":	"<platformDir>/hw/design_1_wrapper.xsa",
	"deviceType":	"FPGA",
	"platIsPrebuiltAutogen":	"false",
	"platIsNoBootBsp":	"false",
	"hasFsblMakeHasChanges":	"false",
	"hasPmufwMakeHasChanges":	"false",
	"platPreBuiltFlag":	false,
	"platformSamplesDir":	"",
	"platActiveSys":	"design_1_wrapper",
	"systems":	[{
			"systemName":	"design_1_wrapper",
			"systemDesc":	"design_1_wrapper",
			"sysIsBootAutoGen":	"true",
			"systemDispName":	"design_1_wrapper",
			"sysActiveDom":	"standalone_microblaze_0",
			"sysDefaultDom":	"standalone_microblaze_0",
			"domains":	[{
					"domainName":	"standalone_microblaze_0",
					"domainDispName":	"standalone_microblaze_0",
					"domainDesc":	"standalone_microblaze_0",
					"processors":	"microblaze_0",
					"os":	"standalone",
					"sdxOs":	"standalone",
					"debugEnable":	"False",
					"domRuntimes":	["cpp"],
					"swRepo":	"",
					"mssOsVer":	"9.2",
					"mssFile":	"",
					"md5Digest":	"27f266669af8a91a539307f7b404e8b4",
					"compatibleApp":	"hello_world",
					"domType":	"mssDomain",
					"arch":	"32-bit",
					"appSettings":	{
						"appCompilerFlags":	"",
						"appLinkerFlags":	""
					},
					"addedLibs":	[],
					"libOptions":	{
						"libsContainingOptions":	[]
					},
					"prebuiltLibs":	{
						"prebuiltIncPath":	[],
						"prebuiltLibPath":	[]
					},
					"isolation":	{
					}
				}]
		}]
}
TRACE::2026-03-02.08:52:30::SCWPlatform::Trying to open the hw design at C:/Users/C27Bradford.Hurt/ece383_wksp/ice1/design_1_wrapper/hw/design_1_wrapper.xsa
TRACE::2026-03-02.08:52:30::SCWPlatform::DSA given C:/Users/C27Bradford.Hurt/ece383_wksp/ice1/design_1_wrapper/hw/design_1_wrapper.xsa
TRACE::2026-03-02.08:52:30::SCWPlatform::DSA absoulate path C:/Users/C27Bradford.Hurt/ece383_wksp/ice1/design_1_wrapper/hw/design_1_wrapper.xsa
TRACE::2026-03-02.08:52:30::SCWPlatform::DSA directory C:/Users/C27Bradford.Hurt/ece383_wksp/ice1/design_1_wrapper/hw
TRACE::2026-03-02.08:52:30::SCWPlatform:: Platform Path C:/Users/C27Bradford.Hurt/ece383_wksp/ice1/design_1_wrapper/hw/design_1_wrapper.xsa
TRACE::2026-03-02.08:52:30::SCWPlatform:: Unique name xilinx:nexys_video::0.0
TRACE::2026-03-02.08:52:30::SCWPlatform::Trying to set the existing hwdb with name design_1_wrapper_0
TRACE::2026-03-02.08:52:30::SCWPlatform::Opened existing hwdb design_1_wrapper_0
TRACE::2026-03-02.08:52:30::SCWPlatform::Found the Hw Db part of the input DSA
TRACE::2026-03-02.08:52:30::SCWMssOS::Checking the sw design at  C:/Users/C27Bradford.Hurt/ece383_wksp/ice1/design_1_wrapper/microblaze_0/standalone_microblaze_0/bsp/system.mss
TRACE::2026-03-02.08:52:30::SCWMssOS::DEBUG:  swdes dump  C:/Users/C27Bradford.Hurt/ece383_wksp/ice1/design_1_wrapper/microblaze_0/standalone_microblaze_0/bsp/system.mss|system||

TRACE::2026-03-02.08:52:30::SCWMssOS::Sw design exists and opened at  C:/Users/C27Bradford.Hurt/ece383_wksp/ice1/design_1_wrapper/microblaze_0/standalone_microblaze_0/bsp/system.mss
TRACE::2026-03-02.08:52:30::SCWPlatform::Trying to open the hw design at C:/Users/C27Bradford.Hurt/ece383_wksp/ice1/design_1_wrapper/hw/design_1_wrapper.xsa
TRACE::2026-03-02.08:52:30::SCWPlatform::DSA given C:/Users/C27Bradford.Hurt/ece383_wksp/ice1/design_1_wrapper/hw/design_1_wrapper.xsa
TRACE::2026-03-02.08:52:30::SCWPlatform::DSA absoulate path C:/Users/C27Bradford.Hurt/ece383_wksp/ice1/design_1_wrapper/hw/design_1_wrapper.xsa
TRACE::2026-03-02.08:52:30::SCWPlatform::DSA directory C:/Users/C27Bradford.Hurt/ece383_wksp/ice1/design_1_wrapper/hw
TRACE::2026-03-02.08:52:30::SCWPlatform:: Platform Path C:/Users/C27Bradford.Hurt/ece383_wksp/ice1/design_1_wrapper/hw/design_1_wrapper.xsa
TRACE::2026-03-02.08:52:30::SCWPlatform:: Unique name xilinx:nexys_video::0.0
TRACE::2026-03-02.08:52:30::SCWPlatform::Trying to set the existing hwdb with name design_1_wrapper_0
TRACE::2026-03-02.08:52:30::SCWPlatform::Opened existing hwdb design_1_wrapper_0
TRACE::2026-03-02.08:52:30::SCWPlatform::Found the Hw Db part of the input DSA
TRACE::2026-03-02.08:52:30::SCWMssOS::Checking the sw design at  C:/Users/C27Bradford.Hurt/ece383_wksp/ice1/design_1_wrapper/microblaze_0/standalone_microblaze_0/bsp/system.mss
TRACE::2026-03-02.08:52:30::SCWMssOS::DEBUG:  swdes dump  C:/Users/C27Bradford.Hurt/ece383_wksp/ice1/design_1_wrapper/microblaze_0/standalone_microblaze_0/bsp/system.mss|system||

TRACE::2026-03-02.08:52:30::SCWMssOS::Sw design exists and opened at  C:/Users/C27Bradford.Hurt/ece383_wksp/ice1/design_1_wrapper/microblaze_0/standalone_microblaze_0/bsp/system.mss
TRACE::2026-03-02.08:52:30::SCWMssOS::Saving the mss changes C:/Users/C27Bradford.Hurt/ece383_wksp/ice1/design_1_wrapper/microblaze_0/standalone_microblaze_0/bsp/system.mss
TRACE::2026-03-02.08:52:30::SCWMssOS::Found a swdesign opened with the mssfile.
TRACE::2026-03-02.08:52:30::SCWMssOS::Completed writemss as part of save.
TRACE::2026-03-02.08:52:30::SCWMssOS::Commit changes completed.
TRACE::2026-03-02.08:52:30::SCWPlatform::Trying to open the hw design at C:/Users/C27Bradford.Hurt/ece383_wksp/ice1/design_1_wrapper/hw/design_1_wrapper.xsa
TRACE::2026-03-02.08:52:30::SCWPlatform::DSA given C:/Users/C27Bradford.Hurt/ece383_wksp/ice1/design_1_wrapper/hw/design_1_wrapper.xsa
TRACE::2026-03-02.08:52:30::SCWPlatform::DSA absoulate path C:/Users/C27Bradford.Hurt/ece383_wksp/ice1/design_1_wrapper/hw/design_1_wrapper.xsa
TRACE::2026-03-02.08:52:30::SCWPlatform::DSA directory C:/Users/C27Bradford.Hurt/ece383_wksp/ice1/design_1_wrapper/hw
TRACE::2026-03-02.08:52:30::SCWPlatform:: Platform Path C:/Users/C27Bradford.Hurt/ece383_wksp/ice1/design_1_wrapper/hw/design_1_wrapper.xsa
TRACE::2026-03-02.08:52:30::SCWPlatform:: Unique name xilinx:nexys_video::0.0
TRACE::2026-03-02.08:52:30::SCWPlatform::Trying to set the existing hwdb with name design_1_wrapper_0
TRACE::2026-03-02.08:52:30::SCWPlatform::Opened existing hwdb design_1_wrapper_0
TRACE::2026-03-02.08:52:30::SCWPlatform::Found the Hw Db part of the input DSA
TRACE::2026-03-02.08:52:30::SCWMssOS::Checking the sw design at  C:/Users/C27Bradford.Hurt/ece383_wksp/ice1/design_1_wrapper/microblaze_0/standalone_microblaze_0/bsp/system.mss
TRACE::2026-03-02.08:52:30::SCWMssOS::DEBUG:  swdes dump  C:/Users/C27Bradford.Hurt/ece383_wksp/ice1/design_1_wrapper/microblaze_0/standalone_microblaze_0/bsp/system.mss|system||

TRACE::2026-03-02.08:52:30::SCWMssOS::Sw design exists and opened at  C:/Users/C27Bradford.Hurt/ece383_wksp/ice1/design_1_wrapper/microblaze_0/standalone_microblaze_0/bsp/system.mss
TRACE::2026-03-02.08:52:30::SCWPlatform::Trying to open the hw design at C:/Users/C27Bradford.Hurt/ece383_wksp/ice1/design_1_wrapper/hw/design_1_wrapper.xsa
TRACE::2026-03-02.08:52:30::SCWPlatform::DSA given C:/Users/C27Bradford.Hurt/ece383_wksp/ice1/design_1_wrapper/hw/design_1_wrapper.xsa
TRACE::2026-03-02.08:52:30::SCWPlatform::DSA absoulate path C:/Users/C27Bradford.Hurt/ece383_wksp/ice1/design_1_wrapper/hw/design_1_wrapper.xsa
TRACE::2026-03-02.08:52:30::SCWPlatform::DSA directory C:/Users/C27Bradford.Hurt/ece383_wksp/ice1/design_1_wrapper/hw
TRACE::2026-03-02.08:52:30::SCWPlatform:: Platform Path C:/Users/C27Bradford.Hurt/ece383_wksp/ice1/design_1_wrapper/hw/design_1_wrapper.xsa
TRACE::2026-03-02.08:52:30::SCWPlatform:: Unique name xilinx:nexys_video::0.0
TRACE::2026-03-02.08:52:30::SCWPlatform::Trying to set the existing hwdb with name design_1_wrapper_0
TRACE::2026-03-02.08:52:30::SCWPlatform::Opened existing hwdb design_1_wrapper_0
TRACE::2026-03-02.08:52:30::SCWPlatform::Found the Hw Db part of the input DSA
TRACE::2026-03-02.08:52:30::SCWMssOS::Checking the sw design at  C:/Users/C27Bradford.Hurt/ece383_wksp/ice1/design_1_wrapper/microblaze_0/standalone_microblaze_0/bsp/system.mss
TRACE::2026-03-02.08:52:30::SCWMssOS::DEBUG:  swdes dump  C:/Users/C27Bradford.Hurt/ece383_wksp/ice1/design_1_wrapper/microblaze_0/standalone_microblaze_0/bsp/system.mss|system||

TRACE::2026-03-02.08:52:30::SCWMssOS::Sw design exists and opened at  C:/Users/C27Bradford.Hurt/ece383_wksp/ice1/design_1_wrapper/microblaze_0/standalone_microblaze_0/bsp/system.mss
TRACE::2026-03-02.08:52:30::SCWPlatform::Trying to open the hw design at C:/Users/C27Bradford.Hurt/ece383_wksp/ice1/design_1_wrapper/hw/design_1_wrapper.xsa
TRACE::2026-03-02.08:52:30::SCWPlatform::DSA given C:/Users/C27Bradford.Hurt/ece383_wksp/ice1/design_1_wrapper/hw/design_1_wrapper.xsa
TRACE::2026-03-02.08:52:30::SCWPlatform::DSA absoulate path C:/Users/C27Bradford.Hurt/ece383_wksp/ice1/design_1_wrapper/hw/design_1_wrapper.xsa
TRACE::2026-03-02.08:52:30::SCWPlatform::DSA directory C:/Users/C27Bradford.Hurt/ece383_wksp/ice1/design_1_wrapper/hw
TRACE::2026-03-02.08:52:30::SCWPlatform:: Platform Path C:/Users/C27Bradford.Hurt/ece383_wksp/ice1/design_1_wrapper/hw/design_1_wrapper.xsa
TRACE::2026-03-02.08:52:30::SCWPlatform:: Unique name xilinx:nexys_video::0.0
TRACE::2026-03-02.08:52:30::SCWPlatform::Trying to set the existing hwdb with name design_1_wrapper_0
TRACE::2026-03-02.08:52:30::SCWPlatform::Opened existing hwdb design_1_wrapper_0
TRACE::2026-03-02.08:52:30::SCWPlatform::Found the Hw Db part of the input DSA
TRACE::2026-03-02.08:52:30::SCWMssOS::Checking the sw design at  C:/Users/C27Bradford.Hurt/ece383_wksp/ice1/design_1_wrapper/microblaze_0/standalone_microblaze_0/bsp/system.mss
TRACE::2026-03-02.08:52:30::SCWMssOS::DEBUG:  swdes dump  C:/Users/C27Bradford.Hurt/ece383_wksp/ice1/design_1_wrapper/microblaze_0/standalone_microblaze_0/bsp/system.mss|system||

TRACE::2026-03-02.08:52:30::SCWMssOS::Sw design exists and opened at  C:/Users/C27Bradford.Hurt/ece383_wksp/ice1/design_1_wrapper/microblaze_0/standalone_microblaze_0/bsp/system.mss
TRACE::2026-03-02.08:52:30::SCWWriter::formatted JSON is {
	"platformName":	"design_1_wrapper",
	"sprVersion":	"2.0",
	"mode":	"gui",
	"dsaType":	"Fixed",
	"platformDesc":	"design_1_wrapper",
	"platHandOff":	"<platformDir>.xsa",
	"platIntHandOff":	"<platformDir>/hw/design_1_wrapper.xsa",
	"deviceType":	"FPGA",
	"platIsPrebuiltAutogen":	"false",
	"platIsNoBootBsp":	"false",
	"hasFsblMakeHasChanges":	"false",
	"hasPmufwMakeHasChanges":	"false",
	"platPreBuiltFlag":	false,
	"platformSamplesDir":	"",
	"platActiveSys":	"design_1_wrapper",
	"systems":	[{
			"systemName":	"design_1_wrapper",
			"systemDesc":	"design_1_wrapper",
			"sysIsBootAutoGen":	"true",
			"systemDispName":	"design_1_wrapper",
			"sysActiveDom":	"standalone_microblaze_0",
			"sysDefaultDom":	"standalone_microblaze_0",
			"domains":	[{
					"domainName":	"standalone_microblaze_0",
					"domainDispName":	"standalone_microblaze_0",
					"domainDesc":	"standalone_microblaze_0",
					"processors":	"microblaze_0",
					"os":	"standalone",
					"sdxOs":	"standalone",
					"debugEnable":	"False",
					"domRuntimes":	["cpp"],
					"swRepo":	"",
					"mssOsVer":	"9.2",
					"mssFile":	"",
					"md5Digest":	"27f266669af8a91a539307f7b404e8b4",
					"compatibleApp":	"hello_world",
					"domType":	"mssDomain",
					"arch":	"32-bit",
					"appSettings":	{
						"appCompilerFlags":	"",
						"appLinkerFlags":	""
					},
					"addedLibs":	[],
					"libOptions":	{
						"libsContainingOptions":	[]
					},
					"prebuiltLibs":	{
						"prebuiltIncPath":	[],
						"prebuiltLibPath":	[]
					},
					"isolation":	{
					}
				}]
		}]
}
LOG::2026-03-02.08:52:30::SCWPlatform::Started generating the artifacts platform design_1_wrapper
TRACE::2026-03-02.08:52:30::SCWPlatform::Sanity checking of platform is completed
LOG::2026-03-02.08:52:30::SCWPlatform::Started generating the artifacts for system configuration design_1_wrapper
LOG::2026-03-02.08:52:30::SCWSystem::Started Processing the domain standalone_microblaze_0
TRACE::2026-03-02.08:52:30::SCWDomain::Generating domain artifcats
TRACE::2026-03-02.08:52:30::SCWMssOS::Generating standalone artifcats
TRACE::2026-03-02.08:52:30::SCWMssOS:: Copying the user libraries. 
TRACE::2026-03-02.08:52:30::SCWPlatform::Trying to open the hw design at C:/Users/C27Bradford.Hurt/ece383_wksp/ice1/design_1_wrapper/hw/design_1_wrapper.xsa
TRACE::2026-03-02.08:52:30::SCWPlatform::DSA given C:/Users/C27Bradford.Hurt/ece383_wksp/ice1/design_1_wrapper/hw/design_1_wrapper.xsa
TRACE::2026-03-02.08:52:30::SCWPlatform::DSA absoulate path C:/Users/C27Bradford.Hurt/ece383_wksp/ice1/design_1_wrapper/hw/design_1_wrapper.xsa
TRACE::2026-03-02.08:52:30::SCWPlatform::DSA directory C:/Users/C27Bradford.Hurt/ece383_wksp/ice1/design_1_wrapper/hw
TRACE::2026-03-02.08:52:30::SCWPlatform:: Platform Path C:/Users/C27Bradford.Hurt/ece383_wksp/ice1/design_1_wrapper/hw/design_1_wrapper.xsa
TRACE::2026-03-02.08:52:30::SCWPlatform:: Unique name xilinx:nexys_video::0.0
TRACE::2026-03-02.08:52:30::SCWPlatform::Trying to set the existing hwdb with name design_1_wrapper_0
TRACE::2026-03-02.08:52:30::SCWPlatform::Opened existing hwdb design_1_wrapper_0
TRACE::2026-03-02.08:52:30::SCWPlatform::Found the Hw Db part of the input DSA
TRACE::2026-03-02.08:52:30::SCWMssOS::Checking the sw design at  C:/Users/C27Bradford.Hurt/ece383_wksp/ice1/design_1_wrapper/microblaze_0/standalone_microblaze_0/bsp/system.mss
TRACE::2026-03-02.08:52:30::SCWMssOS::DEBUG:  swdes dump  C:/Users/C27Bradford.Hurt/ece383_wksp/ice1/design_1_wrapper/microblaze_0/standalone_microblaze_0/bsp/system.mss|system||

TRACE::2026-03-02.08:52:30::SCWMssOS::Sw design exists and opened at  C:/Users/C27Bradford.Hurt/ece383_wksp/ice1/design_1_wrapper/microblaze_0/standalone_microblaze_0/bsp/system.mss
TRACE::2026-03-02.08:52:30::SCWMssOS::Completed writing the mss file at C:/Users/C27Bradford.Hurt/ece383_wksp/ice1/design_1_wrapper/microblaze_0/standalone_microblaze_0/bsp
TRACE::2026-03-02.08:52:30::SCWMssOS::Mss edits present, copying mssfile into export location C:/Users/C27Bradford.Hurt/ece383_wksp/ice1/design_1_wrapper/microblaze_0/standalone_microblaze_0/bsp/system.mss
TRACE::2026-03-02.08:52:30::SCWMssOS::bsp generated is upto date with the mss file. Skipping bsp generation.
TRACE::2026-03-02.08:52:30::SCWMssOS::BSP is already built. skipping the bsp build ... 
TRACE::2026-03-02.08:52:30::SCWDomain::Building the domain as part of full build :  standalone_microblaze_0
TRACE::2026-03-02.08:52:30::SCWMssOS::skipping the bsp build ... 
TRACE::2026-03-02.08:52:30::SCWMssOS::Copying to export directory.
TRACE::2026-03-02.08:52:30::SCWMssOS:: Checking if to create the Supporting Applications
TRACE::2026-03-02.08:52:30::SCWMssOS:: No Linux domain exists, trying to generate FSBL 
LOG::2026-03-02.08:52:30::SCWSystem::Completed Processing the domain standalone_microblaze_0
LOG::2026-03-02.08:52:30::SCWSystem::Completed Processing the sysconfig design_1_wrapper
LOG::2026-03-02.08:52:30::SCWPlatform::Completed generating the artifacts for system configuration design_1_wrapper
TRACE::2026-03-02.08:52:30::SCWPlatform::Started preparing the platform 
TRACE::2026-03-02.08:52:30::SCWSystem::Writing the bif file for system config design_1_wrapper
TRACE::2026-03-02.08:52:30::SCWSystem::dir created 
TRACE::2026-03-02.08:52:30::SCWSystem::Writing the bif 
TRACE::2026-03-02.08:52:30::SCWPlatform::Started writing the spfm file 
TRACE::2026-03-02.08:52:30::SCWPlatform::Started writing the xpfm file 
TRACE::2026-03-02.08:52:30::SCWPlatform::Completed generating the platform
TRACE::2026-03-02.08:52:30::SCWMssOS::Saving the mss changes C:/Users/C27Bradford.Hurt/ece383_wksp/ice1/design_1_wrapper/microblaze_0/standalone_microblaze_0/bsp/system.mss
TRACE::2026-03-02.08:52:30::SCWMssOS::Found a swdesign opened with the mssfile.
TRACE::2026-03-02.08:52:30::SCWMssOS::Completed writemss as part of save.
TRACE::2026-03-02.08:52:30::SCWMssOS::Commit changes completed.
TRACE::2026-03-02.08:52:30::SCWPlatform::Trying to open the hw design at C:/Users/C27Bradford.Hurt/ece383_wksp/ice1/design_1_wrapper/hw/design_1_wrapper.xsa
TRACE::2026-03-02.08:52:30::SCWPlatform::DSA given C:/Users/C27Bradford.Hurt/ece383_wksp/ice1/design_1_wrapper/hw/design_1_wrapper.xsa
TRACE::2026-03-02.08:52:30::SCWPlatform::DSA absoulate path C:/Users/C27Bradford.Hurt/ece383_wksp/ice1/design_1_wrapper/hw/design_1_wrapper.xsa
TRACE::2026-03-02.08:52:30::SCWPlatform::DSA directory C:/Users/C27Bradford.Hurt/ece383_wksp/ice1/design_1_wrapper/hw
TRACE::2026-03-02.08:52:30::SCWPlatform:: Platform Path C:/Users/C27Bradford.Hurt/ece383_wksp/ice1/design_1_wrapper/hw/design_1_wrapper.xsa
TRACE::2026-03-02.08:52:30::SCWPlatform:: Unique name xilinx:nexys_video::0.0
TRACE::2026-03-02.08:52:30::SCWPlatform::Trying to set the existing hwdb with name design_1_wrapper_0
TRACE::2026-03-02.08:52:30::SCWPlatform::Opened existing hwdb design_1_wrapper_0
TRACE::2026-03-02.08:52:30::SCWPlatform::Found the Hw Db part of the input DSA
TRACE::2026-03-02.08:52:30::SCWMssOS::Checking the sw design at  C:/Users/C27Bradford.Hurt/ece383_wksp/ice1/design_1_wrapper/microblaze_0/standalone_microblaze_0/bsp/system.mss
TRACE::2026-03-02.08:52:30::SCWMssOS::DEBUG:  swdes dump  C:/Users/C27Bradford.Hurt/ece383_wksp/ice1/design_1_wrapper/microblaze_0/standalone_microblaze_0/bsp/system.mss|system||

TRACE::2026-03-02.08:52:30::SCWMssOS::Sw design exists and opened at  C:/Users/C27Bradford.Hurt/ece383_wksp/ice1/design_1_wrapper/microblaze_0/standalone_microblaze_0/bsp/system.mss
TRACE::2026-03-02.08:52:30::SCWPlatform::Trying to open the hw design at C:/Users/C27Bradford.Hurt/ece383_wksp/ice1/design_1_wrapper/hw/design_1_wrapper.xsa
TRACE::2026-03-02.08:52:30::SCWPlatform::DSA given C:/Users/C27Bradford.Hurt/ece383_wksp/ice1/design_1_wrapper/hw/design_1_wrapper.xsa
TRACE::2026-03-02.08:52:30::SCWPlatform::DSA absoulate path C:/Users/C27Bradford.Hurt/ece383_wksp/ice1/design_1_wrapper/hw/design_1_wrapper.xsa
TRACE::2026-03-02.08:52:30::SCWPlatform::DSA directory C:/Users/C27Bradford.Hurt/ece383_wksp/ice1/design_1_wrapper/hw
TRACE::2026-03-02.08:52:30::SCWPlatform:: Platform Path C:/Users/C27Bradford.Hurt/ece383_wksp/ice1/design_1_wrapper/hw/design_1_wrapper.xsa
TRACE::2026-03-02.08:52:30::SCWPlatform:: Unique name xilinx:nexys_video::0.0
TRACE::2026-03-02.08:52:30::SCWPlatform::Trying to set the existing hwdb with name design_1_wrapper_0
TRACE::2026-03-02.08:52:30::SCWPlatform::Opened existing hwdb design_1_wrapper_0
TRACE::2026-03-02.08:52:30::SCWPlatform::Found the Hw Db part of the input DSA
TRACE::2026-03-02.08:52:30::SCWMssOS::Checking the sw design at  C:/Users/C27Bradford.Hurt/ece383_wksp/ice1/design_1_wrapper/microblaze_0/standalone_microblaze_0/bsp/system.mss
TRACE::2026-03-02.08:52:30::SCWMssOS::DEBUG:  swdes dump  C:/Users/C27Bradford.Hurt/ece383_wksp/ice1/design_1_wrapper/microblaze_0/standalone_microblaze_0/bsp/system.mss|system||

TRACE::2026-03-02.08:52:30::SCWMssOS::Sw design exists and opened at  C:/Users/C27Bradford.Hurt/ece383_wksp/ice1/design_1_wrapper/microblaze_0/standalone_microblaze_0/bsp/system.mss
TRACE::2026-03-02.08:52:30::SCWPlatform::Trying to open the hw design at C:/Users/C27Bradford.Hurt/ece383_wksp/ice1/design_1_wrapper/hw/design_1_wrapper.xsa
TRACE::2026-03-02.08:52:30::SCWPlatform::DSA given C:/Users/C27Bradford.Hurt/ece383_wksp/ice1/design_1_wrapper/hw/design_1_wrapper.xsa
TRACE::2026-03-02.08:52:30::SCWPlatform::DSA absoulate path C:/Users/C27Bradford.Hurt/ece383_wksp/ice1/design_1_wrapper/hw/design_1_wrapper.xsa
TRACE::2026-03-02.08:52:30::SCWPlatform::DSA directory C:/Users/C27Bradford.Hurt/ece383_wksp/ice1/design_1_wrapper/hw
TRACE::2026-03-02.08:52:30::SCWPlatform:: Platform Path C:/Users/C27Bradford.Hurt/ece383_wksp/ice1/design_1_wrapper/hw/design_1_wrapper.xsa
TRACE::2026-03-02.08:52:30::SCWPlatform:: Unique name xilinx:nexys_video::0.0
TRACE::2026-03-02.08:52:30::SCWPlatform::Trying to set the existing hwdb with name design_1_wrapper_0
TRACE::2026-03-02.08:52:30::SCWPlatform::Opened existing hwdb design_1_wrapper_0
TRACE::2026-03-02.08:52:30::SCWPlatform::Found the Hw Db part of the input DSA
TRACE::2026-03-02.08:52:30::SCWMssOS::Checking the sw design at  C:/Users/C27Bradford.Hurt/ece383_wksp/ice1/design_1_wrapper/microblaze_0/standalone_microblaze_0/bsp/system.mss
TRACE::2026-03-02.08:52:30::SCWMssOS::DEBUG:  swdes dump  C:/Users/C27Bradford.Hurt/ece383_wksp/ice1/design_1_wrapper/microblaze_0/standalone_microblaze_0/bsp/system.mss|system||

TRACE::2026-03-02.08:52:30::SCWMssOS::Sw design exists and opened at  C:/Users/C27Bradford.Hurt/ece383_wksp/ice1/design_1_wrapper/microblaze_0/standalone_microblaze_0/bsp/system.mss
TRACE::2026-03-02.08:52:30::SCWWriter::formatted JSON is {
	"platformName":	"design_1_wrapper",
	"sprVersion":	"2.0",
	"mode":	"gui",
	"dsaType":	"Fixed",
	"platformDesc":	"design_1_wrapper",
	"platHandOff":	"<platformDir>.xsa",
	"platIntHandOff":	"<platformDir>/hw/design_1_wrapper.xsa",
	"deviceType":	"FPGA",
	"platIsPrebuiltAutogen":	"false",
	"platIsNoBootBsp":	"false",
	"hasFsblMakeHasChanges":	"false",
	"hasPmufwMakeHasChanges":	"false",
	"platPreBuiltFlag":	false,
	"platformSamplesDir":	"",
	"platActiveSys":	"design_1_wrapper",
	"systems":	[{
			"systemName":	"design_1_wrapper",
			"systemDesc":	"design_1_wrapper",
			"sysIsBootAutoGen":	"true",
			"systemDispName":	"design_1_wrapper",
			"sysActiveDom":	"standalone_microblaze_0",
			"sysDefaultDom":	"standalone_microblaze_0",
			"domains":	[{
					"domainName":	"standalone_microblaze_0",
					"domainDispName":	"standalone_microblaze_0",
					"domainDesc":	"standalone_microblaze_0",
					"processors":	"microblaze_0",
					"os":	"standalone",
					"sdxOs":	"standalone",
					"debugEnable":	"False",
					"domRuntimes":	["cpp"],
					"swRepo":	"",
					"mssOsVer":	"9.2",
					"mssFile":	"",
					"md5Digest":	"27f266669af8a91a539307f7b404e8b4",
					"compatibleApp":	"hello_world",
					"domType":	"mssDomain",
					"arch":	"32-bit",
					"appSettings":	{
						"appCompilerFlags":	"",
						"appLinkerFlags":	""
					},
					"addedLibs":	[],
					"libOptions":	{
						"libsContainingOptions":	[]
					},
					"prebuiltLibs":	{
						"prebuiltIncPath":	[],
						"prebuiltLibPath":	[]
					},
					"isolation":	{
					}
				}]
		}]
}
KEYINFO::2026-03-02.08:52:30::SCWPlatform::updated the xpfm file.
LOG::2026-03-02.08:59:01::SCWPlatform::Started generating the artifacts platform design_1_wrapper
TRACE::2026-03-02.08:59:01::SCWPlatform::Sanity checking of platform is completed
LOG::2026-03-02.08:59:01::SCWPlatform::Started generating the artifacts for system configuration design_1_wrapper
LOG::2026-03-02.08:59:01::SCWSystem::Checking the domain standalone_microblaze_0
LOG::2026-03-02.08:59:01::SCWSystem::Not a boot domain 
LOG::2026-03-02.08:59:01::SCWSystem::Started Processing the domain standalone_microblaze_0
TRACE::2026-03-02.08:59:01::SCWDomain::Generating domain artifcats
TRACE::2026-03-02.08:59:01::SCWMssOS::Generating standalone artifcats
TRACE::2026-03-02.08:59:01::SCWMssOS:: Copying the user libraries. 
TRACE::2026-03-02.08:59:01::SCWPlatform::Trying to open the hw design at C:/Users/C27Bradford.Hurt/ece383_wksp/ice1/design_1_wrapper/hw/design_1_wrapper.xsa
TRACE::2026-03-02.08:59:01::SCWPlatform::DSA given C:/Users/C27Bradford.Hurt/ece383_wksp/ice1/design_1_wrapper/hw/design_1_wrapper.xsa
TRACE::2026-03-02.08:59:01::SCWPlatform::DSA absoulate path C:/Users/C27Bradford.Hurt/ece383_wksp/ice1/design_1_wrapper/hw/design_1_wrapper.xsa
TRACE::2026-03-02.08:59:01::SCWPlatform::DSA directory C:/Users/C27Bradford.Hurt/ece383_wksp/ice1/design_1_wrapper/hw
TRACE::2026-03-02.08:59:01::SCWPlatform:: Platform Path C:/Users/C27Bradford.Hurt/ece383_wksp/ice1/design_1_wrapper/hw/design_1_wrapper.xsa
TRACE::2026-03-02.08:59:01::SCWPlatform:: Unique name xilinx:nexys_video::0.0
TRACE::2026-03-02.08:59:01::SCWPlatform::Trying to set the existing hwdb with name design_1_wrapper_0
TRACE::2026-03-02.08:59:01::SCWPlatform::Opened existing hwdb design_1_wrapper_0
TRACE::2026-03-02.08:59:01::SCWPlatform::Found the Hw Db part of the input DSA
TRACE::2026-03-02.08:59:01::SCWMssOS::Checking the sw design at  C:/Users/C27Bradford.Hurt/ece383_wksp/ice1/design_1_wrapper/microblaze_0/standalone_microblaze_0/bsp/system.mss
TRACE::2026-03-02.08:59:01::SCWMssOS::DEBUG:  swdes dump  C:/Users/C27Bradford.Hurt/ece383_wksp/ice1/design_1_wrapper/microblaze_0/standalone_microblaze_0/bsp/system.mss|system||

TRACE::2026-03-02.08:59:01::SCWMssOS::Sw design exists and opened at  C:/Users/C27Bradford.Hurt/ece383_wksp/ice1/design_1_wrapper/microblaze_0/standalone_microblaze_0/bsp/system.mss
TRACE::2026-03-02.08:59:01::SCWMssOS::Completed writing the mss file at C:/Users/C27Bradford.Hurt/ece383_wksp/ice1/design_1_wrapper/microblaze_0/standalone_microblaze_0/bsp
TRACE::2026-03-02.08:59:01::SCWMssOS::Mss edits present, copying mssfile into export location C:/Users/C27Bradford.Hurt/ece383_wksp/ice1/design_1_wrapper/microblaze_0/standalone_microblaze_0/bsp/system.mss
TRACE::2026-03-02.08:59:01::SCWMssOS::bsp generated is upto date with the mss file. Skipping bsp generation.
TRACE::2026-03-02.08:59:01::SCWMssOS::BSP is already built. skipping the bsp build ... 
TRACE::2026-03-02.08:59:01::SCWDomain::Building the domain as part of full build :  standalone_microblaze_0
TRACE::2026-03-02.08:59:01::SCWMssOS::doing bsp build ... 
TRACE::2026-03-02.08:59:01::SCWMssOS::System Command Ran  C: & cd  C:/Users/C27Bradford.Hurt/ece383_wksp/ice1/design_1_wrapper/microblaze_0/standalone_microblaze_0/bsp & make 
TRACE::2026-03-02.08:59:01::SCWMssOS::make --no-print-directory seq_libs

TRACE::2026-03-02.08:59:02::SCWMssOS::'Finished building libraries sequentially.'

TRACE::2026-03-02.08:59:02::SCWMssOS::make -j 14 --no-print-directory par_libs

TRACE::2026-03-02.08:59:02::SCWMssOS::"Running Make include in microblaze_0/libsrc/bram_v4_11/src"

TRACE::2026-03-02.08:59:02::SCWMssOS::make -C microblaze_0/libsrc/bram_v4_11/src -s include  "SHELL=CMD" "COMPILER=mb-gcc" "ASSEMBLER=mb-as" "ARCHIVER=mb-ar" "COMPIL
TRACE::2026-03-02.08:59:02::SCWMssOS::ER_FLAGS=  -O2 -c -mcpu=v11.0 -mlittle-endian -mxl-soft-mul" "EXTRA_COMPILER_FLAGS=-g -ffunction-sections -fdata-sections -Wall
TRACE::2026-03-02.08:59:02::SCWMssOS:: -Wextra -fno-tree-loop-distribute-patterns"

TRACE::2026-03-02.08:59:02::SCWMssOS::"Running Make include in microblaze_0/libsrc/cpu_v2_18/src"

TRACE::2026-03-02.08:59:02::SCWMssOS::make -C microblaze_0/libsrc/cpu_v2_18/src -s include  "SHELL=CMD" "COMPILER=mb-gcc" "ASSEMBLER=mb-as" "ARCHIVER=mb-ar" "COMPILE
TRACE::2026-03-02.08:59:02::SCWMssOS::R_FLAGS=  -O2 -c -mcpu=v11.0 -mlittle-endian -mxl-soft-mul" "EXTRA_COMPILER_FLAGS=-g -ffunction-sections -fdata-sections -Wall 
TRACE::2026-03-02.08:59:02::SCWMssOS::-Wextra -fno-tree-loop-distribute-patterns"

TRACE::2026-03-02.08:59:02::SCWMssOS::"Running Make include in microblaze_0/libsrc/standalone_v9_2/src"

TRACE::2026-03-02.08:59:02::SCWMssOS::make -C microblaze_0/libsrc/standalone_v9_2/src -s include  "SHELL=CMD" "COMPILER=mb-gcc" "ASSEMBLER=mb-as" "ARCHIVER=mb-ar" "C
TRACE::2026-03-02.08:59:02::SCWMssOS::OMPILER_FLAGS=  -O2 -c -mcpu=v11.0 -mlittle-endian -mxl-soft-mul" "EXTRA_COMPILER_FLAGS=-g -ffunction-sections -fdata-sections 
TRACE::2026-03-02.08:59:02::SCWMssOS::-Wall -Wextra -fno-tree-loop-distribute-patterns"

TRACE::2026-03-02.08:59:02::SCWMssOS::"Running Make include in microblaze_0/libsrc/uartlite_v3_11/src"

TRACE::2026-03-02.08:59:02::SCWMssOS::make -C microblaze_0/libsrc/uartlite_v3_11/src -s include  "SHELL=CMD" "COMPILER=mb-gcc" "ASSEMBLER=mb-as" "ARCHIVER=mb-ar" "CO
TRACE::2026-03-02.08:59:02::SCWMssOS::MPILER_FLAGS=  -O2 -c -mcpu=v11.0 -mlittle-endian -mxl-soft-mul" "EXTRA_COMPILER_FLAGS=-g -ffunction-sections -fdata-sections -
TRACE::2026-03-02.08:59:02::SCWMssOS::Wall -Wextra -fno-tree-loop-distribute-patterns"

TRACE::2026-03-02.08:59:03::SCWMssOS::"Running Make libs in microblaze_0/libsrc/bram_v4_11/src"

TRACE::2026-03-02.08:59:03::SCWMssOS::make -C microblaze_0/libsrc/bram_v4_11/src -s libs  "SHELL=CMD" "COMPILER=mb-gcc" "ASSEMBLER=mb-as" "ARCHIVER=mb-ar" "COMPILER_
TRACE::2026-03-02.08:59:03::SCWMssOS::FLAGS=  -O2 -c -mcpu=v11.0 -mlittle-endian -mxl-soft-mul" "EXTRA_COMPILER_FLAGS=-g -ffunction-sections -fdata-sections -Wall -W
TRACE::2026-03-02.08:59:03::SCWMssOS::extra -fno-tree-loop-distribute-patterns"

TRACE::2026-03-02.08:59:03::SCWMssOS::"Running Make libs in microblaze_0/libsrc/cpu_v2_18/src"

TRACE::2026-03-02.08:59:03::SCWMssOS::make -C microblaze_0/libsrc/cpu_v2_18/src -s libs  "SHELL=CMD" "COMPILER=mb-gcc" "ASSEMBLER=mb-as" "ARCHIVER=mb-ar" "COMPILER_F
TRACE::2026-03-02.08:59:03::SCWMssOS::LAGS=  -O2 -c -mcpu=v11.0 -mlittle-endian -mxl-soft-mul" "EXTRA_COMPILER_FLAGS=-g -ffunction-sections -fdata-sections -Wall -We
TRACE::2026-03-02.08:59:03::SCWMssOS::xtra -fno-tree-loop-distribute-patterns"

TRACE::2026-03-02.08:59:03::SCWMssOS::"Running Make libs in microblaze_0/libsrc/standalone_v9_2/src"

TRACE::2026-03-02.08:59:03::SCWMssOS::make -C microblaze_0/libsrc/standalone_v9_2/src -s libs  "SHELL=CMD" "COMPILER=mb-gcc" "ASSEMBLER=mb-as" "ARCHIVER=mb-ar" "COMP
TRACE::2026-03-02.08:59:03::SCWMssOS::ILER_FLAGS=  -O2 -c -mcpu=v11.0 -mlittle-endian -mxl-soft-mul" "EXTRA_COMPILER_FLAGS=-g -ffunction-sections -fdata-sections -Wa
TRACE::2026-03-02.08:59:03::SCWMssOS::ll -Wextra -fno-tree-loop-distribute-patterns"

TRACE::2026-03-02.08:59:03::SCWMssOS::"Running Make libs in microblaze_0/libsrc/uartlite_v3_11/src"

TRACE::2026-03-02.08:59:03::SCWMssOS::make -C microblaze_0/libsrc/uartlite_v3_11/src -s libs  "SHELL=CMD" "COMPILER=mb-gcc" "ASSEMBLER=mb-as" "ARCHIVER=mb-ar" "COMPI
TRACE::2026-03-02.08:59:03::SCWMssOS::LER_FLAGS=  -O2 -c -mcpu=v11.0 -mlittle-endian -mxl-soft-mul" "EXTRA_COMPILER_FLAGS=-g -ffunction-sections -fdata-sections -Wal
TRACE::2026-03-02.08:59:03::SCWMssOS::l -Wextra -fno-tree-loop-distribute-patterns"

TRACE::2026-03-02.08:59:07::SCWMssOS::"DEBUG NON_LTO_OBJECTS is ../../../lib/microblaze_interrupt_handler.o"

TRACE::2026-03-02.08:59:07::SCWMssOS::'Finished building libraries parallelly.'

TRACE::2026-03-02.08:59:07::SCWMssOS::make --no-print-directory archive

TRACE::2026-03-02.08:59:07::SCWMssOS::mb-ar -r  microblaze_0/lib/libxil.a microblaze_0/lib/_exit.o microblaze_0/lib/errno.o microblaze_0/lib/fcntl.o microblaze_0/lib
TRACE::2026-03-02.08:59:07::SCWMssOS::/hw_exception_handler.o microblaze_0/lib/inbyte.o microblaze_0/lib/microblaze_disable_dcache.o microblaze_0/lib/microblaze_disa
TRACE::2026-03-02.08:59:07::SCWMssOS::ble_exceptions.o microblaze_0/lib/microblaze_disable_icache.o microblaze_0/lib/microblaze_disable_interrupts.o microblaze_0/lib
TRACE::2026-03-02.08:59:07::SCWMssOS::/microblaze_enable_dcache.o microblaze_0/lib/microblaze_enable_exceptions.o microblaze_0/lib/microblaze_enable_icache.o microbl
TRACE::2026-03-02.08:59:07::SCWMssOS::aze_0/lib/microblaze_enable_interrupts.o microblaze_0/lib/microblaze_exception_handler.o microblaze_0/lib/microblaze_flush_cach
TRACE::2026-03-02.08:59:07::SCWMssOS::e_ext.o microblaze_0/lib/microblaze_flush_cache_ext_range.o microblaze_0/lib/microblaze_flush_dcache.o microblaze_0/lib/microbl
TRACE::2026-03-02.08:59:07::SCWMssOS::aze_flush_dcache_range.o microblaze_0/lib/microblaze_init_dcache_range.o microblaze_0/lib/microblaze_init_icache_range.o microb
TRACE::2026-03-02.08:59:07::SCWMssOS::laze_0/lib/microblaze_interrupt_handler.o microblaze_0/lib/microblaze_interrupts_g.o microblaze_0/lib/microblaze_invalidate_cac
TRACE::2026-03-02.08:59:07::SCWMssOS::he_ext.o microblaze_0/lib/microblaze_invalidate_cache_ext_range.o microblaze_0/lib/microblaze_invalidate_dcache.o microblaze_0/
TRACE::2026-03-02.08:59:07::SCWMssOS::lib/microblaze_invalidate_dcache_range.o microblaze_0/lib/microblaze_invalidate_icache.o microblaze_0/lib/microblaze_invalidate
TRACE::2026-03-02.08:59:07::SCWMssOS::_icache_range.o microblaze_0/lib/microblaze_scrub.o microblaze_0/lib/microblaze_selftest.o microblaze_0/lib/microblaze_sleep.o 
TRACE::2026-03-02.08:59:07::SCWMssOS::microblaze_0/lib/microblaze_update_dcache.o microblaze_0/lib/microblaze_update_icache.o microblaze_0/lib/outbyte.o microblaze_0
TRACE::2026-03-02.08:59:07::SCWMssOS::/lib/print.o microblaze_0/lib/pvr.o microblaze_0/lib/xbram.o microblaze_0/lib/xbram_g.o microblaze_0/lib/xbram_intr.o microblaz
TRACE::2026-03-02.08:59:07::SCWMssOS::e_0/lib/xbram_selftest.o microblaze_0/lib/xbram_sinit.o microblaze_0/lib/xil_assert.o microblaze_0/lib/xil_cache.o microblaze_0
TRACE::2026-03-02.08:59:07::SCWMssOS::/lib/xil_clocking.o microblaze_0/lib/xil_exception.o microblaze_0/lib/xil_mem.o microblaze_0/lib/xil_misc_psreset_api.o microbl
TRACE::2026-03-02.08:59:07::SCWMssOS::aze_0/lib/xil_printf.o microblaze_0/lib/xil_sleepcommon.o microblaze_0/lib/xil_sutil.o microblaze_0/lib/xil_testcache.o microbl
TRACE::2026-03-02.08:59:07::SCWMssOS::aze_0/lib/xil_testio.o microblaze_0/lib/xil_testmem.o microblaze_0/lib/xil_util.o microblaze_0/lib/xinterrupt_wrap.o microblaze
TRACE::2026-03-02.08:59:07::SCWMssOS::_0/lib/xio.o microblaze_0/lib/xplatform_info.o microblaze_0/lib/xpm_init.o microblaze_0/lib/xuartlite.o microblaze_0/lib/xuartl
TRACE::2026-03-02.08:59:07::SCWMssOS::ite_g.o microblaze_0/lib/xuartlite_intr.o microblaze_0/lib/xuartlite_l.o microblaze_0/lib/xuartlite_selftest.o microblaze_0/lib
TRACE::2026-03-02.08:59:07::SCWMssOS::/xuartlite_sinit.o microblaze_0/lib/xuartlite_stats.o

TRACE::2026-03-02.08:59:07::SCWMssOS::'Finished building libraries'

TRACE::2026-03-02.08:59:08::SCWMssOS::Copying to export directory.
TRACE::2026-03-02.08:59:09::SCWMssOS:: Checking if to create the Supporting Applications
TRACE::2026-03-02.08:59:09::SCWMssOS:: No Linux domain exists, trying to generate FSBL 
LOG::2026-03-02.08:59:09::SCWSystem::Completed Processing the domain standalone_microblaze_0
LOG::2026-03-02.08:59:09::SCWSystem::Completed Processing the sysconfig design_1_wrapper
LOG::2026-03-02.08:59:09::SCWPlatform::Completed generating the artifacts for system configuration design_1_wrapper
TRACE::2026-03-02.08:59:09::SCWPlatform::Started preparing the platform 
TRACE::2026-03-02.08:59:09::SCWSystem::Writing the bif file for system config design_1_wrapper
TRACE::2026-03-02.08:59:09::SCWSystem::dir created 
TRACE::2026-03-02.08:59:09::SCWSystem::Writing the bif 
TRACE::2026-03-02.08:59:09::SCWPlatform::Started writing the spfm file 
TRACE::2026-03-02.08:59:09::SCWPlatform::Started writing the xpfm file 
TRACE::2026-03-02.08:59:09::SCWPlatform::Completed generating the platform
TRACE::2026-03-02.08:59:09::SCWMssOS::Saving the mss changes C:/Users/C27Bradford.Hurt/ece383_wksp/ice1/design_1_wrapper/microblaze_0/standalone_microblaze_0/bsp/system.mss
TRACE::2026-03-02.08:59:09::SCWMssOS::Found a swdesign opened with the mssfile.
TRACE::2026-03-02.08:59:09::SCWMssOS::Completed writemss as part of save.
TRACE::2026-03-02.08:59:09::SCWMssOS::Commit changes completed.
TRACE::2026-03-02.08:59:09::SCWPlatform::Trying to open the hw design at C:/Users/C27Bradford.Hurt/ece383_wksp/ice1/design_1_wrapper/hw/design_1_wrapper.xsa
TRACE::2026-03-02.08:59:09::SCWPlatform::DSA given C:/Users/C27Bradford.Hurt/ece383_wksp/ice1/design_1_wrapper/hw/design_1_wrapper.xsa
TRACE::2026-03-02.08:59:09::SCWPlatform::DSA absoulate path C:/Users/C27Bradford.Hurt/ece383_wksp/ice1/design_1_wrapper/hw/design_1_wrapper.xsa
TRACE::2026-03-02.08:59:09::SCWPlatform::DSA directory C:/Users/C27Bradford.Hurt/ece383_wksp/ice1/design_1_wrapper/hw
TRACE::2026-03-02.08:59:09::SCWPlatform:: Platform Path C:/Users/C27Bradford.Hurt/ece383_wksp/ice1/design_1_wrapper/hw/design_1_wrapper.xsa
TRACE::2026-03-02.08:59:09::SCWPlatform:: Unique name xilinx:nexys_video::0.0
TRACE::2026-03-02.08:59:09::SCWPlatform::Trying to set the existing hwdb with name design_1_wrapper_0
TRACE::2026-03-02.08:59:09::SCWPlatform::Opened existing hwdb design_1_wrapper_0
TRACE::2026-03-02.08:59:09::SCWPlatform::Found the Hw Db part of the input DSA
TRACE::2026-03-02.08:59:09::SCWMssOS::Checking the sw design at  C:/Users/C27Bradford.Hurt/ece383_wksp/ice1/design_1_wrapper/microblaze_0/standalone_microblaze_0/bsp/system.mss
TRACE::2026-03-02.08:59:09::SCWMssOS::DEBUG:  swdes dump  C:/Users/C27Bradford.Hurt/ece383_wksp/ice1/design_1_wrapper/microblaze_0/standalone_microblaze_0/bsp/system.mss|system||

TRACE::2026-03-02.08:59:09::SCWMssOS::Sw design exists and opened at  C:/Users/C27Bradford.Hurt/ece383_wksp/ice1/design_1_wrapper/microblaze_0/standalone_microblaze_0/bsp/system.mss
TRACE::2026-03-02.08:59:09::SCWPlatform::Trying to open the hw design at C:/Users/C27Bradford.Hurt/ece383_wksp/ice1/design_1_wrapper/hw/design_1_wrapper.xsa
TRACE::2026-03-02.08:59:09::SCWPlatform::DSA given C:/Users/C27Bradford.Hurt/ece383_wksp/ice1/design_1_wrapper/hw/design_1_wrapper.xsa
TRACE::2026-03-02.08:59:09::SCWPlatform::DSA absoulate path C:/Users/C27Bradford.Hurt/ece383_wksp/ice1/design_1_wrapper/hw/design_1_wrapper.xsa
TRACE::2026-03-02.08:59:09::SCWPlatform::DSA directory C:/Users/C27Bradford.Hurt/ece383_wksp/ice1/design_1_wrapper/hw
TRACE::2026-03-02.08:59:09::SCWPlatform:: Platform Path C:/Users/C27Bradford.Hurt/ece383_wksp/ice1/design_1_wrapper/hw/design_1_wrapper.xsa
TRACE::2026-03-02.08:59:09::SCWPlatform:: Unique name xilinx:nexys_video::0.0
TRACE::2026-03-02.08:59:09::SCWPlatform::Trying to set the existing hwdb with name design_1_wrapper_0
TRACE::2026-03-02.08:59:09::SCWPlatform::Opened existing hwdb design_1_wrapper_0
TRACE::2026-03-02.08:59:09::SCWPlatform::Found the Hw Db part of the input DSA
TRACE::2026-03-02.08:59:09::SCWMssOS::Checking the sw design at  C:/Users/C27Bradford.Hurt/ece383_wksp/ice1/design_1_wrapper/microblaze_0/standalone_microblaze_0/bsp/system.mss
TRACE::2026-03-02.08:59:09::SCWMssOS::DEBUG:  swdes dump  C:/Users/C27Bradford.Hurt/ece383_wksp/ice1/design_1_wrapper/microblaze_0/standalone_microblaze_0/bsp/system.mss|system||

TRACE::2026-03-02.08:59:09::SCWMssOS::Sw design exists and opened at  C:/Users/C27Bradford.Hurt/ece383_wksp/ice1/design_1_wrapper/microblaze_0/standalone_microblaze_0/bsp/system.mss
TRACE::2026-03-02.08:59:09::SCWPlatform::Trying to open the hw design at C:/Users/C27Bradford.Hurt/ece383_wksp/ice1/design_1_wrapper/hw/design_1_wrapper.xsa
TRACE::2026-03-02.08:59:09::SCWPlatform::DSA given C:/Users/C27Bradford.Hurt/ece383_wksp/ice1/design_1_wrapper/hw/design_1_wrapper.xsa
TRACE::2026-03-02.08:59:09::SCWPlatform::DSA absoulate path C:/Users/C27Bradford.Hurt/ece383_wksp/ice1/design_1_wrapper/hw/design_1_wrapper.xsa
TRACE::2026-03-02.08:59:09::SCWPlatform::DSA directory C:/Users/C27Bradford.Hurt/ece383_wksp/ice1/design_1_wrapper/hw
TRACE::2026-03-02.08:59:09::SCWPlatform:: Platform Path C:/Users/C27Bradford.Hurt/ece383_wksp/ice1/design_1_wrapper/hw/design_1_wrapper.xsa
TRACE::2026-03-02.08:59:09::SCWPlatform:: Unique name xilinx:nexys_video::0.0
TRACE::2026-03-02.08:59:09::SCWPlatform::Trying to set the existing hwdb with name design_1_wrapper_0
TRACE::2026-03-02.08:59:09::SCWPlatform::Opened existing hwdb design_1_wrapper_0
TRACE::2026-03-02.08:59:09::SCWPlatform::Found the Hw Db part of the input DSA
TRACE::2026-03-02.08:59:09::SCWMssOS::Checking the sw design at  C:/Users/C27Bradford.Hurt/ece383_wksp/ice1/design_1_wrapper/microblaze_0/standalone_microblaze_0/bsp/system.mss
TRACE::2026-03-02.08:59:09::SCWMssOS::DEBUG:  swdes dump  C:/Users/C27Bradford.Hurt/ece383_wksp/ice1/design_1_wrapper/microblaze_0/standalone_microblaze_0/bsp/system.mss|system||

TRACE::2026-03-02.08:59:09::SCWMssOS::Sw design exists and opened at  C:/Users/C27Bradford.Hurt/ece383_wksp/ice1/design_1_wrapper/microblaze_0/standalone_microblaze_0/bsp/system.mss
TRACE::2026-03-02.08:59:09::SCWWriter::formatted JSON is {
	"platformName":	"design_1_wrapper",
	"sprVersion":	"2.0",
	"mode":	"gui",
	"dsaType":	"Fixed",
	"platformDesc":	"design_1_wrapper",
	"platHandOff":	"<platformDir>.xsa",
	"platIntHandOff":	"<platformDir>/hw/design_1_wrapper.xsa",
	"deviceType":	"FPGA",
	"platIsPrebuiltAutogen":	"false",
	"platIsNoBootBsp":	"false",
	"hasFsblMakeHasChanges":	"false",
	"hasPmufwMakeHasChanges":	"false",
	"platPreBuiltFlag":	false,
	"platformSamplesDir":	"",
	"platActiveSys":	"design_1_wrapper",
	"systems":	[{
			"systemName":	"design_1_wrapper",
			"systemDesc":	"design_1_wrapper",
			"sysIsBootAutoGen":	"true",
			"systemDispName":	"design_1_wrapper",
			"sysActiveDom":	"standalone_microblaze_0",
			"sysDefaultDom":	"standalone_microblaze_0",
			"domains":	[{
					"domainName":	"standalone_microblaze_0",
					"domainDispName":	"standalone_microblaze_0",
					"domainDesc":	"standalone_microblaze_0",
					"processors":	"microblaze_0",
					"os":	"standalone",
					"sdxOs":	"standalone",
					"debugEnable":	"False",
					"domRuntimes":	["cpp"],
					"swRepo":	"",
					"mssOsVer":	"9.2",
					"mssFile":	"",
					"md5Digest":	"27f266669af8a91a539307f7b404e8b4",
					"compatibleApp":	"hello_world",
					"domType":	"mssDomain",
					"arch":	"32-bit",
					"appSettings":	{
						"appCompilerFlags":	"",
						"appLinkerFlags":	""
					},
					"addedLibs":	[],
					"libOptions":	{
						"libsContainingOptions":	[]
					},
					"prebuiltLibs":	{
						"prebuiltIncPath":	[],
						"prebuiltLibPath":	[]
					},
					"isolation":	{
					}
				}]
		}]
}
KEYINFO::2026-03-02.08:59:09::SCWPlatform::updated the xpfm file.
TRACE::2026-03-02.08:59:09::SCWPlatform::Trying to open the hw design at C:/Users/C27Bradford.Hurt/ece383_wksp/ice1/design_1_wrapper/hw/design_1_wrapper.xsa
TRACE::2026-03-02.08:59:09::SCWPlatform::DSA given C:/Users/C27Bradford.Hurt/ece383_wksp/ice1/design_1_wrapper/hw/design_1_wrapper.xsa
TRACE::2026-03-02.08:59:09::SCWPlatform::DSA absoulate path C:/Users/C27Bradford.Hurt/ece383_wksp/ice1/design_1_wrapper/hw/design_1_wrapper.xsa
TRACE::2026-03-02.08:59:09::SCWPlatform::DSA directory C:/Users/C27Bradford.Hurt/ece383_wksp/ice1/design_1_wrapper/hw
TRACE::2026-03-02.08:59:09::SCWPlatform:: Platform Path C:/Users/C27Bradford.Hurt/ece383_wksp/ice1/design_1_wrapper/hw/design_1_wrapper.xsa
TRACE::2026-03-02.08:59:09::SCWPlatform:: Unique name xilinx:nexys_video::0.0
TRACE::2026-03-02.08:59:09::SCWPlatform::Trying to set the existing hwdb with name design_1_wrapper_0
TRACE::2026-03-02.08:59:09::SCWPlatform::Opened existing hwdb design_1_wrapper_0
TRACE::2026-03-02.08:59:09::SCWPlatform::Found the Hw Db part of the input DSA
TRACE::2026-03-02.08:59:09::SCWMssOS::Checking the sw design at  C:/Users/C27Bradford.Hurt/ece383_wksp/ice1/design_1_wrapper/microblaze_0/standalone_microblaze_0/bsp/system.mss
TRACE::2026-03-02.08:59:09::SCWMssOS::DEBUG:  swdes dump  C:/Users/C27Bradford.Hurt/ece383_wksp/ice1/design_1_wrapper/microblaze_0/standalone_microblaze_0/bsp/system.mss|system||

TRACE::2026-03-02.08:59:09::SCWMssOS::Sw design exists and opened at  C:/Users/C27Bradford.Hurt/ece383_wksp/ice1/design_1_wrapper/microblaze_0/standalone_microblaze_0/bsp/system.mss
TRACE::2026-03-02.09:02:26::SCWMssOS::cleaning the bsp 
TRACE::2026-03-02.09:02:26::SCWMssOS::System Command Ran  C: & cd  C:/Users/C27Bradford.Hurt/ece383_wksp/ice1/design_1_wrapper/microblaze_0/standalone_microblaze_0/bsp & make clean 
TRACE::2026-03-02.09:02:26::SCWMssOS::make -C microblaze_0/libsrc/bram_v4_11/src -s clean 

TRACE::2026-03-02.09:02:26::SCWMssOS::make -C microblaze_0/libsrc/cpu_v2_18/src -s clean 

TRACE::2026-03-02.09:02:26::SCWMssOS::make -C microblaze_0/libsrc/standalone_v9_2/src -s clean 

TRACE::2026-03-02.09:02:27::SCWMssOS::make -C microblaze_0/libsrc/uartlite_v3_11/src -s clean 

TRACE::2026-03-02.09:02:27::SCWMssOS::rm -f microblaze_0/lib/libxil.a

LOG::2026-03-02.09:03:29::SCWPlatform::Started generating the artifacts platform design_1_wrapper
TRACE::2026-03-02.09:03:29::SCWPlatform::Sanity checking of platform is completed
LOG::2026-03-02.09:03:29::SCWPlatform::Started generating the artifacts for system configuration design_1_wrapper
LOG::2026-03-02.09:03:29::SCWSystem::Checking the domain standalone_microblaze_0
LOG::2026-03-02.09:03:29::SCWSystem::Not a boot domain 
LOG::2026-03-02.09:03:29::SCWSystem::Started Processing the domain standalone_microblaze_0
TRACE::2026-03-02.09:03:29::SCWDomain::Generating domain artifcats
TRACE::2026-03-02.09:03:29::SCWMssOS::Generating standalone artifcats
TRACE::2026-03-02.09:03:29::SCWMssOS:: Copying the user libraries. 
TRACE::2026-03-02.09:03:29::SCWPlatform::Trying to open the hw design at C:/Users/C27Bradford.Hurt/ece383_wksp/ice1/design_1_wrapper/hw/design_1_wrapper.xsa
TRACE::2026-03-02.09:03:29::SCWPlatform::DSA given C:/Users/C27Bradford.Hurt/ece383_wksp/ice1/design_1_wrapper/hw/design_1_wrapper.xsa
TRACE::2026-03-02.09:03:29::SCWPlatform::DSA absoulate path C:/Users/C27Bradford.Hurt/ece383_wksp/ice1/design_1_wrapper/hw/design_1_wrapper.xsa
TRACE::2026-03-02.09:03:29::SCWPlatform::DSA directory C:/Users/C27Bradford.Hurt/ece383_wksp/ice1/design_1_wrapper/hw
TRACE::2026-03-02.09:03:29::SCWPlatform:: Platform Path C:/Users/C27Bradford.Hurt/ece383_wksp/ice1/design_1_wrapper/hw/design_1_wrapper.xsa
TRACE::2026-03-02.09:03:29::SCWPlatform:: Unique name xilinx:nexys_video::0.0
TRACE::2026-03-02.09:03:29::SCWPlatform::Trying to set the existing hwdb with name design_1_wrapper_0
TRACE::2026-03-02.09:03:29::SCWPlatform::Opened existing hwdb design_1_wrapper_0
TRACE::2026-03-02.09:03:29::SCWPlatform::Found the Hw Db part of the input DSA
TRACE::2026-03-02.09:03:29::SCWMssOS::Checking the sw design at  C:/Users/C27Bradford.Hurt/ece383_wksp/ice1/design_1_wrapper/microblaze_0/standalone_microblaze_0/bsp/system.mss
TRACE::2026-03-02.09:03:29::SCWMssOS::DEBUG:  swdes dump  C:/Users/C27Bradford.Hurt/ece383_wksp/ice1/design_1_wrapper/microblaze_0/standalone_microblaze_0/bsp/system.mss|system||

TRACE::2026-03-02.09:03:29::SCWMssOS::Sw design exists and opened at  C:/Users/C27Bradford.Hurt/ece383_wksp/ice1/design_1_wrapper/microblaze_0/standalone_microblaze_0/bsp/system.mss
TRACE::2026-03-02.09:03:29::SCWMssOS::Completed writing the mss file at C:/Users/C27Bradford.Hurt/ece383_wksp/ice1/design_1_wrapper/microblaze_0/standalone_microblaze_0/bsp
TRACE::2026-03-02.09:03:29::SCWMssOS::Mss edits present, copying mssfile into export location C:/Users/C27Bradford.Hurt/ece383_wksp/ice1/design_1_wrapper/microblaze_0/standalone_microblaze_0/bsp/system.mss
TRACE::2026-03-02.09:03:29::SCWMssOS::bsp generated is upto date with the mss file. Skipping bsp generation.
TRACE::2026-03-02.09:03:29::SCWMssOS::BSP is already built. skipping the bsp build ... 
TRACE::2026-03-02.09:03:29::SCWDomain::Building the domain as part of full build :  standalone_microblaze_0
TRACE::2026-03-02.09:03:29::SCWMssOS::doing bsp build ... 
TRACE::2026-03-02.09:03:29::SCWMssOS::System Command Ran  C: & cd  C:/Users/C27Bradford.Hurt/ece383_wksp/ice1/design_1_wrapper/microblaze_0/standalone_microblaze_0/bsp & make 
TRACE::2026-03-02.09:03:29::SCWMssOS::make --no-print-directory seq_libs

TRACE::2026-03-02.09:03:29::SCWMssOS::'Finished building libraries sequentially.'

TRACE::2026-03-02.09:03:29::SCWMssOS::make -j 14 --no-print-directory par_libs

TRACE::2026-03-02.09:03:29::SCWMssOS::"Running Make include in microblaze_0/libsrc/bram_v4_11/src"

TRACE::2026-03-02.09:03:29::SCWMssOS::make -C microblaze_0/libsrc/bram_v4_11/src -s include  "SHELL=CMD" "COMPILER=mb-gcc" "ASSEMBLER=mb-as" "ARCHIVER=mb-ar" "COMPIL
TRACE::2026-03-02.09:03:29::SCWMssOS::ER_FLAGS=  -O2 -c -mcpu=v11.0 -mlittle-endian -mxl-soft-mul" "EXTRA_COMPILER_FLAGS=-g -ffunction-sections -fdata-sections -Wall
TRACE::2026-03-02.09:03:29::SCWMssOS:: -Wextra -fno-tree-loop-distribute-patterns"

TRACE::2026-03-02.09:03:29::SCWMssOS::"Running Make include in microblaze_0/libsrc/cpu_v2_18/src"

TRACE::2026-03-02.09:03:29::SCWMssOS::make -C microblaze_0/libsrc/cpu_v2_18/src -s include  "SHELL=CMD" "COMPILER=mb-gcc" "ASSEMBLER=mb-as" "ARCHIVER=mb-ar" "COMPILE
TRACE::2026-03-02.09:03:29::SCWMssOS::R_FLAGS=  -O2 -c -mcpu=v11.0 -mlittle-endian -mxl-soft-mul" "EXTRA_COMPILER_FLAGS=-g -ffunction-sections -fdata-sections -Wall 
TRACE::2026-03-02.09:03:29::SCWMssOS::-Wextra -fno-tree-loop-distribute-patterns"

TRACE::2026-03-02.09:03:29::SCWMssOS::"Running Make include in microblaze_0/libsrc/standalone_v9_2/src"

TRACE::2026-03-02.09:03:29::SCWMssOS::make -C microblaze_0/libsrc/standalone_v9_2/src -s include  "SHELL=CMD" "COMPILER=mb-gcc" "ASSEMBLER=mb-as" "ARCHIVER=mb-ar" "C
TRACE::2026-03-02.09:03:29::SCWMssOS::OMPILER_FLAGS=  -O2 -c -mcpu=v11.0 -mlittle-endian -mxl-soft-mul" "EXTRA_COMPILER_FLAGS=-g -ffunction-sections -fdata-sections 
TRACE::2026-03-02.09:03:29::SCWMssOS::-Wall -Wextra -fno-tree-loop-distribute-patterns"

TRACE::2026-03-02.09:03:29::SCWMssOS::"Running Make include in microblaze_0/libsrc/uartlite_v3_11/src"

TRACE::2026-03-02.09:03:29::SCWMssOS::make -C microblaze_0/libsrc/uartlite_v3_11/src -s include  "SHELL=CMD" "COMPILER=mb-gcc" "ASSEMBLER=mb-as" "ARCHIVER=mb-ar" "CO
TRACE::2026-03-02.09:03:29::SCWMssOS::MPILER_FLAGS=  -O2 -c -mcpu=v11.0 -mlittle-endian -mxl-soft-mul" "EXTRA_COMPILER_FLAGS=-g -ffunction-sections -fdata-sections -
TRACE::2026-03-02.09:03:29::SCWMssOS::Wall -Wextra -fno-tree-loop-distribute-patterns"

TRACE::2026-03-02.09:03:29::SCWMssOS::"Running Make libs in microblaze_0/libsrc/bram_v4_11/src"

TRACE::2026-03-02.09:03:29::SCWMssOS::make -C microblaze_0/libsrc/bram_v4_11/src -s libs  "SHELL=CMD" "COMPILER=mb-gcc" "ASSEMBLER=mb-as" "ARCHIVER=mb-ar" "COMPILER_
TRACE::2026-03-02.09:03:29::SCWMssOS::FLAGS=  -O2 -c -mcpu=v11.0 -mlittle-endian -mxl-soft-mul" "EXTRA_COMPILER_FLAGS=-g -ffunction-sections -fdata-sections -Wall -W
TRACE::2026-03-02.09:03:29::SCWMssOS::extra -fno-tree-loop-distribute-patterns"

TRACE::2026-03-02.09:03:29::SCWMssOS::"Running Make libs in microblaze_0/libsrc/cpu_v2_18/src"

TRACE::2026-03-02.09:03:29::SCWMssOS::make -C microblaze_0/libsrc/cpu_v2_18/src -s libs  "SHELL=CMD" "COMPILER=mb-gcc" "ASSEMBLER=mb-as" "ARCHIVER=mb-ar" "COMPILER_F
TRACE::2026-03-02.09:03:29::SCWMssOS::LAGS=  -O2 -c -mcpu=v11.0 -mlittle-endian -mxl-soft-mul" "EXTRA_COMPILER_FLAGS=-g -ffunction-sections -fdata-sections -Wall -We
TRACE::2026-03-02.09:03:29::SCWMssOS::xtra -fno-tree-loop-distribute-patterns"

TRACE::2026-03-02.09:03:29::SCWMssOS::"Running Make libs in microblaze_0/libsrc/standalone_v9_2/src"

TRACE::2026-03-02.09:03:29::SCWMssOS::make -C microblaze_0/libsrc/standalone_v9_2/src -s libs  "SHELL=CMD" "COMPILER=mb-gcc" "ASSEMBLER=mb-as" "ARCHIVER=mb-ar" "COMP
TRACE::2026-03-02.09:03:29::SCWMssOS::ILER_FLAGS=  -O2 -c -mcpu=v11.0 -mlittle-endian -mxl-soft-mul" "EXTRA_COMPILER_FLAGS=-g -ffunction-sections -fdata-sections -Wa
TRACE::2026-03-02.09:03:29::SCWMssOS::ll -Wextra -fno-tree-loop-distribute-patterns"

TRACE::2026-03-02.09:03:29::SCWMssOS::"Running Make libs in microblaze_0/libsrc/uartlite_v3_11/src"

TRACE::2026-03-02.09:03:29::SCWMssOS::make -C microblaze_0/libsrc/uartlite_v3_11/src -s libs  "SHELL=CMD" "COMPILER=mb-gcc" "ASSEMBLER=mb-as" "ARCHIVER=mb-ar" "COMPI
TRACE::2026-03-02.09:03:29::SCWMssOS::LER_FLAGS=  -O2 -c -mcpu=v11.0 -mlittle-endian -mxl-soft-mul" "EXTRA_COMPILER_FLAGS=-g -ffunction-sections -fdata-sections -Wal
TRACE::2026-03-02.09:03:29::SCWMssOS::l -Wextra -fno-tree-loop-distribute-patterns"

TRACE::2026-03-02.09:03:32::SCWMssOS::"DEBUG NON_LTO_OBJECTS is ../../../lib/microblaze_interrupt_handler.o"

TRACE::2026-03-02.09:03:32::SCWMssOS::'Finished building libraries parallelly.'

TRACE::2026-03-02.09:03:32::SCWMssOS::make --no-print-directory archive

TRACE::2026-03-02.09:03:32::SCWMssOS::mb-ar -r  microblaze_0/lib/libxil.a microblaze_0/lib/_exit.o microblaze_0/lib/errno.o microblaze_0/lib/fcntl.o microblaze_0/lib
TRACE::2026-03-02.09:03:32::SCWMssOS::/hw_exception_handler.o microblaze_0/lib/inbyte.o microblaze_0/lib/microblaze_disable_dcache.o microblaze_0/lib/microblaze_disa
TRACE::2026-03-02.09:03:32::SCWMssOS::ble_exceptions.o microblaze_0/lib/microblaze_disable_icache.o microblaze_0/lib/microblaze_disable_interrupts.o microblaze_0/lib
TRACE::2026-03-02.09:03:32::SCWMssOS::/microblaze_enable_dcache.o microblaze_0/lib/microblaze_enable_exceptions.o microblaze_0/lib/microblaze_enable_icache.o microbl
TRACE::2026-03-02.09:03:32::SCWMssOS::aze_0/lib/microblaze_enable_interrupts.o microblaze_0/lib/microblaze_exception_handler.o microblaze_0/lib/microblaze_flush_cach
TRACE::2026-03-02.09:03:32::SCWMssOS::e_ext.o microblaze_0/lib/microblaze_flush_cache_ext_range.o microblaze_0/lib/microblaze_flush_dcache.o microblaze_0/lib/microbl
TRACE::2026-03-02.09:03:32::SCWMssOS::aze_flush_dcache_range.o microblaze_0/lib/microblaze_init_dcache_range.o microblaze_0/lib/microblaze_init_icache_range.o microb
TRACE::2026-03-02.09:03:32::SCWMssOS::laze_0/lib/microblaze_interrupt_handler.o microblaze_0/lib/microblaze_interrupts_g.o microblaze_0/lib/microblaze_invalidate_cac
TRACE::2026-03-02.09:03:32::SCWMssOS::he_ext.o microblaze_0/lib/microblaze_invalidate_cache_ext_range.o microblaze_0/lib/microblaze_invalidate_dcache.o microblaze_0/
TRACE::2026-03-02.09:03:32::SCWMssOS::lib/microblaze_invalidate_dcache_range.o microblaze_0/lib/microblaze_invalidate_icache.o microblaze_0/lib/microblaze_invalidate
TRACE::2026-03-02.09:03:32::SCWMssOS::_icache_range.o microblaze_0/lib/microblaze_scrub.o microblaze_0/lib/microblaze_selftest.o microblaze_0/lib/microblaze_sleep.o 
TRACE::2026-03-02.09:03:32::SCWMssOS::microblaze_0/lib/microblaze_update_dcache.o microblaze_0/lib/microblaze_update_icache.o microblaze_0/lib/outbyte.o microblaze_0
TRACE::2026-03-02.09:03:32::SCWMssOS::/lib/print.o microblaze_0/lib/pvr.o microblaze_0/lib/xbram.o microblaze_0/lib/xbram_g.o microblaze_0/lib/xbram_intr.o microblaz
TRACE::2026-03-02.09:03:32::SCWMssOS::e_0/lib/xbram_selftest.o microblaze_0/lib/xbram_sinit.o microblaze_0/lib/xil_assert.o microblaze_0/lib/xil_cache.o microblaze_0
TRACE::2026-03-02.09:03:32::SCWMssOS::/lib/xil_clocking.o microblaze_0/lib/xil_exception.o microblaze_0/lib/xil_mem.o microblaze_0/lib/xil_misc_psreset_api.o microbl
TRACE::2026-03-02.09:03:32::SCWMssOS::aze_0/lib/xil_printf.o microblaze_0/lib/xil_sleepcommon.o microblaze_0/lib/xil_sutil.o microblaze_0/lib/xil_testcache.o microbl
TRACE::2026-03-02.09:03:32::SCWMssOS::aze_0/lib/xil_testio.o microblaze_0/lib/xil_testmem.o microblaze_0/lib/xil_util.o microblaze_0/lib/xinterrupt_wrap.o microblaze
TRACE::2026-03-02.09:03:32::SCWMssOS::_0/lib/xio.o microblaze_0/lib/xplatform_info.o microblaze_0/lib/xpm_init.o microblaze_0/lib/xuartlite.o microblaze_0/lib/xuartl
TRACE::2026-03-02.09:03:32::SCWMssOS::ite_g.o microblaze_0/lib/xuartlite_intr.o microblaze_0/lib/xuartlite_l.o microblaze_0/lib/xuartlite_selftest.o microblaze_0/lib
TRACE::2026-03-02.09:03:32::SCWMssOS::/xuartlite_sinit.o microblaze_0/lib/xuartlite_stats.o

TRACE::2026-03-02.09:03:32::SCWMssOS::'Finished building libraries'

TRACE::2026-03-02.09:03:33::SCWMssOS::Copying to export directory.
TRACE::2026-03-02.09:03:33::SCWMssOS:: Checking if to create the Supporting Applications
TRACE::2026-03-02.09:03:33::SCWMssOS:: No Linux domain exists, trying to generate FSBL 
LOG::2026-03-02.09:03:33::SCWSystem::Completed Processing the domain standalone_microblaze_0
LOG::2026-03-02.09:03:33::SCWSystem::Completed Processing the sysconfig design_1_wrapper
LOG::2026-03-02.09:03:33::SCWPlatform::Completed generating the artifacts for system configuration design_1_wrapper
TRACE::2026-03-02.09:03:33::SCWPlatform::Started preparing the platform 
TRACE::2026-03-02.09:03:33::SCWSystem::Writing the bif file for system config design_1_wrapper
TRACE::2026-03-02.09:03:34::SCWSystem::dir created 
TRACE::2026-03-02.09:03:34::SCWSystem::Writing the bif 
TRACE::2026-03-02.09:03:34::SCWPlatform::Started writing the spfm file 
TRACE::2026-03-02.09:03:34::SCWPlatform::Started writing the xpfm file 
TRACE::2026-03-02.09:03:34::SCWPlatform::Completed generating the platform
TRACE::2026-03-02.09:03:34::SCWMssOS::Saving the mss changes C:/Users/C27Bradford.Hurt/ece383_wksp/ice1/design_1_wrapper/microblaze_0/standalone_microblaze_0/bsp/system.mss
TRACE::2026-03-02.09:03:34::SCWMssOS::Found a swdesign opened with the mssfile.
TRACE::2026-03-02.09:03:34::SCWMssOS::Completed writemss as part of save.
TRACE::2026-03-02.09:03:34::SCWMssOS::Commit changes completed.
TRACE::2026-03-02.09:03:34::SCWPlatform::Trying to open the hw design at C:/Users/C27Bradford.Hurt/ece383_wksp/ice1/design_1_wrapper/hw/design_1_wrapper.xsa
TRACE::2026-03-02.09:03:34::SCWPlatform::DSA given C:/Users/C27Bradford.Hurt/ece383_wksp/ice1/design_1_wrapper/hw/design_1_wrapper.xsa
TRACE::2026-03-02.09:03:34::SCWPlatform::DSA absoulate path C:/Users/C27Bradford.Hurt/ece383_wksp/ice1/design_1_wrapper/hw/design_1_wrapper.xsa
TRACE::2026-03-02.09:03:34::SCWPlatform::DSA directory C:/Users/C27Bradford.Hurt/ece383_wksp/ice1/design_1_wrapper/hw
TRACE::2026-03-02.09:03:34::SCWPlatform:: Platform Path C:/Users/C27Bradford.Hurt/ece383_wksp/ice1/design_1_wrapper/hw/design_1_wrapper.xsa
TRACE::2026-03-02.09:03:34::SCWPlatform:: Unique name xilinx:nexys_video::0.0
TRACE::2026-03-02.09:03:34::SCWPlatform::Trying to set the existing hwdb with name design_1_wrapper_0
TRACE::2026-03-02.09:03:34::SCWPlatform::Opened existing hwdb design_1_wrapper_0
TRACE::2026-03-02.09:03:34::SCWPlatform::Found the Hw Db part of the input DSA
TRACE::2026-03-02.09:03:34::SCWMssOS::Checking the sw design at  C:/Users/C27Bradford.Hurt/ece383_wksp/ice1/design_1_wrapper/microblaze_0/standalone_microblaze_0/bsp/system.mss
TRACE::2026-03-02.09:03:34::SCWMssOS::DEBUG:  swdes dump  C:/Users/C27Bradford.Hurt/ece383_wksp/ice1/design_1_wrapper/microblaze_0/standalone_microblaze_0/bsp/system.mss|system||

TRACE::2026-03-02.09:03:34::SCWMssOS::Sw design exists and opened at  C:/Users/C27Bradford.Hurt/ece383_wksp/ice1/design_1_wrapper/microblaze_0/standalone_microblaze_0/bsp/system.mss
TRACE::2026-03-02.09:03:34::SCWPlatform::Trying to open the hw design at C:/Users/C27Bradford.Hurt/ece383_wksp/ice1/design_1_wrapper/hw/design_1_wrapper.xsa
TRACE::2026-03-02.09:03:34::SCWPlatform::DSA given C:/Users/C27Bradford.Hurt/ece383_wksp/ice1/design_1_wrapper/hw/design_1_wrapper.xsa
TRACE::2026-03-02.09:03:34::SCWPlatform::DSA absoulate path C:/Users/C27Bradford.Hurt/ece383_wksp/ice1/design_1_wrapper/hw/design_1_wrapper.xsa
TRACE::2026-03-02.09:03:34::SCWPlatform::DSA directory C:/Users/C27Bradford.Hurt/ece383_wksp/ice1/design_1_wrapper/hw
TRACE::2026-03-02.09:03:34::SCWPlatform:: Platform Path C:/Users/C27Bradford.Hurt/ece383_wksp/ice1/design_1_wrapper/hw/design_1_wrapper.xsa
TRACE::2026-03-02.09:03:34::SCWPlatform:: Unique name xilinx:nexys_video::0.0
TRACE::2026-03-02.09:03:34::SCWPlatform::Trying to set the existing hwdb with name design_1_wrapper_0
TRACE::2026-03-02.09:03:34::SCWPlatform::Opened existing hwdb design_1_wrapper_0
TRACE::2026-03-02.09:03:34::SCWPlatform::Found the Hw Db part of the input DSA
TRACE::2026-03-02.09:03:34::SCWMssOS::Checking the sw design at  C:/Users/C27Bradford.Hurt/ece383_wksp/ice1/design_1_wrapper/microblaze_0/standalone_microblaze_0/bsp/system.mss
TRACE::2026-03-02.09:03:34::SCWMssOS::DEBUG:  swdes dump  C:/Users/C27Bradford.Hurt/ece383_wksp/ice1/design_1_wrapper/microblaze_0/standalone_microblaze_0/bsp/system.mss|system||

TRACE::2026-03-02.09:03:34::SCWMssOS::Sw design exists and opened at  C:/Users/C27Bradford.Hurt/ece383_wksp/ice1/design_1_wrapper/microblaze_0/standalone_microblaze_0/bsp/system.mss
TRACE::2026-03-02.09:03:34::SCWPlatform::Trying to open the hw design at C:/Users/C27Bradford.Hurt/ece383_wksp/ice1/design_1_wrapper/hw/design_1_wrapper.xsa
TRACE::2026-03-02.09:03:34::SCWPlatform::DSA given C:/Users/C27Bradford.Hurt/ece383_wksp/ice1/design_1_wrapper/hw/design_1_wrapper.xsa
TRACE::2026-03-02.09:03:34::SCWPlatform::DSA absoulate path C:/Users/C27Bradford.Hurt/ece383_wksp/ice1/design_1_wrapper/hw/design_1_wrapper.xsa
TRACE::2026-03-02.09:03:34::SCWPlatform::DSA directory C:/Users/C27Bradford.Hurt/ece383_wksp/ice1/design_1_wrapper/hw
TRACE::2026-03-02.09:03:34::SCWPlatform:: Platform Path C:/Users/C27Bradford.Hurt/ece383_wksp/ice1/design_1_wrapper/hw/design_1_wrapper.xsa
TRACE::2026-03-02.09:03:34::SCWPlatform:: Unique name xilinx:nexys_video::0.0
TRACE::2026-03-02.09:03:34::SCWPlatform::Trying to set the existing hwdb with name design_1_wrapper_0
TRACE::2026-03-02.09:03:34::SCWPlatform::Opened existing hwdb design_1_wrapper_0
TRACE::2026-03-02.09:03:34::SCWPlatform::Found the Hw Db part of the input DSA
TRACE::2026-03-02.09:03:34::SCWMssOS::Checking the sw design at  C:/Users/C27Bradford.Hurt/ece383_wksp/ice1/design_1_wrapper/microblaze_0/standalone_microblaze_0/bsp/system.mss
TRACE::2026-03-02.09:03:34::SCWMssOS::DEBUG:  swdes dump  C:/Users/C27Bradford.Hurt/ece383_wksp/ice1/design_1_wrapper/microblaze_0/standalone_microblaze_0/bsp/system.mss|system||

TRACE::2026-03-02.09:03:34::SCWMssOS::Sw design exists and opened at  C:/Users/C27Bradford.Hurt/ece383_wksp/ice1/design_1_wrapper/microblaze_0/standalone_microblaze_0/bsp/system.mss
TRACE::2026-03-02.09:03:34::SCWWriter::formatted JSON is {
	"platformName":	"design_1_wrapper",
	"sprVersion":	"2.0",
	"mode":	"gui",
	"dsaType":	"Fixed",
	"platformDesc":	"design_1_wrapper",
	"platHandOff":	"<platformDir>.xsa",
	"platIntHandOff":	"<platformDir>/hw/design_1_wrapper.xsa",
	"deviceType":	"FPGA",
	"platIsPrebuiltAutogen":	"false",
	"platIsNoBootBsp":	"false",
	"hasFsblMakeHasChanges":	"false",
	"hasPmufwMakeHasChanges":	"false",
	"platPreBuiltFlag":	false,
	"platformSamplesDir":	"",
	"platActiveSys":	"design_1_wrapper",
	"systems":	[{
			"systemName":	"design_1_wrapper",
			"systemDesc":	"design_1_wrapper",
			"sysIsBootAutoGen":	"true",
			"systemDispName":	"design_1_wrapper",
			"sysActiveDom":	"standalone_microblaze_0",
			"sysDefaultDom":	"standalone_microblaze_0",
			"domains":	[{
					"domainName":	"standalone_microblaze_0",
					"domainDispName":	"standalone_microblaze_0",
					"domainDesc":	"standalone_microblaze_0",
					"processors":	"microblaze_0",
					"os":	"standalone",
					"sdxOs":	"standalone",
					"debugEnable":	"False",
					"domRuntimes":	["cpp"],
					"swRepo":	"",
					"mssOsVer":	"9.2",
					"mssFile":	"",
					"md5Digest":	"27f266669af8a91a539307f7b404e8b4",
					"compatibleApp":	"hello_world",
					"domType":	"mssDomain",
					"arch":	"32-bit",
					"appSettings":	{
						"appCompilerFlags":	"",
						"appLinkerFlags":	""
					},
					"addedLibs":	[],
					"libOptions":	{
						"libsContainingOptions":	[]
					},
					"prebuiltLibs":	{
						"prebuiltIncPath":	[],
						"prebuiltLibPath":	[]
					},
					"isolation":	{
					}
				}]
		}]
}
KEYINFO::2026-03-02.09:03:34::SCWPlatform::updated the xpfm file.
TRACE::2026-03-02.09:03:34::SCWPlatform::Trying to open the hw design at C:/Users/C27Bradford.Hurt/ece383_wksp/ice1/design_1_wrapper/hw/design_1_wrapper.xsa
TRACE::2026-03-02.09:03:34::SCWPlatform::DSA given C:/Users/C27Bradford.Hurt/ece383_wksp/ice1/design_1_wrapper/hw/design_1_wrapper.xsa
TRACE::2026-03-02.09:03:34::SCWPlatform::DSA absoulate path C:/Users/C27Bradford.Hurt/ece383_wksp/ice1/design_1_wrapper/hw/design_1_wrapper.xsa
TRACE::2026-03-02.09:03:34::SCWPlatform::DSA directory C:/Users/C27Bradford.Hurt/ece383_wksp/ice1/design_1_wrapper/hw
TRACE::2026-03-02.09:03:34::SCWPlatform:: Platform Path C:/Users/C27Bradford.Hurt/ece383_wksp/ice1/design_1_wrapper/hw/design_1_wrapper.xsa
TRACE::2026-03-02.09:03:34::SCWPlatform:: Unique name xilinx:nexys_video::0.0
TRACE::2026-03-02.09:03:34::SCWPlatform::Trying to set the existing hwdb with name design_1_wrapper_0
TRACE::2026-03-02.09:03:34::SCWPlatform::Opened existing hwdb design_1_wrapper_0
TRACE::2026-03-02.09:03:34::SCWPlatform::Found the Hw Db part of the input DSA
TRACE::2026-03-02.09:03:34::SCWMssOS::Checking the sw design at  C:/Users/C27Bradford.Hurt/ece383_wksp/ice1/design_1_wrapper/microblaze_0/standalone_microblaze_0/bsp/system.mss
TRACE::2026-03-02.09:03:34::SCWMssOS::DEBUG:  swdes dump  C:/Users/C27Bradford.Hurt/ece383_wksp/ice1/design_1_wrapper/microblaze_0/standalone_microblaze_0/bsp/system.mss|system||

TRACE::2026-03-02.09:03:34::SCWMssOS::Sw design exists and opened at  C:/Users/C27Bradford.Hurt/ece383_wksp/ice1/design_1_wrapper/microblaze_0/standalone_microblaze_0/bsp/system.mss
TRACE::2026-03-02.09:12:58::SCWPlatform::Trying to open the hw design at C:/Users/C27Bradford.Hurt/ece383_wksp/ice1/design_1_wrapper/hw/design_1_wrapper.xsa
TRACE::2026-03-02.09:12:58::SCWPlatform::DSA given C:/Users/C27Bradford.Hurt/ece383_wksp/ice1/design_1_wrapper/hw/design_1_wrapper.xsa
TRACE::2026-03-02.09:12:58::SCWPlatform::DSA absoulate path C:/Users/C27Bradford.Hurt/ece383_wksp/ice1/design_1_wrapper/hw/design_1_wrapper.xsa
TRACE::2026-03-02.09:12:58::SCWPlatform::DSA directory C:/Users/C27Bradford.Hurt/ece383_wksp/ice1/design_1_wrapper/hw
TRACE::2026-03-02.09:12:58::SCWPlatform:: Platform Path C:/Users/C27Bradford.Hurt/ece383_wksp/ice1/design_1_wrapper/hw/design_1_wrapper.xsa
TRACE::2026-03-02.09:12:58::SCWPlatform:: Unique name xilinx:nexys_video::0.0
TRACE::2026-03-02.09:12:58::SCWPlatform::Do not have an existing db opened. 
TRACE::2026-03-02.09:12:58::SCWPlatform::Opened new HwDB with name design_1_wrapper_2
TRACE::2026-03-02.09:12:58::SCWReader::Active system found as  design_1_wrapper
TRACE::2026-03-02.09:12:58::SCWReader::Handling sysconfig design_1_wrapper
TRACE::2026-03-02.09:12:58::SCWDomain::checking for install qemu data   : 
TRACE::2026-03-02.09:12:58::SCWPlatform::Trying to open the hw design at C:/Users/C27Bradford.Hurt/ece383_wksp/ice1/design_1_wrapper/hw/design_1_wrapper.xsa
TRACE::2026-03-02.09:12:58::SCWPlatform::DSA given C:/Users/C27Bradford.Hurt/ece383_wksp/ice1/design_1_wrapper/hw/design_1_wrapper.xsa
TRACE::2026-03-02.09:12:58::SCWPlatform::DSA absoulate path C:/Users/C27Bradford.Hurt/ece383_wksp/ice1/design_1_wrapper/hw/design_1_wrapper.xsa
TRACE::2026-03-02.09:12:58::SCWPlatform::DSA directory C:/Users/C27Bradford.Hurt/ece383_wksp/ice1/design_1_wrapper/hw
TRACE::2026-03-02.09:12:58::SCWPlatform:: Platform Path C:/Users/C27Bradford.Hurt/ece383_wksp/ice1/design_1_wrapper/hw/design_1_wrapper.xsa
TRACE::2026-03-02.09:12:58::SCWPlatform:: Unique name xilinx:nexys_video::0.0
TRACE::2026-03-02.09:12:58::SCWPlatform::Trying to set the existing hwdb with name design_1_wrapper_2
TRACE::2026-03-02.09:12:58::SCWPlatform::Opened existing hwdb design_1_wrapper_2
TRACE::2026-03-02.09:12:58::SCWPlatform::Found the Hw Db part of the input DSA
TRACE::2026-03-02.09:12:58::SCWPlatform::Trying to open the hw design at C:/Users/C27Bradford.Hurt/ece383_wksp/ice1/design_1_wrapper/hw/design_1_wrapper.xsa
TRACE::2026-03-02.09:12:58::SCWPlatform::DSA given C:/Users/C27Bradford.Hurt/ece383_wksp/ice1/design_1_wrapper/hw/design_1_wrapper.xsa
TRACE::2026-03-02.09:12:58::SCWPlatform::DSA absoulate path C:/Users/C27Bradford.Hurt/ece383_wksp/ice1/design_1_wrapper/hw/design_1_wrapper.xsa
TRACE::2026-03-02.09:12:58::SCWPlatform::DSA directory C:/Users/C27Bradford.Hurt/ece383_wksp/ice1/design_1_wrapper/hw
TRACE::2026-03-02.09:12:58::SCWPlatform:: Platform Path C:/Users/C27Bradford.Hurt/ece383_wksp/ice1/design_1_wrapper/hw/design_1_wrapper.xsa
TRACE::2026-03-02.09:12:58::SCWPlatform:: Unique name xilinx:nexys_video::0.0
TRACE::2026-03-02.09:12:58::SCWPlatform::Trying to set the existing hwdb with name design_1_wrapper_2
TRACE::2026-03-02.09:12:58::SCWPlatform::Opened existing hwdb design_1_wrapper_2
TRACE::2026-03-02.09:12:58::SCWPlatform::Found the Hw Db part of the input DSA
TRACE::2026-03-02.09:12:58::SCWPlatform::Trying to open the hw design at C:/Users/C27Bradford.Hurt/ece383_wksp/ice1/design_1_wrapper/hw/design_1_wrapper.xsa
TRACE::2026-03-02.09:12:58::SCWPlatform::DSA given C:/Users/C27Bradford.Hurt/ece383_wksp/ice1/design_1_wrapper/hw/design_1_wrapper.xsa
TRACE::2026-03-02.09:12:58::SCWPlatform::DSA absoulate path C:/Users/C27Bradford.Hurt/ece383_wksp/ice1/design_1_wrapper/hw/design_1_wrapper.xsa
TRACE::2026-03-02.09:12:58::SCWPlatform::DSA directory C:/Users/C27Bradford.Hurt/ece383_wksp/ice1/design_1_wrapper/hw
TRACE::2026-03-02.09:12:58::SCWPlatform:: Platform Path C:/Users/C27Bradford.Hurt/ece383_wksp/ice1/design_1_wrapper/hw/design_1_wrapper.xsa
TRACE::2026-03-02.09:12:58::SCWPlatform:: Unique name xilinx:nexys_video::0.0
TRACE::2026-03-02.09:12:58::SCWPlatform::Trying to set the existing hwdb with name design_1_wrapper_2
TRACE::2026-03-02.09:12:58::SCWPlatform::Opened existing hwdb design_1_wrapper_2
TRACE::2026-03-02.09:12:58::SCWPlatform::Found the Hw Db part of the input DSA
TRACE::2026-03-02.09:12:58::SCWPlatform::Trying to open the hw design at C:/Users/C27Bradford.Hurt/ece383_wksp/ice1/design_1_wrapper/hw/design_1_wrapper.xsa
TRACE::2026-03-02.09:12:58::SCWPlatform::DSA given C:/Users/C27Bradford.Hurt/ece383_wksp/ice1/design_1_wrapper/hw/design_1_wrapper.xsa
TRACE::2026-03-02.09:12:58::SCWPlatform::DSA absoulate path C:/Users/C27Bradford.Hurt/ece383_wksp/ice1/design_1_wrapper/hw/design_1_wrapper.xsa
TRACE::2026-03-02.09:12:58::SCWPlatform::DSA directory C:/Users/C27Bradford.Hurt/ece383_wksp/ice1/design_1_wrapper/hw
TRACE::2026-03-02.09:12:58::SCWPlatform:: Platform Path C:/Users/C27Bradford.Hurt/ece383_wksp/ice1/design_1_wrapper/hw/design_1_wrapper.xsa
TRACE::2026-03-02.09:12:58::SCWPlatform:: Unique name xilinx:nexys_video::0.0
TRACE::2026-03-02.09:12:58::SCWPlatform::Trying to set the existing hwdb with name design_1_wrapper_2
TRACE::2026-03-02.09:12:58::SCWPlatform::Opened existing hwdb design_1_wrapper_2
TRACE::2026-03-02.09:12:58::SCWPlatform::Found the Hw Db part of the input DSA
TRACE::2026-03-02.09:12:58::SCWMssOS::Checking the sw design at  C:/Users/C27Bradford.Hurt/ece383_wksp/ice1/design_1_wrapper/microblaze_0/standalone_microblaze_0/bsp/system.mss
TRACE::2026-03-02.09:12:58::SCWMssOS::DEBUG:  swdes dump  
TRACE::2026-03-02.09:12:58::SCWMssOS::No sw design opened at  C:/Users/C27Bradford.Hurt/ece383_wksp/ice1/design_1_wrapper/microblaze_0/standalone_microblaze_0/bsp/system.mss
TRACE::2026-03-02.09:12:58::SCWMssOS::mss exists loading the mss file  C:/Users/C27Bradford.Hurt/ece383_wksp/ice1/design_1_wrapper/microblaze_0/standalone_microblaze_0/bsp/system.mss
TRACE::2026-03-02.09:12:58::SCWMssOS::Opened the sw design from mss  C:/Users/C27Bradford.Hurt/ece383_wksp/ice1/design_1_wrapper/microblaze_0/standalone_microblaze_0/bsp/system.mss
TRACE::2026-03-02.09:12:58::SCWMssOS::Adding the swdes entry C:/Users/C27Bradford.Hurt/ece383_wksp/ice1/design_1_wrapper/microblaze_0/standalone_microblaze_0/bsp/system.mss with des name system
TRACE::2026-03-02.09:12:58::SCWMssOS::updating the scw layer about changes
TRACE::2026-03-02.09:12:58::SCWMssOS::Opened the sw design.  C:/Users/C27Bradford.Hurt/ece383_wksp/ice1/design_1_wrapper/microblaze_0/standalone_microblaze_0/bsp/system.mss
TRACE::2026-03-02.09:12:58::SCWMssOS::Saving the mss changes C:/Users/C27Bradford.Hurt/ece383_wksp/ice1/design_1_wrapper/microblaze_0/standalone_microblaze_0/bsp/system.mss
TRACE::2026-03-02.09:12:58::SCWMssOS::Found a swdesign opened with the mssfile.
TRACE::2026-03-02.09:12:58::SCWMssOS::Completed writemss as part of save.
TRACE::2026-03-02.09:12:58::SCWMssOS::Commit changes completed.
TRACE::2026-03-02.09:12:58::SCWReader::Adding prebuilt librarypaths as   
TRACE::2026-03-02.09:12:58::SCWReader::Adding prebuilt incpaths  as   
TRACE::2026-03-02.09:12:58::SCWPlatform::Trying to open the hw design at C:/Users/C27Bradford.Hurt/ece383_wksp/ice1/design_1_wrapper/hw/design_1_wrapper.xsa
TRACE::2026-03-02.09:12:58::SCWPlatform::DSA given C:/Users/C27Bradford.Hurt/ece383_wksp/ice1/design_1_wrapper/hw/design_1_wrapper.xsa
TRACE::2026-03-02.09:12:58::SCWPlatform::DSA absoulate path C:/Users/C27Bradford.Hurt/ece383_wksp/ice1/design_1_wrapper/hw/design_1_wrapper.xsa
TRACE::2026-03-02.09:12:58::SCWPlatform::DSA directory C:/Users/C27Bradford.Hurt/ece383_wksp/ice1/design_1_wrapper/hw
TRACE::2026-03-02.09:12:58::SCWPlatform:: Platform Path C:/Users/C27Bradford.Hurt/ece383_wksp/ice1/design_1_wrapper/hw/design_1_wrapper.xsa
TRACE::2026-03-02.09:12:58::SCWPlatform:: Unique name xilinx:nexys_video::0.0
TRACE::2026-03-02.09:12:58::SCWPlatform::Trying to set the existing hwdb with name design_1_wrapper_2
TRACE::2026-03-02.09:12:58::SCWPlatform::Opened existing hwdb design_1_wrapper_2
TRACE::2026-03-02.09:12:58::SCWPlatform::Found the Hw Db part of the input DSA
TRACE::2026-03-02.09:12:58::SCWMssOS::Checking the sw design at  C:/Users/C27Bradford.Hurt/ece383_wksp/ice1/design_1_wrapper/microblaze_0/standalone_microblaze_0/bsp/system.mss
TRACE::2026-03-02.09:12:58::SCWMssOS::DEBUG:  swdes dump  C:/Users/C27Bradford.Hurt/ece383_wksp/ice1/design_1_wrapper/microblaze_0/standalone_microblaze_0/bsp/system.mss|system||

TRACE::2026-03-02.09:12:58::SCWMssOS::Sw design exists and opened at  C:/Users/C27Bradford.Hurt/ece383_wksp/ice1/design_1_wrapper/microblaze_0/standalone_microblaze_0/bsp/system.mss
TRACE::2026-03-02.09:12:58::SCWReader::No isolation master present  
TRACE::2026-03-02.09:12:59::SCWMssOS::cleaning the bsp 
TRACE::2026-03-02.09:12:59::SCWMssOS::System Command Ran  C: & cd  C:/Users/C27Bradford.Hurt/ece383_wksp/ice1/design_1_wrapper/microblaze_0/standalone_microblaze_0/bsp & make clean 
TRACE::2026-03-02.09:12:59::SCWMssOS::make -C microblaze_0/libsrc/bram_v4_11/src -s clean 

TRACE::2026-03-02.09:12:59::SCWMssOS::make -C microblaze_0/libsrc/cpu_v2_18/src -s clean 

TRACE::2026-03-02.09:12:59::SCWMssOS::make -C microblaze_0/libsrc/standalone_v9_2/src -s clean 

TRACE::2026-03-02.09:13:00::SCWMssOS::make -C microblaze_0/libsrc/uartlite_v3_11/src -s clean 

TRACE::2026-03-02.09:13:00::SCWMssOS::rm -f microblaze_0/lib/libxil.a

LOG::2026-03-02.09:13:04::SCWPlatform::Started generating the artifacts platform design_1_wrapper
TRACE::2026-03-02.09:13:04::SCWPlatform::Sanity checking of platform is completed
LOG::2026-03-02.09:13:04::SCWPlatform::Started generating the artifacts for system configuration design_1_wrapper
LOG::2026-03-02.09:13:04::SCWSystem::Checking the domain standalone_microblaze_0
LOG::2026-03-02.09:13:04::SCWSystem::Not a boot domain 
LOG::2026-03-02.09:13:05::SCWSystem::Started Processing the domain standalone_microblaze_0
TRACE::2026-03-02.09:13:05::SCWDomain::Generating domain artifcats
TRACE::2026-03-02.09:13:05::SCWMssOS::Generating standalone artifcats
TRACE::2026-03-02.09:13:05::SCWMssOS:: Copying the user libraries. 
TRACE::2026-03-02.09:13:05::SCWPlatform::Trying to open the hw design at C:/Users/C27Bradford.Hurt/ece383_wksp/ice1/design_1_wrapper/hw/design_1_wrapper.xsa
TRACE::2026-03-02.09:13:05::SCWPlatform::DSA given C:/Users/C27Bradford.Hurt/ece383_wksp/ice1/design_1_wrapper/hw/design_1_wrapper.xsa
TRACE::2026-03-02.09:13:05::SCWPlatform::DSA absoulate path C:/Users/C27Bradford.Hurt/ece383_wksp/ice1/design_1_wrapper/hw/design_1_wrapper.xsa
TRACE::2026-03-02.09:13:05::SCWPlatform::DSA directory C:/Users/C27Bradford.Hurt/ece383_wksp/ice1/design_1_wrapper/hw
TRACE::2026-03-02.09:13:05::SCWPlatform:: Platform Path C:/Users/C27Bradford.Hurt/ece383_wksp/ice1/design_1_wrapper/hw/design_1_wrapper.xsa
TRACE::2026-03-02.09:13:05::SCWPlatform:: Unique name xilinx:nexys_video::0.0
TRACE::2026-03-02.09:13:05::SCWPlatform::Trying to set the existing hwdb with name design_1_wrapper_2
TRACE::2026-03-02.09:13:05::SCWPlatform::Opened existing hwdb design_1_wrapper_2
TRACE::2026-03-02.09:13:05::SCWPlatform::Found the Hw Db part of the input DSA
TRACE::2026-03-02.09:13:05::SCWMssOS::Checking the sw design at  C:/Users/C27Bradford.Hurt/ece383_wksp/ice1/design_1_wrapper/microblaze_0/standalone_microblaze_0/bsp/system.mss
TRACE::2026-03-02.09:13:05::SCWMssOS::DEBUG:  swdes dump  C:/Users/C27Bradford.Hurt/ece383_wksp/ice1/design_1_wrapper/microblaze_0/standalone_microblaze_0/bsp/system.mss|system||

TRACE::2026-03-02.09:13:05::SCWMssOS::Sw design exists and opened at  C:/Users/C27Bradford.Hurt/ece383_wksp/ice1/design_1_wrapper/microblaze_0/standalone_microblaze_0/bsp/system.mss
TRACE::2026-03-02.09:13:05::SCWMssOS::Completed writing the mss file at C:/Users/C27Bradford.Hurt/ece383_wksp/ice1/design_1_wrapper/microblaze_0/standalone_microblaze_0/bsp
TRACE::2026-03-02.09:13:05::SCWMssOS::Mss edits present, copying mssfile into export location C:/Users/C27Bradford.Hurt/ece383_wksp/ice1/design_1_wrapper/microblaze_0/standalone_microblaze_0/bsp/system.mss
TRACE::2026-03-02.09:13:05::SCWMssOS::bsp generated is upto date with the mss file. Skipping bsp generation.
TRACE::2026-03-02.09:13:05::SCWMssOS::BSP is already built. skipping the bsp build ... 
TRACE::2026-03-02.09:13:05::SCWDomain::Building the domain as part of full build :  standalone_microblaze_0
TRACE::2026-03-02.09:13:05::SCWMssOS::doing bsp build ... 
TRACE::2026-03-02.09:13:05::SCWMssOS::System Command Ran  C: & cd  C:/Users/C27Bradford.Hurt/ece383_wksp/ice1/design_1_wrapper/microblaze_0/standalone_microblaze_0/bsp & make 
TRACE::2026-03-02.09:13:05::SCWMssOS::make --no-print-directory seq_libs

TRACE::2026-03-02.09:13:05::SCWMssOS::'Finished building libraries sequentially.'

TRACE::2026-03-02.09:13:05::SCWMssOS::make -j 14 --no-print-directory par_libs

TRACE::2026-03-02.09:13:05::SCWMssOS::"Running Make include in microblaze_0/libsrc/bram_v4_11/src"

TRACE::2026-03-02.09:13:05::SCWMssOS::make -C microblaze_0/libsrc/bram_v4_11/src -s include  "SHELL=CMD" "COMPILER=mb-gcc" "ASSEMBLER=mb-as" "ARCHIVER=mb-ar" "COMPIL
TRACE::2026-03-02.09:13:05::SCWMssOS::ER_FLAGS=  -O2 -c -mcpu=v11.0 -mlittle-endian -mxl-soft-mul" "EXTRA_COMPILER_FLAGS=-g -ffunction-sections -fdata-sections -Wall
TRACE::2026-03-02.09:13:05::SCWMssOS:: -Wextra -fno-tree-loop-distribute-patterns"

TRACE::2026-03-02.09:13:05::SCWMssOS::"Running Make include in microblaze_0/libsrc/cpu_v2_18/src"

TRACE::2026-03-02.09:13:05::SCWMssOS::make -C microblaze_0/libsrc/cpu_v2_18/src -s include  "SHELL=CMD" "COMPILER=mb-gcc" "ASSEMBLER=mb-as" "ARCHIVER=mb-ar" "COMPILE
TRACE::2026-03-02.09:13:05::SCWMssOS::R_FLAGS=  -O2 -c -mcpu=v11.0 -mlittle-endian -mxl-soft-mul" "EXTRA_COMPILER_FLAGS=-g -ffunction-sections -fdata-sections -Wall 
TRACE::2026-03-02.09:13:05::SCWMssOS::-Wextra -fno-tree-loop-distribute-patterns"

TRACE::2026-03-02.09:13:05::SCWMssOS::"Running Make include in microblaze_0/libsrc/standalone_v9_2/src"

TRACE::2026-03-02.09:13:05::SCWMssOS::make -C microblaze_0/libsrc/standalone_v9_2/src -s include  "SHELL=CMD" "COMPILER=mb-gcc" "ASSEMBLER=mb-as" "ARCHIVER=mb-ar" "C
TRACE::2026-03-02.09:13:05::SCWMssOS::OMPILER_FLAGS=  -O2 -c -mcpu=v11.0 -mlittle-endian -mxl-soft-mul" "EXTRA_COMPILER_FLAGS=-g -ffunction-sections -fdata-sections 
TRACE::2026-03-02.09:13:05::SCWMssOS::-Wall -Wextra -fno-tree-loop-distribute-patterns"

TRACE::2026-03-02.09:13:05::SCWMssOS::"Running Make include in microblaze_0/libsrc/uartlite_v3_11/src"

TRACE::2026-03-02.09:13:05::SCWMssOS::make -C microblaze_0/libsrc/uartlite_v3_11/src -s include  "SHELL=CMD" "COMPILER=mb-gcc" "ASSEMBLER=mb-as" "ARCHIVER=mb-ar" "CO
TRACE::2026-03-02.09:13:05::SCWMssOS::MPILER_FLAGS=  -O2 -c -mcpu=v11.0 -mlittle-endian -mxl-soft-mul" "EXTRA_COMPILER_FLAGS=-g -ffunction-sections -fdata-sections -
TRACE::2026-03-02.09:13:05::SCWMssOS::Wall -Wextra -fno-tree-loop-distribute-patterns"

TRACE::2026-03-02.09:13:05::SCWMssOS::"Running Make libs in microblaze_0/libsrc/bram_v4_11/src"

TRACE::2026-03-02.09:13:05::SCWMssOS::make -C microblaze_0/libsrc/bram_v4_11/src -s libs  "SHELL=CMD" "COMPILER=mb-gcc" "ASSEMBLER=mb-as" "ARCHIVER=mb-ar" "COMPILER_
TRACE::2026-03-02.09:13:05::SCWMssOS::FLAGS=  -O2 -c -mcpu=v11.0 -mlittle-endian -mxl-soft-mul" "EXTRA_COMPILER_FLAGS=-g -ffunction-sections -fdata-sections -Wall -W
TRACE::2026-03-02.09:13:05::SCWMssOS::extra -fno-tree-loop-distribute-patterns"

TRACE::2026-03-02.09:13:05::SCWMssOS::"Running Make libs in microblaze_0/libsrc/cpu_v2_18/src"

TRACE::2026-03-02.09:13:05::SCWMssOS::make -C microblaze_0/libsrc/cpu_v2_18/src -s libs  "SHELL=CMD" "COMPILER=mb-gcc" "ASSEMBLER=mb-as" "ARCHIVER=mb-ar" "COMPILER_F
TRACE::2026-03-02.09:13:05::SCWMssOS::LAGS=  -O2 -c -mcpu=v11.0 -mlittle-endian -mxl-soft-mul" "EXTRA_COMPILER_FLAGS=-g -ffunction-sections -fdata-sections -Wall -We
TRACE::2026-03-02.09:13:05::SCWMssOS::xtra -fno-tree-loop-distribute-patterns"

TRACE::2026-03-02.09:13:05::SCWMssOS::"Running Make libs in microblaze_0/libsrc/standalone_v9_2/src"

TRACE::2026-03-02.09:13:05::SCWMssOS::make -C microblaze_0/libsrc/standalone_v9_2/src -s libs  "SHELL=CMD" "COMPILER=mb-gcc" "ASSEMBLER=mb-as" "ARCHIVER=mb-ar" "COMP
TRACE::2026-03-02.09:13:05::SCWMssOS::ILER_FLAGS=  -O2 -c -mcpu=v11.0 -mlittle-endian -mxl-soft-mul" "EXTRA_COMPILER_FLAGS=-g -ffunction-sections -fdata-sections -Wa
TRACE::2026-03-02.09:13:05::SCWMssOS::ll -Wextra -fno-tree-loop-distribute-patterns"

TRACE::2026-03-02.09:13:06::SCWMssOS::"Running Make libs in microblaze_0/libsrc/uartlite_v3_11/src"

TRACE::2026-03-02.09:13:06::SCWMssOS::make -C microblaze_0/libsrc/uartlite_v3_11/src -s libs  "SHELL=CMD" "COMPILER=mb-gcc" "ASSEMBLER=mb-as" "ARCHIVER=mb-ar" "COMPI
TRACE::2026-03-02.09:13:06::SCWMssOS::LER_FLAGS=  -O2 -c -mcpu=v11.0 -mlittle-endian -mxl-soft-mul" "EXTRA_COMPILER_FLAGS=-g -ffunction-sections -fdata-sections -Wal
TRACE::2026-03-02.09:13:06::SCWMssOS::l -Wextra -fno-tree-loop-distribute-patterns"

TRACE::2026-03-02.09:13:08::SCWMssOS::"DEBUG NON_LTO_OBJECTS is ../../../lib/microblaze_interrupt_handler.o"

TRACE::2026-03-02.09:13:08::SCWMssOS::'Finished building libraries parallelly.'

TRACE::2026-03-02.09:13:08::SCWMssOS::make --no-print-directory archive

TRACE::2026-03-02.09:13:08::SCWMssOS::mb-ar -r  microblaze_0/lib/libxil.a microblaze_0/lib/_exit.o microblaze_0/lib/errno.o microblaze_0/lib/fcntl.o microblaze_0/lib
TRACE::2026-03-02.09:13:08::SCWMssOS::/hw_exception_handler.o microblaze_0/lib/inbyte.o microblaze_0/lib/microblaze_disable_dcache.o microblaze_0/lib/microblaze_disa
TRACE::2026-03-02.09:13:08::SCWMssOS::ble_exceptions.o microblaze_0/lib/microblaze_disable_icache.o microblaze_0/lib/microblaze_disable_interrupts.o microblaze_0/lib
TRACE::2026-03-02.09:13:08::SCWMssOS::/microblaze_enable_dcache.o microblaze_0/lib/microblaze_enable_exceptions.o microblaze_0/lib/microblaze_enable_icache.o microbl
TRACE::2026-03-02.09:13:08::SCWMssOS::aze_0/lib/microblaze_enable_interrupts.o microblaze_0/lib/microblaze_exception_handler.o microblaze_0/lib/microblaze_flush_cach
TRACE::2026-03-02.09:13:08::SCWMssOS::e_ext.o microblaze_0/lib/microblaze_flush_cache_ext_range.o microblaze_0/lib/microblaze_flush_dcache.o microblaze_0/lib/microbl
TRACE::2026-03-02.09:13:08::SCWMssOS::aze_flush_dcache_range.o microblaze_0/lib/microblaze_init_dcache_range.o microblaze_0/lib/microblaze_init_icache_range.o microb
TRACE::2026-03-02.09:13:08::SCWMssOS::laze_0/lib/microblaze_interrupt_handler.o microblaze_0/lib/microblaze_interrupts_g.o microblaze_0/lib/microblaze_invalidate_cac
TRACE::2026-03-02.09:13:08::SCWMssOS::he_ext.o microblaze_0/lib/microblaze_invalidate_cache_ext_range.o microblaze_0/lib/microblaze_invalidate_dcache.o microblaze_0/
TRACE::2026-03-02.09:13:08::SCWMssOS::lib/microblaze_invalidate_dcache_range.o microblaze_0/lib/microblaze_invalidate_icache.o microblaze_0/lib/microblaze_invalidate
TRACE::2026-03-02.09:13:08::SCWMssOS::_icache_range.o microblaze_0/lib/microblaze_scrub.o microblaze_0/lib/microblaze_selftest.o microblaze_0/lib/microblaze_sleep.o 
TRACE::2026-03-02.09:13:08::SCWMssOS::microblaze_0/lib/microblaze_update_dcache.o microblaze_0/lib/microblaze_update_icache.o microblaze_0/lib/outbyte.o microblaze_0
TRACE::2026-03-02.09:13:08::SCWMssOS::/lib/print.o microblaze_0/lib/pvr.o microblaze_0/lib/xbram.o microblaze_0/lib/xbram_g.o microblaze_0/lib/xbram_intr.o microblaz
TRACE::2026-03-02.09:13:08::SCWMssOS::e_0/lib/xbram_selftest.o microblaze_0/lib/xbram_sinit.o microblaze_0/lib/xil_assert.o microblaze_0/lib/xil_cache.o microblaze_0
TRACE::2026-03-02.09:13:08::SCWMssOS::/lib/xil_clocking.o microblaze_0/lib/xil_exception.o microblaze_0/lib/xil_mem.o microblaze_0/lib/xil_misc_psreset_api.o microbl
TRACE::2026-03-02.09:13:08::SCWMssOS::aze_0/lib/xil_printf.o microblaze_0/lib/xil_sleepcommon.o microblaze_0/lib/xil_sutil.o microblaze_0/lib/xil_testcache.o microbl
TRACE::2026-03-02.09:13:08::SCWMssOS::aze_0/lib/xil_testio.o microblaze_0/lib/xil_testmem.o microblaze_0/lib/xil_util.o microblaze_0/lib/xinterrupt_wrap.o microblaze
TRACE::2026-03-02.09:13:08::SCWMssOS::_0/lib/xio.o microblaze_0/lib/xplatform_info.o microblaze_0/lib/xpm_init.o microblaze_0/lib/xuartlite.o microblaze_0/lib/xuartl
TRACE::2026-03-02.09:13:08::SCWMssOS::ite_g.o microblaze_0/lib/xuartlite_intr.o microblaze_0/lib/xuartlite_l.o microblaze_0/lib/xuartlite_selftest.o microblaze_0/lib
TRACE::2026-03-02.09:13:08::SCWMssOS::/xuartlite_sinit.o microblaze_0/lib/xuartlite_stats.o

TRACE::2026-03-02.09:13:08::SCWMssOS::'Finished building libraries'

TRACE::2026-03-02.09:13:09::SCWMssOS::Copying to export directory.
TRACE::2026-03-02.09:13:09::SCWMssOS:: Checking if to create the Supporting Applications
TRACE::2026-03-02.09:13:09::SCWMssOS:: No Linux domain exists, trying to generate FSBL 
LOG::2026-03-02.09:13:09::SCWSystem::Completed Processing the domain standalone_microblaze_0
LOG::2026-03-02.09:13:09::SCWSystem::Completed Processing the sysconfig design_1_wrapper
LOG::2026-03-02.09:13:09::SCWPlatform::Completed generating the artifacts for system configuration design_1_wrapper
TRACE::2026-03-02.09:13:09::SCWPlatform::Started preparing the platform 
TRACE::2026-03-02.09:13:09::SCWSystem::Writing the bif file for system config design_1_wrapper
TRACE::2026-03-02.09:13:09::SCWSystem::dir created 
TRACE::2026-03-02.09:13:09::SCWSystem::Writing the bif 
TRACE::2026-03-02.09:13:09::SCWPlatform::Started writing the spfm file 
TRACE::2026-03-02.09:13:10::SCWPlatform::Started writing the xpfm file 
TRACE::2026-03-02.09:13:10::SCWPlatform::Completed generating the platform
TRACE::2026-03-02.09:13:10::SCWMssOS::Saving the mss changes C:/Users/C27Bradford.Hurt/ece383_wksp/ice1/design_1_wrapper/microblaze_0/standalone_microblaze_0/bsp/system.mss
TRACE::2026-03-02.09:13:10::SCWMssOS::Found a swdesign opened with the mssfile.
TRACE::2026-03-02.09:13:10::SCWMssOS::Completed writemss as part of save.
TRACE::2026-03-02.09:13:10::SCWMssOS::Commit changes completed.
TRACE::2026-03-02.09:13:10::SCWPlatform::Trying to open the hw design at C:/Users/C27Bradford.Hurt/ece383_wksp/ice1/design_1_wrapper/hw/design_1_wrapper.xsa
TRACE::2026-03-02.09:13:10::SCWPlatform::DSA given C:/Users/C27Bradford.Hurt/ece383_wksp/ice1/design_1_wrapper/hw/design_1_wrapper.xsa
TRACE::2026-03-02.09:13:10::SCWPlatform::DSA absoulate path C:/Users/C27Bradford.Hurt/ece383_wksp/ice1/design_1_wrapper/hw/design_1_wrapper.xsa
TRACE::2026-03-02.09:13:10::SCWPlatform::DSA directory C:/Users/C27Bradford.Hurt/ece383_wksp/ice1/design_1_wrapper/hw
TRACE::2026-03-02.09:13:10::SCWPlatform:: Platform Path C:/Users/C27Bradford.Hurt/ece383_wksp/ice1/design_1_wrapper/hw/design_1_wrapper.xsa
TRACE::2026-03-02.09:13:10::SCWPlatform:: Unique name xilinx:nexys_video::0.0
TRACE::2026-03-02.09:13:10::SCWPlatform::Trying to set the existing hwdb with name design_1_wrapper_2
TRACE::2026-03-02.09:13:10::SCWPlatform::Opened existing hwdb design_1_wrapper_2
TRACE::2026-03-02.09:13:10::SCWPlatform::Found the Hw Db part of the input DSA
TRACE::2026-03-02.09:13:10::SCWMssOS::Checking the sw design at  C:/Users/C27Bradford.Hurt/ece383_wksp/ice1/design_1_wrapper/microblaze_0/standalone_microblaze_0/bsp/system.mss
TRACE::2026-03-02.09:13:10::SCWMssOS::DEBUG:  swdes dump  C:/Users/C27Bradford.Hurt/ece383_wksp/ice1/design_1_wrapper/microblaze_0/standalone_microblaze_0/bsp/system.mss|system||

TRACE::2026-03-02.09:13:10::SCWMssOS::Sw design exists and opened at  C:/Users/C27Bradford.Hurt/ece383_wksp/ice1/design_1_wrapper/microblaze_0/standalone_microblaze_0/bsp/system.mss
TRACE::2026-03-02.09:13:10::SCWWriter::formatted JSON is {
	"platformName":	"design_1_wrapper",
	"sprVersion":	"2.0",
	"mode":	"gui",
	"dsaType":	"Fixed",
	"platformDesc":	"design_1_wrapper",
	"platHandOff":	"<platformDir>.xsa",
	"platIntHandOff":	"<platformDir>/hw/design_1_wrapper.xsa",
	"deviceType":	"FPGA",
	"platIsPrebuiltAutogen":	"false",
	"platIsNoBootBsp":	"false",
	"hasFsblMakeHasChanges":	"false",
	"hasPmufwMakeHasChanges":	"false",
	"platPreBuiltFlag":	false,
	"platformSamplesDir":	"",
	"platActiveSys":	"design_1_wrapper",
	"systems":	[{
			"systemName":	"design_1_wrapper",
			"systemDesc":	"design_1_wrapper",
			"sysIsBootAutoGen":	"true",
			"systemDispName":	"design_1_wrapper",
			"sysActiveDom":	"standalone_microblaze_0",
			"sysDefaultDom":	"standalone_microblaze_0",
			"domains":	[{
					"domainName":	"standalone_microblaze_0",
					"domainDispName":	"standalone_microblaze_0",
					"domainDesc":	"standalone_microblaze_0",
					"processors":	"microblaze_0",
					"os":	"standalone",
					"sdxOs":	"standalone",
					"debugEnable":	"False",
					"domRuntimes":	["cpp"],
					"swRepo":	"",
					"mssOsVer":	"9.2",
					"mssFile":	"",
					"md5Digest":	"27f266669af8a91a539307f7b404e8b4",
					"compatibleApp":	"",
					"domType":	"mssDomain",
					"arch":	"32-bit",
					"appSettings":	{
						"appCompilerFlags":	"",
						"appLinkerFlags":	""
					},
					"addedLibs":	[],
					"libOptions":	{
						"libsContainingOptions":	[]
					},
					"prebuiltLibs":	{
						"prebuiltIncPath":	[],
						"prebuiltLibPath":	[]
					},
					"isolation":	{
					}
				}]
		}]
}
KEYINFO::2026-03-02.09:13:10::SCWPlatform::updated the xpfm file.
TRACE::2026-03-02.09:13:10::SCWPlatform::Trying to open the hw design at C:/Users/C27Bradford.Hurt/ece383_wksp/ice1/design_1_wrapper/hw/design_1_wrapper.xsa
TRACE::2026-03-02.09:13:10::SCWPlatform::DSA given C:/Users/C27Bradford.Hurt/ece383_wksp/ice1/design_1_wrapper/hw/design_1_wrapper.xsa
TRACE::2026-03-02.09:13:10::SCWPlatform::DSA absoulate path C:/Users/C27Bradford.Hurt/ece383_wksp/ice1/design_1_wrapper/hw/design_1_wrapper.xsa
TRACE::2026-03-02.09:13:10::SCWPlatform::DSA directory C:/Users/C27Bradford.Hurt/ece383_wksp/ice1/design_1_wrapper/hw
TRACE::2026-03-02.09:13:10::SCWPlatform:: Platform Path C:/Users/C27Bradford.Hurt/ece383_wksp/ice1/design_1_wrapper/hw/design_1_wrapper.xsa
TRACE::2026-03-02.09:13:10::SCWPlatform:: Unique name xilinx:nexys_video::0.0
TRACE::2026-03-02.09:13:10::SCWPlatform::Trying to set the existing hwdb with name design_1_wrapper_2
TRACE::2026-03-02.09:13:10::SCWPlatform::Opened existing hwdb design_1_wrapper_2
TRACE::2026-03-02.09:13:10::SCWPlatform::Found the Hw Db part of the input DSA
TRACE::2026-03-02.09:13:10::SCWMssOS::Checking the sw design at  C:/Users/C27Bradford.Hurt/ece383_wksp/ice1/design_1_wrapper/microblaze_0/standalone_microblaze_0/bsp/system.mss
TRACE::2026-03-02.09:13:10::SCWMssOS::DEBUG:  swdes dump  C:/Users/C27Bradford.Hurt/ece383_wksp/ice1/design_1_wrapper/microblaze_0/standalone_microblaze_0/bsp/system.mss|system||

TRACE::2026-03-02.09:13:10::SCWMssOS::Sw design exists and opened at  C:/Users/C27Bradford.Hurt/ece383_wksp/ice1/design_1_wrapper/microblaze_0/standalone_microblaze_0/bsp/system.mss
TRACE::2026-03-02.09:14:04::SCWPlatform::Clearing the existing platform
TRACE::2026-03-02.09:14:04::SCWSystem::Clearing the existing sysconfig
TRACE::2026-03-02.09:14:04::SCWMssOS::Removing the swdes entry for  C:/Users/C27Bradford.Hurt/ece383_wksp/ice1/design_1_wrapper/microblaze_0/standalone_microblaze_0/bsp/system.mss
TRACE::2026-03-02.09:14:04::SCWSystem::Clearing the domains completed.
TRACE::2026-03-02.09:14:04::SCWPlatform::Clearing the opened hw db.
TRACE::2026-03-02.09:14:04::SCWPlatform::DSA given C:/Users/C27Bradford.Hurt/ece383_wksp/ice1/design_1_wrapper/hw/design_1_wrapper.xsa
TRACE::2026-03-02.09:14:04::SCWPlatform::DSA absoulate path C:/Users/C27Bradford.Hurt/ece383_wksp/ice1/design_1_wrapper/hw/design_1_wrapper.xsa
TRACE::2026-03-02.09:14:04::SCWPlatform:: Platform location is C:/Users/C27Bradford.Hurt/ece383_wksp/ice1/design_1_wrapper/hw
TRACE::2026-03-02.09:14:04::SCWPlatform:: Platform Path C:/Users/C27Bradford.Hurt/ece383_wksp/ice1/design_1_wrapper/hw/design_1_wrapper.xsa
TRACE::2026-03-02.09:14:04::SCWPlatform:: Unique name xilinx:nexys_video::0.0
TRACE::2026-03-02.09:14:04::SCWPlatform::Removing the HwDB with name C:/Users/C27Bradford.Hurt/ece383_wksp/ice1/design_1_wrapper/hw/design_1_wrapper.xsa
TRACE::2026-03-02.09:14:04::SCWPlatform::Trying to open the hw design at C:/Users/C27Bradford.Hurt/ece383_wksp/ice1/design_1_wrapper/hw/design_1_wrapper.xsa
TRACE::2026-03-02.09:14:04::SCWPlatform::DSA given C:/Users/C27Bradford.Hurt/ece383_wksp/ice1/design_1_wrapper/hw/design_1_wrapper.xsa
TRACE::2026-03-02.09:14:04::SCWPlatform::DSA absoulate path C:/Users/C27Bradford.Hurt/ece383_wksp/ice1/design_1_wrapper/hw/design_1_wrapper.xsa
TRACE::2026-03-02.09:14:04::SCWPlatform::DSA directory C:/Users/C27Bradford.Hurt/ece383_wksp/ice1/design_1_wrapper/hw
TRACE::2026-03-02.09:14:04::SCWPlatform:: Platform Path C:/Users/C27Bradford.Hurt/ece383_wksp/ice1/design_1_wrapper/hw/design_1_wrapper.xsa
TRACE::2026-03-02.09:14:04::SCWPlatform:: Unique name xilinx:nexys_video::0.0
TRACE::2026-03-02.09:14:04::SCWPlatform::Do not have an existing db opened. 
TRACE::2026-03-02.09:14:04::SCWPlatform::Opened new HwDB with name design_1_wrapper_4
TRACE::2026-03-02.09:14:04::SCWReader::Active system found as  design_1_wrapper
TRACE::2026-03-02.09:14:04::SCWReader::Handling sysconfig design_1_wrapper
TRACE::2026-03-02.09:14:04::SCWDomain::checking for install qemu data   : 
TRACE::2026-03-02.09:14:04::SCWPlatform::Trying to open the hw design at C:/Users/C27Bradford.Hurt/ece383_wksp/ice1/design_1_wrapper/hw/design_1_wrapper.xsa
TRACE::2026-03-02.09:14:04::SCWPlatform::DSA given C:/Users/C27Bradford.Hurt/ece383_wksp/ice1/design_1_wrapper/hw/design_1_wrapper.xsa
TRACE::2026-03-02.09:14:04::SCWPlatform::DSA absoulate path C:/Users/C27Bradford.Hurt/ece383_wksp/ice1/design_1_wrapper/hw/design_1_wrapper.xsa
TRACE::2026-03-02.09:14:04::SCWPlatform::DSA directory C:/Users/C27Bradford.Hurt/ece383_wksp/ice1/design_1_wrapper/hw
TRACE::2026-03-02.09:14:04::SCWPlatform:: Platform Path C:/Users/C27Bradford.Hurt/ece383_wksp/ice1/design_1_wrapper/hw/design_1_wrapper.xsa
TRACE::2026-03-02.09:14:04::SCWPlatform:: Unique name xilinx:nexys_video::0.0
TRACE::2026-03-02.09:14:04::SCWPlatform::Trying to set the existing hwdb with name design_1_wrapper_4
TRACE::2026-03-02.09:14:04::SCWPlatform::Opened existing hwdb design_1_wrapper_4
TRACE::2026-03-02.09:14:04::SCWPlatform::Found the Hw Db part of the input DSA
TRACE::2026-03-02.09:14:04::SCWPlatform::Trying to open the hw design at C:/Users/C27Bradford.Hurt/ece383_wksp/ice1/design_1_wrapper/hw/design_1_wrapper.xsa
TRACE::2026-03-02.09:14:04::SCWPlatform::DSA given C:/Users/C27Bradford.Hurt/ece383_wksp/ice1/design_1_wrapper/hw/design_1_wrapper.xsa
TRACE::2026-03-02.09:14:04::SCWPlatform::DSA absoulate path C:/Users/C27Bradford.Hurt/ece383_wksp/ice1/design_1_wrapper/hw/design_1_wrapper.xsa
TRACE::2026-03-02.09:14:04::SCWPlatform::DSA directory C:/Users/C27Bradford.Hurt/ece383_wksp/ice1/design_1_wrapper/hw
TRACE::2026-03-02.09:14:04::SCWPlatform:: Platform Path C:/Users/C27Bradford.Hurt/ece383_wksp/ice1/design_1_wrapper/hw/design_1_wrapper.xsa
TRACE::2026-03-02.09:14:04::SCWPlatform:: Unique name xilinx:nexys_video::0.0
TRACE::2026-03-02.09:14:04::SCWPlatform::Trying to set the existing hwdb with name design_1_wrapper_4
TRACE::2026-03-02.09:14:04::SCWPlatform::Opened existing hwdb design_1_wrapper_4
TRACE::2026-03-02.09:14:04::SCWPlatform::Found the Hw Db part of the input DSA
TRACE::2026-03-02.09:14:04::SCWPlatform::Trying to open the hw design at C:/Users/C27Bradford.Hurt/ece383_wksp/ice1/design_1_wrapper/hw/design_1_wrapper.xsa
TRACE::2026-03-02.09:14:04::SCWPlatform::DSA given C:/Users/C27Bradford.Hurt/ece383_wksp/ice1/design_1_wrapper/hw/design_1_wrapper.xsa
TRACE::2026-03-02.09:14:04::SCWPlatform::DSA absoulate path C:/Users/C27Bradford.Hurt/ece383_wksp/ice1/design_1_wrapper/hw/design_1_wrapper.xsa
TRACE::2026-03-02.09:14:04::SCWPlatform::DSA directory C:/Users/C27Bradford.Hurt/ece383_wksp/ice1/design_1_wrapper/hw
TRACE::2026-03-02.09:14:04::SCWPlatform:: Platform Path C:/Users/C27Bradford.Hurt/ece383_wksp/ice1/design_1_wrapper/hw/design_1_wrapper.xsa
TRACE::2026-03-02.09:14:04::SCWPlatform:: Unique name xilinx:nexys_video::0.0
TRACE::2026-03-02.09:14:04::SCWPlatform::Trying to set the existing hwdb with name design_1_wrapper_4
TRACE::2026-03-02.09:14:04::SCWPlatform::Opened existing hwdb design_1_wrapper_4
TRACE::2026-03-02.09:14:04::SCWPlatform::Found the Hw Db part of the input DSA
TRACE::2026-03-02.09:14:04::SCWPlatform::Trying to open the hw design at C:/Users/C27Bradford.Hurt/ece383_wksp/ice1/design_1_wrapper/hw/design_1_wrapper.xsa
TRACE::2026-03-02.09:14:04::SCWPlatform::DSA given C:/Users/C27Bradford.Hurt/ece383_wksp/ice1/design_1_wrapper/hw/design_1_wrapper.xsa
TRACE::2026-03-02.09:14:04::SCWPlatform::DSA absoulate path C:/Users/C27Bradford.Hurt/ece383_wksp/ice1/design_1_wrapper/hw/design_1_wrapper.xsa
TRACE::2026-03-02.09:14:04::SCWPlatform::DSA directory C:/Users/C27Bradford.Hurt/ece383_wksp/ice1/design_1_wrapper/hw
TRACE::2026-03-02.09:14:04::SCWPlatform:: Platform Path C:/Users/C27Bradford.Hurt/ece383_wksp/ice1/design_1_wrapper/hw/design_1_wrapper.xsa
TRACE::2026-03-02.09:14:04::SCWPlatform:: Unique name xilinx:nexys_video::0.0
TRACE::2026-03-02.09:14:04::SCWPlatform::Trying to set the existing hwdb with name design_1_wrapper_4
TRACE::2026-03-02.09:14:04::SCWPlatform::Opened existing hwdb design_1_wrapper_4
TRACE::2026-03-02.09:14:04::SCWPlatform::Found the Hw Db part of the input DSA
TRACE::2026-03-02.09:14:04::SCWMssOS::Checking the sw design at  C:/Users/C27Bradford.Hurt/ece383_wksp/ice1/design_1_wrapper/microblaze_0/standalone_microblaze_0/bsp/system.mss
TRACE::2026-03-02.09:14:04::SCWMssOS::DEBUG:  swdes dump  
TRACE::2026-03-02.09:14:04::SCWMssOS::No sw design opened at  C:/Users/C27Bradford.Hurt/ece383_wksp/ice1/design_1_wrapper/microblaze_0/standalone_microblaze_0/bsp/system.mss
TRACE::2026-03-02.09:14:04::SCWMssOS::mss exists loading the mss file  C:/Users/C27Bradford.Hurt/ece383_wksp/ice1/design_1_wrapper/microblaze_0/standalone_microblaze_0/bsp/system.mss
TRACE::2026-03-02.09:14:04::SCWMssOS::Opened the sw design from mss  C:/Users/C27Bradford.Hurt/ece383_wksp/ice1/design_1_wrapper/microblaze_0/standalone_microblaze_0/bsp/system.mss
TRACE::2026-03-02.09:14:04::SCWMssOS::Adding the swdes entry C:/Users/C27Bradford.Hurt/ece383_wksp/ice1/design_1_wrapper/microblaze_0/standalone_microblaze_0/bsp/system.mss with des name system
TRACE::2026-03-02.09:14:04::SCWMssOS::updating the scw layer about changes
TRACE::2026-03-02.09:14:04::SCWMssOS::Opened the sw design.  C:/Users/C27Bradford.Hurt/ece383_wksp/ice1/design_1_wrapper/microblaze_0/standalone_microblaze_0/bsp/system.mss
TRACE::2026-03-02.09:14:04::SCWMssOS::Saving the mss changes C:/Users/C27Bradford.Hurt/ece383_wksp/ice1/design_1_wrapper/microblaze_0/standalone_microblaze_0/bsp/system.mss
TRACE::2026-03-02.09:14:04::SCWMssOS::Found a swdesign opened with the mssfile.
TRACE::2026-03-02.09:14:04::SCWMssOS::Completed writemss as part of save.
TRACE::2026-03-02.09:14:04::SCWMssOS::Commit changes completed.
TRACE::2026-03-02.09:14:04::SCWReader::Adding prebuilt librarypaths as   
TRACE::2026-03-02.09:14:04::SCWReader::Adding prebuilt incpaths  as   
TRACE::2026-03-02.09:14:04::SCWPlatform::Trying to open the hw design at C:/Users/C27Bradford.Hurt/ece383_wksp/ice1/design_1_wrapper/hw/design_1_wrapper.xsa
TRACE::2026-03-02.09:14:04::SCWPlatform::DSA given C:/Users/C27Bradford.Hurt/ece383_wksp/ice1/design_1_wrapper/hw/design_1_wrapper.xsa
TRACE::2026-03-02.09:14:04::SCWPlatform::DSA absoulate path C:/Users/C27Bradford.Hurt/ece383_wksp/ice1/design_1_wrapper/hw/design_1_wrapper.xsa
TRACE::2026-03-02.09:14:04::SCWPlatform::DSA directory C:/Users/C27Bradford.Hurt/ece383_wksp/ice1/design_1_wrapper/hw
TRACE::2026-03-02.09:14:04::SCWPlatform:: Platform Path C:/Users/C27Bradford.Hurt/ece383_wksp/ice1/design_1_wrapper/hw/design_1_wrapper.xsa
TRACE::2026-03-02.09:14:04::SCWPlatform:: Unique name xilinx:nexys_video::0.0
TRACE::2026-03-02.09:14:04::SCWPlatform::Trying to set the existing hwdb with name design_1_wrapper_4
TRACE::2026-03-02.09:14:04::SCWPlatform::Opened existing hwdb design_1_wrapper_4
TRACE::2026-03-02.09:14:04::SCWPlatform::Found the Hw Db part of the input DSA
TRACE::2026-03-02.09:14:04::SCWMssOS::Checking the sw design at  C:/Users/C27Bradford.Hurt/ece383_wksp/ice1/design_1_wrapper/microblaze_0/standalone_microblaze_0/bsp/system.mss
TRACE::2026-03-02.09:14:04::SCWMssOS::DEBUG:  swdes dump  C:/Users/C27Bradford.Hurt/ece383_wksp/ice1/design_1_wrapper/microblaze_0/standalone_microblaze_0/bsp/system.mss|system||

TRACE::2026-03-02.09:14:04::SCWMssOS::Sw design exists and opened at  C:/Users/C27Bradford.Hurt/ece383_wksp/ice1/design_1_wrapper/microblaze_0/standalone_microblaze_0/bsp/system.mss
TRACE::2026-03-02.09:14:04::SCWReader::No isolation master present  
TRACE::2026-03-02.09:15:21::SCWPlatform::Clearing the existing platform
TRACE::2026-03-02.09:15:21::SCWSystem::Clearing the existing sysconfig
TRACE::2026-03-02.09:15:21::SCWMssOS::Removing the swdes entry for  C:/Users/C27Bradford.Hurt/ece383_wksp/ice1/design_1_wrapper/microblaze_0/standalone_microblaze_0/bsp/system.mss
TRACE::2026-03-02.09:15:21::SCWSystem::Clearing the domains completed.
TRACE::2026-03-02.09:15:21::SCWPlatform::Clearing the opened hw db.
TRACE::2026-03-02.09:15:21::SCWPlatform::DSA given C:/Users/C27Bradford.Hurt/ece383_wksp/ice1/design_1_wrapper/hw/design_1_wrapper.xsa
TRACE::2026-03-02.09:15:21::SCWPlatform::DSA absoulate path C:/Users/C27Bradford.Hurt/ece383_wksp/ice1/design_1_wrapper/hw/design_1_wrapper.xsa
TRACE::2026-03-02.09:15:21::SCWPlatform:: Platform location is C:/Users/C27Bradford.Hurt/ece383_wksp/ice1/design_1_wrapper/hw
TRACE::2026-03-02.09:15:21::SCWPlatform:: Platform Path C:/Users/C27Bradford.Hurt/ece383_wksp/ice1/design_1_wrapper/hw/design_1_wrapper.xsa
TRACE::2026-03-02.09:15:21::SCWPlatform:: Unique name xilinx:nexys_video::0.0
TRACE::2026-03-02.09:15:21::SCWPlatform::Removing the HwDB with name C:/Users/C27Bradford.Hurt/ece383_wksp/ice1/design_1_wrapper/hw/design_1_wrapper.xsa
TRACE::2026-03-02.09:15:51::SCWPlatform::Trying to open the hw design at C:/Users/C27Bradford.Hurt/ece383_wksp/ice1/design_1_wrapper/hw/design_1_wrapper.xsa
TRACE::2026-03-02.09:15:51::SCWPlatform::DSA given C:/Users/C27Bradford.Hurt/ece383_wksp/ice1/design_1_wrapper/hw/design_1_wrapper.xsa
TRACE::2026-03-02.09:15:51::SCWPlatform::DSA absoulate path C:/Users/C27Bradford.Hurt/ece383_wksp/ice1/design_1_wrapper/hw/design_1_wrapper.xsa
TRACE::2026-03-02.09:15:51::SCWPlatform::DSA directory C:/Users/C27Bradford.Hurt/ece383_wksp/ice1/design_1_wrapper/hw
TRACE::2026-03-02.09:15:51::SCWPlatform:: Platform Path C:/Users/C27Bradford.Hurt/ece383_wksp/ice1/design_1_wrapper/hw/design_1_wrapper.xsa
TRACE::2026-03-02.09:15:51::SCWPlatform:: Unique name xilinx:nexys_video::0.0
TRACE::2026-03-02.09:15:51::SCWPlatform::Do not have an existing db opened. 
TRACE::2026-03-02.09:15:52::SCWPlatform::Opened new HwDB with name design_1_wrapper_6
TRACE::2026-03-02.09:15:52::SCWWriter::formatted JSON is {
	"platformName":	"design_1_wrapper",
	"sprVersion":	"2.0",
	"mode":	"gui",
	"dsaType":	"Fixed",
	"platformDesc":	"design_1_wrapper",
	"platHandOff":	"<platformDir>.xsa",
	"platIntHandOff":	"<platformDir>/hw/design_1_wrapper.xsa",
	"deviceType":	"FPGA",
	"platIsPrebuiltAutogen":	"false",
	"platIsNoBootBsp":	"false",
	"hasFsblMakeHasChanges":	"false",
	"hasPmufwMakeHasChanges":	"false",
	"platPreBuiltFlag":	false,
	"platformSamplesDir":	""
}
TRACE::2026-03-02.09:15:52::SCWWriter::formatted JSON is {
	"platformName":	"design_1_wrapper",
	"sprVersion":	"2.0",
	"mode":	"gui",
	"dsaType":	"Fixed",
	"platformDesc":	"design_1_wrapper",
	"platHandOff":	"<platformDir>.xsa",
	"platIntHandOff":	"<platformDir>/hw/design_1_wrapper.xsa",
	"deviceType":	"FPGA",
	"platIsPrebuiltAutogen":	"false",
	"platIsNoBootBsp":	"false",
	"hasFsblMakeHasChanges":	"false",
	"hasPmufwMakeHasChanges":	"false",
	"platPreBuiltFlag":	false,
	"platformSamplesDir":	"",
	"platActiveSys":	"design_1_wrapper",
	"systems":	[{
			"systemName":	"design_1_wrapper",
			"systemDesc":	"design_1_wrapper",
			"sysIsBootAutoGen":	"true",
			"systemDispName":	"design_1_wrapper"
		}]
}
TRACE::2026-03-02.09:15:52::SCWPlatform::Boot application domains not present, creating them
TRACE::2026-03-02.09:15:52::SCWPlatform::Pure FPGA device, no boot application will be created.
TRACE::2026-03-02.09:15:52::SCWWriter::formatted JSON is {
	"platformName":	"design_1_wrapper",
	"sprVersion":	"2.0",
	"mode":	"gui",
	"dsaType":	"Fixed",
	"platformDesc":	"design_1_wrapper",
	"platHandOff":	"<platformDir>.xsa",
	"platIntHandOff":	"<platformDir>/hw/design_1_wrapper.xsa",
	"deviceType":	"FPGA",
	"platIsPrebuiltAutogen":	"false",
	"platIsNoBootBsp":	"false",
	"hasFsblMakeHasChanges":	"false",
	"hasPmufwMakeHasChanges":	"false",
	"platPreBuiltFlag":	false,
	"platformSamplesDir":	"",
	"platActiveSys":	"design_1_wrapper",
	"systems":	[{
			"systemName":	"design_1_wrapper",
			"systemDesc":	"design_1_wrapper",
			"sysIsBootAutoGen":	"true",
			"systemDispName":	"design_1_wrapper"
		}]
}
TRACE::2026-03-02.09:15:52::SCWWriter::formatted JSON is {
	"platformName":	"design_1_wrapper",
	"sprVersion":	"2.0",
	"mode":	"gui",
	"dsaType":	"Fixed",
	"platformDesc":	"design_1_wrapper",
	"platHandOff":	"<platformDir>.xsa",
	"platIntHandOff":	"<platformDir>/hw/design_1_wrapper.xsa",
	"deviceType":	"FPGA",
	"platIsPrebuiltAutogen":	"false",
	"platIsNoBootBsp":	"false",
	"hasFsblMakeHasChanges":	"false",
	"hasPmufwMakeHasChanges":	"false",
	"platPreBuiltFlag":	false,
	"platformSamplesDir":	"",
	"platActiveSys":	"design_1_wrapper",
	"systems":	[{
			"systemName":	"design_1_wrapper",
			"systemDesc":	"design_1_wrapper",
			"sysIsBootAutoGen":	"true",
			"systemDispName":	"design_1_wrapper"
		}]
}
TRACE::2026-03-02.09:15:52::SCWPlatform::Trying to open the hw design at C:/Users/C27Bradford.Hurt/ece383_wksp/ice1/design_1_wrapper/hw/design_1_wrapper.xsa
TRACE::2026-03-02.09:15:52::SCWPlatform::DSA given C:/Users/C27Bradford.Hurt/ece383_wksp/ice1/design_1_wrapper/hw/design_1_wrapper.xsa
TRACE::2026-03-02.09:15:52::SCWPlatform::DSA absoulate path C:/Users/C27Bradford.Hurt/ece383_wksp/ice1/design_1_wrapper/hw/design_1_wrapper.xsa
TRACE::2026-03-02.09:15:52::SCWPlatform::DSA directory C:/Users/C27Bradford.Hurt/ece383_wksp/ice1/design_1_wrapper/hw
TRACE::2026-03-02.09:15:52::SCWPlatform:: Platform Path C:/Users/C27Bradford.Hurt/ece383_wksp/ice1/design_1_wrapper/hw/design_1_wrapper.xsa
TRACE::2026-03-02.09:15:52::SCWPlatform:: Unique name xilinx:nexys_video::0.0
TRACE::2026-03-02.09:15:52::SCWPlatform::Trying to set the existing hwdb with name design_1_wrapper_6
TRACE::2026-03-02.09:15:52::SCWPlatform::Opened existing hwdb design_1_wrapper_6
TRACE::2026-03-02.09:15:52::SCWPlatform::Found the Hw Db part of the input DSA
TRACE::2026-03-02.09:15:52::SCWPlatform::Trying to open the hw design at C:/Users/C27Bradford.Hurt/ece383_wksp/ice1/design_1_wrapper/hw/design_1_wrapper.xsa
TRACE::2026-03-02.09:15:52::SCWPlatform::DSA given C:/Users/C27Bradford.Hurt/ece383_wksp/ice1/design_1_wrapper/hw/design_1_wrapper.xsa
TRACE::2026-03-02.09:15:52::SCWPlatform::DSA absoulate path C:/Users/C27Bradford.Hurt/ece383_wksp/ice1/design_1_wrapper/hw/design_1_wrapper.xsa
TRACE::2026-03-02.09:15:52::SCWPlatform::DSA directory C:/Users/C27Bradford.Hurt/ece383_wksp/ice1/design_1_wrapper/hw
TRACE::2026-03-02.09:15:52::SCWPlatform:: Platform Path C:/Users/C27Bradford.Hurt/ece383_wksp/ice1/design_1_wrapper/hw/design_1_wrapper.xsa
TRACE::2026-03-02.09:15:52::SCWPlatform:: Unique name xilinx:nexys_video::0.0
TRACE::2026-03-02.09:15:52::SCWPlatform::Trying to set the existing hwdb with name design_1_wrapper_6
TRACE::2026-03-02.09:15:52::SCWPlatform::Opened existing hwdb design_1_wrapper_6
TRACE::2026-03-02.09:15:52::SCWPlatform::Found the Hw Db part of the input DSA
TRACE::2026-03-02.09:15:52::SCWDomain::checking for install qemu data   : 
TRACE::2026-03-02.09:15:52::SCWPlatform::Trying to open the hw design at C:/Users/C27Bradford.Hurt/ece383_wksp/ice1/design_1_wrapper/hw/design_1_wrapper.xsa
TRACE::2026-03-02.09:15:52::SCWPlatform::DSA given C:/Users/C27Bradford.Hurt/ece383_wksp/ice1/design_1_wrapper/hw/design_1_wrapper.xsa
TRACE::2026-03-02.09:15:52::SCWPlatform::DSA absoulate path C:/Users/C27Bradford.Hurt/ece383_wksp/ice1/design_1_wrapper/hw/design_1_wrapper.xsa
TRACE::2026-03-02.09:15:52::SCWPlatform::DSA directory C:/Users/C27Bradford.Hurt/ece383_wksp/ice1/design_1_wrapper/hw
TRACE::2026-03-02.09:15:52::SCWPlatform:: Platform Path C:/Users/C27Bradford.Hurt/ece383_wksp/ice1/design_1_wrapper/hw/design_1_wrapper.xsa
TRACE::2026-03-02.09:15:52::SCWPlatform:: Unique name xilinx:nexys_video::0.0
TRACE::2026-03-02.09:15:52::SCWPlatform::Trying to set the existing hwdb with name design_1_wrapper_6
TRACE::2026-03-02.09:15:52::SCWPlatform::Opened existing hwdb design_1_wrapper_6
TRACE::2026-03-02.09:15:52::SCWPlatform::Found the Hw Db part of the input DSA
TRACE::2026-03-02.09:15:52::SCWPlatform::Trying to open the hw design at C:/Users/C27Bradford.Hurt/ece383_wksp/ice1/design_1_wrapper/hw/design_1_wrapper.xsa
TRACE::2026-03-02.09:15:52::SCWPlatform::DSA given C:/Users/C27Bradford.Hurt/ece383_wksp/ice1/design_1_wrapper/hw/design_1_wrapper.xsa
TRACE::2026-03-02.09:15:52::SCWPlatform::DSA absoulate path C:/Users/C27Bradford.Hurt/ece383_wksp/ice1/design_1_wrapper/hw/design_1_wrapper.xsa
TRACE::2026-03-02.09:15:52::SCWPlatform::DSA directory C:/Users/C27Bradford.Hurt/ece383_wksp/ice1/design_1_wrapper/hw
TRACE::2026-03-02.09:15:52::SCWPlatform:: Platform Path C:/Users/C27Bradford.Hurt/ece383_wksp/ice1/design_1_wrapper/hw/design_1_wrapper.xsa
TRACE::2026-03-02.09:15:52::SCWPlatform:: Unique name xilinx:nexys_video::0.0
TRACE::2026-03-02.09:15:52::SCWPlatform::Trying to set the existing hwdb with name design_1_wrapper_6
TRACE::2026-03-02.09:15:52::SCWPlatform::Opened existing hwdb design_1_wrapper_6
TRACE::2026-03-02.09:15:52::SCWPlatform::Found the Hw Db part of the input DSA
TRACE::2026-03-02.09:15:52::SCWPlatform::Trying to open the hw design at C:/Users/C27Bradford.Hurt/ece383_wksp/ice1/design_1_wrapper/hw/design_1_wrapper.xsa
TRACE::2026-03-02.09:15:52::SCWPlatform::DSA given C:/Users/C27Bradford.Hurt/ece383_wksp/ice1/design_1_wrapper/hw/design_1_wrapper.xsa
TRACE::2026-03-02.09:15:52::SCWPlatform::DSA absoulate path C:/Users/C27Bradford.Hurt/ece383_wksp/ice1/design_1_wrapper/hw/design_1_wrapper.xsa
TRACE::2026-03-02.09:15:52::SCWPlatform::DSA directory C:/Users/C27Bradford.Hurt/ece383_wksp/ice1/design_1_wrapper/hw
TRACE::2026-03-02.09:15:52::SCWPlatform:: Platform Path C:/Users/C27Bradford.Hurt/ece383_wksp/ice1/design_1_wrapper/hw/design_1_wrapper.xsa
TRACE::2026-03-02.09:15:52::SCWPlatform:: Unique name xilinx:nexys_video::0.0
TRACE::2026-03-02.09:15:52::SCWPlatform::Trying to set the existing hwdb with name design_1_wrapper_6
TRACE::2026-03-02.09:15:52::SCWPlatform::Opened existing hwdb design_1_wrapper_6
TRACE::2026-03-02.09:15:52::SCWPlatform::Found the Hw Db part of the input DSA
TRACE::2026-03-02.09:15:52::SCWMssOS::Checking the sw design at  C:/Users/C27Bradford.Hurt/ece383_wksp/ice1/design_1_wrapper/microblaze_0/standalone_microblaze_0/bsp/system.mss
TRACE::2026-03-02.09:15:52::SCWMssOS::DEBUG:  swdes dump  
TRACE::2026-03-02.09:15:52::SCWMssOS::No sw design opened at  C:/Users/C27Bradford.Hurt/ece383_wksp/ice1/design_1_wrapper/microblaze_0/standalone_microblaze_0/bsp/system.mss
TRACE::2026-03-02.09:15:52::SCWMssOS::mss exists loading the mss file  C:/Users/C27Bradford.Hurt/ece383_wksp/ice1/design_1_wrapper/microblaze_0/standalone_microblaze_0/bsp/system.mss
TRACE::2026-03-02.09:15:52::SCWMssOS::Opened the sw design from mss  C:/Users/C27Bradford.Hurt/ece383_wksp/ice1/design_1_wrapper/microblaze_0/standalone_microblaze_0/bsp/system.mss
TRACE::2026-03-02.09:15:52::SCWMssOS::Adding the swdes entry C:/Users/C27Bradford.Hurt/ece383_wksp/ice1/design_1_wrapper/microblaze_0/standalone_microblaze_0/bsp/system.mss with des name system
TRACE::2026-03-02.09:15:52::SCWMssOS::updating the scw layer about changes
TRACE::2026-03-02.09:15:52::SCWMssOS::Opened the sw design.  C:/Users/C27Bradford.Hurt/ece383_wksp/ice1/design_1_wrapper/microblaze_0/standalone_microblaze_0/bsp/system.mss
TRACE::2026-03-02.09:15:52::SCWMssOS::Completed writing the mss file at C:/Users/C27Bradford.Hurt/ece383_wksp/ice1/design_1_wrapper/microblaze_0/standalone_microblaze_0/bsp
TRACE::2026-03-02.09:15:53::SCWMssOS::Forcing BSP Sources regeneration.
TRACE::2026-03-02.09:15:57::SCWMssOS::Saving the mss changes C:/Users/C27Bradford.Hurt/ece383_wksp/ice1/design_1_wrapper/microblaze_0/standalone_microblaze_0/bsp/system.mss
TRACE::2026-03-02.09:15:57::SCWMssOS::Adding the swdes entry, mss present, able to open swdb C:/Users/C27Bradford.Hurt/ece383_wksp/ice1/design_1_wrapper/microblaze_0/standalone_microblaze_0/bsp/system.mss with des name system
TRACE::2026-03-02.09:15:57::SCWMssOS::Writing the mss file completed C:/Users/C27Bradford.Hurt/ece383_wksp/ice1/design_1_wrapper/microblaze_0/standalone_microblaze_0/bsp/system.mss
TRACE::2026-03-02.09:15:57::SCWMssOS::Commit changes completed.
TRACE::2026-03-02.09:15:57::SCWPlatform::Trying to open the hw design at C:/Users/C27Bradford.Hurt/ece383_wksp/ice1/design_1_wrapper/hw/design_1_wrapper.xsa
TRACE::2026-03-02.09:15:57::SCWPlatform::DSA given C:/Users/C27Bradford.Hurt/ece383_wksp/ice1/design_1_wrapper/hw/design_1_wrapper.xsa
TRACE::2026-03-02.09:15:57::SCWPlatform::DSA absoulate path C:/Users/C27Bradford.Hurt/ece383_wksp/ice1/design_1_wrapper/hw/design_1_wrapper.xsa
TRACE::2026-03-02.09:15:57::SCWPlatform::DSA directory C:/Users/C27Bradford.Hurt/ece383_wksp/ice1/design_1_wrapper/hw
TRACE::2026-03-02.09:15:57::SCWPlatform:: Platform Path C:/Users/C27Bradford.Hurt/ece383_wksp/ice1/design_1_wrapper/hw/design_1_wrapper.xsa
TRACE::2026-03-02.09:15:57::SCWPlatform:: Unique name xilinx:nexys_video::0.0
TRACE::2026-03-02.09:15:57::SCWPlatform::Trying to set the existing hwdb with name design_1_wrapper_6
TRACE::2026-03-02.09:15:57::SCWPlatform::Opened existing hwdb design_1_wrapper_6
TRACE::2026-03-02.09:15:57::SCWPlatform::Found the Hw Db part of the input DSA
TRACE::2026-03-02.09:15:57::SCWMssOS::Checking the sw design at  C:/Users/C27Bradford.Hurt/ece383_wksp/ice1/design_1_wrapper/microblaze_0/standalone_microblaze_0/bsp/system.mss
TRACE::2026-03-02.09:15:57::SCWMssOS::DEBUG:  swdes dump  C:/Users/C27Bradford.Hurt/ece383_wksp/ice1/design_1_wrapper/microblaze_0/standalone_microblaze_0/bsp/system.mss|system||

TRACE::2026-03-02.09:15:57::SCWMssOS::Sw design exists and opened at  C:/Users/C27Bradford.Hurt/ece383_wksp/ice1/design_1_wrapper/microblaze_0/standalone_microblaze_0/bsp/system.mss
TRACE::2026-03-02.09:15:57::SCWPlatform::Trying to open the hw design at C:/Users/C27Bradford.Hurt/ece383_wksp/ice1/design_1_wrapper/hw/design_1_wrapper.xsa
TRACE::2026-03-02.09:15:57::SCWPlatform::DSA given C:/Users/C27Bradford.Hurt/ece383_wksp/ice1/design_1_wrapper/hw/design_1_wrapper.xsa
TRACE::2026-03-02.09:15:57::SCWPlatform::DSA absoulate path C:/Users/C27Bradford.Hurt/ece383_wksp/ice1/design_1_wrapper/hw/design_1_wrapper.xsa
TRACE::2026-03-02.09:15:57::SCWPlatform::DSA directory C:/Users/C27Bradford.Hurt/ece383_wksp/ice1/design_1_wrapper/hw
TRACE::2026-03-02.09:15:57::SCWPlatform:: Platform Path C:/Users/C27Bradford.Hurt/ece383_wksp/ice1/design_1_wrapper/hw/design_1_wrapper.xsa
TRACE::2026-03-02.09:15:57::SCWPlatform:: Unique name xilinx:nexys_video::0.0
TRACE::2026-03-02.09:15:57::SCWPlatform::Trying to set the existing hwdb with name design_1_wrapper_6
TRACE::2026-03-02.09:15:57::SCWPlatform::Opened existing hwdb design_1_wrapper_6
TRACE::2026-03-02.09:15:57::SCWPlatform::Found the Hw Db part of the input DSA
TRACE::2026-03-02.09:15:57::SCWMssOS::Checking the sw design at  C:/Users/C27Bradford.Hurt/ece383_wksp/ice1/design_1_wrapper/microblaze_0/standalone_microblaze_0/bsp/system.mss
TRACE::2026-03-02.09:15:57::SCWMssOS::DEBUG:  swdes dump  C:/Users/C27Bradford.Hurt/ece383_wksp/ice1/design_1_wrapper/microblaze_0/standalone_microblaze_0/bsp/system.mss|system||

TRACE::2026-03-02.09:15:57::SCWMssOS::Sw design exists and opened at  C:/Users/C27Bradford.Hurt/ece383_wksp/ice1/design_1_wrapper/microblaze_0/standalone_microblaze_0/bsp/system.mss
TRACE::2026-03-02.09:15:57::SCWPlatform::Trying to open the hw design at C:/Users/C27Bradford.Hurt/ece383_wksp/ice1/design_1_wrapper/hw/design_1_wrapper.xsa
TRACE::2026-03-02.09:15:57::SCWPlatform::DSA given C:/Users/C27Bradford.Hurt/ece383_wksp/ice1/design_1_wrapper/hw/design_1_wrapper.xsa
TRACE::2026-03-02.09:15:57::SCWPlatform::DSA absoulate path C:/Users/C27Bradford.Hurt/ece383_wksp/ice1/design_1_wrapper/hw/design_1_wrapper.xsa
TRACE::2026-03-02.09:15:57::SCWPlatform::DSA directory C:/Users/C27Bradford.Hurt/ece383_wksp/ice1/design_1_wrapper/hw
TRACE::2026-03-02.09:15:57::SCWPlatform:: Platform Path C:/Users/C27Bradford.Hurt/ece383_wksp/ice1/design_1_wrapper/hw/design_1_wrapper.xsa
TRACE::2026-03-02.09:15:57::SCWPlatform:: Unique name xilinx:nexys_video::0.0
TRACE::2026-03-02.09:15:57::SCWPlatform::Trying to set the existing hwdb with name design_1_wrapper_6
TRACE::2026-03-02.09:15:57::SCWPlatform::Opened existing hwdb design_1_wrapper_6
TRACE::2026-03-02.09:15:57::SCWPlatform::Found the Hw Db part of the input DSA
TRACE::2026-03-02.09:15:57::SCWMssOS::Checking the sw design at  C:/Users/C27Bradford.Hurt/ece383_wksp/ice1/design_1_wrapper/microblaze_0/standalone_microblaze_0/bsp/system.mss
TRACE::2026-03-02.09:15:57::SCWMssOS::DEBUG:  swdes dump  C:/Users/C27Bradford.Hurt/ece383_wksp/ice1/design_1_wrapper/microblaze_0/standalone_microblaze_0/bsp/system.mss|system||

TRACE::2026-03-02.09:15:57::SCWMssOS::Sw design exists and opened at  C:/Users/C27Bradford.Hurt/ece383_wksp/ice1/design_1_wrapper/microblaze_0/standalone_microblaze_0/bsp/system.mss
TRACE::2026-03-02.09:15:57::SCWWriter::formatted JSON is {
	"platformName":	"design_1_wrapper",
	"sprVersion":	"2.0",
	"mode":	"gui",
	"dsaType":	"Fixed",
	"platformDesc":	"design_1_wrapper",
	"platHandOff":	"<platformDir>.xsa",
	"platIntHandOff":	"<platformDir>/hw/design_1_wrapper.xsa",
	"deviceType":	"FPGA",
	"platIsPrebuiltAutogen":	"false",
	"platIsNoBootBsp":	"false",
	"hasFsblMakeHasChanges":	"false",
	"hasPmufwMakeHasChanges":	"false",
	"platPreBuiltFlag":	false,
	"platformSamplesDir":	"",
	"platActiveSys":	"design_1_wrapper",
	"systems":	[{
			"systemName":	"design_1_wrapper",
			"systemDesc":	"design_1_wrapper",
			"sysIsBootAutoGen":	"true",
			"systemDispName":	"design_1_wrapper",
			"sysActiveDom":	"standalone_microblaze_0",
			"sysDefaultDom":	"standalone_microblaze_0",
			"domains":	[{
					"domainName":	"standalone_microblaze_0",
					"domainDispName":	"standalone_microblaze_0",
					"domainDesc":	"standalone_microblaze_0",
					"processors":	"microblaze_0",
					"os":	"standalone",
					"sdxOs":	"standalone",
					"debugEnable":	"False",
					"domRuntimes":	["cpp"],
					"swRepo":	"",
					"mssOsVer":	"9.2",
					"mssFile":	"",
					"md5Digest":	"27f266669af8a91a539307f7b404e8b4",
					"compatibleApp":	"hello_world",
					"domType":	"mssDomain",
					"arch":	"32-bit",
					"appSettings":	{
						"appCompilerFlags":	"",
						"appLinkerFlags":	""
					},
					"addedLibs":	[],
					"libOptions":	{
						"libsContainingOptions":	[]
					},
					"prebuiltLibs":	{
						"prebuiltIncPath":	[],
						"prebuiltLibPath":	[]
					},
					"isolation":	{
					}
				}]
		}]
}
LOG::2026-03-02.09:15:57::SCWPlatform::Started generating the artifacts platform design_1_wrapper
TRACE::2026-03-02.09:15:57::SCWPlatform::Sanity checking of platform is completed
LOG::2026-03-02.09:15:57::SCWPlatform::Started generating the artifacts for system configuration design_1_wrapper
LOG::2026-03-02.09:15:57::SCWSystem::Checking the domain standalone_microblaze_0
LOG::2026-03-02.09:15:57::SCWSystem::Not a boot domain 
LOG::2026-03-02.09:15:57::SCWSystem::Started Processing the domain standalone_microblaze_0
TRACE::2026-03-02.09:15:57::SCWDomain::Generating domain artifcats
TRACE::2026-03-02.09:15:57::SCWMssOS::Generating standalone artifcats
TRACE::2026-03-02.09:15:57::SCWMssOS:: Copying the user libraries. 
TRACE::2026-03-02.09:15:57::SCWPlatform::Trying to open the hw design at C:/Users/C27Bradford.Hurt/ece383_wksp/ice1/design_1_wrapper/hw/design_1_wrapper.xsa
TRACE::2026-03-02.09:15:57::SCWPlatform::DSA given C:/Users/C27Bradford.Hurt/ece383_wksp/ice1/design_1_wrapper/hw/design_1_wrapper.xsa
TRACE::2026-03-02.09:15:57::SCWPlatform::DSA absoulate path C:/Users/C27Bradford.Hurt/ece383_wksp/ice1/design_1_wrapper/hw/design_1_wrapper.xsa
TRACE::2026-03-02.09:15:57::SCWPlatform::DSA directory C:/Users/C27Bradford.Hurt/ece383_wksp/ice1/design_1_wrapper/hw
TRACE::2026-03-02.09:15:57::SCWPlatform:: Platform Path C:/Users/C27Bradford.Hurt/ece383_wksp/ice1/design_1_wrapper/hw/design_1_wrapper.xsa
TRACE::2026-03-02.09:15:57::SCWPlatform:: Unique name xilinx:nexys_video::0.0
TRACE::2026-03-02.09:15:57::SCWPlatform::Trying to set the existing hwdb with name design_1_wrapper_6
TRACE::2026-03-02.09:15:57::SCWPlatform::Opened existing hwdb design_1_wrapper_6
TRACE::2026-03-02.09:15:57::SCWPlatform::Found the Hw Db part of the input DSA
TRACE::2026-03-02.09:15:57::SCWMssOS::Checking the sw design at  C:/Users/C27Bradford.Hurt/ece383_wksp/ice1/design_1_wrapper/microblaze_0/standalone_microblaze_0/bsp/system.mss
TRACE::2026-03-02.09:15:57::SCWMssOS::DEBUG:  swdes dump  C:/Users/C27Bradford.Hurt/ece383_wksp/ice1/design_1_wrapper/microblaze_0/standalone_microblaze_0/bsp/system.mss|system||

TRACE::2026-03-02.09:15:57::SCWMssOS::Sw design exists and opened at  C:/Users/C27Bradford.Hurt/ece383_wksp/ice1/design_1_wrapper/microblaze_0/standalone_microblaze_0/bsp/system.mss
TRACE::2026-03-02.09:15:57::SCWMssOS::Completed writing the mss file at C:/Users/C27Bradford.Hurt/ece383_wksp/ice1/design_1_wrapper/microblaze_0/standalone_microblaze_0/bsp
TRACE::2026-03-02.09:15:57::SCWMssOS::Mss edits present, copying mssfile into export location C:/Users/C27Bradford.Hurt/ece383_wksp/ice1/design_1_wrapper/microblaze_0/standalone_microblaze_0/bsp/system.mss
TRACE::2026-03-02.09:15:57::SCWMssOS::bsp generated is upto date with the mss file. Skipping bsp generation.
TRACE::2026-03-02.09:15:57::SCWMssOS::BSP is already built. skipping the bsp build ... 
TRACE::2026-03-02.09:15:57::SCWDomain::Skipping the build for domain :  standalone_microblaze_0
TRACE::2026-03-02.09:15:57::SCWMssOS::skipping the bsp build ... 
TRACE::2026-03-02.09:15:57::SCWMssOS::Copying to export directory.
TRACE::2026-03-02.09:15:57::SCWMssOS:: Checking if to create the Supporting Applications
TRACE::2026-03-02.09:15:57::SCWMssOS:: No Linux domain exists, trying to generate FSBL 
LOG::2026-03-02.09:15:57::SCWSystem::Completed Processing the domain standalone_microblaze_0
LOG::2026-03-02.09:15:57::SCWSystem::Completed Processing the sysconfig design_1_wrapper
LOG::2026-03-02.09:15:57::SCWPlatform::Completed generating the artifacts for system configuration design_1_wrapper
TRACE::2026-03-02.09:15:57::SCWPlatform::Started preparing the platform 
TRACE::2026-03-02.09:15:57::SCWSystem::Writing the bif file for system config design_1_wrapper
TRACE::2026-03-02.09:15:57::SCWSystem::dir created 
TRACE::2026-03-02.09:15:57::SCWSystem::Writing the bif 
TRACE::2026-03-02.09:15:57::SCWPlatform::Started writing the spfm file 
TRACE::2026-03-02.09:15:57::SCWPlatform::Started writing the xpfm file 
TRACE::2026-03-02.09:15:57::SCWPlatform::Completed generating the platform
TRACE::2026-03-02.09:15:57::SCWMssOS::Saving the mss changes C:/Users/C27Bradford.Hurt/ece383_wksp/ice1/design_1_wrapper/microblaze_0/standalone_microblaze_0/bsp/system.mss
TRACE::2026-03-02.09:15:57::SCWMssOS::Found a swdesign opened with the mssfile.
TRACE::2026-03-02.09:15:57::SCWMssOS::Completed writemss as part of save.
TRACE::2026-03-02.09:15:57::SCWMssOS::Commit changes completed.
TRACE::2026-03-02.09:15:57::SCWPlatform::Trying to open the hw design at C:/Users/C27Bradford.Hurt/ece383_wksp/ice1/design_1_wrapper/hw/design_1_wrapper.xsa
TRACE::2026-03-02.09:15:57::SCWPlatform::DSA given C:/Users/C27Bradford.Hurt/ece383_wksp/ice1/design_1_wrapper/hw/design_1_wrapper.xsa
TRACE::2026-03-02.09:15:57::SCWPlatform::DSA absoulate path C:/Users/C27Bradford.Hurt/ece383_wksp/ice1/design_1_wrapper/hw/design_1_wrapper.xsa
TRACE::2026-03-02.09:15:57::SCWPlatform::DSA directory C:/Users/C27Bradford.Hurt/ece383_wksp/ice1/design_1_wrapper/hw
TRACE::2026-03-02.09:15:57::SCWPlatform:: Platform Path C:/Users/C27Bradford.Hurt/ece383_wksp/ice1/design_1_wrapper/hw/design_1_wrapper.xsa
TRACE::2026-03-02.09:15:57::SCWPlatform:: Unique name xilinx:nexys_video::0.0
TRACE::2026-03-02.09:15:57::SCWPlatform::Trying to set the existing hwdb with name design_1_wrapper_6
TRACE::2026-03-02.09:15:57::SCWPlatform::Opened existing hwdb design_1_wrapper_6
TRACE::2026-03-02.09:15:57::SCWPlatform::Found the Hw Db part of the input DSA
TRACE::2026-03-02.09:15:57::SCWMssOS::Checking the sw design at  C:/Users/C27Bradford.Hurt/ece383_wksp/ice1/design_1_wrapper/microblaze_0/standalone_microblaze_0/bsp/system.mss
TRACE::2026-03-02.09:15:57::SCWMssOS::DEBUG:  swdes dump  C:/Users/C27Bradford.Hurt/ece383_wksp/ice1/design_1_wrapper/microblaze_0/standalone_microblaze_0/bsp/system.mss|system||

TRACE::2026-03-02.09:15:57::SCWMssOS::Sw design exists and opened at  C:/Users/C27Bradford.Hurt/ece383_wksp/ice1/design_1_wrapper/microblaze_0/standalone_microblaze_0/bsp/system.mss
TRACE::2026-03-02.09:15:57::SCWPlatform::Trying to open the hw design at C:/Users/C27Bradford.Hurt/ece383_wksp/ice1/design_1_wrapper/hw/design_1_wrapper.xsa
TRACE::2026-03-02.09:15:57::SCWPlatform::DSA given C:/Users/C27Bradford.Hurt/ece383_wksp/ice1/design_1_wrapper/hw/design_1_wrapper.xsa
TRACE::2026-03-02.09:15:57::SCWPlatform::DSA absoulate path C:/Users/C27Bradford.Hurt/ece383_wksp/ice1/design_1_wrapper/hw/design_1_wrapper.xsa
TRACE::2026-03-02.09:15:57::SCWPlatform::DSA directory C:/Users/C27Bradford.Hurt/ece383_wksp/ice1/design_1_wrapper/hw
TRACE::2026-03-02.09:15:57::SCWPlatform:: Platform Path C:/Users/C27Bradford.Hurt/ece383_wksp/ice1/design_1_wrapper/hw/design_1_wrapper.xsa
TRACE::2026-03-02.09:15:57::SCWPlatform:: Unique name xilinx:nexys_video::0.0
TRACE::2026-03-02.09:15:57::SCWPlatform::Trying to set the existing hwdb with name design_1_wrapper_6
TRACE::2026-03-02.09:15:57::SCWPlatform::Opened existing hwdb design_1_wrapper_6
TRACE::2026-03-02.09:15:57::SCWPlatform::Found the Hw Db part of the input DSA
TRACE::2026-03-02.09:15:57::SCWMssOS::Checking the sw design at  C:/Users/C27Bradford.Hurt/ece383_wksp/ice1/design_1_wrapper/microblaze_0/standalone_microblaze_0/bsp/system.mss
TRACE::2026-03-02.09:15:57::SCWMssOS::DEBUG:  swdes dump  C:/Users/C27Bradford.Hurt/ece383_wksp/ice1/design_1_wrapper/microblaze_0/standalone_microblaze_0/bsp/system.mss|system||

TRACE::2026-03-02.09:15:57::SCWMssOS::Sw design exists and opened at  C:/Users/C27Bradford.Hurt/ece383_wksp/ice1/design_1_wrapper/microblaze_0/standalone_microblaze_0/bsp/system.mss
TRACE::2026-03-02.09:15:57::SCWPlatform::Trying to open the hw design at C:/Users/C27Bradford.Hurt/ece383_wksp/ice1/design_1_wrapper/hw/design_1_wrapper.xsa
TRACE::2026-03-02.09:15:57::SCWPlatform::DSA given C:/Users/C27Bradford.Hurt/ece383_wksp/ice1/design_1_wrapper/hw/design_1_wrapper.xsa
TRACE::2026-03-02.09:15:57::SCWPlatform::DSA absoulate path C:/Users/C27Bradford.Hurt/ece383_wksp/ice1/design_1_wrapper/hw/design_1_wrapper.xsa
TRACE::2026-03-02.09:15:57::SCWPlatform::DSA directory C:/Users/C27Bradford.Hurt/ece383_wksp/ice1/design_1_wrapper/hw
TRACE::2026-03-02.09:15:57::SCWPlatform:: Platform Path C:/Users/C27Bradford.Hurt/ece383_wksp/ice1/design_1_wrapper/hw/design_1_wrapper.xsa
TRACE::2026-03-02.09:15:57::SCWPlatform:: Unique name xilinx:nexys_video::0.0
TRACE::2026-03-02.09:15:57::SCWPlatform::Trying to set the existing hwdb with name design_1_wrapper_6
TRACE::2026-03-02.09:15:57::SCWPlatform::Opened existing hwdb design_1_wrapper_6
TRACE::2026-03-02.09:15:57::SCWPlatform::Found the Hw Db part of the input DSA
TRACE::2026-03-02.09:15:57::SCWMssOS::Checking the sw design at  C:/Users/C27Bradford.Hurt/ece383_wksp/ice1/design_1_wrapper/microblaze_0/standalone_microblaze_0/bsp/system.mss
TRACE::2026-03-02.09:15:57::SCWMssOS::DEBUG:  swdes dump  C:/Users/C27Bradford.Hurt/ece383_wksp/ice1/design_1_wrapper/microblaze_0/standalone_microblaze_0/bsp/system.mss|system||

TRACE::2026-03-02.09:15:57::SCWMssOS::Sw design exists and opened at  C:/Users/C27Bradford.Hurt/ece383_wksp/ice1/design_1_wrapper/microblaze_0/standalone_microblaze_0/bsp/system.mss
TRACE::2026-03-02.09:15:57::SCWWriter::formatted JSON is {
	"platformName":	"design_1_wrapper",
	"sprVersion":	"2.0",
	"mode":	"gui",
	"dsaType":	"Fixed",
	"platformDesc":	"design_1_wrapper",
	"platHandOff":	"<platformDir>.xsa",
	"platIntHandOff":	"<platformDir>/hw/design_1_wrapper.xsa",
	"deviceType":	"FPGA",
	"platIsPrebuiltAutogen":	"false",
	"platIsNoBootBsp":	"false",
	"hasFsblMakeHasChanges":	"false",
	"hasPmufwMakeHasChanges":	"false",
	"platPreBuiltFlag":	false,
	"platformSamplesDir":	"",
	"platActiveSys":	"design_1_wrapper",
	"systems":	[{
			"systemName":	"design_1_wrapper",
			"systemDesc":	"design_1_wrapper",
			"sysIsBootAutoGen":	"true",
			"systemDispName":	"design_1_wrapper",
			"sysActiveDom":	"standalone_microblaze_0",
			"sysDefaultDom":	"standalone_microblaze_0",
			"domains":	[{
					"domainName":	"standalone_microblaze_0",
					"domainDispName":	"standalone_microblaze_0",
					"domainDesc":	"standalone_microblaze_0",
					"processors":	"microblaze_0",
					"os":	"standalone",
					"sdxOs":	"standalone",
					"debugEnable":	"False",
					"domRuntimes":	["cpp"],
					"swRepo":	"",
					"mssOsVer":	"9.2",
					"mssFile":	"",
					"md5Digest":	"27f266669af8a91a539307f7b404e8b4",
					"compatibleApp":	"hello_world",
					"domType":	"mssDomain",
					"arch":	"32-bit",
					"appSettings":	{
						"appCompilerFlags":	"",
						"appLinkerFlags":	""
					},
					"addedLibs":	[],
					"libOptions":	{
						"libsContainingOptions":	[]
					},
					"prebuiltLibs":	{
						"prebuiltIncPath":	[],
						"prebuiltLibPath":	[]
					},
					"isolation":	{
					}
				}]
		}]
}
KEYINFO::2026-03-02.09:15:57::SCWPlatform::updated the xpfm file.
TRACE::2026-03-02.09:15:57::SCWPlatform::Trying to open the hw design at C:/Users/C27Bradford.Hurt/ece383_wksp/ice1/design_1_wrapper/hw/design_1_wrapper.xsa
TRACE::2026-03-02.09:15:57::SCWPlatform::DSA given C:/Users/C27Bradford.Hurt/ece383_wksp/ice1/design_1_wrapper/hw/design_1_wrapper.xsa
TRACE::2026-03-02.09:15:57::SCWPlatform::DSA absoulate path C:/Users/C27Bradford.Hurt/ece383_wksp/ice1/design_1_wrapper/hw/design_1_wrapper.xsa
TRACE::2026-03-02.09:15:57::SCWPlatform::DSA directory C:/Users/C27Bradford.Hurt/ece383_wksp/ice1/design_1_wrapper/hw
TRACE::2026-03-02.09:15:57::SCWPlatform:: Platform Path C:/Users/C27Bradford.Hurt/ece383_wksp/ice1/design_1_wrapper/hw/design_1_wrapper.xsa
TRACE::2026-03-02.09:15:57::SCWPlatform:: Unique name xilinx:nexys_video::0.0
TRACE::2026-03-02.09:15:57::SCWPlatform::Trying to set the existing hwdb with name design_1_wrapper_6
TRACE::2026-03-02.09:15:57::SCWPlatform::Opened existing hwdb design_1_wrapper_6
TRACE::2026-03-02.09:15:57::SCWPlatform::Found the Hw Db part of the input DSA
TRACE::2026-03-02.09:15:57::SCWMssOS::Checking the sw design at  C:/Users/C27Bradford.Hurt/ece383_wksp/ice1/design_1_wrapper/microblaze_0/standalone_microblaze_0/bsp/system.mss
TRACE::2026-03-02.09:15:57::SCWMssOS::DEBUG:  swdes dump  C:/Users/C27Bradford.Hurt/ece383_wksp/ice1/design_1_wrapper/microblaze_0/standalone_microblaze_0/bsp/system.mss|system||

TRACE::2026-03-02.09:15:57::SCWMssOS::Sw design exists and opened at  C:/Users/C27Bradford.Hurt/ece383_wksp/ice1/design_1_wrapper/microblaze_0/standalone_microblaze_0/bsp/system.mss
TRACE::2026-03-02.09:15:57::SCWMssOS::Saving the mss changes C:/Users/C27Bradford.Hurt/ece383_wksp/ice1/design_1_wrapper/microblaze_0/standalone_microblaze_0/bsp/system.mss
TRACE::2026-03-02.09:15:57::SCWMssOS::Found a swdesign opened with the mssfile.
TRACE::2026-03-02.09:15:57::SCWMssOS::Completed writemss as part of save.
TRACE::2026-03-02.09:15:57::SCWMssOS::Commit changes completed.
TRACE::2026-03-02.09:15:57::SCWPlatform::Trying to open the hw design at C:/Users/C27Bradford.Hurt/ece383_wksp/ice1/design_1_wrapper/hw/design_1_wrapper.xsa
TRACE::2026-03-02.09:15:57::SCWPlatform::DSA given C:/Users/C27Bradford.Hurt/ece383_wksp/ice1/design_1_wrapper/hw/design_1_wrapper.xsa
TRACE::2026-03-02.09:15:57::SCWPlatform::DSA absoulate path C:/Users/C27Bradford.Hurt/ece383_wksp/ice1/design_1_wrapper/hw/design_1_wrapper.xsa
TRACE::2026-03-02.09:15:57::SCWPlatform::DSA directory C:/Users/C27Bradford.Hurt/ece383_wksp/ice1/design_1_wrapper/hw
TRACE::2026-03-02.09:15:57::SCWPlatform:: Platform Path C:/Users/C27Bradford.Hurt/ece383_wksp/ice1/design_1_wrapper/hw/design_1_wrapper.xsa
TRACE::2026-03-02.09:15:57::SCWPlatform:: Unique name xilinx:nexys_video::0.0
TRACE::2026-03-02.09:15:57::SCWPlatform::Trying to set the existing hwdb with name design_1_wrapper_6
TRACE::2026-03-02.09:15:57::SCWPlatform::Opened existing hwdb design_1_wrapper_6
TRACE::2026-03-02.09:15:57::SCWPlatform::Found the Hw Db part of the input DSA
TRACE::2026-03-02.09:15:57::SCWMssOS::Checking the sw design at  C:/Users/C27Bradford.Hurt/ece383_wksp/ice1/design_1_wrapper/microblaze_0/standalone_microblaze_0/bsp/system.mss
TRACE::2026-03-02.09:15:57::SCWMssOS::DEBUG:  swdes dump  C:/Users/C27Bradford.Hurt/ece383_wksp/ice1/design_1_wrapper/microblaze_0/standalone_microblaze_0/bsp/system.mss|system||

TRACE::2026-03-02.09:15:57::SCWMssOS::Sw design exists and opened at  C:/Users/C27Bradford.Hurt/ece383_wksp/ice1/design_1_wrapper/microblaze_0/standalone_microblaze_0/bsp/system.mss
TRACE::2026-03-02.09:15:57::SCWPlatform::Trying to open the hw design at C:/Users/C27Bradford.Hurt/ece383_wksp/ice1/design_1_wrapper/hw/design_1_wrapper.xsa
TRACE::2026-03-02.09:15:57::SCWPlatform::DSA given C:/Users/C27Bradford.Hurt/ece383_wksp/ice1/design_1_wrapper/hw/design_1_wrapper.xsa
TRACE::2026-03-02.09:15:57::SCWPlatform::DSA absoulate path C:/Users/C27Bradford.Hurt/ece383_wksp/ice1/design_1_wrapper/hw/design_1_wrapper.xsa
TRACE::2026-03-02.09:15:57::SCWPlatform::DSA directory C:/Users/C27Bradford.Hurt/ece383_wksp/ice1/design_1_wrapper/hw
TRACE::2026-03-02.09:15:57::SCWPlatform:: Platform Path C:/Users/C27Bradford.Hurt/ece383_wksp/ice1/design_1_wrapper/hw/design_1_wrapper.xsa
TRACE::2026-03-02.09:15:57::SCWPlatform:: Unique name xilinx:nexys_video::0.0
TRACE::2026-03-02.09:15:57::SCWPlatform::Trying to set the existing hwdb with name design_1_wrapper_6
TRACE::2026-03-02.09:15:57::SCWPlatform::Opened existing hwdb design_1_wrapper_6
TRACE::2026-03-02.09:15:57::SCWPlatform::Found the Hw Db part of the input DSA
TRACE::2026-03-02.09:15:57::SCWMssOS::Checking the sw design at  C:/Users/C27Bradford.Hurt/ece383_wksp/ice1/design_1_wrapper/microblaze_0/standalone_microblaze_0/bsp/system.mss
TRACE::2026-03-02.09:15:57::SCWMssOS::DEBUG:  swdes dump  C:/Users/C27Bradford.Hurt/ece383_wksp/ice1/design_1_wrapper/microblaze_0/standalone_microblaze_0/bsp/system.mss|system||

TRACE::2026-03-02.09:15:57::SCWMssOS::Sw design exists and opened at  C:/Users/C27Bradford.Hurt/ece383_wksp/ice1/design_1_wrapper/microblaze_0/standalone_microblaze_0/bsp/system.mss
TRACE::2026-03-02.09:15:57::SCWPlatform::Trying to open the hw design at C:/Users/C27Bradford.Hurt/ece383_wksp/ice1/design_1_wrapper/hw/design_1_wrapper.xsa
TRACE::2026-03-02.09:15:57::SCWPlatform::DSA given C:/Users/C27Bradford.Hurt/ece383_wksp/ice1/design_1_wrapper/hw/design_1_wrapper.xsa
TRACE::2026-03-02.09:15:57::SCWPlatform::DSA absoulate path C:/Users/C27Bradford.Hurt/ece383_wksp/ice1/design_1_wrapper/hw/design_1_wrapper.xsa
TRACE::2026-03-02.09:15:57::SCWPlatform::DSA directory C:/Users/C27Bradford.Hurt/ece383_wksp/ice1/design_1_wrapper/hw
TRACE::2026-03-02.09:15:57::SCWPlatform:: Platform Path C:/Users/C27Bradford.Hurt/ece383_wksp/ice1/design_1_wrapper/hw/design_1_wrapper.xsa
TRACE::2026-03-02.09:15:57::SCWPlatform:: Unique name xilinx:nexys_video::0.0
TRACE::2026-03-02.09:15:57::SCWPlatform::Trying to set the existing hwdb with name design_1_wrapper_6
TRACE::2026-03-02.09:15:57::SCWPlatform::Opened existing hwdb design_1_wrapper_6
TRACE::2026-03-02.09:15:57::SCWPlatform::Found the Hw Db part of the input DSA
TRACE::2026-03-02.09:15:57::SCWMssOS::Checking the sw design at  C:/Users/C27Bradford.Hurt/ece383_wksp/ice1/design_1_wrapper/microblaze_0/standalone_microblaze_0/bsp/system.mss
TRACE::2026-03-02.09:15:57::SCWMssOS::DEBUG:  swdes dump  C:/Users/C27Bradford.Hurt/ece383_wksp/ice1/design_1_wrapper/microblaze_0/standalone_microblaze_0/bsp/system.mss|system||

TRACE::2026-03-02.09:15:57::SCWMssOS::Sw design exists and opened at  C:/Users/C27Bradford.Hurt/ece383_wksp/ice1/design_1_wrapper/microblaze_0/standalone_microblaze_0/bsp/system.mss
TRACE::2026-03-02.09:15:57::SCWWriter::formatted JSON is {
	"platformName":	"design_1_wrapper",
	"sprVersion":	"2.0",
	"mode":	"gui",
	"dsaType":	"Fixed",
	"platformDesc":	"design_1_wrapper",
	"platHandOff":	"<platformDir>.xsa",
	"platIntHandOff":	"<platformDir>/hw/design_1_wrapper.xsa",
	"deviceType":	"FPGA",
	"platIsPrebuiltAutogen":	"false",
	"platIsNoBootBsp":	"false",
	"hasFsblMakeHasChanges":	"false",
	"hasPmufwMakeHasChanges":	"false",
	"platPreBuiltFlag":	false,
	"platformSamplesDir":	"",
	"platActiveSys":	"design_1_wrapper",
	"systems":	[{
			"systemName":	"design_1_wrapper",
			"systemDesc":	"design_1_wrapper",
			"sysIsBootAutoGen":	"true",
			"systemDispName":	"design_1_wrapper",
			"sysActiveDom":	"standalone_microblaze_0",
			"sysDefaultDom":	"standalone_microblaze_0",
			"domains":	[{
					"domainName":	"standalone_microblaze_0",
					"domainDispName":	"standalone_microblaze_0",
					"domainDesc":	"standalone_microblaze_0",
					"processors":	"microblaze_0",
					"os":	"standalone",
					"sdxOs":	"standalone",
					"debugEnable":	"False",
					"domRuntimes":	["cpp"],
					"swRepo":	"",
					"mssOsVer":	"9.2",
					"mssFile":	"",
					"md5Digest":	"27f266669af8a91a539307f7b404e8b4",
					"compatibleApp":	"hello_world",
					"domType":	"mssDomain",
					"arch":	"32-bit",
					"appSettings":	{
						"appCompilerFlags":	"",
						"appLinkerFlags":	""
					},
					"addedLibs":	[],
					"libOptions":	{
						"libsContainingOptions":	[]
					},
					"prebuiltLibs":	{
						"prebuiltIncPath":	[],
						"prebuiltLibPath":	[]
					},
					"isolation":	{
					}
				}]
		}]
}
TRACE::2026-03-02.09:15:57::SCWPlatform::Trying to open the hw design at C:/Users/C27Bradford.Hurt/ece383_wksp/ice1/design_1_wrapper/hw/design_1_wrapper.xsa
TRACE::2026-03-02.09:15:57::SCWPlatform::DSA given C:/Users/C27Bradford.Hurt/ece383_wksp/ice1/design_1_wrapper/hw/design_1_wrapper.xsa
TRACE::2026-03-02.09:15:57::SCWPlatform::DSA absoulate path C:/Users/C27Bradford.Hurt/ece383_wksp/ice1/design_1_wrapper/hw/design_1_wrapper.xsa
TRACE::2026-03-02.09:15:57::SCWPlatform::DSA directory C:/Users/C27Bradford.Hurt/ece383_wksp/ice1/design_1_wrapper/hw
TRACE::2026-03-02.09:15:57::SCWPlatform:: Platform Path C:/Users/C27Bradford.Hurt/ece383_wksp/ice1/design_1_wrapper/hw/design_1_wrapper.xsa
TRACE::2026-03-02.09:15:57::SCWPlatform:: Unique name xilinx:nexys_video::0.0
TRACE::2026-03-02.09:15:57::SCWPlatform::Trying to set the existing hwdb with name design_1_wrapper_6
TRACE::2026-03-02.09:15:57::SCWPlatform::Opened existing hwdb design_1_wrapper_6
TRACE::2026-03-02.09:15:57::SCWPlatform::Found the Hw Db part of the input DSA
TRACE::2026-03-02.09:15:57::SCWMssOS::Checking the sw design at  C:/Users/C27Bradford.Hurt/ece383_wksp/ice1/design_1_wrapper/microblaze_0/standalone_microblaze_0/bsp/system.mss
TRACE::2026-03-02.09:15:57::SCWMssOS::DEBUG:  swdes dump  C:/Users/C27Bradford.Hurt/ece383_wksp/ice1/design_1_wrapper/microblaze_0/standalone_microblaze_0/bsp/system.mss|system||

TRACE::2026-03-02.09:15:57::SCWMssOS::Sw design exists and opened at  C:/Users/C27Bradford.Hurt/ece383_wksp/ice1/design_1_wrapper/microblaze_0/standalone_microblaze_0/bsp/system.mss
TRACE::2026-03-02.09:15:57::SCWPlatform::Trying to open the hw design at C:/Users/C27Bradford.Hurt/ece383_wksp/ice1/design_1_wrapper/hw/design_1_wrapper.xsa
TRACE::2026-03-02.09:15:57::SCWPlatform::DSA given C:/Users/C27Bradford.Hurt/ece383_wksp/ice1/design_1_wrapper/hw/design_1_wrapper.xsa
TRACE::2026-03-02.09:15:57::SCWPlatform::DSA absoulate path C:/Users/C27Bradford.Hurt/ece383_wksp/ice1/design_1_wrapper/hw/design_1_wrapper.xsa
TRACE::2026-03-02.09:15:57::SCWPlatform::DSA directory C:/Users/C27Bradford.Hurt/ece383_wksp/ice1/design_1_wrapper/hw
TRACE::2026-03-02.09:15:57::SCWPlatform:: Platform Path C:/Users/C27Bradford.Hurt/ece383_wksp/ice1/design_1_wrapper/hw/design_1_wrapper.xsa
TRACE::2026-03-02.09:15:57::SCWPlatform:: Unique name xilinx:nexys_video::0.0
TRACE::2026-03-02.09:15:57::SCWPlatform::Trying to set the existing hwdb with name design_1_wrapper_6
TRACE::2026-03-02.09:15:57::SCWPlatform::Opened existing hwdb design_1_wrapper_6
TRACE::2026-03-02.09:15:57::SCWPlatform::Found the Hw Db part of the input DSA
TRACE::2026-03-02.09:15:57::SCWMssOS::Checking the sw design at  C:/Users/C27Bradford.Hurt/ece383_wksp/ice1/design_1_wrapper/microblaze_0/standalone_microblaze_0/bsp/system.mss
TRACE::2026-03-02.09:15:57::SCWMssOS::DEBUG:  swdes dump  C:/Users/C27Bradford.Hurt/ece383_wksp/ice1/design_1_wrapper/microblaze_0/standalone_microblaze_0/bsp/system.mss|system||

TRACE::2026-03-02.09:15:57::SCWMssOS::Sw design exists and opened at  C:/Users/C27Bradford.Hurt/ece383_wksp/ice1/design_1_wrapper/microblaze_0/standalone_microblaze_0/bsp/system.mss
TRACE::2026-03-02.09:15:57::SCWMssOS::Saving the mss changes C:/Users/C27Bradford.Hurt/ece383_wksp/ice1/design_1_wrapper/microblaze_0/standalone_microblaze_0/bsp/system.mss
TRACE::2026-03-02.09:15:57::SCWMssOS::Found a swdesign opened with the mssfile.
TRACE::2026-03-02.09:15:57::SCWMssOS::Completed writemss as part of save.
TRACE::2026-03-02.09:15:57::SCWMssOS::Commit changes completed.
TRACE::2026-03-02.09:15:57::SCWPlatform::Trying to open the hw design at C:/Users/C27Bradford.Hurt/ece383_wksp/ice1/design_1_wrapper/hw/design_1_wrapper.xsa
TRACE::2026-03-02.09:15:57::SCWPlatform::DSA given C:/Users/C27Bradford.Hurt/ece383_wksp/ice1/design_1_wrapper/hw/design_1_wrapper.xsa
TRACE::2026-03-02.09:15:57::SCWPlatform::DSA absoulate path C:/Users/C27Bradford.Hurt/ece383_wksp/ice1/design_1_wrapper/hw/design_1_wrapper.xsa
TRACE::2026-03-02.09:15:57::SCWPlatform::DSA directory C:/Users/C27Bradford.Hurt/ece383_wksp/ice1/design_1_wrapper/hw
TRACE::2026-03-02.09:15:57::SCWPlatform:: Platform Path C:/Users/C27Bradford.Hurt/ece383_wksp/ice1/design_1_wrapper/hw/design_1_wrapper.xsa
TRACE::2026-03-02.09:15:57::SCWPlatform:: Unique name xilinx:nexys_video::0.0
TRACE::2026-03-02.09:15:57::SCWPlatform::Trying to set the existing hwdb with name design_1_wrapper_6
TRACE::2026-03-02.09:15:57::SCWPlatform::Opened existing hwdb design_1_wrapper_6
TRACE::2026-03-02.09:15:57::SCWPlatform::Found the Hw Db part of the input DSA
TRACE::2026-03-02.09:15:57::SCWMssOS::Checking the sw design at  C:/Users/C27Bradford.Hurt/ece383_wksp/ice1/design_1_wrapper/microblaze_0/standalone_microblaze_0/bsp/system.mss
TRACE::2026-03-02.09:15:57::SCWMssOS::DEBUG:  swdes dump  C:/Users/C27Bradford.Hurt/ece383_wksp/ice1/design_1_wrapper/microblaze_0/standalone_microblaze_0/bsp/system.mss|system||

TRACE::2026-03-02.09:15:57::SCWMssOS::Sw design exists and opened at  C:/Users/C27Bradford.Hurt/ece383_wksp/ice1/design_1_wrapper/microblaze_0/standalone_microblaze_0/bsp/system.mss
TRACE::2026-03-02.09:15:57::SCWPlatform::Trying to open the hw design at C:/Users/C27Bradford.Hurt/ece383_wksp/ice1/design_1_wrapper/hw/design_1_wrapper.xsa
TRACE::2026-03-02.09:15:57::SCWPlatform::DSA given C:/Users/C27Bradford.Hurt/ece383_wksp/ice1/design_1_wrapper/hw/design_1_wrapper.xsa
TRACE::2026-03-02.09:15:57::SCWPlatform::DSA absoulate path C:/Users/C27Bradford.Hurt/ece383_wksp/ice1/design_1_wrapper/hw/design_1_wrapper.xsa
TRACE::2026-03-02.09:15:57::SCWPlatform::DSA directory C:/Users/C27Bradford.Hurt/ece383_wksp/ice1/design_1_wrapper/hw
TRACE::2026-03-02.09:15:57::SCWPlatform:: Platform Path C:/Users/C27Bradford.Hurt/ece383_wksp/ice1/design_1_wrapper/hw/design_1_wrapper.xsa
TRACE::2026-03-02.09:15:57::SCWPlatform:: Unique name xilinx:nexys_video::0.0
TRACE::2026-03-02.09:15:57::SCWPlatform::Trying to set the existing hwdb with name design_1_wrapper_6
TRACE::2026-03-02.09:15:57::SCWPlatform::Opened existing hwdb design_1_wrapper_6
TRACE::2026-03-02.09:15:57::SCWPlatform::Found the Hw Db part of the input DSA
TRACE::2026-03-02.09:15:57::SCWMssOS::Checking the sw design at  C:/Users/C27Bradford.Hurt/ece383_wksp/ice1/design_1_wrapper/microblaze_0/standalone_microblaze_0/bsp/system.mss
TRACE::2026-03-02.09:15:57::SCWMssOS::DEBUG:  swdes dump  C:/Users/C27Bradford.Hurt/ece383_wksp/ice1/design_1_wrapper/microblaze_0/standalone_microblaze_0/bsp/system.mss|system||

TRACE::2026-03-02.09:15:57::SCWMssOS::Sw design exists and opened at  C:/Users/C27Bradford.Hurt/ece383_wksp/ice1/design_1_wrapper/microblaze_0/standalone_microblaze_0/bsp/system.mss
TRACE::2026-03-02.09:15:57::SCWPlatform::Trying to open the hw design at C:/Users/C27Bradford.Hurt/ece383_wksp/ice1/design_1_wrapper/hw/design_1_wrapper.xsa
TRACE::2026-03-02.09:15:57::SCWPlatform::DSA given C:/Users/C27Bradford.Hurt/ece383_wksp/ice1/design_1_wrapper/hw/design_1_wrapper.xsa
TRACE::2026-03-02.09:15:57::SCWPlatform::DSA absoulate path C:/Users/C27Bradford.Hurt/ece383_wksp/ice1/design_1_wrapper/hw/design_1_wrapper.xsa
TRACE::2026-03-02.09:15:57::SCWPlatform::DSA directory C:/Users/C27Bradford.Hurt/ece383_wksp/ice1/design_1_wrapper/hw
TRACE::2026-03-02.09:15:57::SCWPlatform:: Platform Path C:/Users/C27Bradford.Hurt/ece383_wksp/ice1/design_1_wrapper/hw/design_1_wrapper.xsa
TRACE::2026-03-02.09:15:57::SCWPlatform:: Unique name xilinx:nexys_video::0.0
TRACE::2026-03-02.09:15:57::SCWPlatform::Trying to set the existing hwdb with name design_1_wrapper_6
TRACE::2026-03-02.09:15:57::SCWPlatform::Opened existing hwdb design_1_wrapper_6
TRACE::2026-03-02.09:15:57::SCWPlatform::Found the Hw Db part of the input DSA
TRACE::2026-03-02.09:15:57::SCWMssOS::Checking the sw design at  C:/Users/C27Bradford.Hurt/ece383_wksp/ice1/design_1_wrapper/microblaze_0/standalone_microblaze_0/bsp/system.mss
TRACE::2026-03-02.09:15:57::SCWMssOS::DEBUG:  swdes dump  C:/Users/C27Bradford.Hurt/ece383_wksp/ice1/design_1_wrapper/microblaze_0/standalone_microblaze_0/bsp/system.mss|system||

TRACE::2026-03-02.09:15:57::SCWMssOS::Sw design exists and opened at  C:/Users/C27Bradford.Hurt/ece383_wksp/ice1/design_1_wrapper/microblaze_0/standalone_microblaze_0/bsp/system.mss
TRACE::2026-03-02.09:15:57::SCWWriter::formatted JSON is {
	"platformName":	"design_1_wrapper",
	"sprVersion":	"2.0",
	"mode":	"gui",
	"dsaType":	"Fixed",
	"platformDesc":	"design_1_wrapper",
	"platHandOff":	"<platformDir>.xsa",
	"platIntHandOff":	"<platformDir>/hw/design_1_wrapper.xsa",
	"deviceType":	"FPGA",
	"platIsPrebuiltAutogen":	"false",
	"platIsNoBootBsp":	"false",
	"hasFsblMakeHasChanges":	"false",
	"hasPmufwMakeHasChanges":	"false",
	"platPreBuiltFlag":	false,
	"platformSamplesDir":	"",
	"platActiveSys":	"design_1_wrapper",
	"systems":	[{
			"systemName":	"design_1_wrapper",
			"systemDesc":	"design_1_wrapper",
			"sysIsBootAutoGen":	"true",
			"systemDispName":	"design_1_wrapper",
			"sysActiveDom":	"standalone_microblaze_0",
			"sysDefaultDom":	"standalone_microblaze_0",
			"domains":	[{
					"domainName":	"standalone_microblaze_0",
					"domainDispName":	"standalone_microblaze_0",
					"domainDesc":	"standalone_microblaze_0",
					"processors":	"microblaze_0",
					"os":	"standalone",
					"sdxOs":	"standalone",
					"debugEnable":	"False",
					"domRuntimes":	["cpp"],
					"swRepo":	"",
					"mssOsVer":	"9.2",
					"mssFile":	"",
					"md5Digest":	"27f266669af8a91a539307f7b404e8b4",
					"compatibleApp":	"hello_world",
					"domType":	"mssDomain",
					"arch":	"32-bit",
					"appSettings":	{
						"appCompilerFlags":	"",
						"appLinkerFlags":	""
					},
					"addedLibs":	[],
					"libOptions":	{
						"libsContainingOptions":	[]
					},
					"prebuiltLibs":	{
						"prebuiltIncPath":	[],
						"prebuiltLibPath":	[]
					},
					"isolation":	{
					}
				}]
		}]
}
LOG::2026-03-02.09:15:57::SCWPlatform::Started generating the artifacts platform design_1_wrapper
TRACE::2026-03-02.09:15:57::SCWPlatform::Sanity checking of platform is completed
LOG::2026-03-02.09:15:57::SCWPlatform::Started generating the artifacts for system configuration design_1_wrapper
LOG::2026-03-02.09:15:57::SCWSystem::Started Processing the domain standalone_microblaze_0
TRACE::2026-03-02.09:15:57::SCWDomain::Generating domain artifcats
TRACE::2026-03-02.09:15:57::SCWMssOS::Generating standalone artifcats
TRACE::2026-03-02.09:15:57::SCWMssOS:: Copying the user libraries. 
TRACE::2026-03-02.09:15:57::SCWPlatform::Trying to open the hw design at C:/Users/C27Bradford.Hurt/ece383_wksp/ice1/design_1_wrapper/hw/design_1_wrapper.xsa
TRACE::2026-03-02.09:15:57::SCWPlatform::DSA given C:/Users/C27Bradford.Hurt/ece383_wksp/ice1/design_1_wrapper/hw/design_1_wrapper.xsa
TRACE::2026-03-02.09:15:57::SCWPlatform::DSA absoulate path C:/Users/C27Bradford.Hurt/ece383_wksp/ice1/design_1_wrapper/hw/design_1_wrapper.xsa
TRACE::2026-03-02.09:15:57::SCWPlatform::DSA directory C:/Users/C27Bradford.Hurt/ece383_wksp/ice1/design_1_wrapper/hw
TRACE::2026-03-02.09:15:57::SCWPlatform:: Platform Path C:/Users/C27Bradford.Hurt/ece383_wksp/ice1/design_1_wrapper/hw/design_1_wrapper.xsa
TRACE::2026-03-02.09:15:57::SCWPlatform:: Unique name xilinx:nexys_video::0.0
TRACE::2026-03-02.09:15:57::SCWPlatform::Trying to set the existing hwdb with name design_1_wrapper_6
TRACE::2026-03-02.09:15:57::SCWPlatform::Opened existing hwdb design_1_wrapper_6
TRACE::2026-03-02.09:15:57::SCWPlatform::Found the Hw Db part of the input DSA
TRACE::2026-03-02.09:15:57::SCWMssOS::Checking the sw design at  C:/Users/C27Bradford.Hurt/ece383_wksp/ice1/design_1_wrapper/microblaze_0/standalone_microblaze_0/bsp/system.mss
TRACE::2026-03-02.09:15:57::SCWMssOS::DEBUG:  swdes dump  C:/Users/C27Bradford.Hurt/ece383_wksp/ice1/design_1_wrapper/microblaze_0/standalone_microblaze_0/bsp/system.mss|system||

TRACE::2026-03-02.09:15:57::SCWMssOS::Sw design exists and opened at  C:/Users/C27Bradford.Hurt/ece383_wksp/ice1/design_1_wrapper/microblaze_0/standalone_microblaze_0/bsp/system.mss
TRACE::2026-03-02.09:15:57::SCWMssOS::Completed writing the mss file at C:/Users/C27Bradford.Hurt/ece383_wksp/ice1/design_1_wrapper/microblaze_0/standalone_microblaze_0/bsp
TRACE::2026-03-02.09:15:57::SCWMssOS::Mss edits present, copying mssfile into export location C:/Users/C27Bradford.Hurt/ece383_wksp/ice1/design_1_wrapper/microblaze_0/standalone_microblaze_0/bsp/system.mss
TRACE::2026-03-02.09:15:57::SCWMssOS::bsp generated is upto date with the mss file. Skipping bsp generation.
TRACE::2026-03-02.09:15:57::SCWMssOS::BSP is already built. skipping the bsp build ... 
TRACE::2026-03-02.09:15:57::SCWDomain::Building the domain as part of full build :  standalone_microblaze_0
TRACE::2026-03-02.09:15:57::SCWMssOS::skipping the bsp build ... 
TRACE::2026-03-02.09:15:57::SCWMssOS::Copying to export directory.
TRACE::2026-03-02.09:15:57::SCWMssOS:: Checking if to create the Supporting Applications
TRACE::2026-03-02.09:15:57::SCWMssOS:: No Linux domain exists, trying to generate FSBL 
LOG::2026-03-02.09:15:57::SCWSystem::Completed Processing the domain standalone_microblaze_0
LOG::2026-03-02.09:15:57::SCWSystem::Completed Processing the sysconfig design_1_wrapper
LOG::2026-03-02.09:15:57::SCWPlatform::Completed generating the artifacts for system configuration design_1_wrapper
TRACE::2026-03-02.09:15:57::SCWPlatform::Started preparing the platform 
TRACE::2026-03-02.09:15:57::SCWSystem::Writing the bif file for system config design_1_wrapper
TRACE::2026-03-02.09:15:57::SCWSystem::dir created 
TRACE::2026-03-02.09:15:57::SCWSystem::Writing the bif 
TRACE::2026-03-02.09:15:57::SCWPlatform::Started writing the spfm file 
TRACE::2026-03-02.09:15:57::SCWPlatform::Started writing the xpfm file 
TRACE::2026-03-02.09:15:57::SCWPlatform::Completed generating the platform
TRACE::2026-03-02.09:15:57::SCWMssOS::Saving the mss changes C:/Users/C27Bradford.Hurt/ece383_wksp/ice1/design_1_wrapper/microblaze_0/standalone_microblaze_0/bsp/system.mss
TRACE::2026-03-02.09:15:57::SCWMssOS::Found a swdesign opened with the mssfile.
TRACE::2026-03-02.09:15:57::SCWMssOS::Completed writemss as part of save.
TRACE::2026-03-02.09:15:57::SCWMssOS::Commit changes completed.
TRACE::2026-03-02.09:15:57::SCWPlatform::Trying to open the hw design at C:/Users/C27Bradford.Hurt/ece383_wksp/ice1/design_1_wrapper/hw/design_1_wrapper.xsa
TRACE::2026-03-02.09:15:57::SCWPlatform::DSA given C:/Users/C27Bradford.Hurt/ece383_wksp/ice1/design_1_wrapper/hw/design_1_wrapper.xsa
TRACE::2026-03-02.09:15:57::SCWPlatform::DSA absoulate path C:/Users/C27Bradford.Hurt/ece383_wksp/ice1/design_1_wrapper/hw/design_1_wrapper.xsa
TRACE::2026-03-02.09:15:57::SCWPlatform::DSA directory C:/Users/C27Bradford.Hurt/ece383_wksp/ice1/design_1_wrapper/hw
TRACE::2026-03-02.09:15:57::SCWPlatform:: Platform Path C:/Users/C27Bradford.Hurt/ece383_wksp/ice1/design_1_wrapper/hw/design_1_wrapper.xsa
TRACE::2026-03-02.09:15:57::SCWPlatform:: Unique name xilinx:nexys_video::0.0
TRACE::2026-03-02.09:15:57::SCWPlatform::Trying to set the existing hwdb with name design_1_wrapper_6
TRACE::2026-03-02.09:15:57::SCWPlatform::Opened existing hwdb design_1_wrapper_6
TRACE::2026-03-02.09:15:57::SCWPlatform::Found the Hw Db part of the input DSA
TRACE::2026-03-02.09:15:57::SCWMssOS::Checking the sw design at  C:/Users/C27Bradford.Hurt/ece383_wksp/ice1/design_1_wrapper/microblaze_0/standalone_microblaze_0/bsp/system.mss
TRACE::2026-03-02.09:15:57::SCWMssOS::DEBUG:  swdes dump  C:/Users/C27Bradford.Hurt/ece383_wksp/ice1/design_1_wrapper/microblaze_0/standalone_microblaze_0/bsp/system.mss|system||

TRACE::2026-03-02.09:15:57::SCWMssOS::Sw design exists and opened at  C:/Users/C27Bradford.Hurt/ece383_wksp/ice1/design_1_wrapper/microblaze_0/standalone_microblaze_0/bsp/system.mss
TRACE::2026-03-02.09:15:57::SCWPlatform::Trying to open the hw design at C:/Users/C27Bradford.Hurt/ece383_wksp/ice1/design_1_wrapper/hw/design_1_wrapper.xsa
TRACE::2026-03-02.09:15:57::SCWPlatform::DSA given C:/Users/C27Bradford.Hurt/ece383_wksp/ice1/design_1_wrapper/hw/design_1_wrapper.xsa
TRACE::2026-03-02.09:15:57::SCWPlatform::DSA absoulate path C:/Users/C27Bradford.Hurt/ece383_wksp/ice1/design_1_wrapper/hw/design_1_wrapper.xsa
TRACE::2026-03-02.09:15:57::SCWPlatform::DSA directory C:/Users/C27Bradford.Hurt/ece383_wksp/ice1/design_1_wrapper/hw
TRACE::2026-03-02.09:15:57::SCWPlatform:: Platform Path C:/Users/C27Bradford.Hurt/ece383_wksp/ice1/design_1_wrapper/hw/design_1_wrapper.xsa
TRACE::2026-03-02.09:15:57::SCWPlatform:: Unique name xilinx:nexys_video::0.0
TRACE::2026-03-02.09:15:57::SCWPlatform::Trying to set the existing hwdb with name design_1_wrapper_6
TRACE::2026-03-02.09:15:57::SCWPlatform::Opened existing hwdb design_1_wrapper_6
TRACE::2026-03-02.09:15:57::SCWPlatform::Found the Hw Db part of the input DSA
TRACE::2026-03-02.09:15:57::SCWMssOS::Checking the sw design at  C:/Users/C27Bradford.Hurt/ece383_wksp/ice1/design_1_wrapper/microblaze_0/standalone_microblaze_0/bsp/system.mss
TRACE::2026-03-02.09:15:57::SCWMssOS::DEBUG:  swdes dump  C:/Users/C27Bradford.Hurt/ece383_wksp/ice1/design_1_wrapper/microblaze_0/standalone_microblaze_0/bsp/system.mss|system||

TRACE::2026-03-02.09:15:57::SCWMssOS::Sw design exists and opened at  C:/Users/C27Bradford.Hurt/ece383_wksp/ice1/design_1_wrapper/microblaze_0/standalone_microblaze_0/bsp/system.mss
TRACE::2026-03-02.09:15:57::SCWPlatform::Trying to open the hw design at C:/Users/C27Bradford.Hurt/ece383_wksp/ice1/design_1_wrapper/hw/design_1_wrapper.xsa
TRACE::2026-03-02.09:15:57::SCWPlatform::DSA given C:/Users/C27Bradford.Hurt/ece383_wksp/ice1/design_1_wrapper/hw/design_1_wrapper.xsa
TRACE::2026-03-02.09:15:57::SCWPlatform::DSA absoulate path C:/Users/C27Bradford.Hurt/ece383_wksp/ice1/design_1_wrapper/hw/design_1_wrapper.xsa
TRACE::2026-03-02.09:15:57::SCWPlatform::DSA directory C:/Users/C27Bradford.Hurt/ece383_wksp/ice1/design_1_wrapper/hw
TRACE::2026-03-02.09:15:57::SCWPlatform:: Platform Path C:/Users/C27Bradford.Hurt/ece383_wksp/ice1/design_1_wrapper/hw/design_1_wrapper.xsa
TRACE::2026-03-02.09:15:57::SCWPlatform:: Unique name xilinx:nexys_video::0.0
TRACE::2026-03-02.09:15:57::SCWPlatform::Trying to set the existing hwdb with name design_1_wrapper_6
TRACE::2026-03-02.09:15:57::SCWPlatform::Opened existing hwdb design_1_wrapper_6
TRACE::2026-03-02.09:15:57::SCWPlatform::Found the Hw Db part of the input DSA
TRACE::2026-03-02.09:15:57::SCWMssOS::Checking the sw design at  C:/Users/C27Bradford.Hurt/ece383_wksp/ice1/design_1_wrapper/microblaze_0/standalone_microblaze_0/bsp/system.mss
TRACE::2026-03-02.09:15:57::SCWMssOS::DEBUG:  swdes dump  C:/Users/C27Bradford.Hurt/ece383_wksp/ice1/design_1_wrapper/microblaze_0/standalone_microblaze_0/bsp/system.mss|system||

TRACE::2026-03-02.09:15:57::SCWMssOS::Sw design exists and opened at  C:/Users/C27Bradford.Hurt/ece383_wksp/ice1/design_1_wrapper/microblaze_0/standalone_microblaze_0/bsp/system.mss
TRACE::2026-03-02.09:15:57::SCWWriter::formatted JSON is {
	"platformName":	"design_1_wrapper",
	"sprVersion":	"2.0",
	"mode":	"gui",
	"dsaType":	"Fixed",
	"platformDesc":	"design_1_wrapper",
	"platHandOff":	"<platformDir>.xsa",
	"platIntHandOff":	"<platformDir>/hw/design_1_wrapper.xsa",
	"deviceType":	"FPGA",
	"platIsPrebuiltAutogen":	"false",
	"platIsNoBootBsp":	"false",
	"hasFsblMakeHasChanges":	"false",
	"hasPmufwMakeHasChanges":	"false",
	"platPreBuiltFlag":	false,
	"platformSamplesDir":	"",
	"platActiveSys":	"design_1_wrapper",
	"systems":	[{
			"systemName":	"design_1_wrapper",
			"systemDesc":	"design_1_wrapper",
			"sysIsBootAutoGen":	"true",
			"systemDispName":	"design_1_wrapper",
			"sysActiveDom":	"standalone_microblaze_0",
			"sysDefaultDom":	"standalone_microblaze_0",
			"domains":	[{
					"domainName":	"standalone_microblaze_0",
					"domainDispName":	"standalone_microblaze_0",
					"domainDesc":	"standalone_microblaze_0",
					"processors":	"microblaze_0",
					"os":	"standalone",
					"sdxOs":	"standalone",
					"debugEnable":	"False",
					"domRuntimes":	["cpp"],
					"swRepo":	"",
					"mssOsVer":	"9.2",
					"mssFile":	"",
					"md5Digest":	"27f266669af8a91a539307f7b404e8b4",
					"compatibleApp":	"hello_world",
					"domType":	"mssDomain",
					"arch":	"32-bit",
					"appSettings":	{
						"appCompilerFlags":	"",
						"appLinkerFlags":	""
					},
					"addedLibs":	[],
					"libOptions":	{
						"libsContainingOptions":	[]
					},
					"prebuiltLibs":	{
						"prebuiltIncPath":	[],
						"prebuiltLibPath":	[]
					},
					"isolation":	{
					}
				}]
		}]
}
KEYINFO::2026-03-02.09:15:57::SCWPlatform::updated the xpfm file.
LOG::2026-03-02.09:16:10::SCWPlatform::Started generating the artifacts platform design_1_wrapper
TRACE::2026-03-02.09:16:10::SCWPlatform::Sanity checking of platform is completed
LOG::2026-03-02.09:16:10::SCWPlatform::Started generating the artifacts for system configuration design_1_wrapper
LOG::2026-03-02.09:16:10::SCWSystem::Checking the domain standalone_microblaze_0
LOG::2026-03-02.09:16:10::SCWSystem::Not a boot domain 
LOG::2026-03-02.09:16:10::SCWSystem::Started Processing the domain standalone_microblaze_0
TRACE::2026-03-02.09:16:10::SCWDomain::Generating domain artifcats
TRACE::2026-03-02.09:16:10::SCWMssOS::Generating standalone artifcats
TRACE::2026-03-02.09:16:10::SCWMssOS:: Copying the user libraries. 
TRACE::2026-03-02.09:16:10::SCWPlatform::Trying to open the hw design at C:/Users/C27Bradford.Hurt/ece383_wksp/ice1/design_1_wrapper/hw/design_1_wrapper.xsa
TRACE::2026-03-02.09:16:10::SCWPlatform::DSA given C:/Users/C27Bradford.Hurt/ece383_wksp/ice1/design_1_wrapper/hw/design_1_wrapper.xsa
TRACE::2026-03-02.09:16:10::SCWPlatform::DSA absoulate path C:/Users/C27Bradford.Hurt/ece383_wksp/ice1/design_1_wrapper/hw/design_1_wrapper.xsa
TRACE::2026-03-02.09:16:10::SCWPlatform::DSA directory C:/Users/C27Bradford.Hurt/ece383_wksp/ice1/design_1_wrapper/hw
TRACE::2026-03-02.09:16:10::SCWPlatform:: Platform Path C:/Users/C27Bradford.Hurt/ece383_wksp/ice1/design_1_wrapper/hw/design_1_wrapper.xsa
TRACE::2026-03-02.09:16:10::SCWPlatform:: Unique name xilinx:nexys_video::0.0
TRACE::2026-03-02.09:16:10::SCWPlatform::Trying to set the existing hwdb with name design_1_wrapper_6
TRACE::2026-03-02.09:16:10::SCWPlatform::Opened existing hwdb design_1_wrapper_6
TRACE::2026-03-02.09:16:10::SCWPlatform::Found the Hw Db part of the input DSA
TRACE::2026-03-02.09:16:10::SCWMssOS::Checking the sw design at  C:/Users/C27Bradford.Hurt/ece383_wksp/ice1/design_1_wrapper/microblaze_0/standalone_microblaze_0/bsp/system.mss
TRACE::2026-03-02.09:16:10::SCWMssOS::DEBUG:  swdes dump  C:/Users/C27Bradford.Hurt/ece383_wksp/ice1/design_1_wrapper/microblaze_0/standalone_microblaze_0/bsp/system.mss|system||

TRACE::2026-03-02.09:16:10::SCWMssOS::Sw design exists and opened at  C:/Users/C27Bradford.Hurt/ece383_wksp/ice1/design_1_wrapper/microblaze_0/standalone_microblaze_0/bsp/system.mss
TRACE::2026-03-02.09:16:10::SCWMssOS::Completed writing the mss file at C:/Users/C27Bradford.Hurt/ece383_wksp/ice1/design_1_wrapper/microblaze_0/standalone_microblaze_0/bsp
TRACE::2026-03-02.09:16:10::SCWMssOS::Mss edits present, copying mssfile into export location C:/Users/C27Bradford.Hurt/ece383_wksp/ice1/design_1_wrapper/microblaze_0/standalone_microblaze_0/bsp/system.mss
TRACE::2026-03-02.09:16:10::SCWMssOS::bsp generated is upto date with the mss file. Skipping bsp generation.
TRACE::2026-03-02.09:16:10::SCWMssOS::BSP is already built. skipping the bsp build ... 
TRACE::2026-03-02.09:16:10::SCWDomain::Building the domain as part of full build :  standalone_microblaze_0
TRACE::2026-03-02.09:16:10::SCWMssOS::doing bsp build ... 
TRACE::2026-03-02.09:16:10::SCWMssOS::System Command Ran  C: & cd  C:/Users/C27Bradford.Hurt/ece383_wksp/ice1/design_1_wrapper/microblaze_0/standalone_microblaze_0/bsp & make 
TRACE::2026-03-02.09:16:10::SCWMssOS::make --no-print-directory seq_libs

TRACE::2026-03-02.09:16:10::SCWMssOS::'Finished building libraries sequentially.'

TRACE::2026-03-02.09:16:10::SCWMssOS::make -j 14 --no-print-directory par_libs

TRACE::2026-03-02.09:16:10::SCWMssOS::"Running Make include in microblaze_0/libsrc/bram_v4_11/src"

TRACE::2026-03-02.09:16:10::SCWMssOS::make -C microblaze_0/libsrc/bram_v4_11/src -s include  "SHELL=CMD" "COMPILER=mb-gcc" "ASSEMBLER=mb-as" "ARCHIVER=mb-ar" "COMPIL
TRACE::2026-03-02.09:16:10::SCWMssOS::ER_FLAGS=  -O2 -c -mcpu=v11.0 -mlittle-endian -mxl-soft-mul" "EXTRA_COMPILER_FLAGS=-g -ffunction-sections -fdata-sections -Wall
TRACE::2026-03-02.09:16:10::SCWMssOS:: -Wextra -fno-tree-loop-distribute-patterns"

TRACE::2026-03-02.09:16:10::SCWMssOS::"Running Make include in microblaze_0/libsrc/cpu_v2_18/src"

TRACE::2026-03-02.09:16:10::SCWMssOS::make -C microblaze_0/libsrc/cpu_v2_18/src -s include  "SHELL=CMD" "COMPILER=mb-gcc" "ASSEMBLER=mb-as" "ARCHIVER=mb-ar" "COMPILE
TRACE::2026-03-02.09:16:10::SCWMssOS::R_FLAGS=  -O2 -c -mcpu=v11.0 -mlittle-endian -mxl-soft-mul" "EXTRA_COMPILER_FLAGS=-g -ffunction-sections -fdata-sections -Wall 
TRACE::2026-03-02.09:16:10::SCWMssOS::-Wextra -fno-tree-loop-distribute-patterns"

TRACE::2026-03-02.09:16:10::SCWMssOS::"Running Make include in microblaze_0/libsrc/standalone_v9_2/src"

TRACE::2026-03-02.09:16:10::SCWMssOS::make -C microblaze_0/libsrc/standalone_v9_2/src -s include  "SHELL=CMD" "COMPILER=mb-gcc" "ASSEMBLER=mb-as" "ARCHIVER=mb-ar" "C
TRACE::2026-03-02.09:16:10::SCWMssOS::OMPILER_FLAGS=  -O2 -c -mcpu=v11.0 -mlittle-endian -mxl-soft-mul" "EXTRA_COMPILER_FLAGS=-g -ffunction-sections -fdata-sections 
TRACE::2026-03-02.09:16:10::SCWMssOS::-Wall -Wextra -fno-tree-loop-distribute-patterns"

TRACE::2026-03-02.09:16:10::SCWMssOS::"Running Make include in microblaze_0/libsrc/uartlite_v3_11/src"

TRACE::2026-03-02.09:16:10::SCWMssOS::make -C microblaze_0/libsrc/uartlite_v3_11/src -s include  "SHELL=CMD" "COMPILER=mb-gcc" "ASSEMBLER=mb-as" "ARCHIVER=mb-ar" "CO
TRACE::2026-03-02.09:16:10::SCWMssOS::MPILER_FLAGS=  -O2 -c -mcpu=v11.0 -mlittle-endian -mxl-soft-mul" "EXTRA_COMPILER_FLAGS=-g -ffunction-sections -fdata-sections -
TRACE::2026-03-02.09:16:10::SCWMssOS::Wall -Wextra -fno-tree-loop-distribute-patterns"

TRACE::2026-03-02.09:16:11::SCWMssOS::"Running Make libs in microblaze_0/libsrc/bram_v4_11/src"

TRACE::2026-03-02.09:16:11::SCWMssOS::make -C microblaze_0/libsrc/bram_v4_11/src -s libs  "SHELL=CMD" "COMPILER=mb-gcc" "ASSEMBLER=mb-as" "ARCHIVER=mb-ar" "COMPILER_
TRACE::2026-03-02.09:16:11::SCWMssOS::FLAGS=  -O2 -c -mcpu=v11.0 -mlittle-endian -mxl-soft-mul" "EXTRA_COMPILER_FLAGS=-g -ffunction-sections -fdata-sections -Wall -W
TRACE::2026-03-02.09:16:11::SCWMssOS::extra -fno-tree-loop-distribute-patterns"

TRACE::2026-03-02.09:16:11::SCWMssOS::"Running Make libs in microblaze_0/libsrc/cpu_v2_18/src"

TRACE::2026-03-02.09:16:11::SCWMssOS::make -C microblaze_0/libsrc/cpu_v2_18/src -s libs  "SHELL=CMD" "COMPILER=mb-gcc" "ASSEMBLER=mb-as" "ARCHIVER=mb-ar" "COMPILER_F
TRACE::2026-03-02.09:16:11::SCWMssOS::LAGS=  -O2 -c -mcpu=v11.0 -mlittle-endian -mxl-soft-mul" "EXTRA_COMPILER_FLAGS=-g -ffunction-sections -fdata-sections -Wall -We
TRACE::2026-03-02.09:16:11::SCWMssOS::xtra -fno-tree-loop-distribute-patterns"

TRACE::2026-03-02.09:16:11::SCWMssOS::"Running Make libs in microblaze_0/libsrc/standalone_v9_2/src"

TRACE::2026-03-02.09:16:11::SCWMssOS::make -C microblaze_0/libsrc/standalone_v9_2/src -s libs  "SHELL=CMD" "COMPILER=mb-gcc" "ASSEMBLER=mb-as" "ARCHIVER=mb-ar" "COMP
TRACE::2026-03-02.09:16:11::SCWMssOS::ILER_FLAGS=  -O2 -c -mcpu=v11.0 -mlittle-endian -mxl-soft-mul" "EXTRA_COMPILER_FLAGS=-g -ffunction-sections -fdata-sections -Wa
TRACE::2026-03-02.09:16:11::SCWMssOS::ll -Wextra -fno-tree-loop-distribute-patterns"

TRACE::2026-03-02.09:16:11::SCWMssOS::"Running Make libs in microblaze_0/libsrc/uartlite_v3_11/src"

TRACE::2026-03-02.09:16:11::SCWMssOS::make -C microblaze_0/libsrc/uartlite_v3_11/src -s libs  "SHELL=CMD" "COMPILER=mb-gcc" "ASSEMBLER=mb-as" "ARCHIVER=mb-ar" "COMPI
TRACE::2026-03-02.09:16:11::SCWMssOS::LER_FLAGS=  -O2 -c -mcpu=v11.0 -mlittle-endian -mxl-soft-mul" "EXTRA_COMPILER_FLAGS=-g -ffunction-sections -fdata-sections -Wal
TRACE::2026-03-02.09:16:11::SCWMssOS::l -Wextra -fno-tree-loop-distribute-patterns"

TRACE::2026-03-02.09:16:13::SCWMssOS::"DEBUG NON_LTO_OBJECTS is ../../../lib/microblaze_interrupt_handler.o"

TRACE::2026-03-02.09:16:14::SCWMssOS::'Finished building libraries parallelly.'

TRACE::2026-03-02.09:16:14::SCWMssOS::make --no-print-directory archive

TRACE::2026-03-02.09:16:14::SCWMssOS::mb-ar -r  microblaze_0/lib/libxil.a microblaze_0/lib/_exit.o microblaze_0/lib/errno.o microblaze_0/lib/fcntl.o microblaze_0/lib
TRACE::2026-03-02.09:16:14::SCWMssOS::/hw_exception_handler.o microblaze_0/lib/inbyte.o microblaze_0/lib/microblaze_disable_dcache.o microblaze_0/lib/microblaze_disa
TRACE::2026-03-02.09:16:14::SCWMssOS::ble_exceptions.o microblaze_0/lib/microblaze_disable_icache.o microblaze_0/lib/microblaze_disable_interrupts.o microblaze_0/lib
TRACE::2026-03-02.09:16:14::SCWMssOS::/microblaze_enable_dcache.o microblaze_0/lib/microblaze_enable_exceptions.o microblaze_0/lib/microblaze_enable_icache.o microbl
TRACE::2026-03-02.09:16:14::SCWMssOS::aze_0/lib/microblaze_enable_interrupts.o microblaze_0/lib/microblaze_exception_handler.o microblaze_0/lib/microblaze_flush_cach
TRACE::2026-03-02.09:16:14::SCWMssOS::e_ext.o microblaze_0/lib/microblaze_flush_cache_ext_range.o microblaze_0/lib/microblaze_flush_dcache.o microblaze_0/lib/microbl
TRACE::2026-03-02.09:16:14::SCWMssOS::aze_flush_dcache_range.o microblaze_0/lib/microblaze_init_dcache_range.o microblaze_0/lib/microblaze_init_icache_range.o microb
TRACE::2026-03-02.09:16:14::SCWMssOS::laze_0/lib/microblaze_interrupt_handler.o microblaze_0/lib/microblaze_interrupts_g.o microblaze_0/lib/microblaze_invalidate_cac
TRACE::2026-03-02.09:16:14::SCWMssOS::he_ext.o microblaze_0/lib/microblaze_invalidate_cache_ext_range.o microblaze_0/lib/microblaze_invalidate_dcache.o microblaze_0/
TRACE::2026-03-02.09:16:14::SCWMssOS::lib/microblaze_invalidate_dcache_range.o microblaze_0/lib/microblaze_invalidate_icache.o microblaze_0/lib/microblaze_invalidate
TRACE::2026-03-02.09:16:14::SCWMssOS::_icache_range.o microblaze_0/lib/microblaze_scrub.o microblaze_0/lib/microblaze_selftest.o microblaze_0/lib/microblaze_sleep.o 
TRACE::2026-03-02.09:16:14::SCWMssOS::microblaze_0/lib/microblaze_update_dcache.o microblaze_0/lib/microblaze_update_icache.o microblaze_0/lib/outbyte.o microblaze_0
TRACE::2026-03-02.09:16:14::SCWMssOS::/lib/print.o microblaze_0/lib/pvr.o microblaze_0/lib/xbram.o microblaze_0/lib/xbram_g.o microblaze_0/lib/xbram_intr.o microblaz
TRACE::2026-03-02.09:16:14::SCWMssOS::e_0/lib/xbram_selftest.o microblaze_0/lib/xbram_sinit.o microblaze_0/lib/xil_assert.o microblaze_0/lib/xil_cache.o microblaze_0
TRACE::2026-03-02.09:16:14::SCWMssOS::/lib/xil_clocking.o microblaze_0/lib/xil_exception.o microblaze_0/lib/xil_mem.o microblaze_0/lib/xil_misc_psreset_api.o microbl
TRACE::2026-03-02.09:16:14::SCWMssOS::aze_0/lib/xil_printf.o microblaze_0/lib/xil_sleepcommon.o microblaze_0/lib/xil_sutil.o microblaze_0/lib/xil_testcache.o microbl
TRACE::2026-03-02.09:16:14::SCWMssOS::aze_0/lib/xil_testio.o microblaze_0/lib/xil_testmem.o microblaze_0/lib/xil_util.o microblaze_0/lib/xinterrupt_wrap.o microblaze
TRACE::2026-03-02.09:16:14::SCWMssOS::_0/lib/xio.o microblaze_0/lib/xplatform_info.o microblaze_0/lib/xpm_init.o microblaze_0/lib/xuartlite.o microblaze_0/lib/xuartl
TRACE::2026-03-02.09:16:14::SCWMssOS::ite_g.o microblaze_0/lib/xuartlite_intr.o microblaze_0/lib/xuartlite_l.o microblaze_0/lib/xuartlite_selftest.o microblaze_0/lib
TRACE::2026-03-02.09:16:14::SCWMssOS::/xuartlite_sinit.o microblaze_0/lib/xuartlite_stats.o

TRACE::2026-03-02.09:16:14::SCWMssOS::'Finished building libraries'

TRACE::2026-03-02.09:16:14::SCWMssOS::Copying to export directory.
TRACE::2026-03-02.09:16:15::SCWMssOS:: Checking if to create the Supporting Applications
TRACE::2026-03-02.09:16:15::SCWMssOS:: No Linux domain exists, trying to generate FSBL 
LOG::2026-03-02.09:16:15::SCWSystem::Completed Processing the domain standalone_microblaze_0
LOG::2026-03-02.09:16:15::SCWSystem::Completed Processing the sysconfig design_1_wrapper
LOG::2026-03-02.09:16:15::SCWPlatform::Completed generating the artifacts for system configuration design_1_wrapper
TRACE::2026-03-02.09:16:15::SCWPlatform::Started preparing the platform 
TRACE::2026-03-02.09:16:15::SCWSystem::Writing the bif file for system config design_1_wrapper
TRACE::2026-03-02.09:16:15::SCWSystem::dir created 
TRACE::2026-03-02.09:16:15::SCWSystem::Writing the bif 
TRACE::2026-03-02.09:16:15::SCWPlatform::Started writing the spfm file 
TRACE::2026-03-02.09:16:15::SCWPlatform::Started writing the xpfm file 
TRACE::2026-03-02.09:16:15::SCWPlatform::Completed generating the platform
TRACE::2026-03-02.09:16:15::SCWMssOS::Saving the mss changes C:/Users/C27Bradford.Hurt/ece383_wksp/ice1/design_1_wrapper/microblaze_0/standalone_microblaze_0/bsp/system.mss
TRACE::2026-03-02.09:16:15::SCWMssOS::Found a swdesign opened with the mssfile.
TRACE::2026-03-02.09:16:15::SCWMssOS::Completed writemss as part of save.
TRACE::2026-03-02.09:16:15::SCWMssOS::Commit changes completed.
TRACE::2026-03-02.09:16:15::SCWPlatform::Trying to open the hw design at C:/Users/C27Bradford.Hurt/ece383_wksp/ice1/design_1_wrapper/hw/design_1_wrapper.xsa
TRACE::2026-03-02.09:16:15::SCWPlatform::DSA given C:/Users/C27Bradford.Hurt/ece383_wksp/ice1/design_1_wrapper/hw/design_1_wrapper.xsa
TRACE::2026-03-02.09:16:15::SCWPlatform::DSA absoulate path C:/Users/C27Bradford.Hurt/ece383_wksp/ice1/design_1_wrapper/hw/design_1_wrapper.xsa
TRACE::2026-03-02.09:16:15::SCWPlatform::DSA directory C:/Users/C27Bradford.Hurt/ece383_wksp/ice1/design_1_wrapper/hw
TRACE::2026-03-02.09:16:15::SCWPlatform:: Platform Path C:/Users/C27Bradford.Hurt/ece383_wksp/ice1/design_1_wrapper/hw/design_1_wrapper.xsa
TRACE::2026-03-02.09:16:15::SCWPlatform:: Unique name xilinx:nexys_video::0.0
TRACE::2026-03-02.09:16:15::SCWPlatform::Trying to set the existing hwdb with name design_1_wrapper_6
TRACE::2026-03-02.09:16:15::SCWPlatform::Opened existing hwdb design_1_wrapper_6
TRACE::2026-03-02.09:16:15::SCWPlatform::Found the Hw Db part of the input DSA
TRACE::2026-03-02.09:16:15::SCWMssOS::Checking the sw design at  C:/Users/C27Bradford.Hurt/ece383_wksp/ice1/design_1_wrapper/microblaze_0/standalone_microblaze_0/bsp/system.mss
TRACE::2026-03-02.09:16:15::SCWMssOS::DEBUG:  swdes dump  C:/Users/C27Bradford.Hurt/ece383_wksp/ice1/design_1_wrapper/microblaze_0/standalone_microblaze_0/bsp/system.mss|system||

TRACE::2026-03-02.09:16:15::SCWMssOS::Sw design exists and opened at  C:/Users/C27Bradford.Hurt/ece383_wksp/ice1/design_1_wrapper/microblaze_0/standalone_microblaze_0/bsp/system.mss
TRACE::2026-03-02.09:16:15::SCWPlatform::Trying to open the hw design at C:/Users/C27Bradford.Hurt/ece383_wksp/ice1/design_1_wrapper/hw/design_1_wrapper.xsa
TRACE::2026-03-02.09:16:15::SCWPlatform::DSA given C:/Users/C27Bradford.Hurt/ece383_wksp/ice1/design_1_wrapper/hw/design_1_wrapper.xsa
TRACE::2026-03-02.09:16:15::SCWPlatform::DSA absoulate path C:/Users/C27Bradford.Hurt/ece383_wksp/ice1/design_1_wrapper/hw/design_1_wrapper.xsa
TRACE::2026-03-02.09:16:15::SCWPlatform::DSA directory C:/Users/C27Bradford.Hurt/ece383_wksp/ice1/design_1_wrapper/hw
TRACE::2026-03-02.09:16:15::SCWPlatform:: Platform Path C:/Users/C27Bradford.Hurt/ece383_wksp/ice1/design_1_wrapper/hw/design_1_wrapper.xsa
TRACE::2026-03-02.09:16:15::SCWPlatform:: Unique name xilinx:nexys_video::0.0
TRACE::2026-03-02.09:16:15::SCWPlatform::Trying to set the existing hwdb with name design_1_wrapper_6
TRACE::2026-03-02.09:16:15::SCWPlatform::Opened existing hwdb design_1_wrapper_6
TRACE::2026-03-02.09:16:15::SCWPlatform::Found the Hw Db part of the input DSA
TRACE::2026-03-02.09:16:15::SCWMssOS::Checking the sw design at  C:/Users/C27Bradford.Hurt/ece383_wksp/ice1/design_1_wrapper/microblaze_0/standalone_microblaze_0/bsp/system.mss
TRACE::2026-03-02.09:16:15::SCWMssOS::DEBUG:  swdes dump  C:/Users/C27Bradford.Hurt/ece383_wksp/ice1/design_1_wrapper/microblaze_0/standalone_microblaze_0/bsp/system.mss|system||

TRACE::2026-03-02.09:16:15::SCWMssOS::Sw design exists and opened at  C:/Users/C27Bradford.Hurt/ece383_wksp/ice1/design_1_wrapper/microblaze_0/standalone_microblaze_0/bsp/system.mss
TRACE::2026-03-02.09:16:15::SCWPlatform::Trying to open the hw design at C:/Users/C27Bradford.Hurt/ece383_wksp/ice1/design_1_wrapper/hw/design_1_wrapper.xsa
TRACE::2026-03-02.09:16:15::SCWPlatform::DSA given C:/Users/C27Bradford.Hurt/ece383_wksp/ice1/design_1_wrapper/hw/design_1_wrapper.xsa
TRACE::2026-03-02.09:16:15::SCWPlatform::DSA absoulate path C:/Users/C27Bradford.Hurt/ece383_wksp/ice1/design_1_wrapper/hw/design_1_wrapper.xsa
TRACE::2026-03-02.09:16:15::SCWPlatform::DSA directory C:/Users/C27Bradford.Hurt/ece383_wksp/ice1/design_1_wrapper/hw
TRACE::2026-03-02.09:16:15::SCWPlatform:: Platform Path C:/Users/C27Bradford.Hurt/ece383_wksp/ice1/design_1_wrapper/hw/design_1_wrapper.xsa
TRACE::2026-03-02.09:16:15::SCWPlatform:: Unique name xilinx:nexys_video::0.0
TRACE::2026-03-02.09:16:15::SCWPlatform::Trying to set the existing hwdb with name design_1_wrapper_6
TRACE::2026-03-02.09:16:15::SCWPlatform::Opened existing hwdb design_1_wrapper_6
TRACE::2026-03-02.09:16:15::SCWPlatform::Found the Hw Db part of the input DSA
TRACE::2026-03-02.09:16:15::SCWMssOS::Checking the sw design at  C:/Users/C27Bradford.Hurt/ece383_wksp/ice1/design_1_wrapper/microblaze_0/standalone_microblaze_0/bsp/system.mss
TRACE::2026-03-02.09:16:15::SCWMssOS::DEBUG:  swdes dump  C:/Users/C27Bradford.Hurt/ece383_wksp/ice1/design_1_wrapper/microblaze_0/standalone_microblaze_0/bsp/system.mss|system||

TRACE::2026-03-02.09:16:15::SCWMssOS::Sw design exists and opened at  C:/Users/C27Bradford.Hurt/ece383_wksp/ice1/design_1_wrapper/microblaze_0/standalone_microblaze_0/bsp/system.mss
TRACE::2026-03-02.09:16:15::SCWWriter::formatted JSON is {
	"platformName":	"design_1_wrapper",
	"sprVersion":	"2.0",
	"mode":	"gui",
	"dsaType":	"Fixed",
	"platformDesc":	"design_1_wrapper",
	"platHandOff":	"<platformDir>.xsa",
	"platIntHandOff":	"<platformDir>/hw/design_1_wrapper.xsa",
	"deviceType":	"FPGA",
	"platIsPrebuiltAutogen":	"false",
	"platIsNoBootBsp":	"false",
	"hasFsblMakeHasChanges":	"false",
	"hasPmufwMakeHasChanges":	"false",
	"platPreBuiltFlag":	false,
	"platformSamplesDir":	"",
	"platActiveSys":	"design_1_wrapper",
	"systems":	[{
			"systemName":	"design_1_wrapper",
			"systemDesc":	"design_1_wrapper",
			"sysIsBootAutoGen":	"true",
			"systemDispName":	"design_1_wrapper",
			"sysActiveDom":	"standalone_microblaze_0",
			"sysDefaultDom":	"standalone_microblaze_0",
			"domains":	[{
					"domainName":	"standalone_microblaze_0",
					"domainDispName":	"standalone_microblaze_0",
					"domainDesc":	"standalone_microblaze_0",
					"processors":	"microblaze_0",
					"os":	"standalone",
					"sdxOs":	"standalone",
					"debugEnable":	"False",
					"domRuntimes":	["cpp"],
					"swRepo":	"",
					"mssOsVer":	"9.2",
					"mssFile":	"",
					"md5Digest":	"27f266669af8a91a539307f7b404e8b4",
					"compatibleApp":	"hello_world",
					"domType":	"mssDomain",
					"arch":	"32-bit",
					"appSettings":	{
						"appCompilerFlags":	"",
						"appLinkerFlags":	""
					},
					"addedLibs":	[],
					"libOptions":	{
						"libsContainingOptions":	[]
					},
					"prebuiltLibs":	{
						"prebuiltIncPath":	[],
						"prebuiltLibPath":	[]
					},
					"isolation":	{
					}
				}]
		}]
}
KEYINFO::2026-03-02.09:16:15::SCWPlatform::updated the xpfm file.
TRACE::2026-03-02.09:16:15::SCWPlatform::Trying to open the hw design at C:/Users/C27Bradford.Hurt/ece383_wksp/ice1/design_1_wrapper/hw/design_1_wrapper.xsa
TRACE::2026-03-02.09:16:15::SCWPlatform::DSA given C:/Users/C27Bradford.Hurt/ece383_wksp/ice1/design_1_wrapper/hw/design_1_wrapper.xsa
TRACE::2026-03-02.09:16:15::SCWPlatform::DSA absoulate path C:/Users/C27Bradford.Hurt/ece383_wksp/ice1/design_1_wrapper/hw/design_1_wrapper.xsa
TRACE::2026-03-02.09:16:15::SCWPlatform::DSA directory C:/Users/C27Bradford.Hurt/ece383_wksp/ice1/design_1_wrapper/hw
TRACE::2026-03-02.09:16:15::SCWPlatform:: Platform Path C:/Users/C27Bradford.Hurt/ece383_wksp/ice1/design_1_wrapper/hw/design_1_wrapper.xsa
TRACE::2026-03-02.09:16:15::SCWPlatform:: Unique name xilinx:nexys_video::0.0
TRACE::2026-03-02.09:16:15::SCWPlatform::Trying to set the existing hwdb with name design_1_wrapper_6
TRACE::2026-03-02.09:16:15::SCWPlatform::Opened existing hwdb design_1_wrapper_6
TRACE::2026-03-02.09:16:15::SCWPlatform::Found the Hw Db part of the input DSA
TRACE::2026-03-02.09:16:15::SCWMssOS::Checking the sw design at  C:/Users/C27Bradford.Hurt/ece383_wksp/ice1/design_1_wrapper/microblaze_0/standalone_microblaze_0/bsp/system.mss
TRACE::2026-03-02.09:16:15::SCWMssOS::DEBUG:  swdes dump  C:/Users/C27Bradford.Hurt/ece383_wksp/ice1/design_1_wrapper/microblaze_0/standalone_microblaze_0/bsp/system.mss|system||

TRACE::2026-03-02.09:16:15::SCWMssOS::Sw design exists and opened at  C:/Users/C27Bradford.Hurt/ece383_wksp/ice1/design_1_wrapper/microblaze_0/standalone_microblaze_0/bsp/system.mss
