TRACE::2026-03-18.08:25:50::SCWPlatform::Trying to open the hw design at C:/Users/C27Bradford.Hurt/ece383_wksp/lab3_2/design_1_wrapper/hw/design_1_wrapper.xsa
TRACE::2026-03-18.08:25:50::SCWPlatform::DSA given C:/Users/C27Bradford.Hurt/ece383_wksp/lab3_2/design_1_wrapper/hw/design_1_wrapper.xsa
TRACE::2026-03-18.08:25:50::SCWPlatform::DSA absoulate path C:/Users/C27Bradford.Hurt/ece383_wksp/lab3_2/design_1_wrapper/hw/design_1_wrapper.xsa
TRACE::2026-03-18.08:25:50::SCWPlatform::DSA directory C:/Users/C27Bradford.Hurt/ece383_wksp/lab3_2/design_1_wrapper/hw
TRACE::2026-03-18.08:25:50::SCWPlatform:: Platform Path C:/Users/C27Bradford.Hurt/ece383_wksp/lab3_2/design_1_wrapper/hw/design_1_wrapper.xsa
TRACE::2026-03-18.08:25:50::SCWPlatform:: Unique name xilinx:nexys_video::0.0
TRACE::2026-03-18.08:25:50::SCWPlatform::Do not have an existing db opened. 
TRACE::2026-03-18.08:25:50::SCWPlatform::Opened new HwDB with name design_1_wrapper_0
TRACE::2026-03-18.08:25:50::SCWWriter::formatted JSON is {
	"platformName":	"design_1_wrapper",
	"sprVersion":	"2.0",
	"mode":	"gui",
	"dsaType":	"Fixed",
	"platformDesc":	"design_1_wrapper",
	"platHandOff":	"<platformDir>.xsa",
	"platIntHandOff":	"<platformDir>/hw/design_1_wrapper.xsa",
	"deviceType":	"FPGA",
	"platIsPrebuiltAutogen":	"false",
	"platIsNoBootBsp":	"false",
	"hasFsblMakeHasChanges":	"false",
	"hasPmufwMakeHasChanges":	"false",
	"platPreBuiltFlag":	false,
	"platformSamplesDir":	""
}
TRACE::2026-03-18.08:25:50::SCWWriter::formatted JSON is {
	"platformName":	"design_1_wrapper",
	"sprVersion":	"2.0",
	"mode":	"gui",
	"dsaType":	"Fixed",
	"platformDesc":	"design_1_wrapper",
	"platHandOff":	"<platformDir>.xsa",
	"platIntHandOff":	"<platformDir>/hw/design_1_wrapper.xsa",
	"deviceType":	"FPGA",
	"platIsPrebuiltAutogen":	"false",
	"platIsNoBootBsp":	"false",
	"hasFsblMakeHasChanges":	"false",
	"hasPmufwMakeHasChanges":	"false",
	"platPreBuiltFlag":	false,
	"platformSamplesDir":	"",
	"platActiveSys":	"design_1_wrapper",
	"systems":	[{
			"systemName":	"design_1_wrapper",
			"systemDesc":	"design_1_wrapper",
			"sysIsBootAutoGen":	"true",
			"systemDispName":	"design_1_wrapper"
		}]
}
TRACE::2026-03-18.08:25:50::SCWPlatform::Boot application domains not present, creating them
TRACE::2026-03-18.08:25:50::SCWPlatform::Pure FPGA device, no boot application will be created.
TRACE::2026-03-18.08:25:50::SCWWriter::formatted JSON is {
	"platformName":	"design_1_wrapper",
	"sprVersion":	"2.0",
	"mode":	"gui",
	"dsaType":	"Fixed",
	"platformDesc":	"design_1_wrapper",
	"platHandOff":	"<platformDir>.xsa",
	"platIntHandOff":	"<platformDir>/hw/design_1_wrapper.xsa",
	"deviceType":	"FPGA",
	"platIsPrebuiltAutogen":	"false",
	"platIsNoBootBsp":	"false",
	"hasFsblMakeHasChanges":	"false",
	"hasPmufwMakeHasChanges":	"false",
	"platPreBuiltFlag":	false,
	"platformSamplesDir":	"",
	"platActiveSys":	"design_1_wrapper",
	"systems":	[{
			"systemName":	"design_1_wrapper",
			"systemDesc":	"design_1_wrapper",
			"sysIsBootAutoGen":	"true",
			"systemDispName":	"design_1_wrapper"
		}]
}
TRACE::2026-03-18.08:25:50::SCWWriter::formatted JSON is {
	"platformName":	"design_1_wrapper",
	"sprVersion":	"2.0",
	"mode":	"gui",
	"dsaType":	"Fixed",
	"platformDesc":	"design_1_wrapper",
	"platHandOff":	"<platformDir>.xsa",
	"platIntHandOff":	"<platformDir>/hw/design_1_wrapper.xsa",
	"deviceType":	"FPGA",
	"platIsPrebuiltAutogen":	"false",
	"platIsNoBootBsp":	"false",
	"hasFsblMakeHasChanges":	"false",
	"hasPmufwMakeHasChanges":	"false",
	"platPreBuiltFlag":	false,
	"platformSamplesDir":	"",
	"platActiveSys":	"design_1_wrapper",
	"systems":	[{
			"systemName":	"design_1_wrapper",
			"systemDesc":	"design_1_wrapper",
			"sysIsBootAutoGen":	"true",
			"systemDispName":	"design_1_wrapper"
		}]
}
TRACE::2026-03-18.08:25:51::SCWPlatform::Trying to open the hw design at C:/Users/C27Bradford.Hurt/ece383_wksp/lab3_2/design_1_wrapper/hw/design_1_wrapper.xsa
TRACE::2026-03-18.08:25:51::SCWPlatform::DSA given C:/Users/C27Bradford.Hurt/ece383_wksp/lab3_2/design_1_wrapper/hw/design_1_wrapper.xsa
TRACE::2026-03-18.08:25:51::SCWPlatform::DSA absoulate path C:/Users/C27Bradford.Hurt/ece383_wksp/lab3_2/design_1_wrapper/hw/design_1_wrapper.xsa
TRACE::2026-03-18.08:25:51::SCWPlatform::DSA directory C:/Users/C27Bradford.Hurt/ece383_wksp/lab3_2/design_1_wrapper/hw
TRACE::2026-03-18.08:25:51::SCWPlatform:: Platform Path C:/Users/C27Bradford.Hurt/ece383_wksp/lab3_2/design_1_wrapper/hw/design_1_wrapper.xsa
TRACE::2026-03-18.08:25:51::SCWPlatform:: Unique name xilinx:nexys_video::0.0
TRACE::2026-03-18.08:25:51::SCWPlatform::Trying to set the existing hwdb with name design_1_wrapper_0
TRACE::2026-03-18.08:25:51::SCWPlatform::Opened existing hwdb design_1_wrapper_0
TRACE::2026-03-18.08:25:51::SCWPlatform::Found the Hw Db part of the input DSA
TRACE::2026-03-18.08:25:51::SCWPlatform::Trying to open the hw design at C:/Users/C27Bradford.Hurt/ece383_wksp/lab3_2/design_1_wrapper/hw/design_1_wrapper.xsa
TRACE::2026-03-18.08:25:51::SCWPlatform::DSA given C:/Users/C27Bradford.Hurt/ece383_wksp/lab3_2/design_1_wrapper/hw/design_1_wrapper.xsa
TRACE::2026-03-18.08:25:51::SCWPlatform::DSA absoulate path C:/Users/C27Bradford.Hurt/ece383_wksp/lab3_2/design_1_wrapper/hw/design_1_wrapper.xsa
TRACE::2026-03-18.08:25:51::SCWPlatform::DSA directory C:/Users/C27Bradford.Hurt/ece383_wksp/lab3_2/design_1_wrapper/hw
TRACE::2026-03-18.08:25:51::SCWPlatform:: Platform Path C:/Users/C27Bradford.Hurt/ece383_wksp/lab3_2/design_1_wrapper/hw/design_1_wrapper.xsa
TRACE::2026-03-18.08:25:51::SCWPlatform:: Unique name xilinx:nexys_video::0.0
TRACE::2026-03-18.08:25:51::SCWPlatform::Trying to set the existing hwdb with name design_1_wrapper_0
TRACE::2026-03-18.08:25:51::SCWPlatform::Opened existing hwdb design_1_wrapper_0
TRACE::2026-03-18.08:25:51::SCWPlatform::Found the Hw Db part of the input DSA
TRACE::2026-03-18.08:25:51::SCWDomain::checking for install qemu data   : 
TRACE::2026-03-18.08:25:51::SCWPlatform::Trying to open the hw design at C:/Users/C27Bradford.Hurt/ece383_wksp/lab3_2/design_1_wrapper/hw/design_1_wrapper.xsa
TRACE::2026-03-18.08:25:51::SCWPlatform::DSA given C:/Users/C27Bradford.Hurt/ece383_wksp/lab3_2/design_1_wrapper/hw/design_1_wrapper.xsa
TRACE::2026-03-18.08:25:51::SCWPlatform::DSA absoulate path C:/Users/C27Bradford.Hurt/ece383_wksp/lab3_2/design_1_wrapper/hw/design_1_wrapper.xsa
TRACE::2026-03-18.08:25:51::SCWPlatform::DSA directory C:/Users/C27Bradford.Hurt/ece383_wksp/lab3_2/design_1_wrapper/hw
TRACE::2026-03-18.08:25:51::SCWPlatform:: Platform Path C:/Users/C27Bradford.Hurt/ece383_wksp/lab3_2/design_1_wrapper/hw/design_1_wrapper.xsa
TRACE::2026-03-18.08:25:51::SCWPlatform:: Unique name xilinx:nexys_video::0.0
TRACE::2026-03-18.08:25:51::SCWPlatform::Trying to set the existing hwdb with name design_1_wrapper_0
TRACE::2026-03-18.08:25:51::SCWPlatform::Opened existing hwdb design_1_wrapper_0
TRACE::2026-03-18.08:25:51::SCWPlatform::Found the Hw Db part of the input DSA
TRACE::2026-03-18.08:25:51::SCWPlatform::Trying to open the hw design at C:/Users/C27Bradford.Hurt/ece383_wksp/lab3_2/design_1_wrapper/hw/design_1_wrapper.xsa
TRACE::2026-03-18.08:25:51::SCWPlatform::DSA given C:/Users/C27Bradford.Hurt/ece383_wksp/lab3_2/design_1_wrapper/hw/design_1_wrapper.xsa
TRACE::2026-03-18.08:25:51::SCWPlatform::DSA absoulate path C:/Users/C27Bradford.Hurt/ece383_wksp/lab3_2/design_1_wrapper/hw/design_1_wrapper.xsa
TRACE::2026-03-18.08:25:51::SCWPlatform::DSA directory C:/Users/C27Bradford.Hurt/ece383_wksp/lab3_2/design_1_wrapper/hw
TRACE::2026-03-18.08:25:51::SCWPlatform:: Platform Path C:/Users/C27Bradford.Hurt/ece383_wksp/lab3_2/design_1_wrapper/hw/design_1_wrapper.xsa
TRACE::2026-03-18.08:25:51::SCWPlatform:: Unique name xilinx:nexys_video::0.0
TRACE::2026-03-18.08:25:51::SCWPlatform::Trying to set the existing hwdb with name design_1_wrapper_0
TRACE::2026-03-18.08:25:51::SCWPlatform::Opened existing hwdb design_1_wrapper_0
TRACE::2026-03-18.08:25:51::SCWPlatform::Found the Hw Db part of the input DSA
TRACE::2026-03-18.08:25:51::SCWPlatform::Trying to open the hw design at C:/Users/C27Bradford.Hurt/ece383_wksp/lab3_2/design_1_wrapper/hw/design_1_wrapper.xsa
TRACE::2026-03-18.08:25:51::SCWPlatform::DSA given C:/Users/C27Bradford.Hurt/ece383_wksp/lab3_2/design_1_wrapper/hw/design_1_wrapper.xsa
TRACE::2026-03-18.08:25:51::SCWPlatform::DSA absoulate path C:/Users/C27Bradford.Hurt/ece383_wksp/lab3_2/design_1_wrapper/hw/design_1_wrapper.xsa
TRACE::2026-03-18.08:25:51::SCWPlatform::DSA directory C:/Users/C27Bradford.Hurt/ece383_wksp/lab3_2/design_1_wrapper/hw
TRACE::2026-03-18.08:25:51::SCWPlatform:: Platform Path C:/Users/C27Bradford.Hurt/ece383_wksp/lab3_2/design_1_wrapper/hw/design_1_wrapper.xsa
TRACE::2026-03-18.08:25:51::SCWPlatform:: Unique name xilinx:nexys_video::0.0
TRACE::2026-03-18.08:25:51::SCWPlatform::Trying to set the existing hwdb with name design_1_wrapper_0
TRACE::2026-03-18.08:25:51::SCWPlatform::Opened existing hwdb design_1_wrapper_0
TRACE::2026-03-18.08:25:51::SCWPlatform::Found the Hw Db part of the input DSA
TRACE::2026-03-18.08:25:51::SCWMssOS::Checking the sw design at  C:/Users/C27Bradford.Hurt/ece383_wksp/lab3_2/design_1_wrapper/microblaze_0/standalone_microblaze_0/bsp/system.mss
TRACE::2026-03-18.08:25:51::SCWMssOS::DEBUG:  swdes dump  
TRACE::2026-03-18.08:25:51::SCWMssOS::No sw design opened at  C:/Users/C27Bradford.Hurt/ece383_wksp/lab3_2/design_1_wrapper/microblaze_0/standalone_microblaze_0/bsp/system.mss
TRACE::2026-03-18.08:25:51::SCWMssOS::mss does not exists at C:/Users/C27Bradford.Hurt/ece383_wksp/lab3_2/design_1_wrapper/microblaze_0/standalone_microblaze_0/bsp/system.mss
TRACE::2026-03-18.08:25:51::SCWMssOS::Creating sw design at  C:/Users/C27Bradford.Hurt/ece383_wksp/lab3_2/design_1_wrapper/microblaze_0/standalone_microblaze_0/bsp/system.mss
TRACE::2026-03-18.08:25:51::SCWMssOS::Adding the swdes entry, created swdb C:/Users/C27Bradford.Hurt/ece383_wksp/lab3_2/design_1_wrapper/microblaze_0/standalone_microblaze_0/bsp/system.mss with des name C:/Users/C27Bradford.Hurt/ece383_wksp/lab3_2/design_1_wrapper/microblaze_0/standalone_microblaze_0/bsp/system.mss
TRACE::2026-03-18.08:25:51::SCWMssOS::updating the scw layer changes to swdes at   C:/Users/C27Bradford.Hurt/ece383_wksp/lab3_2/design_1_wrapper/microblaze_0/standalone_microblaze_0/bsp/system.mss
TRACE::2026-03-18.08:25:51::SCWMssOS::Writing mss at C:/Users/C27Bradford.Hurt/ece383_wksp/lab3_2/design_1_wrapper/microblaze_0/standalone_microblaze_0/bsp/system.mss
TRACE::2026-03-18.08:25:51::SCWMssOS::Completed writing the mss file at C:/Users/C27Bradford.Hurt/ece383_wksp/lab3_2/design_1_wrapper/microblaze_0/standalone_microblaze_0/bsp
TRACE::2026-03-18.08:25:51::SCWMssOS::Picking up changes from newly written mss file into SCW Layer. 
TRACE::2026-03-18.08:25:51::SCWMssOS::Updated the changes from newly written mss file into SCW Layer. 
TRACE::2026-03-18.08:25:51::SCWMssOS::Completed writing the mss file at C:/Users/C27Bradford.Hurt/ece383_wksp/lab3_2/design_1_wrapper/microblaze_0/standalone_microblaze_0/bsp
TRACE::2026-03-18.08:25:51::SCWMssOS::Forcing BSP Sources regeneration.
TRACE::2026-03-18.08:25:57::SCWMssOS::Saving the mss changes C:/Users/C27Bradford.Hurt/ece383_wksp/lab3_2/design_1_wrapper/microblaze_0/standalone_microblaze_0/bsp/system.mss
TRACE::2026-03-18.08:25:57::SCWMssOS::Adding the swdes entry, mss present, able to open swdb C:/Users/C27Bradford.Hurt/ece383_wksp/lab3_2/design_1_wrapper/microblaze_0/standalone_microblaze_0/bsp/system.mss with des name system
TRACE::2026-03-18.08:25:57::SCWMssOS::Writing the mss file completed C:/Users/C27Bradford.Hurt/ece383_wksp/lab3_2/design_1_wrapper/microblaze_0/standalone_microblaze_0/bsp/system.mss
TRACE::2026-03-18.08:25:57::SCWMssOS::Commit changes completed.
TRACE::2026-03-18.08:25:57::SCWPlatform::Trying to open the hw design at C:/Users/C27Bradford.Hurt/ece383_wksp/lab3_2/design_1_wrapper/hw/design_1_wrapper.xsa
TRACE::2026-03-18.08:25:57::SCWPlatform::DSA given C:/Users/C27Bradford.Hurt/ece383_wksp/lab3_2/design_1_wrapper/hw/design_1_wrapper.xsa
TRACE::2026-03-18.08:25:57::SCWPlatform::DSA absoulate path C:/Users/C27Bradford.Hurt/ece383_wksp/lab3_2/design_1_wrapper/hw/design_1_wrapper.xsa
TRACE::2026-03-18.08:25:57::SCWPlatform::DSA directory C:/Users/C27Bradford.Hurt/ece383_wksp/lab3_2/design_1_wrapper/hw
TRACE::2026-03-18.08:25:57::SCWPlatform:: Platform Path C:/Users/C27Bradford.Hurt/ece383_wksp/lab3_2/design_1_wrapper/hw/design_1_wrapper.xsa
TRACE::2026-03-18.08:25:57::SCWPlatform:: Unique name xilinx:nexys_video::0.0
TRACE::2026-03-18.08:25:57::SCWPlatform::Trying to set the existing hwdb with name design_1_wrapper_0
TRACE::2026-03-18.08:25:57::SCWPlatform::Opened existing hwdb design_1_wrapper_0
TRACE::2026-03-18.08:25:57::SCWPlatform::Found the Hw Db part of the input DSA
TRACE::2026-03-18.08:25:57::SCWMssOS::Checking the sw design at  C:/Users/C27Bradford.Hurt/ece383_wksp/lab3_2/design_1_wrapper/microblaze_0/standalone_microblaze_0/bsp/system.mss
TRACE::2026-03-18.08:25:57::SCWMssOS::DEBUG:  swdes dump  C:/Users/C27Bradford.Hurt/ece383_wksp/lab3_2/design_1_wrapper/microblaze_0/standalone_microblaze_0/bsp/system.mss|system||

TRACE::2026-03-18.08:25:57::SCWMssOS::Sw design exists and opened at  C:/Users/C27Bradford.Hurt/ece383_wksp/lab3_2/design_1_wrapper/microblaze_0/standalone_microblaze_0/bsp/system.mss
TRACE::2026-03-18.08:25:57::SCWPlatform::Trying to open the hw design at C:/Users/C27Bradford.Hurt/ece383_wksp/lab3_2/design_1_wrapper/hw/design_1_wrapper.xsa
TRACE::2026-03-18.08:25:57::SCWPlatform::DSA given C:/Users/C27Bradford.Hurt/ece383_wksp/lab3_2/design_1_wrapper/hw/design_1_wrapper.xsa
TRACE::2026-03-18.08:25:57::SCWPlatform::DSA absoulate path C:/Users/C27Bradford.Hurt/ece383_wksp/lab3_2/design_1_wrapper/hw/design_1_wrapper.xsa
TRACE::2026-03-18.08:25:57::SCWPlatform::DSA directory C:/Users/C27Bradford.Hurt/ece383_wksp/lab3_2/design_1_wrapper/hw
TRACE::2026-03-18.08:25:57::SCWPlatform:: Platform Path C:/Users/C27Bradford.Hurt/ece383_wksp/lab3_2/design_1_wrapper/hw/design_1_wrapper.xsa
TRACE::2026-03-18.08:25:57::SCWPlatform:: Unique name xilinx:nexys_video::0.0
TRACE::2026-03-18.08:25:57::SCWPlatform::Trying to set the existing hwdb with name design_1_wrapper_0
TRACE::2026-03-18.08:25:57::SCWPlatform::Opened existing hwdb design_1_wrapper_0
TRACE::2026-03-18.08:25:57::SCWPlatform::Found the Hw Db part of the input DSA
TRACE::2026-03-18.08:25:57::SCWMssOS::Checking the sw design at  C:/Users/C27Bradford.Hurt/ece383_wksp/lab3_2/design_1_wrapper/microblaze_0/standalone_microblaze_0/bsp/system.mss
TRACE::2026-03-18.08:25:57::SCWMssOS::DEBUG:  swdes dump  C:/Users/C27Bradford.Hurt/ece383_wksp/lab3_2/design_1_wrapper/microblaze_0/standalone_microblaze_0/bsp/system.mss|system||

TRACE::2026-03-18.08:25:57::SCWMssOS::Sw design exists and opened at  C:/Users/C27Bradford.Hurt/ece383_wksp/lab3_2/design_1_wrapper/microblaze_0/standalone_microblaze_0/bsp/system.mss
TRACE::2026-03-18.08:25:57::SCWPlatform::Trying to open the hw design at C:/Users/C27Bradford.Hurt/ece383_wksp/lab3_2/design_1_wrapper/hw/design_1_wrapper.xsa
TRACE::2026-03-18.08:25:57::SCWPlatform::DSA given C:/Users/C27Bradford.Hurt/ece383_wksp/lab3_2/design_1_wrapper/hw/design_1_wrapper.xsa
TRACE::2026-03-18.08:25:57::SCWPlatform::DSA absoulate path C:/Users/C27Bradford.Hurt/ece383_wksp/lab3_2/design_1_wrapper/hw/design_1_wrapper.xsa
TRACE::2026-03-18.08:25:57::SCWPlatform::DSA directory C:/Users/C27Bradford.Hurt/ece383_wksp/lab3_2/design_1_wrapper/hw
TRACE::2026-03-18.08:25:57::SCWPlatform:: Platform Path C:/Users/C27Bradford.Hurt/ece383_wksp/lab3_2/design_1_wrapper/hw/design_1_wrapper.xsa
TRACE::2026-03-18.08:25:57::SCWPlatform:: Unique name xilinx:nexys_video::0.0
TRACE::2026-03-18.08:25:57::SCWPlatform::Trying to set the existing hwdb with name design_1_wrapper_0
TRACE::2026-03-18.08:25:57::SCWPlatform::Opened existing hwdb design_1_wrapper_0
TRACE::2026-03-18.08:25:57::SCWPlatform::Found the Hw Db part of the input DSA
TRACE::2026-03-18.08:25:57::SCWMssOS::Checking the sw design at  C:/Users/C27Bradford.Hurt/ece383_wksp/lab3_2/design_1_wrapper/microblaze_0/standalone_microblaze_0/bsp/system.mss
TRACE::2026-03-18.08:25:57::SCWMssOS::DEBUG:  swdes dump  C:/Users/C27Bradford.Hurt/ece383_wksp/lab3_2/design_1_wrapper/microblaze_0/standalone_microblaze_0/bsp/system.mss|system||

TRACE::2026-03-18.08:25:57::SCWMssOS::Sw design exists and opened at  C:/Users/C27Bradford.Hurt/ece383_wksp/lab3_2/design_1_wrapper/microblaze_0/standalone_microblaze_0/bsp/system.mss
TRACE::2026-03-18.08:25:57::SCWWriter::formatted JSON is {
	"platformName":	"design_1_wrapper",
	"sprVersion":	"2.0",
	"mode":	"gui",
	"dsaType":	"Fixed",
	"platformDesc":	"design_1_wrapper",
	"platHandOff":	"<platformDir>.xsa",
	"platIntHandOff":	"<platformDir>/hw/design_1_wrapper.xsa",
	"deviceType":	"FPGA",
	"platIsPrebuiltAutogen":	"false",
	"platIsNoBootBsp":	"false",
	"hasFsblMakeHasChanges":	"false",
	"hasPmufwMakeHasChanges":	"false",
	"platPreBuiltFlag":	false,
	"platformSamplesDir":	"",
	"platActiveSys":	"design_1_wrapper",
	"systems":	[{
			"systemName":	"design_1_wrapper",
			"systemDesc":	"design_1_wrapper",
			"sysIsBootAutoGen":	"true",
			"systemDispName":	"design_1_wrapper",
			"sysActiveDom":	"standalone_microblaze_0",
			"sysDefaultDom":	"standalone_microblaze_0",
			"domains":	[{
					"domainName":	"standalone_microblaze_0",
					"domainDispName":	"standalone_microblaze_0",
					"domainDesc":	"standalone_microblaze_0",
					"processors":	"microblaze_0",
					"os":	"standalone",
					"sdxOs":	"standalone",
					"debugEnable":	"False",
					"domRuntimes":	["cpp"],
					"swRepo":	"",
					"mssOsVer":	"9.2",
					"mssFile":	"",
					"md5Digest":	"9499a4de66c9c57c9925c6420c5e637c",
					"compatibleApp":	"hello_world",
					"domType":	"mssDomain",
					"arch":	"32-bit",
					"appSettings":	{
						"appCompilerFlags":	"",
						"appLinkerFlags":	""
					},
					"addedLibs":	[],
					"libOptions":	{
						"libsContainingOptions":	[]
					},
					"prebuiltLibs":	{
						"prebuiltIncPath":	[],
						"prebuiltLibPath":	[]
					},
					"isolation":	{
					}
				}]
		}]
}
LOG::2026-03-18.08:25:57::SCWPlatform::Started generating the artifacts platform design_1_wrapper
TRACE::2026-03-18.08:25:57::SCWPlatform::Sanity checking of platform is completed
LOG::2026-03-18.08:25:57::SCWPlatform::Started generating the artifacts for system configuration design_1_wrapper
LOG::2026-03-18.08:25:57::SCWSystem::Checking the domain standalone_microblaze_0
LOG::2026-03-18.08:25:57::SCWSystem::Not a boot domain 
LOG::2026-03-18.08:25:57::SCWSystem::Started Processing the domain standalone_microblaze_0
TRACE::2026-03-18.08:25:57::SCWDomain::Generating domain artifcats
TRACE::2026-03-18.08:25:57::SCWMssOS::Generating standalone artifcats
TRACE::2026-03-18.08:25:57::SCWMssOS:: Copying the user libraries. 
TRACE::2026-03-18.08:25:57::SCWPlatform::Trying to open the hw design at C:/Users/C27Bradford.Hurt/ece383_wksp/lab3_2/design_1_wrapper/hw/design_1_wrapper.xsa
TRACE::2026-03-18.08:25:57::SCWPlatform::DSA given C:/Users/C27Bradford.Hurt/ece383_wksp/lab3_2/design_1_wrapper/hw/design_1_wrapper.xsa
TRACE::2026-03-18.08:25:57::SCWPlatform::DSA absoulate path C:/Users/C27Bradford.Hurt/ece383_wksp/lab3_2/design_1_wrapper/hw/design_1_wrapper.xsa
TRACE::2026-03-18.08:25:57::SCWPlatform::DSA directory C:/Users/C27Bradford.Hurt/ece383_wksp/lab3_2/design_1_wrapper/hw
TRACE::2026-03-18.08:25:57::SCWPlatform:: Platform Path C:/Users/C27Bradford.Hurt/ece383_wksp/lab3_2/design_1_wrapper/hw/design_1_wrapper.xsa
TRACE::2026-03-18.08:25:57::SCWPlatform:: Unique name xilinx:nexys_video::0.0
TRACE::2026-03-18.08:25:57::SCWPlatform::Trying to set the existing hwdb with name design_1_wrapper_0
TRACE::2026-03-18.08:25:57::SCWPlatform::Opened existing hwdb design_1_wrapper_0
TRACE::2026-03-18.08:25:57::SCWPlatform::Found the Hw Db part of the input DSA
TRACE::2026-03-18.08:25:57::SCWMssOS::Checking the sw design at  C:/Users/C27Bradford.Hurt/ece383_wksp/lab3_2/design_1_wrapper/microblaze_0/standalone_microblaze_0/bsp/system.mss
TRACE::2026-03-18.08:25:57::SCWMssOS::DEBUG:  swdes dump  C:/Users/C27Bradford.Hurt/ece383_wksp/lab3_2/design_1_wrapper/microblaze_0/standalone_microblaze_0/bsp/system.mss|system||

TRACE::2026-03-18.08:25:57::SCWMssOS::Sw design exists and opened at  C:/Users/C27Bradford.Hurt/ece383_wksp/lab3_2/design_1_wrapper/microblaze_0/standalone_microblaze_0/bsp/system.mss
TRACE::2026-03-18.08:25:57::SCWMssOS::Completed writing the mss file at C:/Users/C27Bradford.Hurt/ece383_wksp/lab3_2/design_1_wrapper/microblaze_0/standalone_microblaze_0/bsp
TRACE::2026-03-18.08:25:57::SCWMssOS::Mss edits present, copying mssfile into export location C:/Users/C27Bradford.Hurt/ece383_wksp/lab3_2/design_1_wrapper/microblaze_0/standalone_microblaze_0/bsp/system.mss
TRACE::2026-03-18.08:25:57::SCWMssOS::bsp generated is upto date with the mss file. Skipping bsp generation.
TRACE::2026-03-18.08:25:57::SCWMssOS::BSP is already built. skipping the bsp build ... 
TRACE::2026-03-18.08:25:57::SCWDomain::Skipping the build for domain :  standalone_microblaze_0
TRACE::2026-03-18.08:25:57::SCWMssOS::skipping the bsp build ... 
TRACE::2026-03-18.08:25:57::SCWMssOS::Copying to export directory.
TRACE::2026-03-18.08:25:57::SCWMssOS:: Checking if to create the Supporting Applications
TRACE::2026-03-18.08:25:57::SCWMssOS:: No Linux domain exists, trying to generate FSBL 
LOG::2026-03-18.08:25:57::SCWSystem::Completed Processing the domain standalone_microblaze_0
LOG::2026-03-18.08:25:57::SCWSystem::Completed Processing the sysconfig design_1_wrapper
LOG::2026-03-18.08:25:57::SCWPlatform::Completed generating the artifacts for system configuration design_1_wrapper
TRACE::2026-03-18.08:25:57::SCWPlatform::Started preparing the platform 
TRACE::2026-03-18.08:25:57::SCWSystem::Writing the bif file for system config design_1_wrapper
TRACE::2026-03-18.08:25:57::SCWSystem::dir created 
TRACE::2026-03-18.08:25:57::SCWSystem::Writing the bif 
TRACE::2026-03-18.08:25:57::SCWPlatform::Started writing the spfm file 
TRACE::2026-03-18.08:25:57::SCWPlatform::Started writing the xpfm file 
TRACE::2026-03-18.08:25:57::SCWPlatform::Completed generating the platform
TRACE::2026-03-18.08:25:57::SCWMssOS::Saving the mss changes C:/Users/C27Bradford.Hurt/ece383_wksp/lab3_2/design_1_wrapper/microblaze_0/standalone_microblaze_0/bsp/system.mss
TRACE::2026-03-18.08:25:57::SCWMssOS::Found a swdesign opened with the mssfile.
TRACE::2026-03-18.08:25:57::SCWMssOS::Completed writemss as part of save.
TRACE::2026-03-18.08:25:57::SCWMssOS::Commit changes completed.
TRACE::2026-03-18.08:25:57::SCWPlatform::Trying to open the hw design at C:/Users/C27Bradford.Hurt/ece383_wksp/lab3_2/design_1_wrapper/hw/design_1_wrapper.xsa
TRACE::2026-03-18.08:25:57::SCWPlatform::DSA given C:/Users/C27Bradford.Hurt/ece383_wksp/lab3_2/design_1_wrapper/hw/design_1_wrapper.xsa
TRACE::2026-03-18.08:25:57::SCWPlatform::DSA absoulate path C:/Users/C27Bradford.Hurt/ece383_wksp/lab3_2/design_1_wrapper/hw/design_1_wrapper.xsa
TRACE::2026-03-18.08:25:57::SCWPlatform::DSA directory C:/Users/C27Bradford.Hurt/ece383_wksp/lab3_2/design_1_wrapper/hw
TRACE::2026-03-18.08:25:57::SCWPlatform:: Platform Path C:/Users/C27Bradford.Hurt/ece383_wksp/lab3_2/design_1_wrapper/hw/design_1_wrapper.xsa
TRACE::2026-03-18.08:25:57::SCWPlatform:: Unique name xilinx:nexys_video::0.0
TRACE::2026-03-18.08:25:57::SCWPlatform::Trying to set the existing hwdb with name design_1_wrapper_0
TRACE::2026-03-18.08:25:57::SCWPlatform::Opened existing hwdb design_1_wrapper_0
TRACE::2026-03-18.08:25:57::SCWPlatform::Found the Hw Db part of the input DSA
TRACE::2026-03-18.08:25:57::SCWMssOS::Checking the sw design at  C:/Users/C27Bradford.Hurt/ece383_wksp/lab3_2/design_1_wrapper/microblaze_0/standalone_microblaze_0/bsp/system.mss
TRACE::2026-03-18.08:25:57::SCWMssOS::DEBUG:  swdes dump  C:/Users/C27Bradford.Hurt/ece383_wksp/lab3_2/design_1_wrapper/microblaze_0/standalone_microblaze_0/bsp/system.mss|system||

TRACE::2026-03-18.08:25:57::SCWMssOS::Sw design exists and opened at  C:/Users/C27Bradford.Hurt/ece383_wksp/lab3_2/design_1_wrapper/microblaze_0/standalone_microblaze_0/bsp/system.mss
TRACE::2026-03-18.08:25:57::SCWPlatform::Trying to open the hw design at C:/Users/C27Bradford.Hurt/ece383_wksp/lab3_2/design_1_wrapper/hw/design_1_wrapper.xsa
TRACE::2026-03-18.08:25:57::SCWPlatform::DSA given C:/Users/C27Bradford.Hurt/ece383_wksp/lab3_2/design_1_wrapper/hw/design_1_wrapper.xsa
TRACE::2026-03-18.08:25:57::SCWPlatform::DSA absoulate path C:/Users/C27Bradford.Hurt/ece383_wksp/lab3_2/design_1_wrapper/hw/design_1_wrapper.xsa
TRACE::2026-03-18.08:25:57::SCWPlatform::DSA directory C:/Users/C27Bradford.Hurt/ece383_wksp/lab3_2/design_1_wrapper/hw
TRACE::2026-03-18.08:25:57::SCWPlatform:: Platform Path C:/Users/C27Bradford.Hurt/ece383_wksp/lab3_2/design_1_wrapper/hw/design_1_wrapper.xsa
TRACE::2026-03-18.08:25:57::SCWPlatform:: Unique name xilinx:nexys_video::0.0
TRACE::2026-03-18.08:25:57::SCWPlatform::Trying to set the existing hwdb with name design_1_wrapper_0
TRACE::2026-03-18.08:25:57::SCWPlatform::Opened existing hwdb design_1_wrapper_0
TRACE::2026-03-18.08:25:57::SCWPlatform::Found the Hw Db part of the input DSA
TRACE::2026-03-18.08:25:57::SCWMssOS::Checking the sw design at  C:/Users/C27Bradford.Hurt/ece383_wksp/lab3_2/design_1_wrapper/microblaze_0/standalone_microblaze_0/bsp/system.mss
TRACE::2026-03-18.08:25:57::SCWMssOS::DEBUG:  swdes dump  C:/Users/C27Bradford.Hurt/ece383_wksp/lab3_2/design_1_wrapper/microblaze_0/standalone_microblaze_0/bsp/system.mss|system||

TRACE::2026-03-18.08:25:57::SCWMssOS::Sw design exists and opened at  C:/Users/C27Bradford.Hurt/ece383_wksp/lab3_2/design_1_wrapper/microblaze_0/standalone_microblaze_0/bsp/system.mss
TRACE::2026-03-18.08:25:57::SCWPlatform::Trying to open the hw design at C:/Users/C27Bradford.Hurt/ece383_wksp/lab3_2/design_1_wrapper/hw/design_1_wrapper.xsa
TRACE::2026-03-18.08:25:57::SCWPlatform::DSA given C:/Users/C27Bradford.Hurt/ece383_wksp/lab3_2/design_1_wrapper/hw/design_1_wrapper.xsa
TRACE::2026-03-18.08:25:57::SCWPlatform::DSA absoulate path C:/Users/C27Bradford.Hurt/ece383_wksp/lab3_2/design_1_wrapper/hw/design_1_wrapper.xsa
TRACE::2026-03-18.08:25:57::SCWPlatform::DSA directory C:/Users/C27Bradford.Hurt/ece383_wksp/lab3_2/design_1_wrapper/hw
TRACE::2026-03-18.08:25:57::SCWPlatform:: Platform Path C:/Users/C27Bradford.Hurt/ece383_wksp/lab3_2/design_1_wrapper/hw/design_1_wrapper.xsa
TRACE::2026-03-18.08:25:57::SCWPlatform:: Unique name xilinx:nexys_video::0.0
TRACE::2026-03-18.08:25:57::SCWPlatform::Trying to set the existing hwdb with name design_1_wrapper_0
TRACE::2026-03-18.08:25:57::SCWPlatform::Opened existing hwdb design_1_wrapper_0
TRACE::2026-03-18.08:25:57::SCWPlatform::Found the Hw Db part of the input DSA
TRACE::2026-03-18.08:25:57::SCWMssOS::Checking the sw design at  C:/Users/C27Bradford.Hurt/ece383_wksp/lab3_2/design_1_wrapper/microblaze_0/standalone_microblaze_0/bsp/system.mss
TRACE::2026-03-18.08:25:57::SCWMssOS::DEBUG:  swdes dump  C:/Users/C27Bradford.Hurt/ece383_wksp/lab3_2/design_1_wrapper/microblaze_0/standalone_microblaze_0/bsp/system.mss|system||

TRACE::2026-03-18.08:25:57::SCWMssOS::Sw design exists and opened at  C:/Users/C27Bradford.Hurt/ece383_wksp/lab3_2/design_1_wrapper/microblaze_0/standalone_microblaze_0/bsp/system.mss
TRACE::2026-03-18.08:25:57::SCWWriter::formatted JSON is {
	"platformName":	"design_1_wrapper",
	"sprVersion":	"2.0",
	"mode":	"gui",
	"dsaType":	"Fixed",
	"platformDesc":	"design_1_wrapper",
	"platHandOff":	"<platformDir>.xsa",
	"platIntHandOff":	"<platformDir>/hw/design_1_wrapper.xsa",
	"deviceType":	"FPGA",
	"platIsPrebuiltAutogen":	"false",
	"platIsNoBootBsp":	"false",
	"hasFsblMakeHasChanges":	"false",
	"hasPmufwMakeHasChanges":	"false",
	"platPreBuiltFlag":	false,
	"platformSamplesDir":	"",
	"platActiveSys":	"design_1_wrapper",
	"systems":	[{
			"systemName":	"design_1_wrapper",
			"systemDesc":	"design_1_wrapper",
			"sysIsBootAutoGen":	"true",
			"systemDispName":	"design_1_wrapper",
			"sysActiveDom":	"standalone_microblaze_0",
			"sysDefaultDom":	"standalone_microblaze_0",
			"domains":	[{
					"domainName":	"standalone_microblaze_0",
					"domainDispName":	"standalone_microblaze_0",
					"domainDesc":	"standalone_microblaze_0",
					"processors":	"microblaze_0",
					"os":	"standalone",
					"sdxOs":	"standalone",
					"debugEnable":	"False",
					"domRuntimes":	["cpp"],
					"swRepo":	"",
					"mssOsVer":	"9.2",
					"mssFile":	"",
					"md5Digest":	"9499a4de66c9c57c9925c6420c5e637c",
					"compatibleApp":	"hello_world",
					"domType":	"mssDomain",
					"arch":	"32-bit",
					"appSettings":	{
						"appCompilerFlags":	"",
						"appLinkerFlags":	""
					},
					"addedLibs":	[],
					"libOptions":	{
						"libsContainingOptions":	[]
					},
					"prebuiltLibs":	{
						"prebuiltIncPath":	[],
						"prebuiltLibPath":	[]
					},
					"isolation":	{
					}
				}]
		}]
}
KEYINFO::2026-03-18.08:25:57::SCWPlatform::updated the xpfm file.
TRACE::2026-03-18.08:25:57::SCWPlatform::Trying to open the hw design at C:/Users/C27Bradford.Hurt/ece383_wksp/lab3_2/design_1_wrapper/hw/design_1_wrapper.xsa
TRACE::2026-03-18.08:25:57::SCWPlatform::DSA given C:/Users/C27Bradford.Hurt/ece383_wksp/lab3_2/design_1_wrapper/hw/design_1_wrapper.xsa
TRACE::2026-03-18.08:25:57::SCWPlatform::DSA absoulate path C:/Users/C27Bradford.Hurt/ece383_wksp/lab3_2/design_1_wrapper/hw/design_1_wrapper.xsa
TRACE::2026-03-18.08:25:57::SCWPlatform::DSA directory C:/Users/C27Bradford.Hurt/ece383_wksp/lab3_2/design_1_wrapper/hw
TRACE::2026-03-18.08:25:57::SCWPlatform:: Platform Path C:/Users/C27Bradford.Hurt/ece383_wksp/lab3_2/design_1_wrapper/hw/design_1_wrapper.xsa
TRACE::2026-03-18.08:25:57::SCWPlatform:: Unique name xilinx:nexys_video::0.0
TRACE::2026-03-18.08:25:57::SCWPlatform::Trying to set the existing hwdb with name design_1_wrapper_0
TRACE::2026-03-18.08:25:57::SCWPlatform::Opened existing hwdb design_1_wrapper_0
TRACE::2026-03-18.08:25:57::SCWPlatform::Found the Hw Db part of the input DSA
TRACE::2026-03-18.08:25:57::SCWMssOS::Checking the sw design at  C:/Users/C27Bradford.Hurt/ece383_wksp/lab3_2/design_1_wrapper/microblaze_0/standalone_microblaze_0/bsp/system.mss
TRACE::2026-03-18.08:25:57::SCWMssOS::DEBUG:  swdes dump  C:/Users/C27Bradford.Hurt/ece383_wksp/lab3_2/design_1_wrapper/microblaze_0/standalone_microblaze_0/bsp/system.mss|system||

TRACE::2026-03-18.08:25:57::SCWMssOS::Sw design exists and opened at  C:/Users/C27Bradford.Hurt/ece383_wksp/lab3_2/design_1_wrapper/microblaze_0/standalone_microblaze_0/bsp/system.mss
TRACE::2026-03-18.08:25:57::SCWMssOS::Saving the mss changes C:/Users/C27Bradford.Hurt/ece383_wksp/lab3_2/design_1_wrapper/microblaze_0/standalone_microblaze_0/bsp/system.mss
TRACE::2026-03-18.08:25:57::SCWMssOS::Found a swdesign opened with the mssfile.
TRACE::2026-03-18.08:25:57::SCWMssOS::Completed writemss as part of save.
TRACE::2026-03-18.08:25:57::SCWMssOS::Commit changes completed.
TRACE::2026-03-18.08:25:57::SCWPlatform::Trying to open the hw design at C:/Users/C27Bradford.Hurt/ece383_wksp/lab3_2/design_1_wrapper/hw/design_1_wrapper.xsa
TRACE::2026-03-18.08:25:57::SCWPlatform::DSA given C:/Users/C27Bradford.Hurt/ece383_wksp/lab3_2/design_1_wrapper/hw/design_1_wrapper.xsa
TRACE::2026-03-18.08:25:57::SCWPlatform::DSA absoulate path C:/Users/C27Bradford.Hurt/ece383_wksp/lab3_2/design_1_wrapper/hw/design_1_wrapper.xsa
TRACE::2026-03-18.08:25:57::SCWPlatform::DSA directory C:/Users/C27Bradford.Hurt/ece383_wksp/lab3_2/design_1_wrapper/hw
TRACE::2026-03-18.08:25:57::SCWPlatform:: Platform Path C:/Users/C27Bradford.Hurt/ece383_wksp/lab3_2/design_1_wrapper/hw/design_1_wrapper.xsa
TRACE::2026-03-18.08:25:57::SCWPlatform:: Unique name xilinx:nexys_video::0.0
TRACE::2026-03-18.08:25:57::SCWPlatform::Trying to set the existing hwdb with name design_1_wrapper_0
TRACE::2026-03-18.08:25:57::SCWPlatform::Opened existing hwdb design_1_wrapper_0
TRACE::2026-03-18.08:25:57::SCWPlatform::Found the Hw Db part of the input DSA
TRACE::2026-03-18.08:25:57::SCWMssOS::Checking the sw design at  C:/Users/C27Bradford.Hurt/ece383_wksp/lab3_2/design_1_wrapper/microblaze_0/standalone_microblaze_0/bsp/system.mss
TRACE::2026-03-18.08:25:57::SCWMssOS::DEBUG:  swdes dump  C:/Users/C27Bradford.Hurt/ece383_wksp/lab3_2/design_1_wrapper/microblaze_0/standalone_microblaze_0/bsp/system.mss|system||

TRACE::2026-03-18.08:25:57::SCWMssOS::Sw design exists and opened at  C:/Users/C27Bradford.Hurt/ece383_wksp/lab3_2/design_1_wrapper/microblaze_0/standalone_microblaze_0/bsp/system.mss
TRACE::2026-03-18.08:25:57::SCWPlatform::Trying to open the hw design at C:/Users/C27Bradford.Hurt/ece383_wksp/lab3_2/design_1_wrapper/hw/design_1_wrapper.xsa
TRACE::2026-03-18.08:25:57::SCWPlatform::DSA given C:/Users/C27Bradford.Hurt/ece383_wksp/lab3_2/design_1_wrapper/hw/design_1_wrapper.xsa
TRACE::2026-03-18.08:25:57::SCWPlatform::DSA absoulate path C:/Users/C27Bradford.Hurt/ece383_wksp/lab3_2/design_1_wrapper/hw/design_1_wrapper.xsa
TRACE::2026-03-18.08:25:57::SCWPlatform::DSA directory C:/Users/C27Bradford.Hurt/ece383_wksp/lab3_2/design_1_wrapper/hw
TRACE::2026-03-18.08:25:57::SCWPlatform:: Platform Path C:/Users/C27Bradford.Hurt/ece383_wksp/lab3_2/design_1_wrapper/hw/design_1_wrapper.xsa
TRACE::2026-03-18.08:25:57::SCWPlatform:: Unique name xilinx:nexys_video::0.0
TRACE::2026-03-18.08:25:57::SCWPlatform::Trying to set the existing hwdb with name design_1_wrapper_0
TRACE::2026-03-18.08:25:57::SCWPlatform::Opened existing hwdb design_1_wrapper_0
TRACE::2026-03-18.08:25:57::SCWPlatform::Found the Hw Db part of the input DSA
TRACE::2026-03-18.08:25:57::SCWMssOS::Checking the sw design at  C:/Users/C27Bradford.Hurt/ece383_wksp/lab3_2/design_1_wrapper/microblaze_0/standalone_microblaze_0/bsp/system.mss
TRACE::2026-03-18.08:25:57::SCWMssOS::DEBUG:  swdes dump  C:/Users/C27Bradford.Hurt/ece383_wksp/lab3_2/design_1_wrapper/microblaze_0/standalone_microblaze_0/bsp/system.mss|system||

TRACE::2026-03-18.08:25:57::SCWMssOS::Sw design exists and opened at  C:/Users/C27Bradford.Hurt/ece383_wksp/lab3_2/design_1_wrapper/microblaze_0/standalone_microblaze_0/bsp/system.mss
TRACE::2026-03-18.08:25:57::SCWPlatform::Trying to open the hw design at C:/Users/C27Bradford.Hurt/ece383_wksp/lab3_2/design_1_wrapper/hw/design_1_wrapper.xsa
TRACE::2026-03-18.08:25:57::SCWPlatform::DSA given C:/Users/C27Bradford.Hurt/ece383_wksp/lab3_2/design_1_wrapper/hw/design_1_wrapper.xsa
TRACE::2026-03-18.08:25:57::SCWPlatform::DSA absoulate path C:/Users/C27Bradford.Hurt/ece383_wksp/lab3_2/design_1_wrapper/hw/design_1_wrapper.xsa
TRACE::2026-03-18.08:25:57::SCWPlatform::DSA directory C:/Users/C27Bradford.Hurt/ece383_wksp/lab3_2/design_1_wrapper/hw
TRACE::2026-03-18.08:25:57::SCWPlatform:: Platform Path C:/Users/C27Bradford.Hurt/ece383_wksp/lab3_2/design_1_wrapper/hw/design_1_wrapper.xsa
TRACE::2026-03-18.08:25:57::SCWPlatform:: Unique name xilinx:nexys_video::0.0
TRACE::2026-03-18.08:25:57::SCWPlatform::Trying to set the existing hwdb with name design_1_wrapper_0
TRACE::2026-03-18.08:25:57::SCWPlatform::Opened existing hwdb design_1_wrapper_0
TRACE::2026-03-18.08:25:57::SCWPlatform::Found the Hw Db part of the input DSA
TRACE::2026-03-18.08:25:57::SCWMssOS::Checking the sw design at  C:/Users/C27Bradford.Hurt/ece383_wksp/lab3_2/design_1_wrapper/microblaze_0/standalone_microblaze_0/bsp/system.mss
TRACE::2026-03-18.08:25:57::SCWMssOS::DEBUG:  swdes dump  C:/Users/C27Bradford.Hurt/ece383_wksp/lab3_2/design_1_wrapper/microblaze_0/standalone_microblaze_0/bsp/system.mss|system||

TRACE::2026-03-18.08:25:57::SCWMssOS::Sw design exists and opened at  C:/Users/C27Bradford.Hurt/ece383_wksp/lab3_2/design_1_wrapper/microblaze_0/standalone_microblaze_0/bsp/system.mss
TRACE::2026-03-18.08:25:57::SCWWriter::formatted JSON is {
	"platformName":	"design_1_wrapper",
	"sprVersion":	"2.0",
	"mode":	"gui",
	"dsaType":	"Fixed",
	"platformDesc":	"design_1_wrapper",
	"platHandOff":	"<platformDir>.xsa",
	"platIntHandOff":	"<platformDir>/hw/design_1_wrapper.xsa",
	"deviceType":	"FPGA",
	"platIsPrebuiltAutogen":	"false",
	"platIsNoBootBsp":	"false",
	"hasFsblMakeHasChanges":	"false",
	"hasPmufwMakeHasChanges":	"false",
	"platPreBuiltFlag":	false,
	"platformSamplesDir":	"",
	"platActiveSys":	"design_1_wrapper",
	"systems":	[{
			"systemName":	"design_1_wrapper",
			"systemDesc":	"design_1_wrapper",
			"sysIsBootAutoGen":	"true",
			"systemDispName":	"design_1_wrapper",
			"sysActiveDom":	"standalone_microblaze_0",
			"sysDefaultDom":	"standalone_microblaze_0",
			"domains":	[{
					"domainName":	"standalone_microblaze_0",
					"domainDispName":	"standalone_microblaze_0",
					"domainDesc":	"standalone_microblaze_0",
					"processors":	"microblaze_0",
					"os":	"standalone",
					"sdxOs":	"standalone",
					"debugEnable":	"False",
					"domRuntimes":	["cpp"],
					"swRepo":	"",
					"mssOsVer":	"9.2",
					"mssFile":	"",
					"md5Digest":	"9499a4de66c9c57c9925c6420c5e637c",
					"compatibleApp":	"hello_world",
					"domType":	"mssDomain",
					"arch":	"32-bit",
					"appSettings":	{
						"appCompilerFlags":	"",
						"appLinkerFlags":	""
					},
					"addedLibs":	[],
					"libOptions":	{
						"libsContainingOptions":	[]
					},
					"prebuiltLibs":	{
						"prebuiltIncPath":	[],
						"prebuiltLibPath":	[]
					},
					"isolation":	{
					}
				}]
		}]
}
TRACE::2026-03-18.08:25:57::SCWPlatform::Trying to open the hw design at C:/Users/C27Bradford.Hurt/ece383_wksp/lab3_2/design_1_wrapper/hw/design_1_wrapper.xsa
TRACE::2026-03-18.08:25:57::SCWPlatform::DSA given C:/Users/C27Bradford.Hurt/ece383_wksp/lab3_2/design_1_wrapper/hw/design_1_wrapper.xsa
TRACE::2026-03-18.08:25:57::SCWPlatform::DSA absoulate path C:/Users/C27Bradford.Hurt/ece383_wksp/lab3_2/design_1_wrapper/hw/design_1_wrapper.xsa
TRACE::2026-03-18.08:25:57::SCWPlatform::DSA directory C:/Users/C27Bradford.Hurt/ece383_wksp/lab3_2/design_1_wrapper/hw
TRACE::2026-03-18.08:25:57::SCWPlatform:: Platform Path C:/Users/C27Bradford.Hurt/ece383_wksp/lab3_2/design_1_wrapper/hw/design_1_wrapper.xsa
TRACE::2026-03-18.08:25:57::SCWPlatform:: Unique name xilinx:nexys_video::0.0
TRACE::2026-03-18.08:25:57::SCWPlatform::Trying to set the existing hwdb with name design_1_wrapper_0
TRACE::2026-03-18.08:25:57::SCWPlatform::Opened existing hwdb design_1_wrapper_0
TRACE::2026-03-18.08:25:57::SCWPlatform::Found the Hw Db part of the input DSA
TRACE::2026-03-18.08:25:57::SCWMssOS::Checking the sw design at  C:/Users/C27Bradford.Hurt/ece383_wksp/lab3_2/design_1_wrapper/microblaze_0/standalone_microblaze_0/bsp/system.mss
TRACE::2026-03-18.08:25:57::SCWMssOS::DEBUG:  swdes dump  C:/Users/C27Bradford.Hurt/ece383_wksp/lab3_2/design_1_wrapper/microblaze_0/standalone_microblaze_0/bsp/system.mss|system||

TRACE::2026-03-18.08:25:57::SCWMssOS::Sw design exists and opened at  C:/Users/C27Bradford.Hurt/ece383_wksp/lab3_2/design_1_wrapper/microblaze_0/standalone_microblaze_0/bsp/system.mss
TRACE::2026-03-18.08:25:57::SCWPlatform::Trying to open the hw design at C:/Users/C27Bradford.Hurt/ece383_wksp/lab3_2/design_1_wrapper/hw/design_1_wrapper.xsa
TRACE::2026-03-18.08:25:57::SCWPlatform::DSA given C:/Users/C27Bradford.Hurt/ece383_wksp/lab3_2/design_1_wrapper/hw/design_1_wrapper.xsa
TRACE::2026-03-18.08:25:57::SCWPlatform::DSA absoulate path C:/Users/C27Bradford.Hurt/ece383_wksp/lab3_2/design_1_wrapper/hw/design_1_wrapper.xsa
TRACE::2026-03-18.08:25:57::SCWPlatform::DSA directory C:/Users/C27Bradford.Hurt/ece383_wksp/lab3_2/design_1_wrapper/hw
TRACE::2026-03-18.08:25:57::SCWPlatform:: Platform Path C:/Users/C27Bradford.Hurt/ece383_wksp/lab3_2/design_1_wrapper/hw/design_1_wrapper.xsa
TRACE::2026-03-18.08:25:57::SCWPlatform:: Unique name xilinx:nexys_video::0.0
TRACE::2026-03-18.08:25:57::SCWPlatform::Trying to set the existing hwdb with name design_1_wrapper_0
TRACE::2026-03-18.08:25:57::SCWPlatform::Opened existing hwdb design_1_wrapper_0
TRACE::2026-03-18.08:25:57::SCWPlatform::Found the Hw Db part of the input DSA
TRACE::2026-03-18.08:25:57::SCWMssOS::Checking the sw design at  C:/Users/C27Bradford.Hurt/ece383_wksp/lab3_2/design_1_wrapper/microblaze_0/standalone_microblaze_0/bsp/system.mss
TRACE::2026-03-18.08:25:57::SCWMssOS::DEBUG:  swdes dump  C:/Users/C27Bradford.Hurt/ece383_wksp/lab3_2/design_1_wrapper/microblaze_0/standalone_microblaze_0/bsp/system.mss|system||

TRACE::2026-03-18.08:25:57::SCWMssOS::Sw design exists and opened at  C:/Users/C27Bradford.Hurt/ece383_wksp/lab3_2/design_1_wrapper/microblaze_0/standalone_microblaze_0/bsp/system.mss
TRACE::2026-03-18.08:25:57::SCWMssOS::Saving the mss changes C:/Users/C27Bradford.Hurt/ece383_wksp/lab3_2/design_1_wrapper/microblaze_0/standalone_microblaze_0/bsp/system.mss
TRACE::2026-03-18.08:25:57::SCWMssOS::Found a swdesign opened with the mssfile.
TRACE::2026-03-18.08:25:57::SCWMssOS::Completed writemss as part of save.
TRACE::2026-03-18.08:25:57::SCWMssOS::Commit changes completed.
TRACE::2026-03-18.08:25:57::SCWPlatform::Trying to open the hw design at C:/Users/C27Bradford.Hurt/ece383_wksp/lab3_2/design_1_wrapper/hw/design_1_wrapper.xsa
TRACE::2026-03-18.08:25:57::SCWPlatform::DSA given C:/Users/C27Bradford.Hurt/ece383_wksp/lab3_2/design_1_wrapper/hw/design_1_wrapper.xsa
TRACE::2026-03-18.08:25:57::SCWPlatform::DSA absoulate path C:/Users/C27Bradford.Hurt/ece383_wksp/lab3_2/design_1_wrapper/hw/design_1_wrapper.xsa
TRACE::2026-03-18.08:25:57::SCWPlatform::DSA directory C:/Users/C27Bradford.Hurt/ece383_wksp/lab3_2/design_1_wrapper/hw
TRACE::2026-03-18.08:25:57::SCWPlatform:: Platform Path C:/Users/C27Bradford.Hurt/ece383_wksp/lab3_2/design_1_wrapper/hw/design_1_wrapper.xsa
TRACE::2026-03-18.08:25:57::SCWPlatform:: Unique name xilinx:nexys_video::0.0
TRACE::2026-03-18.08:25:57::SCWPlatform::Trying to set the existing hwdb with name design_1_wrapper_0
TRACE::2026-03-18.08:25:57::SCWPlatform::Opened existing hwdb design_1_wrapper_0
TRACE::2026-03-18.08:25:57::SCWPlatform::Found the Hw Db part of the input DSA
TRACE::2026-03-18.08:25:57::SCWMssOS::Checking the sw design at  C:/Users/C27Bradford.Hurt/ece383_wksp/lab3_2/design_1_wrapper/microblaze_0/standalone_microblaze_0/bsp/system.mss
TRACE::2026-03-18.08:25:57::SCWMssOS::DEBUG:  swdes dump  C:/Users/C27Bradford.Hurt/ece383_wksp/lab3_2/design_1_wrapper/microblaze_0/standalone_microblaze_0/bsp/system.mss|system||

TRACE::2026-03-18.08:25:57::SCWMssOS::Sw design exists and opened at  C:/Users/C27Bradford.Hurt/ece383_wksp/lab3_2/design_1_wrapper/microblaze_0/standalone_microblaze_0/bsp/system.mss
TRACE::2026-03-18.08:25:57::SCWPlatform::Trying to open the hw design at C:/Users/C27Bradford.Hurt/ece383_wksp/lab3_2/design_1_wrapper/hw/design_1_wrapper.xsa
TRACE::2026-03-18.08:25:57::SCWPlatform::DSA given C:/Users/C27Bradford.Hurt/ece383_wksp/lab3_2/design_1_wrapper/hw/design_1_wrapper.xsa
TRACE::2026-03-18.08:25:57::SCWPlatform::DSA absoulate path C:/Users/C27Bradford.Hurt/ece383_wksp/lab3_2/design_1_wrapper/hw/design_1_wrapper.xsa
TRACE::2026-03-18.08:25:57::SCWPlatform::DSA directory C:/Users/C27Bradford.Hurt/ece383_wksp/lab3_2/design_1_wrapper/hw
TRACE::2026-03-18.08:25:57::SCWPlatform:: Platform Path C:/Users/C27Bradford.Hurt/ece383_wksp/lab3_2/design_1_wrapper/hw/design_1_wrapper.xsa
TRACE::2026-03-18.08:25:57::SCWPlatform:: Unique name xilinx:nexys_video::0.0
TRACE::2026-03-18.08:25:57::SCWPlatform::Trying to set the existing hwdb with name design_1_wrapper_0
TRACE::2026-03-18.08:25:57::SCWPlatform::Opened existing hwdb design_1_wrapper_0
TRACE::2026-03-18.08:25:57::SCWPlatform::Found the Hw Db part of the input DSA
TRACE::2026-03-18.08:25:57::SCWMssOS::Checking the sw design at  C:/Users/C27Bradford.Hurt/ece383_wksp/lab3_2/design_1_wrapper/microblaze_0/standalone_microblaze_0/bsp/system.mss
TRACE::2026-03-18.08:25:57::SCWMssOS::DEBUG:  swdes dump  C:/Users/C27Bradford.Hurt/ece383_wksp/lab3_2/design_1_wrapper/microblaze_0/standalone_microblaze_0/bsp/system.mss|system||

TRACE::2026-03-18.08:25:57::SCWMssOS::Sw design exists and opened at  C:/Users/C27Bradford.Hurt/ece383_wksp/lab3_2/design_1_wrapper/microblaze_0/standalone_microblaze_0/bsp/system.mss
TRACE::2026-03-18.08:25:57::SCWPlatform::Trying to open the hw design at C:/Users/C27Bradford.Hurt/ece383_wksp/lab3_2/design_1_wrapper/hw/design_1_wrapper.xsa
TRACE::2026-03-18.08:25:57::SCWPlatform::DSA given C:/Users/C27Bradford.Hurt/ece383_wksp/lab3_2/design_1_wrapper/hw/design_1_wrapper.xsa
TRACE::2026-03-18.08:25:57::SCWPlatform::DSA absoulate path C:/Users/C27Bradford.Hurt/ece383_wksp/lab3_2/design_1_wrapper/hw/design_1_wrapper.xsa
TRACE::2026-03-18.08:25:57::SCWPlatform::DSA directory C:/Users/C27Bradford.Hurt/ece383_wksp/lab3_2/design_1_wrapper/hw
TRACE::2026-03-18.08:25:57::SCWPlatform:: Platform Path C:/Users/C27Bradford.Hurt/ece383_wksp/lab3_2/design_1_wrapper/hw/design_1_wrapper.xsa
TRACE::2026-03-18.08:25:57::SCWPlatform:: Unique name xilinx:nexys_video::0.0
TRACE::2026-03-18.08:25:57::SCWPlatform::Trying to set the existing hwdb with name design_1_wrapper_0
TRACE::2026-03-18.08:25:57::SCWPlatform::Opened existing hwdb design_1_wrapper_0
TRACE::2026-03-18.08:25:57::SCWPlatform::Found the Hw Db part of the input DSA
TRACE::2026-03-18.08:25:57::SCWMssOS::Checking the sw design at  C:/Users/C27Bradford.Hurt/ece383_wksp/lab3_2/design_1_wrapper/microblaze_0/standalone_microblaze_0/bsp/system.mss
TRACE::2026-03-18.08:25:57::SCWMssOS::DEBUG:  swdes dump  C:/Users/C27Bradford.Hurt/ece383_wksp/lab3_2/design_1_wrapper/microblaze_0/standalone_microblaze_0/bsp/system.mss|system||

TRACE::2026-03-18.08:25:57::SCWMssOS::Sw design exists and opened at  C:/Users/C27Bradford.Hurt/ece383_wksp/lab3_2/design_1_wrapper/microblaze_0/standalone_microblaze_0/bsp/system.mss
TRACE::2026-03-18.08:25:57::SCWWriter::formatted JSON is {
	"platformName":	"design_1_wrapper",
	"sprVersion":	"2.0",
	"mode":	"gui",
	"dsaType":	"Fixed",
	"platformDesc":	"design_1_wrapper",
	"platHandOff":	"<platformDir>.xsa",
	"platIntHandOff":	"<platformDir>/hw/design_1_wrapper.xsa",
	"deviceType":	"FPGA",
	"platIsPrebuiltAutogen":	"false",
	"platIsNoBootBsp":	"false",
	"hasFsblMakeHasChanges":	"false",
	"hasPmufwMakeHasChanges":	"false",
	"platPreBuiltFlag":	false,
	"platformSamplesDir":	"",
	"platActiveSys":	"design_1_wrapper",
	"systems":	[{
			"systemName":	"design_1_wrapper",
			"systemDesc":	"design_1_wrapper",
			"sysIsBootAutoGen":	"true",
			"systemDispName":	"design_1_wrapper",
			"sysActiveDom":	"standalone_microblaze_0",
			"sysDefaultDom":	"standalone_microblaze_0",
			"domains":	[{
					"domainName":	"standalone_microblaze_0",
					"domainDispName":	"standalone_microblaze_0",
					"domainDesc":	"standalone_microblaze_0",
					"processors":	"microblaze_0",
					"os":	"standalone",
					"sdxOs":	"standalone",
					"debugEnable":	"False",
					"domRuntimes":	["cpp"],
					"swRepo":	"",
					"mssOsVer":	"9.2",
					"mssFile":	"",
					"md5Digest":	"9499a4de66c9c57c9925c6420c5e637c",
					"compatibleApp":	"hello_world",
					"domType":	"mssDomain",
					"arch":	"32-bit",
					"appSettings":	{
						"appCompilerFlags":	"",
						"appLinkerFlags":	""
					},
					"addedLibs":	[],
					"libOptions":	{
						"libsContainingOptions":	[]
					},
					"prebuiltLibs":	{
						"prebuiltIncPath":	[],
						"prebuiltLibPath":	[]
					},
					"isolation":	{
					}
				}]
		}]
}
LOG::2026-03-18.08:25:57::SCWPlatform::Started generating the artifacts platform design_1_wrapper
TRACE::2026-03-18.08:25:57::SCWPlatform::Sanity checking of platform is completed
LOG::2026-03-18.08:25:57::SCWPlatform::Started generating the artifacts for system configuration design_1_wrapper
LOG::2026-03-18.08:25:57::SCWSystem::Started Processing the domain standalone_microblaze_0
TRACE::2026-03-18.08:25:57::SCWDomain::Generating domain artifcats
TRACE::2026-03-18.08:25:57::SCWMssOS::Generating standalone artifcats
TRACE::2026-03-18.08:25:57::SCWMssOS:: Copying the user libraries. 
TRACE::2026-03-18.08:25:57::SCWPlatform::Trying to open the hw design at C:/Users/C27Bradford.Hurt/ece383_wksp/lab3_2/design_1_wrapper/hw/design_1_wrapper.xsa
TRACE::2026-03-18.08:25:57::SCWPlatform::DSA given C:/Users/C27Bradford.Hurt/ece383_wksp/lab3_2/design_1_wrapper/hw/design_1_wrapper.xsa
TRACE::2026-03-18.08:25:57::SCWPlatform::DSA absoulate path C:/Users/C27Bradford.Hurt/ece383_wksp/lab3_2/design_1_wrapper/hw/design_1_wrapper.xsa
TRACE::2026-03-18.08:25:57::SCWPlatform::DSA directory C:/Users/C27Bradford.Hurt/ece383_wksp/lab3_2/design_1_wrapper/hw
TRACE::2026-03-18.08:25:57::SCWPlatform:: Platform Path C:/Users/C27Bradford.Hurt/ece383_wksp/lab3_2/design_1_wrapper/hw/design_1_wrapper.xsa
TRACE::2026-03-18.08:25:57::SCWPlatform:: Unique name xilinx:nexys_video::0.0
TRACE::2026-03-18.08:25:57::SCWPlatform::Trying to set the existing hwdb with name design_1_wrapper_0
TRACE::2026-03-18.08:25:57::SCWPlatform::Opened existing hwdb design_1_wrapper_0
TRACE::2026-03-18.08:25:57::SCWPlatform::Found the Hw Db part of the input DSA
TRACE::2026-03-18.08:25:57::SCWMssOS::Checking the sw design at  C:/Users/C27Bradford.Hurt/ece383_wksp/lab3_2/design_1_wrapper/microblaze_0/standalone_microblaze_0/bsp/system.mss
TRACE::2026-03-18.08:25:57::SCWMssOS::DEBUG:  swdes dump  C:/Users/C27Bradford.Hurt/ece383_wksp/lab3_2/design_1_wrapper/microblaze_0/standalone_microblaze_0/bsp/system.mss|system||

TRACE::2026-03-18.08:25:57::SCWMssOS::Sw design exists and opened at  C:/Users/C27Bradford.Hurt/ece383_wksp/lab3_2/design_1_wrapper/microblaze_0/standalone_microblaze_0/bsp/system.mss
TRACE::2026-03-18.08:25:57::SCWMssOS::Completed writing the mss file at C:/Users/C27Bradford.Hurt/ece383_wksp/lab3_2/design_1_wrapper/microblaze_0/standalone_microblaze_0/bsp
TRACE::2026-03-18.08:25:57::SCWMssOS::Mss edits present, copying mssfile into export location C:/Users/C27Bradford.Hurt/ece383_wksp/lab3_2/design_1_wrapper/microblaze_0/standalone_microblaze_0/bsp/system.mss
TRACE::2026-03-18.08:25:57::SCWMssOS::bsp generated is upto date with the mss file. Skipping bsp generation.
TRACE::2026-03-18.08:25:57::SCWMssOS::BSP is already built. skipping the bsp build ... 
TRACE::2026-03-18.08:25:57::SCWDomain::Building the domain as part of full build :  standalone_microblaze_0
TRACE::2026-03-18.08:25:57::SCWMssOS::skipping the bsp build ... 
TRACE::2026-03-18.08:25:57::SCWMssOS::Copying to export directory.
TRACE::2026-03-18.08:25:57::SCWMssOS:: Checking if to create the Supporting Applications
TRACE::2026-03-18.08:25:57::SCWMssOS:: No Linux domain exists, trying to generate FSBL 
LOG::2026-03-18.08:25:57::SCWSystem::Completed Processing the domain standalone_microblaze_0
LOG::2026-03-18.08:25:57::SCWSystem::Completed Processing the sysconfig design_1_wrapper
LOG::2026-03-18.08:25:57::SCWPlatform::Completed generating the artifacts for system configuration design_1_wrapper
TRACE::2026-03-18.08:25:57::SCWPlatform::Started preparing the platform 
TRACE::2026-03-18.08:25:57::SCWSystem::Writing the bif file for system config design_1_wrapper
TRACE::2026-03-18.08:25:57::SCWSystem::dir created 
TRACE::2026-03-18.08:25:57::SCWSystem::Writing the bif 
TRACE::2026-03-18.08:25:57::SCWPlatform::Started writing the spfm file 
TRACE::2026-03-18.08:25:57::SCWPlatform::Started writing the xpfm file 
TRACE::2026-03-18.08:25:57::SCWPlatform::Completed generating the platform
TRACE::2026-03-18.08:25:57::SCWMssOS::Saving the mss changes C:/Users/C27Bradford.Hurt/ece383_wksp/lab3_2/design_1_wrapper/microblaze_0/standalone_microblaze_0/bsp/system.mss
TRACE::2026-03-18.08:25:57::SCWMssOS::Found a swdesign opened with the mssfile.
TRACE::2026-03-18.08:25:57::SCWMssOS::Completed writemss as part of save.
TRACE::2026-03-18.08:25:57::SCWMssOS::Commit changes completed.
TRACE::2026-03-18.08:25:57::SCWPlatform::Trying to open the hw design at C:/Users/C27Bradford.Hurt/ece383_wksp/lab3_2/design_1_wrapper/hw/design_1_wrapper.xsa
TRACE::2026-03-18.08:25:57::SCWPlatform::DSA given C:/Users/C27Bradford.Hurt/ece383_wksp/lab3_2/design_1_wrapper/hw/design_1_wrapper.xsa
TRACE::2026-03-18.08:25:57::SCWPlatform::DSA absoulate path C:/Users/C27Bradford.Hurt/ece383_wksp/lab3_2/design_1_wrapper/hw/design_1_wrapper.xsa
TRACE::2026-03-18.08:25:57::SCWPlatform::DSA directory C:/Users/C27Bradford.Hurt/ece383_wksp/lab3_2/design_1_wrapper/hw
TRACE::2026-03-18.08:25:57::SCWPlatform:: Platform Path C:/Users/C27Bradford.Hurt/ece383_wksp/lab3_2/design_1_wrapper/hw/design_1_wrapper.xsa
TRACE::2026-03-18.08:25:57::SCWPlatform:: Unique name xilinx:nexys_video::0.0
TRACE::2026-03-18.08:25:57::SCWPlatform::Trying to set the existing hwdb with name design_1_wrapper_0
TRACE::2026-03-18.08:25:57::SCWPlatform::Opened existing hwdb design_1_wrapper_0
TRACE::2026-03-18.08:25:57::SCWPlatform::Found the Hw Db part of the input DSA
TRACE::2026-03-18.08:25:57::SCWMssOS::Checking the sw design at  C:/Users/C27Bradford.Hurt/ece383_wksp/lab3_2/design_1_wrapper/microblaze_0/standalone_microblaze_0/bsp/system.mss
TRACE::2026-03-18.08:25:57::SCWMssOS::DEBUG:  swdes dump  C:/Users/C27Bradford.Hurt/ece383_wksp/lab3_2/design_1_wrapper/microblaze_0/standalone_microblaze_0/bsp/system.mss|system||

TRACE::2026-03-18.08:25:57::SCWMssOS::Sw design exists and opened at  C:/Users/C27Bradford.Hurt/ece383_wksp/lab3_2/design_1_wrapper/microblaze_0/standalone_microblaze_0/bsp/system.mss
TRACE::2026-03-18.08:25:57::SCWPlatform::Trying to open the hw design at C:/Users/C27Bradford.Hurt/ece383_wksp/lab3_2/design_1_wrapper/hw/design_1_wrapper.xsa
TRACE::2026-03-18.08:25:57::SCWPlatform::DSA given C:/Users/C27Bradford.Hurt/ece383_wksp/lab3_2/design_1_wrapper/hw/design_1_wrapper.xsa
TRACE::2026-03-18.08:25:57::SCWPlatform::DSA absoulate path C:/Users/C27Bradford.Hurt/ece383_wksp/lab3_2/design_1_wrapper/hw/design_1_wrapper.xsa
TRACE::2026-03-18.08:25:57::SCWPlatform::DSA directory C:/Users/C27Bradford.Hurt/ece383_wksp/lab3_2/design_1_wrapper/hw
TRACE::2026-03-18.08:25:57::SCWPlatform:: Platform Path C:/Users/C27Bradford.Hurt/ece383_wksp/lab3_2/design_1_wrapper/hw/design_1_wrapper.xsa
TRACE::2026-03-18.08:25:57::SCWPlatform:: Unique name xilinx:nexys_video::0.0
TRACE::2026-03-18.08:25:57::SCWPlatform::Trying to set the existing hwdb with name design_1_wrapper_0
TRACE::2026-03-18.08:25:57::SCWPlatform::Opened existing hwdb design_1_wrapper_0
TRACE::2026-03-18.08:25:57::SCWPlatform::Found the Hw Db part of the input DSA
TRACE::2026-03-18.08:25:57::SCWMssOS::Checking the sw design at  C:/Users/C27Bradford.Hurt/ece383_wksp/lab3_2/design_1_wrapper/microblaze_0/standalone_microblaze_0/bsp/system.mss
TRACE::2026-03-18.08:25:57::SCWMssOS::DEBUG:  swdes dump  C:/Users/C27Bradford.Hurt/ece383_wksp/lab3_2/design_1_wrapper/microblaze_0/standalone_microblaze_0/bsp/system.mss|system||

TRACE::2026-03-18.08:25:57::SCWMssOS::Sw design exists and opened at  C:/Users/C27Bradford.Hurt/ece383_wksp/lab3_2/design_1_wrapper/microblaze_0/standalone_microblaze_0/bsp/system.mss
TRACE::2026-03-18.08:25:57::SCWPlatform::Trying to open the hw design at C:/Users/C27Bradford.Hurt/ece383_wksp/lab3_2/design_1_wrapper/hw/design_1_wrapper.xsa
TRACE::2026-03-18.08:25:57::SCWPlatform::DSA given C:/Users/C27Bradford.Hurt/ece383_wksp/lab3_2/design_1_wrapper/hw/design_1_wrapper.xsa
TRACE::2026-03-18.08:25:57::SCWPlatform::DSA absoulate path C:/Users/C27Bradford.Hurt/ece383_wksp/lab3_2/design_1_wrapper/hw/design_1_wrapper.xsa
TRACE::2026-03-18.08:25:57::SCWPlatform::DSA directory C:/Users/C27Bradford.Hurt/ece383_wksp/lab3_2/design_1_wrapper/hw
TRACE::2026-03-18.08:25:57::SCWPlatform:: Platform Path C:/Users/C27Bradford.Hurt/ece383_wksp/lab3_2/design_1_wrapper/hw/design_1_wrapper.xsa
TRACE::2026-03-18.08:25:57::SCWPlatform:: Unique name xilinx:nexys_video::0.0
TRACE::2026-03-18.08:25:57::SCWPlatform::Trying to set the existing hwdb with name design_1_wrapper_0
TRACE::2026-03-18.08:25:57::SCWPlatform::Opened existing hwdb design_1_wrapper_0
TRACE::2026-03-18.08:25:57::SCWPlatform::Found the Hw Db part of the input DSA
TRACE::2026-03-18.08:25:57::SCWMssOS::Checking the sw design at  C:/Users/C27Bradford.Hurt/ece383_wksp/lab3_2/design_1_wrapper/microblaze_0/standalone_microblaze_0/bsp/system.mss
TRACE::2026-03-18.08:25:57::SCWMssOS::DEBUG:  swdes dump  C:/Users/C27Bradford.Hurt/ece383_wksp/lab3_2/design_1_wrapper/microblaze_0/standalone_microblaze_0/bsp/system.mss|system||

TRACE::2026-03-18.08:25:57::SCWMssOS::Sw design exists and opened at  C:/Users/C27Bradford.Hurt/ece383_wksp/lab3_2/design_1_wrapper/microblaze_0/standalone_microblaze_0/bsp/system.mss
TRACE::2026-03-18.08:25:57::SCWWriter::formatted JSON is {
	"platformName":	"design_1_wrapper",
	"sprVersion":	"2.0",
	"mode":	"gui",
	"dsaType":	"Fixed",
	"platformDesc":	"design_1_wrapper",
	"platHandOff":	"<platformDir>.xsa",
	"platIntHandOff":	"<platformDir>/hw/design_1_wrapper.xsa",
	"deviceType":	"FPGA",
	"platIsPrebuiltAutogen":	"false",
	"platIsNoBootBsp":	"false",
	"hasFsblMakeHasChanges":	"false",
	"hasPmufwMakeHasChanges":	"false",
	"platPreBuiltFlag":	false,
	"platformSamplesDir":	"",
	"platActiveSys":	"design_1_wrapper",
	"systems":	[{
			"systemName":	"design_1_wrapper",
			"systemDesc":	"design_1_wrapper",
			"sysIsBootAutoGen":	"true",
			"systemDispName":	"design_1_wrapper",
			"sysActiveDom":	"standalone_microblaze_0",
			"sysDefaultDom":	"standalone_microblaze_0",
			"domains":	[{
					"domainName":	"standalone_microblaze_0",
					"domainDispName":	"standalone_microblaze_0",
					"domainDesc":	"standalone_microblaze_0",
					"processors":	"microblaze_0",
					"os":	"standalone",
					"sdxOs":	"standalone",
					"debugEnable":	"False",
					"domRuntimes":	["cpp"],
					"swRepo":	"",
					"mssOsVer":	"9.2",
					"mssFile":	"",
					"md5Digest":	"9499a4de66c9c57c9925c6420c5e637c",
					"compatibleApp":	"hello_world",
					"domType":	"mssDomain",
					"arch":	"32-bit",
					"appSettings":	{
						"appCompilerFlags":	"",
						"appLinkerFlags":	""
					},
					"addedLibs":	[],
					"libOptions":	{
						"libsContainingOptions":	[]
					},
					"prebuiltLibs":	{
						"prebuiltIncPath":	[],
						"prebuiltLibPath":	[]
					},
					"isolation":	{
					}
				}]
		}]
}
KEYINFO::2026-03-18.08:25:57::SCWPlatform::updated the xpfm file.
LOG::2026-03-18.08:30:27::SCWPlatform::Started generating the artifacts platform design_1_wrapper
TRACE::2026-03-18.08:30:27::SCWPlatform::Sanity checking of platform is completed
LOG::2026-03-18.08:30:27::SCWPlatform::Started generating the artifacts for system configuration design_1_wrapper
LOG::2026-03-18.08:30:27::SCWSystem::Checking the domain standalone_microblaze_0
LOG::2026-03-18.08:30:27::SCWSystem::Not a boot domain 
LOG::2026-03-18.08:30:27::SCWSystem::Started Processing the domain standalone_microblaze_0
TRACE::2026-03-18.08:30:27::SCWDomain::Generating domain artifcats
TRACE::2026-03-18.08:30:27::SCWMssOS::Generating standalone artifcats
TRACE::2026-03-18.08:30:27::SCWMssOS:: Copying the user libraries. 
TRACE::2026-03-18.08:30:27::SCWPlatform::Trying to open the hw design at C:/Users/C27Bradford.Hurt/ece383_wksp/lab3_2/design_1_wrapper/hw/design_1_wrapper.xsa
TRACE::2026-03-18.08:30:27::SCWPlatform::DSA given C:/Users/C27Bradford.Hurt/ece383_wksp/lab3_2/design_1_wrapper/hw/design_1_wrapper.xsa
TRACE::2026-03-18.08:30:27::SCWPlatform::DSA absoulate path C:/Users/C27Bradford.Hurt/ece383_wksp/lab3_2/design_1_wrapper/hw/design_1_wrapper.xsa
TRACE::2026-03-18.08:30:27::SCWPlatform::DSA directory C:/Users/C27Bradford.Hurt/ece383_wksp/lab3_2/design_1_wrapper/hw
TRACE::2026-03-18.08:30:27::SCWPlatform:: Platform Path C:/Users/C27Bradford.Hurt/ece383_wksp/lab3_2/design_1_wrapper/hw/design_1_wrapper.xsa
TRACE::2026-03-18.08:30:27::SCWPlatform:: Unique name xilinx:nexys_video::0.0
TRACE::2026-03-18.08:30:27::SCWPlatform::Trying to set the existing hwdb with name design_1_wrapper_0
TRACE::2026-03-18.08:30:27::SCWPlatform::Opened existing hwdb design_1_wrapper_0
TRACE::2026-03-18.08:30:27::SCWPlatform::Found the Hw Db part of the input DSA
TRACE::2026-03-18.08:30:27::SCWMssOS::Checking the sw design at  C:/Users/C27Bradford.Hurt/ece383_wksp/lab3_2/design_1_wrapper/microblaze_0/standalone_microblaze_0/bsp/system.mss
TRACE::2026-03-18.08:30:27::SCWMssOS::DEBUG:  swdes dump  C:/Users/C27Bradford.Hurt/ece383_wksp/lab3_2/design_1_wrapper/microblaze_0/standalone_microblaze_0/bsp/system.mss|system||

TRACE::2026-03-18.08:30:27::SCWMssOS::Sw design exists and opened at  C:/Users/C27Bradford.Hurt/ece383_wksp/lab3_2/design_1_wrapper/microblaze_0/standalone_microblaze_0/bsp/system.mss
TRACE::2026-03-18.08:30:27::SCWMssOS::Completed writing the mss file at C:/Users/C27Bradford.Hurt/ece383_wksp/lab3_2/design_1_wrapper/microblaze_0/standalone_microblaze_0/bsp
TRACE::2026-03-18.08:30:27::SCWMssOS::Mss edits present, copying mssfile into export location C:/Users/C27Bradford.Hurt/ece383_wksp/lab3_2/design_1_wrapper/microblaze_0/standalone_microblaze_0/bsp/system.mss
TRACE::2026-03-18.08:30:27::SCWMssOS::bsp generated is upto date with the mss file. Skipping bsp generation.
TRACE::2026-03-18.08:30:27::SCWMssOS::BSP is already built. skipping the bsp build ... 
TRACE::2026-03-18.08:30:27::SCWDomain::Building the domain as part of full build :  standalone_microblaze_0
TRACE::2026-03-18.08:30:27::SCWMssOS::doing bsp build ... 
TRACE::2026-03-18.08:30:27::SCWMssOS::System Command Ran  C: & cd  C:/Users/C27Bradford.Hurt/ece383_wksp/lab3_2/design_1_wrapper/microblaze_0/standalone_microblaze_0/bsp & make 
TRACE::2026-03-18.08:30:28::SCWMssOS::make --no-print-directory seq_libs

TRACE::2026-03-18.08:30:28::SCWMssOS::'Finished building libraries sequentially.'

TRACE::2026-03-18.08:30:28::SCWMssOS::make -j 14 --no-print-directory par_libs

TRACE::2026-03-18.08:30:28::SCWMssOS::"Running Make include in microblaze_0/libsrc/bram_v4_11/src"

TRACE::2026-03-18.08:30:28::SCWMssOS::make -C microblaze_0/libsrc/bram_v4_11/src -s include  "SHELL=CMD" "COMPILER=mb-gcc" "ASSEMBLER=mb-as" "ARCHIVER=mb-ar" "COMPIL
TRACE::2026-03-18.08:30:28::SCWMssOS::ER_FLAGS=  -O2 -c -mcpu=v11.0 -mlittle-endian -mxl-soft-mul" "EXTRA_COMPILER_FLAGS=-g -ffunction-sections -fdata-sections -Wall
TRACE::2026-03-18.08:30:28::SCWMssOS:: -Wextra -fno-tree-loop-distribute-patterns"

TRACE::2026-03-18.08:30:28::SCWMssOS::"Running Make include in microblaze_0/libsrc/cpu_v2_18/src"

TRACE::2026-03-18.08:30:28::SCWMssOS::make -C microblaze_0/libsrc/cpu_v2_18/src -s include  "SHELL=CMD" "COMPILER=mb-gcc" "ASSEMBLER=mb-as" "ARCHIVER=mb-ar" "COMPILE
TRACE::2026-03-18.08:30:28::SCWMssOS::R_FLAGS=  -O2 -c -mcpu=v11.0 -mlittle-endian -mxl-soft-mul" "EXTRA_COMPILER_FLAGS=-g -ffunction-sections -fdata-sections -Wall 
TRACE::2026-03-18.08:30:28::SCWMssOS::-Wextra -fno-tree-loop-distribute-patterns"

TRACE::2026-03-18.08:30:28::SCWMssOS::"Running Make include in microblaze_0/libsrc/standalone_v9_2/src"

TRACE::2026-03-18.08:30:28::SCWMssOS::make -C microblaze_0/libsrc/standalone_v9_2/src -s include  "SHELL=CMD" "COMPILER=mb-gcc" "ASSEMBLER=mb-as" "ARCHIVER=mb-ar" "C
TRACE::2026-03-18.08:30:28::SCWMssOS::OMPILER_FLAGS=  -O2 -c -mcpu=v11.0 -mlittle-endian -mxl-soft-mul" "EXTRA_COMPILER_FLAGS=-g -ffunction-sections -fdata-sections 
TRACE::2026-03-18.08:30:28::SCWMssOS::-Wall -Wextra -fno-tree-loop-distribute-patterns"

TRACE::2026-03-18.08:30:28::SCWMssOS::"Running Make include in microblaze_0/libsrc/uartlite_v3_11/src"

TRACE::2026-03-18.08:30:28::SCWMssOS::make -C microblaze_0/libsrc/uartlite_v3_11/src -s include  "SHELL=CMD" "COMPILER=mb-gcc" "ASSEMBLER=mb-as" "ARCHIVER=mb-ar" "CO
TRACE::2026-03-18.08:30:28::SCWMssOS::MPILER_FLAGS=  -O2 -c -mcpu=v11.0 -mlittle-endian -mxl-soft-mul" "EXTRA_COMPILER_FLAGS=-g -ffunction-sections -fdata-sections -
TRACE::2026-03-18.08:30:28::SCWMssOS::Wall -Wextra -fno-tree-loop-distribute-patterns"

TRACE::2026-03-18.08:30:29::SCWMssOS::"Running Make libs in microblaze_0/libsrc/bram_v4_11/src"

TRACE::2026-03-18.08:30:29::SCWMssOS::make -C microblaze_0/libsrc/bram_v4_11/src -s libs  "SHELL=CMD" "COMPILER=mb-gcc" "ASSEMBLER=mb-as" "ARCHIVER=mb-ar" "COMPILER_
TRACE::2026-03-18.08:30:29::SCWMssOS::FLAGS=  -O2 -c -mcpu=v11.0 -mlittle-endian -mxl-soft-mul" "EXTRA_COMPILER_FLAGS=-g -ffunction-sections -fdata-sections -Wall -W
TRACE::2026-03-18.08:30:29::SCWMssOS::extra -fno-tree-loop-distribute-patterns"

TRACE::2026-03-18.08:30:29::SCWMssOS::"Running Make libs in microblaze_0/libsrc/cpu_v2_18/src"

TRACE::2026-03-18.08:30:29::SCWMssOS::make -C microblaze_0/libsrc/cpu_v2_18/src -s libs  "SHELL=CMD" "COMPILER=mb-gcc" "ASSEMBLER=mb-as" "ARCHIVER=mb-ar" "COMPILER_F
TRACE::2026-03-18.08:30:29::SCWMssOS::LAGS=  -O2 -c -mcpu=v11.0 -mlittle-endian -mxl-soft-mul" "EXTRA_COMPILER_FLAGS=-g -ffunction-sections -fdata-sections -Wall -We
TRACE::2026-03-18.08:30:29::SCWMssOS::xtra -fno-tree-loop-distribute-patterns"

TRACE::2026-03-18.08:30:29::SCWMssOS::"Running Make libs in microblaze_0/libsrc/standalone_v9_2/src"

TRACE::2026-03-18.08:30:29::SCWMssOS::make -C microblaze_0/libsrc/standalone_v9_2/src -s libs  "SHELL=CMD" "COMPILER=mb-gcc" "ASSEMBLER=mb-as" "ARCHIVER=mb-ar" "COMP
TRACE::2026-03-18.08:30:29::SCWMssOS::ILER_FLAGS=  -O2 -c -mcpu=v11.0 -mlittle-endian -mxl-soft-mul" "EXTRA_COMPILER_FLAGS=-g -ffunction-sections -fdata-sections -Wa
TRACE::2026-03-18.08:30:29::SCWMssOS::ll -Wextra -fno-tree-loop-distribute-patterns"

TRACE::2026-03-18.08:30:29::SCWMssOS::"Running Make libs in microblaze_0/libsrc/uartlite_v3_11/src"

TRACE::2026-03-18.08:30:29::SCWMssOS::make -C microblaze_0/libsrc/uartlite_v3_11/src -s libs  "SHELL=CMD" "COMPILER=mb-gcc" "ASSEMBLER=mb-as" "ARCHIVER=mb-ar" "COMPI
TRACE::2026-03-18.08:30:29::SCWMssOS::LER_FLAGS=  -O2 -c -mcpu=v11.0 -mlittle-endian -mxl-soft-mul" "EXTRA_COMPILER_FLAGS=-g -ffunction-sections -fdata-sections -Wal
TRACE::2026-03-18.08:30:29::SCWMssOS::l -Wextra -fno-tree-loop-distribute-patterns"

TRACE::2026-03-18.08:30:32::SCWMssOS::"DEBUG NON_LTO_OBJECTS is ../../../lib/microblaze_interrupt_handler.o"

TRACE::2026-03-18.08:30:33::SCWMssOS::'Finished building libraries parallelly.'

TRACE::2026-03-18.08:30:33::SCWMssOS::make --no-print-directory archive

TRACE::2026-03-18.08:30:33::SCWMssOS::mb-ar -r  microblaze_0/lib/libxil.a microblaze_0/lib/_exit.o microblaze_0/lib/errno.o microblaze_0/lib/fcntl.o microblaze_0/lib
TRACE::2026-03-18.08:30:33::SCWMssOS::/hw_exception_handler.o microblaze_0/lib/inbyte.o microblaze_0/lib/microblaze_disable_dcache.o microblaze_0/lib/microblaze_disa
TRACE::2026-03-18.08:30:33::SCWMssOS::ble_exceptions.o microblaze_0/lib/microblaze_disable_icache.o microblaze_0/lib/microblaze_disable_interrupts.o microblaze_0/lib
TRACE::2026-03-18.08:30:33::SCWMssOS::/microblaze_enable_dcache.o microblaze_0/lib/microblaze_enable_exceptions.o microblaze_0/lib/microblaze_enable_icache.o microbl
TRACE::2026-03-18.08:30:33::SCWMssOS::aze_0/lib/microblaze_enable_interrupts.o microblaze_0/lib/microblaze_exception_handler.o microblaze_0/lib/microblaze_flush_cach
TRACE::2026-03-18.08:30:33::SCWMssOS::e_ext.o microblaze_0/lib/microblaze_flush_cache_ext_range.o microblaze_0/lib/microblaze_flush_dcache.o microblaze_0/lib/microbl
TRACE::2026-03-18.08:30:33::SCWMssOS::aze_flush_dcache_range.o microblaze_0/lib/microblaze_init_dcache_range.o microblaze_0/lib/microblaze_init_icache_range.o microb
TRACE::2026-03-18.08:30:33::SCWMssOS::laze_0/lib/microblaze_interrupt_handler.o microblaze_0/lib/microblaze_interrupts_g.o microblaze_0/lib/microblaze_invalidate_cac
TRACE::2026-03-18.08:30:33::SCWMssOS::he_ext.o microblaze_0/lib/microblaze_invalidate_cache_ext_range.o microblaze_0/lib/microblaze_invalidate_dcache.o microblaze_0/
TRACE::2026-03-18.08:30:33::SCWMssOS::lib/microblaze_invalidate_dcache_range.o microblaze_0/lib/microblaze_invalidate_icache.o microblaze_0/lib/microblaze_invalidate
TRACE::2026-03-18.08:30:33::SCWMssOS::_icache_range.o microblaze_0/lib/microblaze_scrub.o microblaze_0/lib/microblaze_selftest.o microblaze_0/lib/microblaze_sleep.o 
TRACE::2026-03-18.08:30:33::SCWMssOS::microblaze_0/lib/microblaze_update_dcache.o microblaze_0/lib/microblaze_update_icache.o microblaze_0/lib/outbyte.o microblaze_0
TRACE::2026-03-18.08:30:33::SCWMssOS::/lib/print.o microblaze_0/lib/pvr.o microblaze_0/lib/xbram.o microblaze_0/lib/xbram_g.o microblaze_0/lib/xbram_intr.o microblaz
TRACE::2026-03-18.08:30:33::SCWMssOS::e_0/lib/xbram_selftest.o microblaze_0/lib/xbram_sinit.o microblaze_0/lib/xil_assert.o microblaze_0/lib/xil_cache.o microblaze_0
TRACE::2026-03-18.08:30:33::SCWMssOS::/lib/xil_clocking.o microblaze_0/lib/xil_exception.o microblaze_0/lib/xil_mem.o microblaze_0/lib/xil_misc_psreset_api.o microbl
TRACE::2026-03-18.08:30:33::SCWMssOS::aze_0/lib/xil_printf.o microblaze_0/lib/xil_sleepcommon.o microblaze_0/lib/xil_sutil.o microblaze_0/lib/xil_testcache.o microbl
TRACE::2026-03-18.08:30:33::SCWMssOS::aze_0/lib/xil_testio.o microblaze_0/lib/xil_testmem.o microblaze_0/lib/xil_util.o microblaze_0/lib/xinterrupt_wrap.o microblaze
TRACE::2026-03-18.08:30:33::SCWMssOS::_0/lib/xio.o microblaze_0/lib/xplatform_info.o microblaze_0/lib/xpm_init.o microblaze_0/lib/xuartlite.o microblaze_0/lib/xuartl
TRACE::2026-03-18.08:30:33::SCWMssOS::ite_g.o microblaze_0/lib/xuartlite_intr.o microblaze_0/lib/xuartlite_l.o microblaze_0/lib/xuartlite_selftest.o microblaze_0/lib
TRACE::2026-03-18.08:30:33::SCWMssOS::/xuartlite_sinit.o microblaze_0/lib/xuartlite_stats.o

TRACE::2026-03-18.08:30:33::SCWMssOS::'Finished building libraries'

TRACE::2026-03-18.08:30:33::SCWMssOS::Copying to export directory.
TRACE::2026-03-18.08:30:34::SCWMssOS:: Checking if to create the Supporting Applications
TRACE::2026-03-18.08:30:34::SCWMssOS:: No Linux domain exists, trying to generate FSBL 
LOG::2026-03-18.08:30:34::SCWSystem::Completed Processing the domain standalone_microblaze_0
LOG::2026-03-18.08:30:34::SCWSystem::Completed Processing the sysconfig design_1_wrapper
LOG::2026-03-18.08:30:34::SCWPlatform::Completed generating the artifacts for system configuration design_1_wrapper
TRACE::2026-03-18.08:30:34::SCWPlatform::Started preparing the platform 
TRACE::2026-03-18.08:30:34::SCWSystem::Writing the bif file for system config design_1_wrapper
TRACE::2026-03-18.08:30:34::SCWSystem::dir created 
TRACE::2026-03-18.08:30:34::SCWSystem::Writing the bif 
TRACE::2026-03-18.08:30:34::SCWPlatform::Started writing the spfm file 
TRACE::2026-03-18.08:30:34::SCWPlatform::Started writing the xpfm file 
TRACE::2026-03-18.08:30:34::SCWPlatform::Completed generating the platform
TRACE::2026-03-18.08:30:34::SCWMssOS::Saving the mss changes C:/Users/C27Bradford.Hurt/ece383_wksp/lab3_2/design_1_wrapper/microblaze_0/standalone_microblaze_0/bsp/system.mss
TRACE::2026-03-18.08:30:34::SCWMssOS::Found a swdesign opened with the mssfile.
TRACE::2026-03-18.08:30:34::SCWMssOS::Completed writemss as part of save.
TRACE::2026-03-18.08:30:34::SCWMssOS::Commit changes completed.
TRACE::2026-03-18.08:30:34::SCWPlatform::Trying to open the hw design at C:/Users/C27Bradford.Hurt/ece383_wksp/lab3_2/design_1_wrapper/hw/design_1_wrapper.xsa
TRACE::2026-03-18.08:30:34::SCWPlatform::DSA given C:/Users/C27Bradford.Hurt/ece383_wksp/lab3_2/design_1_wrapper/hw/design_1_wrapper.xsa
TRACE::2026-03-18.08:30:34::SCWPlatform::DSA absoulate path C:/Users/C27Bradford.Hurt/ece383_wksp/lab3_2/design_1_wrapper/hw/design_1_wrapper.xsa
TRACE::2026-03-18.08:30:34::SCWPlatform::DSA directory C:/Users/C27Bradford.Hurt/ece383_wksp/lab3_2/design_1_wrapper/hw
TRACE::2026-03-18.08:30:34::SCWPlatform:: Platform Path C:/Users/C27Bradford.Hurt/ece383_wksp/lab3_2/design_1_wrapper/hw/design_1_wrapper.xsa
TRACE::2026-03-18.08:30:34::SCWPlatform:: Unique name xilinx:nexys_video::0.0
TRACE::2026-03-18.08:30:34::SCWPlatform::Trying to set the existing hwdb with name design_1_wrapper_0
TRACE::2026-03-18.08:30:34::SCWPlatform::Opened existing hwdb design_1_wrapper_0
TRACE::2026-03-18.08:30:34::SCWPlatform::Found the Hw Db part of the input DSA
TRACE::2026-03-18.08:30:34::SCWMssOS::Checking the sw design at  C:/Users/C27Bradford.Hurt/ece383_wksp/lab3_2/design_1_wrapper/microblaze_0/standalone_microblaze_0/bsp/system.mss
TRACE::2026-03-18.08:30:34::SCWMssOS::DEBUG:  swdes dump  C:/Users/C27Bradford.Hurt/ece383_wksp/lab3_2/design_1_wrapper/microblaze_0/standalone_microblaze_0/bsp/system.mss|system||

TRACE::2026-03-18.08:30:34::SCWMssOS::Sw design exists and opened at  C:/Users/C27Bradford.Hurt/ece383_wksp/lab3_2/design_1_wrapper/microblaze_0/standalone_microblaze_0/bsp/system.mss
TRACE::2026-03-18.08:30:34::SCWPlatform::Trying to open the hw design at C:/Users/C27Bradford.Hurt/ece383_wksp/lab3_2/design_1_wrapper/hw/design_1_wrapper.xsa
TRACE::2026-03-18.08:30:34::SCWPlatform::DSA given C:/Users/C27Bradford.Hurt/ece383_wksp/lab3_2/design_1_wrapper/hw/design_1_wrapper.xsa
TRACE::2026-03-18.08:30:34::SCWPlatform::DSA absoulate path C:/Users/C27Bradford.Hurt/ece383_wksp/lab3_2/design_1_wrapper/hw/design_1_wrapper.xsa
TRACE::2026-03-18.08:30:34::SCWPlatform::DSA directory C:/Users/C27Bradford.Hurt/ece383_wksp/lab3_2/design_1_wrapper/hw
TRACE::2026-03-18.08:30:34::SCWPlatform:: Platform Path C:/Users/C27Bradford.Hurt/ece383_wksp/lab3_2/design_1_wrapper/hw/design_1_wrapper.xsa
TRACE::2026-03-18.08:30:34::SCWPlatform:: Unique name xilinx:nexys_video::0.0
TRACE::2026-03-18.08:30:34::SCWPlatform::Trying to set the existing hwdb with name design_1_wrapper_0
TRACE::2026-03-18.08:30:34::SCWPlatform::Opened existing hwdb design_1_wrapper_0
TRACE::2026-03-18.08:30:34::SCWPlatform::Found the Hw Db part of the input DSA
TRACE::2026-03-18.08:30:34::SCWMssOS::Checking the sw design at  C:/Users/C27Bradford.Hurt/ece383_wksp/lab3_2/design_1_wrapper/microblaze_0/standalone_microblaze_0/bsp/system.mss
TRACE::2026-03-18.08:30:34::SCWMssOS::DEBUG:  swdes dump  C:/Users/C27Bradford.Hurt/ece383_wksp/lab3_2/design_1_wrapper/microblaze_0/standalone_microblaze_0/bsp/system.mss|system||

TRACE::2026-03-18.08:30:34::SCWMssOS::Sw design exists and opened at  C:/Users/C27Bradford.Hurt/ece383_wksp/lab3_2/design_1_wrapper/microblaze_0/standalone_microblaze_0/bsp/system.mss
TRACE::2026-03-18.08:30:34::SCWPlatform::Trying to open the hw design at C:/Users/C27Bradford.Hurt/ece383_wksp/lab3_2/design_1_wrapper/hw/design_1_wrapper.xsa
TRACE::2026-03-18.08:30:34::SCWPlatform::DSA given C:/Users/C27Bradford.Hurt/ece383_wksp/lab3_2/design_1_wrapper/hw/design_1_wrapper.xsa
TRACE::2026-03-18.08:30:34::SCWPlatform::DSA absoulate path C:/Users/C27Bradford.Hurt/ece383_wksp/lab3_2/design_1_wrapper/hw/design_1_wrapper.xsa
TRACE::2026-03-18.08:30:34::SCWPlatform::DSA directory C:/Users/C27Bradford.Hurt/ece383_wksp/lab3_2/design_1_wrapper/hw
TRACE::2026-03-18.08:30:34::SCWPlatform:: Platform Path C:/Users/C27Bradford.Hurt/ece383_wksp/lab3_2/design_1_wrapper/hw/design_1_wrapper.xsa
TRACE::2026-03-18.08:30:34::SCWPlatform:: Unique name xilinx:nexys_video::0.0
TRACE::2026-03-18.08:30:34::SCWPlatform::Trying to set the existing hwdb with name design_1_wrapper_0
TRACE::2026-03-18.08:30:34::SCWPlatform::Opened existing hwdb design_1_wrapper_0
TRACE::2026-03-18.08:30:34::SCWPlatform::Found the Hw Db part of the input DSA
TRACE::2026-03-18.08:30:34::SCWMssOS::Checking the sw design at  C:/Users/C27Bradford.Hurt/ece383_wksp/lab3_2/design_1_wrapper/microblaze_0/standalone_microblaze_0/bsp/system.mss
TRACE::2026-03-18.08:30:34::SCWMssOS::DEBUG:  swdes dump  C:/Users/C27Bradford.Hurt/ece383_wksp/lab3_2/design_1_wrapper/microblaze_0/standalone_microblaze_0/bsp/system.mss|system||

TRACE::2026-03-18.08:30:34::SCWMssOS::Sw design exists and opened at  C:/Users/C27Bradford.Hurt/ece383_wksp/lab3_2/design_1_wrapper/microblaze_0/standalone_microblaze_0/bsp/system.mss
TRACE::2026-03-18.08:30:34::SCWWriter::formatted JSON is {
	"platformName":	"design_1_wrapper",
	"sprVersion":	"2.0",
	"mode":	"gui",
	"dsaType":	"Fixed",
	"platformDesc":	"design_1_wrapper",
	"platHandOff":	"<platformDir>.xsa",
	"platIntHandOff":	"<platformDir>/hw/design_1_wrapper.xsa",
	"deviceType":	"FPGA",
	"platIsPrebuiltAutogen":	"false",
	"platIsNoBootBsp":	"false",
	"hasFsblMakeHasChanges":	"false",
	"hasPmufwMakeHasChanges":	"false",
	"platPreBuiltFlag":	false,
	"platformSamplesDir":	"",
	"platActiveSys":	"design_1_wrapper",
	"systems":	[{
			"systemName":	"design_1_wrapper",
			"systemDesc":	"design_1_wrapper",
			"sysIsBootAutoGen":	"true",
			"systemDispName":	"design_1_wrapper",
			"sysActiveDom":	"standalone_microblaze_0",
			"sysDefaultDom":	"standalone_microblaze_0",
			"domains":	[{
					"domainName":	"standalone_microblaze_0",
					"domainDispName":	"standalone_microblaze_0",
					"domainDesc":	"standalone_microblaze_0",
					"processors":	"microblaze_0",
					"os":	"standalone",
					"sdxOs":	"standalone",
					"debugEnable":	"False",
					"domRuntimes":	["cpp"],
					"swRepo":	"",
					"mssOsVer":	"9.2",
					"mssFile":	"",
					"md5Digest":	"9499a4de66c9c57c9925c6420c5e637c",
					"compatibleApp":	"hello_world",
					"domType":	"mssDomain",
					"arch":	"32-bit",
					"appSettings":	{
						"appCompilerFlags":	"",
						"appLinkerFlags":	""
					},
					"addedLibs":	[],
					"libOptions":	{
						"libsContainingOptions":	[]
					},
					"prebuiltLibs":	{
						"prebuiltIncPath":	[],
						"prebuiltLibPath":	[]
					},
					"isolation":	{
					}
				}]
		}]
}
KEYINFO::2026-03-18.08:30:34::SCWPlatform::updated the xpfm file.
TRACE::2026-03-18.08:30:34::SCWPlatform::Trying to open the hw design at C:/Users/C27Bradford.Hurt/ece383_wksp/lab3_2/design_1_wrapper/hw/design_1_wrapper.xsa
TRACE::2026-03-18.08:30:34::SCWPlatform::DSA given C:/Users/C27Bradford.Hurt/ece383_wksp/lab3_2/design_1_wrapper/hw/design_1_wrapper.xsa
TRACE::2026-03-18.08:30:34::SCWPlatform::DSA absoulate path C:/Users/C27Bradford.Hurt/ece383_wksp/lab3_2/design_1_wrapper/hw/design_1_wrapper.xsa
TRACE::2026-03-18.08:30:34::SCWPlatform::DSA directory C:/Users/C27Bradford.Hurt/ece383_wksp/lab3_2/design_1_wrapper/hw
TRACE::2026-03-18.08:30:34::SCWPlatform:: Platform Path C:/Users/C27Bradford.Hurt/ece383_wksp/lab3_2/design_1_wrapper/hw/design_1_wrapper.xsa
TRACE::2026-03-18.08:30:34::SCWPlatform:: Unique name xilinx:nexys_video::0.0
TRACE::2026-03-18.08:30:34::SCWPlatform::Trying to set the existing hwdb with name design_1_wrapper_0
TRACE::2026-03-18.08:30:34::SCWPlatform::Opened existing hwdb design_1_wrapper_0
TRACE::2026-03-18.08:30:34::SCWPlatform::Found the Hw Db part of the input DSA
TRACE::2026-03-18.08:30:34::SCWMssOS::Checking the sw design at  C:/Users/C27Bradford.Hurt/ece383_wksp/lab3_2/design_1_wrapper/microblaze_0/standalone_microblaze_0/bsp/system.mss
TRACE::2026-03-18.08:30:34::SCWMssOS::DEBUG:  swdes dump  C:/Users/C27Bradford.Hurt/ece383_wksp/lab3_2/design_1_wrapper/microblaze_0/standalone_microblaze_0/bsp/system.mss|system||

TRACE::2026-03-18.08:30:34::SCWMssOS::Sw design exists and opened at  C:/Users/C27Bradford.Hurt/ece383_wksp/lab3_2/design_1_wrapper/microblaze_0/standalone_microblaze_0/bsp/system.mss
TRACE::2026-03-20.08:47:34::SCWPlatform::Trying to open the hw design at C:/Users/C27Bradford.Hurt/ece383_wksp/lab3_2/design_1_wrapper/hw/design_1_wrapper.xsa
TRACE::2026-03-20.08:47:34::SCWPlatform::DSA given C:/Users/C27Bradford.Hurt/ece383_wksp/lab3_2/design_1_wrapper/hw/design_1_wrapper.xsa
TRACE::2026-03-20.08:47:34::SCWPlatform::DSA absoulate path C:/Users/C27Bradford.Hurt/ece383_wksp/lab3_2/design_1_wrapper/hw/design_1_wrapper.xsa
TRACE::2026-03-20.08:47:34::SCWPlatform::DSA directory C:/Users/C27Bradford.Hurt/ece383_wksp/lab3_2/design_1_wrapper/hw
TRACE::2026-03-20.08:47:34::SCWPlatform:: Platform Path C:/Users/C27Bradford.Hurt/ece383_wksp/lab3_2/design_1_wrapper/hw/design_1_wrapper.xsa
TRACE::2026-03-20.08:47:34::SCWPlatform:: Unique name xilinx:nexys_video::0.0
TRACE::2026-03-20.08:47:34::SCWPlatform::Do not have an existing db opened. 
TRACE::2026-03-20.08:47:35::SCWPlatform::Opened new HwDB with name design_1_wrapper_0
TRACE::2026-03-20.08:47:35::SCWReader::Active system found as  design_1_wrapper
TRACE::2026-03-20.08:47:35::SCWReader::Handling sysconfig design_1_wrapper
TRACE::2026-03-20.08:47:35::SCWDomain::checking for install qemu data   : 
TRACE::2026-03-20.08:47:35::SCWPlatform::Trying to open the hw design at C:/Users/C27Bradford.Hurt/ece383_wksp/lab3_2/design_1_wrapper/hw/design_1_wrapper.xsa
TRACE::2026-03-20.08:47:35::SCWPlatform::DSA given C:/Users/C27Bradford.Hurt/ece383_wksp/lab3_2/design_1_wrapper/hw/design_1_wrapper.xsa
TRACE::2026-03-20.08:47:35::SCWPlatform::DSA absoulate path C:/Users/C27Bradford.Hurt/ece383_wksp/lab3_2/design_1_wrapper/hw/design_1_wrapper.xsa
TRACE::2026-03-20.08:47:35::SCWPlatform::DSA directory C:/Users/C27Bradford.Hurt/ece383_wksp/lab3_2/design_1_wrapper/hw
TRACE::2026-03-20.08:47:35::SCWPlatform:: Platform Path C:/Users/C27Bradford.Hurt/ece383_wksp/lab3_2/design_1_wrapper/hw/design_1_wrapper.xsa
TRACE::2026-03-20.08:47:35::SCWPlatform:: Unique name xilinx:nexys_video::0.0
TRACE::2026-03-20.08:47:35::SCWPlatform::Trying to set the existing hwdb with name design_1_wrapper_0
TRACE::2026-03-20.08:47:35::SCWPlatform::Opened existing hwdb design_1_wrapper_0
TRACE::2026-03-20.08:47:35::SCWPlatform::Found the Hw Db part of the input DSA
TRACE::2026-03-20.08:47:35::SCWPlatform::Trying to open the hw design at C:/Users/C27Bradford.Hurt/ece383_wksp/lab3_2/design_1_wrapper/hw/design_1_wrapper.xsa
TRACE::2026-03-20.08:47:35::SCWPlatform::DSA given C:/Users/C27Bradford.Hurt/ece383_wksp/lab3_2/design_1_wrapper/hw/design_1_wrapper.xsa
TRACE::2026-03-20.08:47:35::SCWPlatform::DSA absoulate path C:/Users/C27Bradford.Hurt/ece383_wksp/lab3_2/design_1_wrapper/hw/design_1_wrapper.xsa
TRACE::2026-03-20.08:47:35::SCWPlatform::DSA directory C:/Users/C27Bradford.Hurt/ece383_wksp/lab3_2/design_1_wrapper/hw
TRACE::2026-03-20.08:47:35::SCWPlatform:: Platform Path C:/Users/C27Bradford.Hurt/ece383_wksp/lab3_2/design_1_wrapper/hw/design_1_wrapper.xsa
TRACE::2026-03-20.08:47:35::SCWPlatform:: Unique name xilinx:nexys_video::0.0
TRACE::2026-03-20.08:47:35::SCWPlatform::Trying to set the existing hwdb with name design_1_wrapper_0
TRACE::2026-03-20.08:47:35::SCWPlatform::Opened existing hwdb design_1_wrapper_0
TRACE::2026-03-20.08:47:35::SCWPlatform::Found the Hw Db part of the input DSA
TRACE::2026-03-20.08:47:35::SCWPlatform::Trying to open the hw design at C:/Users/C27Bradford.Hurt/ece383_wksp/lab3_2/design_1_wrapper/hw/design_1_wrapper.xsa
TRACE::2026-03-20.08:47:35::SCWPlatform::DSA given C:/Users/C27Bradford.Hurt/ece383_wksp/lab3_2/design_1_wrapper/hw/design_1_wrapper.xsa
TRACE::2026-03-20.08:47:35::SCWPlatform::DSA absoulate path C:/Users/C27Bradford.Hurt/ece383_wksp/lab3_2/design_1_wrapper/hw/design_1_wrapper.xsa
TRACE::2026-03-20.08:47:35::SCWPlatform::DSA directory C:/Users/C27Bradford.Hurt/ece383_wksp/lab3_2/design_1_wrapper/hw
TRACE::2026-03-20.08:47:35::SCWPlatform:: Platform Path C:/Users/C27Bradford.Hurt/ece383_wksp/lab3_2/design_1_wrapper/hw/design_1_wrapper.xsa
TRACE::2026-03-20.08:47:35::SCWPlatform:: Unique name xilinx:nexys_video::0.0
TRACE::2026-03-20.08:47:35::SCWPlatform::Trying to set the existing hwdb with name design_1_wrapper_0
TRACE::2026-03-20.08:47:35::SCWPlatform::Opened existing hwdb design_1_wrapper_0
TRACE::2026-03-20.08:47:35::SCWPlatform::Found the Hw Db part of the input DSA
TRACE::2026-03-20.08:47:35::SCWPlatform::Trying to open the hw design at C:/Users/C27Bradford.Hurt/ece383_wksp/lab3_2/design_1_wrapper/hw/design_1_wrapper.xsa
TRACE::2026-03-20.08:47:35::SCWPlatform::DSA given C:/Users/C27Bradford.Hurt/ece383_wksp/lab3_2/design_1_wrapper/hw/design_1_wrapper.xsa
TRACE::2026-03-20.08:47:35::SCWPlatform::DSA absoulate path C:/Users/C27Bradford.Hurt/ece383_wksp/lab3_2/design_1_wrapper/hw/design_1_wrapper.xsa
TRACE::2026-03-20.08:47:35::SCWPlatform::DSA directory C:/Users/C27Bradford.Hurt/ece383_wksp/lab3_2/design_1_wrapper/hw
TRACE::2026-03-20.08:47:35::SCWPlatform:: Platform Path C:/Users/C27Bradford.Hurt/ece383_wksp/lab3_2/design_1_wrapper/hw/design_1_wrapper.xsa
TRACE::2026-03-20.08:47:35::SCWPlatform:: Unique name xilinx:nexys_video::0.0
TRACE::2026-03-20.08:47:35::SCWPlatform::Trying to set the existing hwdb with name design_1_wrapper_0
TRACE::2026-03-20.08:47:35::SCWPlatform::Opened existing hwdb design_1_wrapper_0
TRACE::2026-03-20.08:47:35::SCWPlatform::Found the Hw Db part of the input DSA
TRACE::2026-03-20.08:47:35::SCWMssOS::Checking the sw design at  C:/Users/C27Bradford.Hurt/ece383_wksp/lab3_2/design_1_wrapper/microblaze_0/standalone_microblaze_0/bsp/system.mss
TRACE::2026-03-20.08:47:35::SCWMssOS::DEBUG:  swdes dump  
TRACE::2026-03-20.08:47:35::SCWMssOS::No sw design opened at  C:/Users/C27Bradford.Hurt/ece383_wksp/lab3_2/design_1_wrapper/microblaze_0/standalone_microblaze_0/bsp/system.mss
TRACE::2026-03-20.08:47:35::SCWMssOS::mss exists loading the mss file  C:/Users/C27Bradford.Hurt/ece383_wksp/lab3_2/design_1_wrapper/microblaze_0/standalone_microblaze_0/bsp/system.mss
TRACE::2026-03-20.08:47:35::SCWMssOS::Opened the sw design from mss  C:/Users/C27Bradford.Hurt/ece383_wksp/lab3_2/design_1_wrapper/microblaze_0/standalone_microblaze_0/bsp/system.mss
TRACE::2026-03-20.08:47:35::SCWMssOS::Adding the swdes entry C:/Users/C27Bradford.Hurt/ece383_wksp/lab3_2/design_1_wrapper/microblaze_0/standalone_microblaze_0/bsp/system.mss with des name system
TRACE::2026-03-20.08:47:35::SCWMssOS::updating the scw layer about changes
TRACE::2026-03-20.08:47:35::SCWMssOS::Opened the sw design.  C:/Users/C27Bradford.Hurt/ece383_wksp/lab3_2/design_1_wrapper/microblaze_0/standalone_microblaze_0/bsp/system.mss
TRACE::2026-03-20.08:47:35::SCWMssOS::Saving the mss changes C:/Users/C27Bradford.Hurt/ece383_wksp/lab3_2/design_1_wrapper/microblaze_0/standalone_microblaze_0/bsp/system.mss
TRACE::2026-03-20.08:47:35::SCWMssOS::Found a swdesign opened with the mssfile.
TRACE::2026-03-20.08:47:35::SCWMssOS::Completed writemss as part of save.
TRACE::2026-03-20.08:47:35::SCWMssOS::Commit changes completed.
TRACE::2026-03-20.08:47:35::SCWReader::Adding prebuilt librarypaths as   
TRACE::2026-03-20.08:47:35::SCWReader::Adding prebuilt incpaths  as   
TRACE::2026-03-20.08:47:35::SCWPlatform::Trying to open the hw design at C:/Users/C27Bradford.Hurt/ece383_wksp/lab3_2/design_1_wrapper/hw/design_1_wrapper.xsa
TRACE::2026-03-20.08:47:35::SCWPlatform::DSA given C:/Users/C27Bradford.Hurt/ece383_wksp/lab3_2/design_1_wrapper/hw/design_1_wrapper.xsa
TRACE::2026-03-20.08:47:35::SCWPlatform::DSA absoulate path C:/Users/C27Bradford.Hurt/ece383_wksp/lab3_2/design_1_wrapper/hw/design_1_wrapper.xsa
TRACE::2026-03-20.08:47:35::SCWPlatform::DSA directory C:/Users/C27Bradford.Hurt/ece383_wksp/lab3_2/design_1_wrapper/hw
TRACE::2026-03-20.08:47:35::SCWPlatform:: Platform Path C:/Users/C27Bradford.Hurt/ece383_wksp/lab3_2/design_1_wrapper/hw/design_1_wrapper.xsa
TRACE::2026-03-20.08:47:35::SCWPlatform:: Unique name xilinx:nexys_video::0.0
TRACE::2026-03-20.08:47:35::SCWPlatform::Trying to set the existing hwdb with name design_1_wrapper_0
TRACE::2026-03-20.08:47:35::SCWPlatform::Opened existing hwdb design_1_wrapper_0
TRACE::2026-03-20.08:47:35::SCWPlatform::Found the Hw Db part of the input DSA
TRACE::2026-03-20.08:47:35::SCWMssOS::Checking the sw design at  C:/Users/C27Bradford.Hurt/ece383_wksp/lab3_2/design_1_wrapper/microblaze_0/standalone_microblaze_0/bsp/system.mss
TRACE::2026-03-20.08:47:35::SCWMssOS::DEBUG:  swdes dump  C:/Users/C27Bradford.Hurt/ece383_wksp/lab3_2/design_1_wrapper/microblaze_0/standalone_microblaze_0/bsp/system.mss|system||

TRACE::2026-03-20.08:47:35::SCWMssOS::Sw design exists and opened at  C:/Users/C27Bradford.Hurt/ece383_wksp/lab3_2/design_1_wrapper/microblaze_0/standalone_microblaze_0/bsp/system.mss
TRACE::2026-03-20.08:47:35::SCWReader::No isolation master present  
TRACE::2026-03-20.08:47:35::SCWMssOS::cleaning the bsp 
TRACE::2026-03-20.08:47:35::SCWMssOS::System Command Ran  C: & cd  C:/Users/C27Bradford.Hurt/ece383_wksp/lab3_2/design_1_wrapper/microblaze_0/standalone_microblaze_0/bsp & make clean 
TRACE::2026-03-20.08:47:35::SCWMssOS::make -C microblaze_0/libsrc/bram_v4_11/src -s clean 

TRACE::2026-03-20.08:47:35::SCWMssOS::make -C microblaze_0/libsrc/cpu_v2_18/src -s clean 

TRACE::2026-03-20.08:47:36::SCWMssOS::make -C microblaze_0/libsrc/standalone_v9_2/src -s clean 

TRACE::2026-03-20.08:47:37::SCWMssOS::make -C microblaze_0/libsrc/uartlite_v3_11/src -s clean 

TRACE::2026-03-20.08:47:38::SCWMssOS::rm -f microblaze_0/lib/libxil.a

LOG::2026-03-20.08:48:00::SCWPlatform::Started generating the artifacts platform design_1_wrapper
TRACE::2026-03-20.08:48:00::SCWPlatform::Sanity checking of platform is completed
LOG::2026-03-20.08:48:00::SCWPlatform::Started generating the artifacts for system configuration design_1_wrapper
LOG::2026-03-20.08:48:00::SCWSystem::Checking the domain standalone_microblaze_0
LOG::2026-03-20.08:48:00::SCWSystem::Not a boot domain 
LOG::2026-03-20.08:48:00::SCWSystem::Started Processing the domain standalone_microblaze_0
TRACE::2026-03-20.08:48:00::SCWDomain::Generating domain artifcats
TRACE::2026-03-20.08:48:00::SCWMssOS::Generating standalone artifcats
TRACE::2026-03-20.08:48:00::SCWMssOS:: Copying the user libraries. 
TRACE::2026-03-20.08:48:00::SCWPlatform::Trying to open the hw design at C:/Users/C27Bradford.Hurt/ece383_wksp/lab3_2/design_1_wrapper/hw/design_1_wrapper.xsa
TRACE::2026-03-20.08:48:00::SCWPlatform::DSA given C:/Users/C27Bradford.Hurt/ece383_wksp/lab3_2/design_1_wrapper/hw/design_1_wrapper.xsa
TRACE::2026-03-20.08:48:00::SCWPlatform::DSA absoulate path C:/Users/C27Bradford.Hurt/ece383_wksp/lab3_2/design_1_wrapper/hw/design_1_wrapper.xsa
TRACE::2026-03-20.08:48:00::SCWPlatform::DSA directory C:/Users/C27Bradford.Hurt/ece383_wksp/lab3_2/design_1_wrapper/hw
TRACE::2026-03-20.08:48:00::SCWPlatform:: Platform Path C:/Users/C27Bradford.Hurt/ece383_wksp/lab3_2/design_1_wrapper/hw/design_1_wrapper.xsa
TRACE::2026-03-20.08:48:00::SCWPlatform:: Unique name xilinx:nexys_video::0.0
TRACE::2026-03-20.08:48:00::SCWPlatform::Trying to set the existing hwdb with name design_1_wrapper_0
TRACE::2026-03-20.08:48:00::SCWPlatform::Opened existing hwdb design_1_wrapper_0
TRACE::2026-03-20.08:48:00::SCWPlatform::Found the Hw Db part of the input DSA
TRACE::2026-03-20.08:48:00::SCWMssOS::Checking the sw design at  C:/Users/C27Bradford.Hurt/ece383_wksp/lab3_2/design_1_wrapper/microblaze_0/standalone_microblaze_0/bsp/system.mss
TRACE::2026-03-20.08:48:00::SCWMssOS::DEBUG:  swdes dump  C:/Users/C27Bradford.Hurt/ece383_wksp/lab3_2/design_1_wrapper/microblaze_0/standalone_microblaze_0/bsp/system.mss|system||

TRACE::2026-03-20.08:48:00::SCWMssOS::Sw design exists and opened at  C:/Users/C27Bradford.Hurt/ece383_wksp/lab3_2/design_1_wrapper/microblaze_0/standalone_microblaze_0/bsp/system.mss
TRACE::2026-03-20.08:48:00::SCWMssOS::Completed writing the mss file at C:/Users/C27Bradford.Hurt/ece383_wksp/lab3_2/design_1_wrapper/microblaze_0/standalone_microblaze_0/bsp
TRACE::2026-03-20.08:48:00::SCWMssOS::Mss edits present, copying mssfile into export location C:/Users/C27Bradford.Hurt/ece383_wksp/lab3_2/design_1_wrapper/microblaze_0/standalone_microblaze_0/bsp/system.mss
TRACE::2026-03-20.08:48:00::SCWMssOS::bsp generated is upto date with the mss file. Skipping bsp generation.
TRACE::2026-03-20.08:48:00::SCWMssOS::BSP is already built. skipping the bsp build ... 
TRACE::2026-03-20.08:48:00::SCWDomain::Building the domain as part of full build :  standalone_microblaze_0
TRACE::2026-03-20.08:48:00::SCWMssOS::doing bsp build ... 
TRACE::2026-03-20.08:48:00::SCWMssOS::System Command Ran  C: & cd  C:/Users/C27Bradford.Hurt/ece383_wksp/lab3_2/design_1_wrapper/microblaze_0/standalone_microblaze_0/bsp & make 
TRACE::2026-03-20.08:48:00::SCWMssOS::make --no-print-directory seq_libs

TRACE::2026-03-20.08:48:00::SCWMssOS::'Finished building libraries sequentially.'

TRACE::2026-03-20.08:48:00::SCWMssOS::make -j 14 --no-print-directory par_libs

TRACE::2026-03-20.08:48:00::SCWMssOS::"Running Make include in microblaze_0/libsrc/bram_v4_11/src"

TRACE::2026-03-20.08:48:00::SCWMssOS::make -C microblaze_0/libsrc/bram_v4_11/src -s include  "SHELL=CMD" "COMPILER=mb-gcc" "ASSEMBLER=mb-as" "ARCHIVER=mb-ar" "COMPIL
TRACE::2026-03-20.08:48:00::SCWMssOS::ER_FLAGS=  -O2 -c -mcpu=v11.0 -mlittle-endian -mxl-soft-mul" "EXTRA_COMPILER_FLAGS=-g -ffunction-sections -fdata-sections -Wall
TRACE::2026-03-20.08:48:00::SCWMssOS:: -Wextra -fno-tree-loop-distribute-patterns"

TRACE::2026-03-20.08:48:00::SCWMssOS::"Running Make include in microblaze_0/libsrc/cpu_v2_18/src"

TRACE::2026-03-20.08:48:00::SCWMssOS::make -C microblaze_0/libsrc/cpu_v2_18/src -s include  "SHELL=CMD" "COMPILER=mb-gcc" "ASSEMBLER=mb-as" "ARCHIVER=mb-ar" "COMPILE
TRACE::2026-03-20.08:48:00::SCWMssOS::R_FLAGS=  -O2 -c -mcpu=v11.0 -mlittle-endian -mxl-soft-mul" "EXTRA_COMPILER_FLAGS=-g -ffunction-sections -fdata-sections -Wall 
TRACE::2026-03-20.08:48:00::SCWMssOS::-Wextra -fno-tree-loop-distribute-patterns"

TRACE::2026-03-20.08:48:00::SCWMssOS::"Running Make include in microblaze_0/libsrc/standalone_v9_2/src"

TRACE::2026-03-20.08:48:00::SCWMssOS::make -C microblaze_0/libsrc/standalone_v9_2/src -s include  "SHELL=CMD" "COMPILER=mb-gcc" "ASSEMBLER=mb-as" "ARCHIVER=mb-ar" "C
TRACE::2026-03-20.08:48:00::SCWMssOS::OMPILER_FLAGS=  -O2 -c -mcpu=v11.0 -mlittle-endian -mxl-soft-mul" "EXTRA_COMPILER_FLAGS=-g -ffunction-sections -fdata-sections 
TRACE::2026-03-20.08:48:00::SCWMssOS::-Wall -Wextra -fno-tree-loop-distribute-patterns"

TRACE::2026-03-20.08:48:00::SCWMssOS::"Running Make include in microblaze_0/libsrc/uartlite_v3_11/src"

TRACE::2026-03-20.08:48:00::SCWMssOS::make -C microblaze_0/libsrc/uartlite_v3_11/src -s include  "SHELL=CMD" "COMPILER=mb-gcc" "ASSEMBLER=mb-as" "ARCHIVER=mb-ar" "CO
TRACE::2026-03-20.08:48:00::SCWMssOS::MPILER_FLAGS=  -O2 -c -mcpu=v11.0 -mlittle-endian -mxl-soft-mul" "EXTRA_COMPILER_FLAGS=-g -ffunction-sections -fdata-sections -
TRACE::2026-03-20.08:48:00::SCWMssOS::Wall -Wextra -fno-tree-loop-distribute-patterns"

TRACE::2026-03-20.08:48:01::SCWMssOS::"Running Make libs in microblaze_0/libsrc/bram_v4_11/src"

TRACE::2026-03-20.08:48:01::SCWMssOS::make -C microblaze_0/libsrc/bram_v4_11/src -s libs  "SHELL=CMD" "COMPILER=mb-gcc" "ASSEMBLER=mb-as" "ARCHIVER=mb-ar" "COMPILER_
TRACE::2026-03-20.08:48:01::SCWMssOS::FLAGS=  -O2 -c -mcpu=v11.0 -mlittle-endian -mxl-soft-mul" "EXTRA_COMPILER_FLAGS=-g -ffunction-sections -fdata-sections -Wall -W
TRACE::2026-03-20.08:48:01::SCWMssOS::extra -fno-tree-loop-distribute-patterns"

TRACE::2026-03-20.08:48:01::SCWMssOS::"Running Make libs in microblaze_0/libsrc/cpu_v2_18/src"

TRACE::2026-03-20.08:48:01::SCWMssOS::make -C microblaze_0/libsrc/cpu_v2_18/src -s libs  "SHELL=CMD" "COMPILER=mb-gcc" "ASSEMBLER=mb-as" "ARCHIVER=mb-ar" "COMPILER_F
TRACE::2026-03-20.08:48:01::SCWMssOS::LAGS=  -O2 -c -mcpu=v11.0 -mlittle-endian -mxl-soft-mul" "EXTRA_COMPILER_FLAGS=-g -ffunction-sections -fdata-sections -Wall -We
TRACE::2026-03-20.08:48:01::SCWMssOS::xtra -fno-tree-loop-distribute-patterns"

TRACE::2026-03-20.08:48:01::SCWMssOS::"Running Make libs in microblaze_0/libsrc/standalone_v9_2/src"

TRACE::2026-03-20.08:48:01::SCWMssOS::make -C microblaze_0/libsrc/standalone_v9_2/src -s libs  "SHELL=CMD" "COMPILER=mb-gcc" "ASSEMBLER=mb-as" "ARCHIVER=mb-ar" "COMP
TRACE::2026-03-20.08:48:01::SCWMssOS::ILER_FLAGS=  -O2 -c -mcpu=v11.0 -mlittle-endian -mxl-soft-mul" "EXTRA_COMPILER_FLAGS=-g -ffunction-sections -fdata-sections -Wa
TRACE::2026-03-20.08:48:01::SCWMssOS::ll -Wextra -fno-tree-loop-distribute-patterns"

TRACE::2026-03-20.08:48:01::SCWMssOS::"Running Make libs in microblaze_0/libsrc/uartlite_v3_11/src"

TRACE::2026-03-20.08:48:01::SCWMssOS::make -C microblaze_0/libsrc/uartlite_v3_11/src -s libs  "SHELL=CMD" "COMPILER=mb-gcc" "ASSEMBLER=mb-as" "ARCHIVER=mb-ar" "COMPI
TRACE::2026-03-20.08:48:01::SCWMssOS::LER_FLAGS=  -O2 -c -mcpu=v11.0 -mlittle-endian -mxl-soft-mul" "EXTRA_COMPILER_FLAGS=-g -ffunction-sections -fdata-sections -Wal
TRACE::2026-03-20.08:48:01::SCWMssOS::l -Wextra -fno-tree-loop-distribute-patterns"

TRACE::2026-03-20.08:48:04::SCWMssOS::"DEBUG NON_LTO_OBJECTS is ../../../lib/microblaze_interrupt_handler.o"

TRACE::2026-03-20.08:48:04::SCWMssOS::'Finished building libraries parallelly.'

TRACE::2026-03-20.08:48:04::SCWMssOS::make --no-print-directory archive

TRACE::2026-03-20.08:48:04::SCWMssOS::mb-ar -r  microblaze_0/lib/libxil.a microblaze_0/lib/_exit.o microblaze_0/lib/errno.o microblaze_0/lib/fcntl.o microblaze_0/lib
TRACE::2026-03-20.08:48:04::SCWMssOS::/hw_exception_handler.o microblaze_0/lib/inbyte.o microblaze_0/lib/microblaze_disable_dcache.o microblaze_0/lib/microblaze_disa
TRACE::2026-03-20.08:48:04::SCWMssOS::ble_exceptions.o microblaze_0/lib/microblaze_disable_icache.o microblaze_0/lib/microblaze_disable_interrupts.o microblaze_0/lib
TRACE::2026-03-20.08:48:04::SCWMssOS::/microblaze_enable_dcache.o microblaze_0/lib/microblaze_enable_exceptions.o microblaze_0/lib/microblaze_enable_icache.o microbl
TRACE::2026-03-20.08:48:04::SCWMssOS::aze_0/lib/microblaze_enable_interrupts.o microblaze_0/lib/microblaze_exception_handler.o microblaze_0/lib/microblaze_flush_cach
TRACE::2026-03-20.08:48:04::SCWMssOS::e_ext.o microblaze_0/lib/microblaze_flush_cache_ext_range.o microblaze_0/lib/microblaze_flush_dcache.o microblaze_0/lib/microbl
TRACE::2026-03-20.08:48:04::SCWMssOS::aze_flush_dcache_range.o microblaze_0/lib/microblaze_init_dcache_range.o microblaze_0/lib/microblaze_init_icache_range.o microb
TRACE::2026-03-20.08:48:04::SCWMssOS::laze_0/lib/microblaze_interrupt_handler.o microblaze_0/lib/microblaze_interrupts_g.o microblaze_0/lib/microblaze_invalidate_cac
TRACE::2026-03-20.08:48:04::SCWMssOS::he_ext.o microblaze_0/lib/microblaze_invalidate_cache_ext_range.o microblaze_0/lib/microblaze_invalidate_dcache.o microblaze_0/
TRACE::2026-03-20.08:48:04::SCWMssOS::lib/microblaze_invalidate_dcache_range.o microblaze_0/lib/microblaze_invalidate_icache.o microblaze_0/lib/microblaze_invalidate
TRACE::2026-03-20.08:48:04::SCWMssOS::_icache_range.o microblaze_0/lib/microblaze_scrub.o microblaze_0/lib/microblaze_selftest.o microblaze_0/lib/microblaze_sleep.o 
TRACE::2026-03-20.08:48:04::SCWMssOS::microblaze_0/lib/microblaze_update_dcache.o microblaze_0/lib/microblaze_update_icache.o microblaze_0/lib/outbyte.o microblaze_0
TRACE::2026-03-20.08:48:04::SCWMssOS::/lib/print.o microblaze_0/lib/pvr.o microblaze_0/lib/xbram.o microblaze_0/lib/xbram_g.o microblaze_0/lib/xbram_intr.o microblaz
TRACE::2026-03-20.08:48:04::SCWMssOS::e_0/lib/xbram_selftest.o microblaze_0/lib/xbram_sinit.o microblaze_0/lib/xil_assert.o microblaze_0/lib/xil_cache.o microblaze_0
TRACE::2026-03-20.08:48:04::SCWMssOS::/lib/xil_clocking.o microblaze_0/lib/xil_exception.o microblaze_0/lib/xil_mem.o microblaze_0/lib/xil_misc_psreset_api.o microbl
TRACE::2026-03-20.08:48:04::SCWMssOS::aze_0/lib/xil_printf.o microblaze_0/lib/xil_sleepcommon.o microblaze_0/lib/xil_sutil.o microblaze_0/lib/xil_testcache.o microbl
TRACE::2026-03-20.08:48:04::SCWMssOS::aze_0/lib/xil_testio.o microblaze_0/lib/xil_testmem.o microblaze_0/lib/xil_util.o microblaze_0/lib/xinterrupt_wrap.o microblaze
TRACE::2026-03-20.08:48:04::SCWMssOS::_0/lib/xio.o microblaze_0/lib/xplatform_info.o microblaze_0/lib/xpm_init.o microblaze_0/lib/xuartlite.o microblaze_0/lib/xuartl
TRACE::2026-03-20.08:48:04::SCWMssOS::ite_g.o microblaze_0/lib/xuartlite_intr.o microblaze_0/lib/xuartlite_l.o microblaze_0/lib/xuartlite_selftest.o microblaze_0/lib
TRACE::2026-03-20.08:48:04::SCWMssOS::/xuartlite_sinit.o microblaze_0/lib/xuartlite_stats.o

TRACE::2026-03-20.08:48:05::SCWMssOS::'Finished building libraries'

TRACE::2026-03-20.08:48:05::SCWMssOS::Copying to export directory.
TRACE::2026-03-20.08:48:05::SCWMssOS:: Checking if to create the Supporting Applications
TRACE::2026-03-20.08:48:05::SCWMssOS:: No Linux domain exists, trying to generate FSBL 
LOG::2026-03-20.08:48:05::SCWSystem::Completed Processing the domain standalone_microblaze_0
LOG::2026-03-20.08:48:05::SCWSystem::Completed Processing the sysconfig design_1_wrapper
LOG::2026-03-20.08:48:05::SCWPlatform::Completed generating the artifacts for system configuration design_1_wrapper
TRACE::2026-03-20.08:48:05::SCWPlatform::Started preparing the platform 
TRACE::2026-03-20.08:48:05::SCWSystem::Writing the bif file for system config design_1_wrapper
TRACE::2026-03-20.08:48:05::SCWSystem::dir created 
TRACE::2026-03-20.08:48:05::SCWSystem::Writing the bif 
TRACE::2026-03-20.08:48:05::SCWPlatform::Started writing the spfm file 
TRACE::2026-03-20.08:48:05::SCWPlatform::Started writing the xpfm file 
TRACE::2026-03-20.08:48:05::SCWPlatform::Completed generating the platform
TRACE::2026-03-20.08:48:05::SCWMssOS::Saving the mss changes C:/Users/C27Bradford.Hurt/ece383_wksp/lab3_2/design_1_wrapper/microblaze_0/standalone_microblaze_0/bsp/system.mss
TRACE::2026-03-20.08:48:05::SCWMssOS::Found a swdesign opened with the mssfile.
TRACE::2026-03-20.08:48:05::SCWMssOS::Completed writemss as part of save.
TRACE::2026-03-20.08:48:05::SCWMssOS::Commit changes completed.
TRACE::2026-03-20.08:48:05::SCWPlatform::Trying to open the hw design at C:/Users/C27Bradford.Hurt/ece383_wksp/lab3_2/design_1_wrapper/hw/design_1_wrapper.xsa
TRACE::2026-03-20.08:48:05::SCWPlatform::DSA given C:/Users/C27Bradford.Hurt/ece383_wksp/lab3_2/design_1_wrapper/hw/design_1_wrapper.xsa
TRACE::2026-03-20.08:48:05::SCWPlatform::DSA absoulate path C:/Users/C27Bradford.Hurt/ece383_wksp/lab3_2/design_1_wrapper/hw/design_1_wrapper.xsa
TRACE::2026-03-20.08:48:05::SCWPlatform::DSA directory C:/Users/C27Bradford.Hurt/ece383_wksp/lab3_2/design_1_wrapper/hw
TRACE::2026-03-20.08:48:05::SCWPlatform:: Platform Path C:/Users/C27Bradford.Hurt/ece383_wksp/lab3_2/design_1_wrapper/hw/design_1_wrapper.xsa
TRACE::2026-03-20.08:48:05::SCWPlatform:: Unique name xilinx:nexys_video::0.0
TRACE::2026-03-20.08:48:05::SCWPlatform::Trying to set the existing hwdb with name design_1_wrapper_0
TRACE::2026-03-20.08:48:05::SCWPlatform::Opened existing hwdb design_1_wrapper_0
TRACE::2026-03-20.08:48:05::SCWPlatform::Found the Hw Db part of the input DSA
TRACE::2026-03-20.08:48:05::SCWMssOS::Checking the sw design at  C:/Users/C27Bradford.Hurt/ece383_wksp/lab3_2/design_1_wrapper/microblaze_0/standalone_microblaze_0/bsp/system.mss
TRACE::2026-03-20.08:48:05::SCWMssOS::DEBUG:  swdes dump  C:/Users/C27Bradford.Hurt/ece383_wksp/lab3_2/design_1_wrapper/microblaze_0/standalone_microblaze_0/bsp/system.mss|system||

TRACE::2026-03-20.08:48:05::SCWMssOS::Sw design exists and opened at  C:/Users/C27Bradford.Hurt/ece383_wksp/lab3_2/design_1_wrapper/microblaze_0/standalone_microblaze_0/bsp/system.mss
TRACE::2026-03-20.08:48:05::SCWWriter::formatted JSON is {
	"platformName":	"design_1_wrapper",
	"sprVersion":	"2.0",
	"mode":	"gui",
	"dsaType":	"Fixed",
	"platformDesc":	"design_1_wrapper",
	"platHandOff":	"<platformDir>.xsa",
	"platIntHandOff":	"<platformDir>/hw/design_1_wrapper.xsa",
	"deviceType":	"FPGA",
	"platIsPrebuiltAutogen":	"false",
	"platIsNoBootBsp":	"false",
	"hasFsblMakeHasChanges":	"false",
	"hasPmufwMakeHasChanges":	"false",
	"platPreBuiltFlag":	false,
	"platformSamplesDir":	"",
	"platActiveSys":	"design_1_wrapper",
	"systems":	[{
			"systemName":	"design_1_wrapper",
			"systemDesc":	"design_1_wrapper",
			"sysIsBootAutoGen":	"true",
			"systemDispName":	"design_1_wrapper",
			"sysActiveDom":	"standalone_microblaze_0",
			"sysDefaultDom":	"standalone_microblaze_0",
			"domains":	[{
					"domainName":	"standalone_microblaze_0",
					"domainDispName":	"standalone_microblaze_0",
					"domainDesc":	"standalone_microblaze_0",
					"processors":	"microblaze_0",
					"os":	"standalone",
					"sdxOs":	"standalone",
					"debugEnable":	"False",
					"domRuntimes":	["cpp"],
					"swRepo":	"",
					"mssOsVer":	"9.2",
					"mssFile":	"",
					"md5Digest":	"9499a4de66c9c57c9925c6420c5e637c",
					"compatibleApp":	"",
					"domType":	"mssDomain",
					"arch":	"32-bit",
					"appSettings":	{
						"appCompilerFlags":	"",
						"appLinkerFlags":	""
					},
					"addedLibs":	[],
					"libOptions":	{
						"libsContainingOptions":	[]
					},
					"prebuiltLibs":	{
						"prebuiltIncPath":	[],
						"prebuiltLibPath":	[]
					},
					"isolation":	{
					}
				}]
		}]
}
KEYINFO::2026-03-20.08:48:05::SCWPlatform::updated the xpfm file.
TRACE::2026-03-20.08:48:06::SCWPlatform::Trying to open the hw design at C:/Users/C27Bradford.Hurt/ece383_wksp/lab3_2/design_1_wrapper/hw/design_1_wrapper.xsa
TRACE::2026-03-20.08:48:06::SCWPlatform::DSA given C:/Users/C27Bradford.Hurt/ece383_wksp/lab3_2/design_1_wrapper/hw/design_1_wrapper.xsa
TRACE::2026-03-20.08:48:06::SCWPlatform::DSA absoulate path C:/Users/C27Bradford.Hurt/ece383_wksp/lab3_2/design_1_wrapper/hw/design_1_wrapper.xsa
TRACE::2026-03-20.08:48:06::SCWPlatform::DSA directory C:/Users/C27Bradford.Hurt/ece383_wksp/lab3_2/design_1_wrapper/hw
TRACE::2026-03-20.08:48:06::SCWPlatform:: Platform Path C:/Users/C27Bradford.Hurt/ece383_wksp/lab3_2/design_1_wrapper/hw/design_1_wrapper.xsa
TRACE::2026-03-20.08:48:06::SCWPlatform:: Unique name xilinx:nexys_video::0.0
TRACE::2026-03-20.08:48:06::SCWPlatform::Trying to set the existing hwdb with name design_1_wrapper_0
TRACE::2026-03-20.08:48:06::SCWPlatform::Opened existing hwdb design_1_wrapper_0
TRACE::2026-03-20.08:48:06::SCWPlatform::Found the Hw Db part of the input DSA
TRACE::2026-03-20.08:48:06::SCWMssOS::Checking the sw design at  C:/Users/C27Bradford.Hurt/ece383_wksp/lab3_2/design_1_wrapper/microblaze_0/standalone_microblaze_0/bsp/system.mss
TRACE::2026-03-20.08:48:06::SCWMssOS::DEBUG:  swdes dump  C:/Users/C27Bradford.Hurt/ece383_wksp/lab3_2/design_1_wrapper/microblaze_0/standalone_microblaze_0/bsp/system.mss|system||

TRACE::2026-03-20.08:48:06::SCWMssOS::Sw design exists and opened at  C:/Users/C27Bradford.Hurt/ece383_wksp/lab3_2/design_1_wrapper/microblaze_0/standalone_microblaze_0/bsp/system.mss
TRACE::2026-03-20.08:48:50::SCWMssOS::cleaning the bsp 
TRACE::2026-03-20.08:48:50::SCWMssOS::System Command Ran  C: & cd  C:/Users/C27Bradford.Hurt/ece383_wksp/lab3_2/design_1_wrapper/microblaze_0/standalone_microblaze_0/bsp & make clean 
TRACE::2026-03-20.08:48:50::SCWMssOS::make -C microblaze_0/libsrc/bram_v4_11/src -s clean 

TRACE::2026-03-20.08:48:50::SCWMssOS::make -C microblaze_0/libsrc/cpu_v2_18/src -s clean 

TRACE::2026-03-20.08:48:50::SCWMssOS::make -C microblaze_0/libsrc/standalone_v9_2/src -s clean 

TRACE::2026-03-20.08:48:51::SCWMssOS::make -C microblaze_0/libsrc/uartlite_v3_11/src -s clean 

TRACE::2026-03-20.08:48:51::SCWMssOS::rm -f microblaze_0/lib/libxil.a

LOG::2026-03-20.08:49:01::SCWPlatform::Started generating the artifacts platform design_1_wrapper
TRACE::2026-03-20.08:49:01::SCWPlatform::Sanity checking of platform is completed
LOG::2026-03-20.08:49:01::SCWPlatform::Started generating the artifacts for system configuration design_1_wrapper
LOG::2026-03-20.08:49:01::SCWSystem::Checking the domain standalone_microblaze_0
LOG::2026-03-20.08:49:01::SCWSystem::Not a boot domain 
LOG::2026-03-20.08:49:01::SCWSystem::Started Processing the domain standalone_microblaze_0
TRACE::2026-03-20.08:49:01::SCWDomain::Generating domain artifcats
TRACE::2026-03-20.08:49:01::SCWMssOS::Generating standalone artifcats
TRACE::2026-03-20.08:49:01::SCWMssOS:: Copying the user libraries. 
TRACE::2026-03-20.08:49:01::SCWPlatform::Trying to open the hw design at C:/Users/C27Bradford.Hurt/ece383_wksp/lab3_2/design_1_wrapper/hw/design_1_wrapper.xsa
TRACE::2026-03-20.08:49:01::SCWPlatform::DSA given C:/Users/C27Bradford.Hurt/ece383_wksp/lab3_2/design_1_wrapper/hw/design_1_wrapper.xsa
TRACE::2026-03-20.08:49:01::SCWPlatform::DSA absoulate path C:/Users/C27Bradford.Hurt/ece383_wksp/lab3_2/design_1_wrapper/hw/design_1_wrapper.xsa
TRACE::2026-03-20.08:49:01::SCWPlatform::DSA directory C:/Users/C27Bradford.Hurt/ece383_wksp/lab3_2/design_1_wrapper/hw
TRACE::2026-03-20.08:49:01::SCWPlatform:: Platform Path C:/Users/C27Bradford.Hurt/ece383_wksp/lab3_2/design_1_wrapper/hw/design_1_wrapper.xsa
TRACE::2026-03-20.08:49:01::SCWPlatform:: Unique name xilinx:nexys_video::0.0
TRACE::2026-03-20.08:49:01::SCWPlatform::Trying to set the existing hwdb with name design_1_wrapper_0
TRACE::2026-03-20.08:49:01::SCWPlatform::Opened existing hwdb design_1_wrapper_0
TRACE::2026-03-20.08:49:01::SCWPlatform::Found the Hw Db part of the input DSA
TRACE::2026-03-20.08:49:01::SCWMssOS::Checking the sw design at  C:/Users/C27Bradford.Hurt/ece383_wksp/lab3_2/design_1_wrapper/microblaze_0/standalone_microblaze_0/bsp/system.mss
TRACE::2026-03-20.08:49:01::SCWMssOS::DEBUG:  swdes dump  C:/Users/C27Bradford.Hurt/ece383_wksp/lab3_2/design_1_wrapper/microblaze_0/standalone_microblaze_0/bsp/system.mss|system||

TRACE::2026-03-20.08:49:01::SCWMssOS::Sw design exists and opened at  C:/Users/C27Bradford.Hurt/ece383_wksp/lab3_2/design_1_wrapper/microblaze_0/standalone_microblaze_0/bsp/system.mss
TRACE::2026-03-20.08:49:01::SCWMssOS::Completed writing the mss file at C:/Users/C27Bradford.Hurt/ece383_wksp/lab3_2/design_1_wrapper/microblaze_0/standalone_microblaze_0/bsp
TRACE::2026-03-20.08:49:01::SCWMssOS::Mss edits present, copying mssfile into export location C:/Users/C27Bradford.Hurt/ece383_wksp/lab3_2/design_1_wrapper/microblaze_0/standalone_microblaze_0/bsp/system.mss
TRACE::2026-03-20.08:49:01::SCWMssOS::bsp generated is upto date with the mss file. Skipping bsp generation.
TRACE::2026-03-20.08:49:01::SCWMssOS::BSP is already built. skipping the bsp build ... 
TRACE::2026-03-20.08:49:01::SCWDomain::Building the domain as part of full build :  standalone_microblaze_0
TRACE::2026-03-20.08:49:01::SCWMssOS::doing bsp build ... 
TRACE::2026-03-20.08:49:01::SCWMssOS::System Command Ran  C: & cd  C:/Users/C27Bradford.Hurt/ece383_wksp/lab3_2/design_1_wrapper/microblaze_0/standalone_microblaze_0/bsp & make 
TRACE::2026-03-20.08:49:01::SCWMssOS::make --no-print-directory seq_libs

TRACE::2026-03-20.08:49:01::SCWMssOS::'Finished building libraries sequentially.'

TRACE::2026-03-20.08:49:01::SCWMssOS::make -j 14 --no-print-directory par_libs

TRACE::2026-03-20.08:49:01::SCWMssOS::"Running Make include in microblaze_0/libsrc/bram_v4_11/src"

TRACE::2026-03-20.08:49:01::SCWMssOS::make -C microblaze_0/libsrc/bram_v4_11/src -s include  "SHELL=CMD" "COMPILER=mb-gcc" "ASSEMBLER=mb-as" "ARCHIVER=mb-ar" "COMPIL
TRACE::2026-03-20.08:49:01::SCWMssOS::ER_FLAGS=  -O2 -c -mcpu=v11.0 -mlittle-endian -mxl-soft-mul" "EXTRA_COMPILER_FLAGS=-g -ffunction-sections -fdata-sections -Wall
TRACE::2026-03-20.08:49:01::SCWMssOS:: -Wextra -fno-tree-loop-distribute-patterns"

TRACE::2026-03-20.08:49:01::SCWMssOS::"Running Make include in microblaze_0/libsrc/cpu_v2_18/src"

TRACE::2026-03-20.08:49:01::SCWMssOS::make -C microblaze_0/libsrc/cpu_v2_18/src -s include  "SHELL=CMD" "COMPILER=mb-gcc" "ASSEMBLER=mb-as" "ARCHIVER=mb-ar" "COMPILE
TRACE::2026-03-20.08:49:01::SCWMssOS::R_FLAGS=  -O2 -c -mcpu=v11.0 -mlittle-endian -mxl-soft-mul" "EXTRA_COMPILER_FLAGS=-g -ffunction-sections -fdata-sections -Wall 
TRACE::2026-03-20.08:49:01::SCWMssOS::-Wextra -fno-tree-loop-distribute-patterns"

TRACE::2026-03-20.08:49:01::SCWMssOS::"Running Make include in microblaze_0/libsrc/standalone_v9_2/src"

TRACE::2026-03-20.08:49:01::SCWMssOS::make -C microblaze_0/libsrc/standalone_v9_2/src -s include  "SHELL=CMD" "COMPILER=mb-gcc" "ASSEMBLER=mb-as" "ARCHIVER=mb-ar" "C
TRACE::2026-03-20.08:49:01::SCWMssOS::OMPILER_FLAGS=  -O2 -c -mcpu=v11.0 -mlittle-endian -mxl-soft-mul" "EXTRA_COMPILER_FLAGS=-g -ffunction-sections -fdata-sections 
TRACE::2026-03-20.08:49:01::SCWMssOS::-Wall -Wextra -fno-tree-loop-distribute-patterns"

TRACE::2026-03-20.08:49:01::SCWMssOS::"Running Make include in microblaze_0/libsrc/uartlite_v3_11/src"

TRACE::2026-03-20.08:49:01::SCWMssOS::make -C microblaze_0/libsrc/uartlite_v3_11/src -s include  "SHELL=CMD" "COMPILER=mb-gcc" "ASSEMBLER=mb-as" "ARCHIVER=mb-ar" "CO
TRACE::2026-03-20.08:49:01::SCWMssOS::MPILER_FLAGS=  -O2 -c -mcpu=v11.0 -mlittle-endian -mxl-soft-mul" "EXTRA_COMPILER_FLAGS=-g -ffunction-sections -fdata-sections -
TRACE::2026-03-20.08:49:01::SCWMssOS::Wall -Wextra -fno-tree-loop-distribute-patterns"

TRACE::2026-03-20.08:49:01::SCWMssOS::"Running Make libs in microblaze_0/libsrc/bram_v4_11/src"

TRACE::2026-03-20.08:49:01::SCWMssOS::make -C microblaze_0/libsrc/bram_v4_11/src -s libs  "SHELL=CMD" "COMPILER=mb-gcc" "ASSEMBLER=mb-as" "ARCHIVER=mb-ar" "COMPILER_
TRACE::2026-03-20.08:49:01::SCWMssOS::FLAGS=  -O2 -c -mcpu=v11.0 -mlittle-endian -mxl-soft-mul" "EXTRA_COMPILER_FLAGS=-g -ffunction-sections -fdata-sections -Wall -W
TRACE::2026-03-20.08:49:01::SCWMssOS::extra -fno-tree-loop-distribute-patterns"

TRACE::2026-03-20.08:49:01::SCWMssOS::"Running Make libs in microblaze_0/libsrc/cpu_v2_18/src"

TRACE::2026-03-20.08:49:01::SCWMssOS::make -C microblaze_0/libsrc/cpu_v2_18/src -s libs  "SHELL=CMD" "COMPILER=mb-gcc" "ASSEMBLER=mb-as" "ARCHIVER=mb-ar" "COMPILER_F
TRACE::2026-03-20.08:49:01::SCWMssOS::LAGS=  -O2 -c -mcpu=v11.0 -mlittle-endian -mxl-soft-mul" "EXTRA_COMPILER_FLAGS=-g -ffunction-sections -fdata-sections -Wall -We
TRACE::2026-03-20.08:49:01::SCWMssOS::xtra -fno-tree-loop-distribute-patterns"

TRACE::2026-03-20.08:49:01::SCWMssOS::"Running Make libs in microblaze_0/libsrc/standalone_v9_2/src"

TRACE::2026-03-20.08:49:01::SCWMssOS::make -C microblaze_0/libsrc/standalone_v9_2/src -s libs  "SHELL=CMD" "COMPILER=mb-gcc" "ASSEMBLER=mb-as" "ARCHIVER=mb-ar" "COMP
TRACE::2026-03-20.08:49:01::SCWMssOS::ILER_FLAGS=  -O2 -c -mcpu=v11.0 -mlittle-endian -mxl-soft-mul" "EXTRA_COMPILER_FLAGS=-g -ffunction-sections -fdata-sections -Wa
TRACE::2026-03-20.08:49:01::SCWMssOS::ll -Wextra -fno-tree-loop-distribute-patterns"

TRACE::2026-03-20.08:49:01::SCWMssOS::"Running Make libs in microblaze_0/libsrc/uartlite_v3_11/src"

TRACE::2026-03-20.08:49:02::SCWMssOS::make -C microblaze_0/libsrc/uartlite_v3_11/src -s libs  "SHELL=CMD" "COMPILER=mb-gcc" "ASSEMBLER=mb-as" "ARCHIVER=mb-ar" "COMPI
TRACE::2026-03-20.08:49:02::SCWMssOS::LER_FLAGS=  -O2 -c -mcpu=v11.0 -mlittle-endian -mxl-soft-mul" "EXTRA_COMPILER_FLAGS=-g -ffunction-sections -fdata-sections -Wal
TRACE::2026-03-20.08:49:02::SCWMssOS::l -Wextra -fno-tree-loop-distribute-patterns"

TRACE::2026-03-20.08:49:04::SCWMssOS::"DEBUG NON_LTO_OBJECTS is ../../../lib/microblaze_interrupt_handler.o"

TRACE::2026-03-20.08:49:04::SCWMssOS::'Finished building libraries parallelly.'

TRACE::2026-03-20.08:49:04::SCWMssOS::make --no-print-directory archive

TRACE::2026-03-20.08:49:04::SCWMssOS::mb-ar -r  microblaze_0/lib/libxil.a microblaze_0/lib/_exit.o microblaze_0/lib/errno.o microblaze_0/lib/fcntl.o microblaze_0/lib
TRACE::2026-03-20.08:49:04::SCWMssOS::/hw_exception_handler.o microblaze_0/lib/inbyte.o microblaze_0/lib/microblaze_disable_dcache.o microblaze_0/lib/microblaze_disa
TRACE::2026-03-20.08:49:04::SCWMssOS::ble_exceptions.o microblaze_0/lib/microblaze_disable_icache.o microblaze_0/lib/microblaze_disable_interrupts.o microblaze_0/lib
TRACE::2026-03-20.08:49:04::SCWMssOS::/microblaze_enable_dcache.o microblaze_0/lib/microblaze_enable_exceptions.o microblaze_0/lib/microblaze_enable_icache.o microbl
TRACE::2026-03-20.08:49:04::SCWMssOS::aze_0/lib/microblaze_enable_interrupts.o microblaze_0/lib/microblaze_exception_handler.o microblaze_0/lib/microblaze_flush_cach
TRACE::2026-03-20.08:49:04::SCWMssOS::e_ext.o microblaze_0/lib/microblaze_flush_cache_ext_range.o microblaze_0/lib/microblaze_flush_dcache.o microblaze_0/lib/microbl
TRACE::2026-03-20.08:49:04::SCWMssOS::aze_flush_dcache_range.o microblaze_0/lib/microblaze_init_dcache_range.o microblaze_0/lib/microblaze_init_icache_range.o microb
TRACE::2026-03-20.08:49:04::SCWMssOS::laze_0/lib/microblaze_interrupt_handler.o microblaze_0/lib/microblaze_interrupts_g.o microblaze_0/lib/microblaze_invalidate_cac
TRACE::2026-03-20.08:49:04::SCWMssOS::he_ext.o microblaze_0/lib/microblaze_invalidate_cache_ext_range.o microblaze_0/lib/microblaze_invalidate_dcache.o microblaze_0/
TRACE::2026-03-20.08:49:04::SCWMssOS::lib/microblaze_invalidate_dcache_range.o microblaze_0/lib/microblaze_invalidate_icache.o microblaze_0/lib/microblaze_invalidate
TRACE::2026-03-20.08:49:04::SCWMssOS::_icache_range.o microblaze_0/lib/microblaze_scrub.o microblaze_0/lib/microblaze_selftest.o microblaze_0/lib/microblaze_sleep.o 
TRACE::2026-03-20.08:49:04::SCWMssOS::microblaze_0/lib/microblaze_update_dcache.o microblaze_0/lib/microblaze_update_icache.o microblaze_0/lib/outbyte.o microblaze_0
TRACE::2026-03-20.08:49:04::SCWMssOS::/lib/print.o microblaze_0/lib/pvr.o microblaze_0/lib/xbram.o microblaze_0/lib/xbram_g.o microblaze_0/lib/xbram_intr.o microblaz
TRACE::2026-03-20.08:49:04::SCWMssOS::e_0/lib/xbram_selftest.o microblaze_0/lib/xbram_sinit.o microblaze_0/lib/xil_assert.o microblaze_0/lib/xil_cache.o microblaze_0
TRACE::2026-03-20.08:49:04::SCWMssOS::/lib/xil_clocking.o microblaze_0/lib/xil_exception.o microblaze_0/lib/xil_mem.o microblaze_0/lib/xil_misc_psreset_api.o microbl
TRACE::2026-03-20.08:49:04::SCWMssOS::aze_0/lib/xil_printf.o microblaze_0/lib/xil_sleepcommon.o microblaze_0/lib/xil_sutil.o microblaze_0/lib/xil_testcache.o microbl
TRACE::2026-03-20.08:49:04::SCWMssOS::aze_0/lib/xil_testio.o microblaze_0/lib/xil_testmem.o microblaze_0/lib/xil_util.o microblaze_0/lib/xinterrupt_wrap.o microblaze
TRACE::2026-03-20.08:49:04::SCWMssOS::_0/lib/xio.o microblaze_0/lib/xplatform_info.o microblaze_0/lib/xpm_init.o microblaze_0/lib/xuartlite.o microblaze_0/lib/xuartl
TRACE::2026-03-20.08:49:04::SCWMssOS::ite_g.o microblaze_0/lib/xuartlite_intr.o microblaze_0/lib/xuartlite_l.o microblaze_0/lib/xuartlite_selftest.o microblaze_0/lib
TRACE::2026-03-20.08:49:04::SCWMssOS::/xuartlite_sinit.o microblaze_0/lib/xuartlite_stats.o

TRACE::2026-03-20.08:49:04::SCWMssOS::'Finished building libraries'

TRACE::2026-03-20.08:49:05::SCWMssOS::Copying to export directory.
TRACE::2026-03-20.08:49:05::SCWMssOS:: Checking if to create the Supporting Applications
TRACE::2026-03-20.08:49:05::SCWMssOS:: No Linux domain exists, trying to generate FSBL 
LOG::2026-03-20.08:49:05::SCWSystem::Completed Processing the domain standalone_microblaze_0
LOG::2026-03-20.08:49:05::SCWSystem::Completed Processing the sysconfig design_1_wrapper
LOG::2026-03-20.08:49:05::SCWPlatform::Completed generating the artifacts for system configuration design_1_wrapper
TRACE::2026-03-20.08:49:05::SCWPlatform::Started preparing the platform 
TRACE::2026-03-20.08:49:05::SCWSystem::Writing the bif file for system config design_1_wrapper
TRACE::2026-03-20.08:49:05::SCWSystem::dir created 
TRACE::2026-03-20.08:49:05::SCWSystem::Writing the bif 
TRACE::2026-03-20.08:49:05::SCWPlatform::Started writing the spfm file 
TRACE::2026-03-20.08:49:05::SCWPlatform::Started writing the xpfm file 
TRACE::2026-03-20.08:49:05::SCWPlatform::Completed generating the platform
TRACE::2026-03-20.08:49:05::SCWMssOS::Saving the mss changes C:/Users/C27Bradford.Hurt/ece383_wksp/lab3_2/design_1_wrapper/microblaze_0/standalone_microblaze_0/bsp/system.mss
TRACE::2026-03-20.08:49:05::SCWMssOS::Found a swdesign opened with the mssfile.
TRACE::2026-03-20.08:49:05::SCWMssOS::Completed writemss as part of save.
TRACE::2026-03-20.08:49:05::SCWMssOS::Commit changes completed.
TRACE::2026-03-20.08:49:05::SCWPlatform::Trying to open the hw design at C:/Users/C27Bradford.Hurt/ece383_wksp/lab3_2/design_1_wrapper/hw/design_1_wrapper.xsa
TRACE::2026-03-20.08:49:05::SCWPlatform::DSA given C:/Users/C27Bradford.Hurt/ece383_wksp/lab3_2/design_1_wrapper/hw/design_1_wrapper.xsa
TRACE::2026-03-20.08:49:05::SCWPlatform::DSA absoulate path C:/Users/C27Bradford.Hurt/ece383_wksp/lab3_2/design_1_wrapper/hw/design_1_wrapper.xsa
TRACE::2026-03-20.08:49:05::SCWPlatform::DSA directory C:/Users/C27Bradford.Hurt/ece383_wksp/lab3_2/design_1_wrapper/hw
TRACE::2026-03-20.08:49:05::SCWPlatform:: Platform Path C:/Users/C27Bradford.Hurt/ece383_wksp/lab3_2/design_1_wrapper/hw/design_1_wrapper.xsa
TRACE::2026-03-20.08:49:05::SCWPlatform:: Unique name xilinx:nexys_video::0.0
TRACE::2026-03-20.08:49:05::SCWPlatform::Trying to set the existing hwdb with name design_1_wrapper_0
TRACE::2026-03-20.08:49:05::SCWPlatform::Opened existing hwdb design_1_wrapper_0
TRACE::2026-03-20.08:49:05::SCWPlatform::Found the Hw Db part of the input DSA
TRACE::2026-03-20.08:49:05::SCWMssOS::Checking the sw design at  C:/Users/C27Bradford.Hurt/ece383_wksp/lab3_2/design_1_wrapper/microblaze_0/standalone_microblaze_0/bsp/system.mss
TRACE::2026-03-20.08:49:05::SCWMssOS::DEBUG:  swdes dump  C:/Users/C27Bradford.Hurt/ece383_wksp/lab3_2/design_1_wrapper/microblaze_0/standalone_microblaze_0/bsp/system.mss|system||

TRACE::2026-03-20.08:49:05::SCWMssOS::Sw design exists and opened at  C:/Users/C27Bradford.Hurt/ece383_wksp/lab3_2/design_1_wrapper/microblaze_0/standalone_microblaze_0/bsp/system.mss
TRACE::2026-03-20.08:49:05::SCWWriter::formatted JSON is {
	"platformName":	"design_1_wrapper",
	"sprVersion":	"2.0",
	"mode":	"gui",
	"dsaType":	"Fixed",
	"platformDesc":	"design_1_wrapper",
	"platHandOff":	"<platformDir>.xsa",
	"platIntHandOff":	"<platformDir>/hw/design_1_wrapper.xsa",
	"deviceType":	"FPGA",
	"platIsPrebuiltAutogen":	"false",
	"platIsNoBootBsp":	"false",
	"hasFsblMakeHasChanges":	"false",
	"hasPmufwMakeHasChanges":	"false",
	"platPreBuiltFlag":	false,
	"platformSamplesDir":	"",
	"platActiveSys":	"design_1_wrapper",
	"systems":	[{
			"systemName":	"design_1_wrapper",
			"systemDesc":	"design_1_wrapper",
			"sysIsBootAutoGen":	"true",
			"systemDispName":	"design_1_wrapper",
			"sysActiveDom":	"standalone_microblaze_0",
			"sysDefaultDom":	"standalone_microblaze_0",
			"domains":	[{
					"domainName":	"standalone_microblaze_0",
					"domainDispName":	"standalone_microblaze_0",
					"domainDesc":	"standalone_microblaze_0",
					"processors":	"microblaze_0",
					"os":	"standalone",
					"sdxOs":	"standalone",
					"debugEnable":	"False",
					"domRuntimes":	["cpp"],
					"swRepo":	"",
					"mssOsVer":	"9.2",
					"mssFile":	"",
					"md5Digest":	"9499a4de66c9c57c9925c6420c5e637c",
					"compatibleApp":	"",
					"domType":	"mssDomain",
					"arch":	"32-bit",
					"appSettings":	{
						"appCompilerFlags":	"",
						"appLinkerFlags":	""
					},
					"addedLibs":	[],
					"libOptions":	{
						"libsContainingOptions":	[]
					},
					"prebuiltLibs":	{
						"prebuiltIncPath":	[],
						"prebuiltLibPath":	[]
					},
					"isolation":	{
					}
				}]
		}]
}
KEYINFO::2026-03-20.08:49:05::SCWPlatform::updated the xpfm file.
TRACE::2026-03-20.08:49:06::SCWPlatform::Trying to open the hw design at C:/Users/C27Bradford.Hurt/ece383_wksp/lab3_2/design_1_wrapper/hw/design_1_wrapper.xsa
TRACE::2026-03-20.08:49:06::SCWPlatform::DSA given C:/Users/C27Bradford.Hurt/ece383_wksp/lab3_2/design_1_wrapper/hw/design_1_wrapper.xsa
TRACE::2026-03-20.08:49:06::SCWPlatform::DSA absoulate path C:/Users/C27Bradford.Hurt/ece383_wksp/lab3_2/design_1_wrapper/hw/design_1_wrapper.xsa
TRACE::2026-03-20.08:49:06::SCWPlatform::DSA directory C:/Users/C27Bradford.Hurt/ece383_wksp/lab3_2/design_1_wrapper/hw
TRACE::2026-03-20.08:49:06::SCWPlatform:: Platform Path C:/Users/C27Bradford.Hurt/ece383_wksp/lab3_2/design_1_wrapper/hw/design_1_wrapper.xsa
TRACE::2026-03-20.08:49:06::SCWPlatform:: Unique name xilinx:nexys_video::0.0
TRACE::2026-03-20.08:49:06::SCWPlatform::Trying to set the existing hwdb with name design_1_wrapper_0
TRACE::2026-03-20.08:49:06::SCWPlatform::Opened existing hwdb design_1_wrapper_0
TRACE::2026-03-20.08:49:06::SCWPlatform::Found the Hw Db part of the input DSA
TRACE::2026-03-20.08:49:06::SCWMssOS::Checking the sw design at  C:/Users/C27Bradford.Hurt/ece383_wksp/lab3_2/design_1_wrapper/microblaze_0/standalone_microblaze_0/bsp/system.mss
TRACE::2026-03-20.08:49:06::SCWMssOS::DEBUG:  swdes dump  C:/Users/C27Bradford.Hurt/ece383_wksp/lab3_2/design_1_wrapper/microblaze_0/standalone_microblaze_0/bsp/system.mss|system||

TRACE::2026-03-20.08:49:06::SCWMssOS::Sw design exists and opened at  C:/Users/C27Bradford.Hurt/ece383_wksp/lab3_2/design_1_wrapper/microblaze_0/standalone_microblaze_0/bsp/system.mss
