Copyright 1986-2022 Xilinx, Inc. All Rights Reserved. Copyright 2022-2024 Advanced Micro Devices, Inc. All Rights Reserved.
---------------------------------------------------------------------------------------------------------------------------------------------------------------------------------------------------------
| Tool Version : Vivado v.2024.2 (win64) Build 5239630 Fri Nov 08 22:35:27 MST 2024
| Date         : Sat Jan 31 23:10:08 2026
| Host         : C27-5CG3121FGH running 64-bit major release  (build 9200)
| Command      : report_timing_summary -max_paths 10 -report_unconstrained -file lab1_timing_summary_routed.rpt -pb lab1_timing_summary_routed.pb -rpx lab1_timing_summary_routed.rpx -warn_on_violation
| Design       : lab1
| Device       : 7a200t-sbg484
| Speed File   : -1  PRODUCTION 1.23 2018-06-13
| Design State : Routed
---------------------------------------------------------------------------------------------------------------------------------------------------------------------------------------------------------

Timing Summary Report

------------------------------------------------------------------------------------------------
| Timer Settings
| --------------
------------------------------------------------------------------------------------------------

  Enable Multi Corner Analysis               :  Yes
  Enable Pessimism Removal                   :  Yes
  Pessimism Removal Resolution               :  Nearest Common Node
  Enable Input Delay Default Clock           :  No
  Enable Preset / Clear Arcs                 :  No
  Disable Flight Delays                      :  No
  Ignore I/O Paths                           :  No
  Timing Early Launch at Borrowing Latches   :  No
  Borrow Time for Max Delay Exceptions       :  Yes
  Merge Timing Exceptions                    :  Yes
  Inter-SLR Compensation                     :  Conservative

  Corner  Analyze    Analyze    
  Name    Max Paths  Min Paths  
  ------  ---------  ---------  
  Slow    Yes        Yes        
  Fast    Yes        Yes        


------------------------------------------------------------------------------------------------
| Report Methodology
| ------------------
------------------------------------------------------------------------------------------------

Rule       Severity          Description                                                       Violations  
---------  ----------------  ----------------------------------------------------------------  ----------  
TIMING-17  Critical Warning  Non-clocked sequential cell                                       24          
TIMING-27  Critical Warning  Invalid primary clock on hierarchical pin                         1           
CKLD-2     Warning           Clock Net has IO Driver, not a Clock Buf, and/or non-Clock loads  1           
XDCC-2     Warning           Scoped Non-Timing constraint/property overwritten                 1           

Note: This report is based on the most recent report_methodology run and may not be up-to-date. Run report_methodology on the current design for the latest report.



check_timing report

Table of Contents
-----------------
1. checking no_clock (24)
2. checking constant_clock (0)
3. checking pulse_width_clock (0)
4. checking unconstrained_internal_endpoints (64)
5. checking no_input_delay (7)
6. checking no_output_delay (4)
7. checking multiple_clock (0)
8. checking generated_clocks (0)
9. checking loops (0)
10. checking partial_input_delay (0)
11. checking partial_output_delay (0)
12. checking latch_loops (0)

1. checking no_clock (24)
-------------------------
 There are 24 register/latch pins with no clock driven by root clock pin: clk (HIGH)


2. checking constant_clock (0)
------------------------------
 There are 0 register/latch pins with constant_clock.


3. checking pulse_width_clock (0)
---------------------------------
 There are 0 register/latch pins which need pulse_width check


4. checking unconstrained_internal_endpoints (64)
-------------------------------------------------
 There are 64 pins that are not constrained for maximum delay. (HIGH)

 There are 0 pins that are not constrained for maximum delay due to constant clock.


5. checking no_input_delay (7)
------------------------------
 There are 7 input ports with no input delay specified. (HIGH)

 There are 0 input ports with no input delay but user has a false path constraint.


6. checking no_output_delay (4)
-------------------------------
 There are 4 ports with no output delay specified. (HIGH)

 There are 0 ports with no output delay but user has a false path constraint

 There are 0 ports with no output delay but with a timing clock defined on it or propagating through it


7. checking multiple_clock (0)
------------------------------
 There are 0 register/latch pins with multiple clocks.


8. checking generated_clocks (0)
--------------------------------
 There are 0 generated clocks that are not connected to a clock source.


9. checking loops (0)
---------------------
 There are 0 combinational loops in the design.


10. checking partial_input_delay (0)
------------------------------------
 There are 0 input ports with partial input delay specified.


11. checking partial_output_delay (0)
-------------------------------------
 There are 0 ports with partial output delay specified.


12. checking latch_loops (0)
----------------------------
 There are 0 combinational latch loops in the design through latch input



------------------------------------------------------------------------------------------------
| Design Timing Summary
| ---------------------
------------------------------------------------------------------------------------------------

    WNS(ns)      TNS(ns)  TNS Failing Endpoints  TNS Total Endpoints      WHS(ns)      THS(ns)  THS Failing Endpoints  THS Total Endpoints     WPWS(ns)     TPWS(ns)  TPWS Failing Endpoints  TPWS Total Endpoints  
    -------      -------  ---------------------  -------------------      -------      -------  ---------------------  -------------------     --------     --------  ----------------------  --------------------  
      3.511        0.000                      0                  175        0.167        0.000                      0                  175        3.000        0.000                       0                   115  


All user specified timing constraints are met.


------------------------------------------------------------------------------------------------
| Clock Summary
| -------------
------------------------------------------------------------------------------------------------

Clock                                              Waveform(ns)         Period(ns)      Frequency(MHz)
-----                                              ------------         ----------      --------------
video_1/mmcm_adv_inst_display_clocks/inst/clk_in1  {0.000 5.000}        10.000          100.000         
  clk_out1_clk_wiz_0                               {0.000 20.000}       40.000          25.000          
  clk_out2_clk_wiz_0                               {0.000 4.000}        8.000           125.000         
  clkfbout_clk_wiz_0                               {0.000 5.000}        10.000          100.000         


------------------------------------------------------------------------------------------------
| Intra Clock Table
| -----------------
------------------------------------------------------------------------------------------------

Clock                                                  WNS(ns)      TNS(ns)  TNS Failing Endpoints  TNS Total Endpoints      WHS(ns)      THS(ns)  THS Failing Endpoints  THS Total Endpoints     WPWS(ns)     TPWS(ns)  TPWS Failing Endpoints  TPWS Total Endpoints  
-----                                                  -------      -------  ---------------------  -------------------      -------      -------  ---------------------  -------------------     --------     --------  ----------------------  --------------------  
video_1/mmcm_adv_inst_display_clocks/inst/clk_in1                                                                                                                                                    3.000        0.000                       0                     1  
  clk_out1_clk_wiz_0                                    25.715        0.000                      0                  116        0.167        0.000                      0                  116       19.500        0.000                       0                    65  
  clk_out2_clk_wiz_0                                     3.511        0.000                      0                   53        0.175        0.000                      0                   53        3.500        0.000                       0                    46  
  clkfbout_clk_wiz_0                                                                                                                                                                                 7.845        0.000                       0                     3  


------------------------------------------------------------------------------------------------
| Inter Clock Table
| -----------------
------------------------------------------------------------------------------------------------

From Clock          To Clock                WNS(ns)      TNS(ns)  TNS Failing Endpoints  TNS Total Endpoints      WHS(ns)      THS(ns)  THS Failing Endpoints  THS Total Endpoints  
----------          --------                -------      -------  ---------------------  -------------------      -------      -------  ---------------------  -------------------  
clk_out1_clk_wiz_0  clk_out2_clk_wiz_0        4.575        0.000                      0                   30        0.183        0.000                      0                   30  


------------------------------------------------------------------------------------------------
| Other Path Groups Table
| -----------------------
------------------------------------------------------------------------------------------------

Path Group    From Clock    To Clock          WNS(ns)      TNS(ns)  TNS Failing Endpoints  TNS Total Endpoints      WHS(ns)      THS(ns)  THS Failing Endpoints  THS Total Endpoints  
----------    ----------    --------          -------      -------  ---------------------  -------------------      -------      -------  ---------------------  -------------------  


------------------------------------------------------------------------------------------------
| User Ignored Path Table
| -----------------------
------------------------------------------------------------------------------------------------

Path Group    From Clock    To Clock    
----------    ----------    --------    


------------------------------------------------------------------------------------------------
| Unconstrained Path Table
| ------------------------
------------------------------------------------------------------------------------------------

Path Group          From Clock          To Clock          
----------          ----------          --------          
(none)                                                      
(none)              clk_out2_clk_wiz_0                      
(none)              clkfbout_clk_wiz_0                      
(none)                                  clk_out1_clk_wiz_0  


------------------------------------------------------------------------------------------------
| Timing Details
| --------------
------------------------------------------------------------------------------------------------


---------------------------------------------------------------------------------------------------
From Clock:  video_1/mmcm_adv_inst_display_clocks/inst/clk_in1
  To Clock:  video_1/mmcm_adv_inst_display_clocks/inst/clk_in1

Setup :           NA  Failing Endpoints,  Worst Slack           NA  ,  Total Violation           NA
Hold  :           NA  Failing Endpoints,  Worst Slack           NA  ,  Total Violation           NA
PW    :            0  Failing Endpoints,  Worst Slack        3.000ns,  Total Violation        0.000ns
---------------------------------------------------------------------------------------------------


Pulse Width Checks
--------------------------------------------------------------------------------------
Clock Name:         video_1/mmcm_adv_inst_display_clocks/inst/clk_in1
Waveform(ns):       { 0.000 5.000 }
Period(ns):         10.000
Sources:            { video_1/mmcm_adv_inst_display_clocks/inst/clk_in1 }

Check Type        Corner  Lib Pin            Reference Pin  Required(ns)  Actual(ns)  Slack(ns)  Location         Pin
Min Period        n/a     MMCME2_ADV/CLKIN1  n/a            1.249         10.000      8.751      MMCME2_ADV_X1Y2  video_1/mmcm_adv_inst_display_clocks/inst/mmcm_adv_inst/CLKIN1
Max Period        n/a     MMCME2_ADV/CLKIN1  n/a            100.000       10.000      90.000     MMCME2_ADV_X1Y2  video_1/mmcm_adv_inst_display_clocks/inst/mmcm_adv_inst/CLKIN1
Low Pulse Width   Slow    MMCME2_ADV/CLKIN1  n/a            2.000         5.000       3.000      MMCME2_ADV_X1Y2  video_1/mmcm_adv_inst_display_clocks/inst/mmcm_adv_inst/CLKIN1
Low Pulse Width   Fast    MMCME2_ADV/CLKIN1  n/a            2.000         5.000       3.000      MMCME2_ADV_X1Y2  video_1/mmcm_adv_inst_display_clocks/inst/mmcm_adv_inst/CLKIN1
High Pulse Width  Slow    MMCME2_ADV/CLKIN1  n/a            2.000         5.000       3.000      MMCME2_ADV_X1Y2  video_1/mmcm_adv_inst_display_clocks/inst/mmcm_adv_inst/CLKIN1
High Pulse Width  Fast    MMCME2_ADV/CLKIN1  n/a            2.000         5.000       3.000      MMCME2_ADV_X1Y2  video_1/mmcm_adv_inst_display_clocks/inst/mmcm_adv_inst/CLKIN1



---------------------------------------------------------------------------------------------------
From Clock:  clk_out1_clk_wiz_0
  To Clock:  clk_out1_clk_wiz_0

Setup :            0  Failing Endpoints,  Worst Slack       25.715ns,  Total Violation        0.000ns
Hold  :            0  Failing Endpoints,  Worst Slack        0.167ns,  Total Violation        0.000ns
PW    :            0  Failing Endpoints,  Worst Slack       19.500ns,  Total Violation        0.000ns
---------------------------------------------------------------------------------------------------


Max Delay Paths
--------------------------------------------------------------------------------------
Slack (MET) :             25.715ns  (required time - arrival time)
  Source:                 video_1/Inst_vga/vga_sig_gen/vertical_counter/processQ_reg[2]/C
                            (rising edge-triggered cell FDRE clocked by clk_out1_clk_wiz_0  {rise@0.000ns fall@20.000ns period=40.000ns})
  Destination:            video_1/inst_dvid/TDMS_encoder_blue/encoded_reg[0]/D
                            (rising edge-triggered cell FDRE clocked by clk_out1_clk_wiz_0  {rise@0.000ns fall@20.000ns period=40.000ns})
  Path Group:             clk_out1_clk_wiz_0
  Path Type:              Setup (Max at Slow Process Corner)
  Requirement:            40.000ns  (clk_out1_clk_wiz_0 rise@40.000ns - clk_out1_clk_wiz_0 rise@0.000ns)
  Data Path Delay:        14.208ns  (logic 3.671ns (25.837%)  route 10.537ns (74.163%))
  Logic Levels:           15  (CARRY4=5 LUT2=2 LUT4=1 LUT5=3 LUT6=4)
  Clock Path Skew:        -0.013ns (DCD - SCD + CPR)
    Destination Clock Delay (DCD):    -2.986ns = ( 37.014 - 40.000 ) 
    Source Clock Delay      (SCD):    -2.476ns
    Clock Pessimism Removal (CPR):    0.497ns
  Clock Uncertainty:      0.095ns  ((TSJ^2 + DJ^2)^1/2) / 2 + PE
    Total System Jitter     (TSJ):    0.071ns
    Discrete Jitter          (DJ):    0.175ns
    Phase Error              (PE):    0.000ns

    Location             Delay type                Incr(ns)  Path(ns)    Netlist Resource(s)
  -------------------------------------------------------------------    -------------------
                         (clock clk_out1_clk_wiz_0 rise edge)
                                                      0.000     0.000 r  
    R4                   IBUF                         0.000     0.000 r  clk_IBUF_inst/O
                         net (fo=25, routed)          1.233     1.233    video_1/mmcm_adv_inst_display_clocks/inst/clk_in1
    MMCME2_ADV_X1Y2      MMCME2_ADV (Prop_mmcme2_adv_CLKIN1_CLKOUT0)
                                                     -7.432    -6.199 r  video_1/mmcm_adv_inst_display_clocks/inst/mmcm_adv_inst/CLKOUT0
                         net (fo=1, routed)           1.808    -4.390    video_1/mmcm_adv_inst_display_clocks/inst/clk_out1_clk_wiz_0
    BUFGCTRL_X0Y1        BUFG (Prop_bufg_I_O)         0.096    -4.294 r  video_1/mmcm_adv_inst_display_clocks/inst/clkout1_buf/O
                         net (fo=63, routed)          1.818    -2.476    video_1/Inst_vga/vga_sig_gen/vertical_counter/CLK
    SLICE_X161Y128       FDRE                                         r  video_1/Inst_vga/vga_sig_gen/vertical_counter/processQ_reg[2]/C
  -------------------------------------------------------------------    -------------------
    SLICE_X161Y128       FDRE (Prop_fdre_C_Q)         0.456    -2.020 r  video_1/Inst_vga/vga_sig_gen/vertical_counter/processQ_reg[2]/Q
                         net (fo=57, routed)          2.278     0.258    video_1/Inst_vga/vga_sig_gen/vertical_counter/Q[2]
    SLICE_X157Y135       LUT2 (Prop_lut2_I0_O)        0.124     0.382 r  video_1/Inst_vga/vga_sig_gen/vertical_counter/is_trigger_volt1_carry_i_30/O
                         net (fo=1, routed)           0.000     0.382    video_1/Inst_vga/vga_sig_gen/vertical_counter/is_trigger_volt1_carry_i_30_n_0
    SLICE_X157Y135       CARRY4 (Prop_carry4_S[2]_CO[3])
                                                      0.398     0.780 r  video_1/Inst_vga/vga_sig_gen/vertical_counter/is_trigger_volt1_carry_i_19/CO[3]
                         net (fo=1, routed)           0.000     0.780    video_1/Inst_vga/vga_sig_gen/vertical_counter/is_trigger_volt1_carry_i_19_n_0
    SLICE_X157Y136       CARRY4 (Prop_carry4_CI_CO[3])
                                                      0.114     0.894 r  video_1/Inst_vga/vga_sig_gen/vertical_counter/is_trigger_volt1_carry_i_11/CO[3]
                         net (fo=1, routed)           0.000     0.894    video_1/Inst_vga/vga_sig_gen/vertical_counter/is_trigger_volt1_carry_i_11_n_0
    SLICE_X157Y137       CARRY4 (Prop_carry4_CI_CO[3])
                                                      0.114     1.008 r  video_1/Inst_vga/vga_sig_gen/vertical_counter/is_trigger_volt1_carry_i_10/CO[3]
                         net (fo=12, routed)          1.057     2.065    video_1/Inst_vga/vga_sig_gen/vertical_counter/is_trigger_volt1_carry_i_10_n_0
    SLICE_X158Y137       LUT5 (Prop_lut5_I4_O)        0.150     2.215 f  video_1/Inst_vga/vga_sig_gen/vertical_counter/is_trigger_volt1_carry_i_17/O
                         net (fo=2, routed)           0.973     3.188    video_1/Inst_vga/vga_sig_gen/horizontal_counter/is_trigger_volt1_carry
    SLICE_X158Y136       LUT6 (Prop_lut6_I4_O)        0.348     3.536 r  video_1/Inst_vga/vga_sig_gen/horizontal_counter/is_trigger_volt1_carry_i_3/O
                         net (fo=1, routed)           0.512     4.048    video_1/Inst_vga/color_mapper_1/is_trigger_volt1_carry__0_0[1]
    SLICE_X156Y136       CARRY4 (Prop_carry4_DI[1]_CO[3])
                                                      0.507     4.555 r  video_1/Inst_vga/color_mapper_1/is_trigger_volt1_carry/CO[3]
                         net (fo=1, routed)           0.000     4.555    video_1/Inst_vga/color_mapper_1/is_trigger_volt1_carry_n_0
    SLICE_X156Y137       CARRY4 (Prop_carry4_CI_CO[1])
                                                      0.157     4.712 f  video_1/Inst_vga/color_mapper_1/is_trigger_volt1_carry__0/CO[1]
                         net (fo=1, routed)           0.961     5.673    video_1/Inst_vga/vga_sig_gen/horizontal_counter/dc_bias[2]_i_7_0[0]
    SLICE_X160Y135       LUT6 (Prop_lut6_I0_O)        0.329     6.002 r  video_1/Inst_vga/vga_sig_gen/horizontal_counter/dc_bias[2]_i_8/O
                         net (fo=1, routed)           0.444     6.446    video_1/Inst_vga/vga_sig_gen/horizontal_counter/dc_bias[2]_i_8_n_0
    SLICE_X160Y135       LUT6 (Prop_lut6_I2_O)        0.124     6.570 f  video_1/Inst_vga/vga_sig_gen/horizontal_counter/dc_bias[2]_i_7/O
                         net (fo=1, routed)           0.977     7.546    video_1/Inst_vga/vga_sig_gen/vertical_counter/dc_bias[1]_i_2_1
    SLICE_X158Y132       LUT6 (Prop_lut6_I5_O)        0.124     7.670 f  video_1/Inst_vga/vga_sig_gen/vertical_counter/dc_bias[2]_i_4/O
                         net (fo=5, routed)           1.031     8.701    video_1/Inst_vga/vga_sig_gen/vertical_counter/dc_bias[2]_i_4_n_0
    SLICE_X161Y136       LUT4 (Prop_lut4_I3_O)        0.152     8.853 r  video_1/Inst_vga/vga_sig_gen/vertical_counter/dc_bias[3]_i_7/O
                         net (fo=3, routed)           0.756     9.610    video_1/Inst_vga/vga_sig_gen/vertical_counter/dc_bias[3]_i_7_n_0
    SLICE_X160Y138       LUT5 (Prop_lut5_I0_O)        0.326     9.936 r  video_1/Inst_vga/vga_sig_gen/vertical_counter/dc_bias[2]_i_2__0/O
                         net (fo=10, routed)          0.713    10.649    video_1/inst_dvid/TDMS_encoder_blue/dc_bias_reg[1]_0
    SLICE_X159Y139       LUT2 (Prop_lut2_I1_O)        0.124    10.773 r  video_1/inst_dvid/TDMS_encoder_blue/dc_bias[0]_i_2/O
                         net (fo=4, routed)           0.836    11.608    video_1/Inst_vga/vga_sig_gen/vertical_counter/encoded_reg[9]_1
    SLICE_X160Y139       LUT5 (Prop_lut5_I4_O)        0.124    11.732 r  video_1/Inst_vga/vga_sig_gen/vertical_counter/encoded[0]_i_1/O
                         net (fo=1, routed)           0.000    11.732    video_1/inst_dvid/TDMS_encoder_blue/encoded_reg[0]_0
    SLICE_X160Y139       FDRE                                         r  video_1/inst_dvid/TDMS_encoder_blue/encoded_reg[0]/D
  -------------------------------------------------------------------    -------------------

                         (clock clk_out1_clk_wiz_0 rise edge)
                                                     40.000    40.000 r  
    R4                   IBUF                         0.000    40.000 r  clk_IBUF_inst/O
                         net (fo=25, routed)          1.162    41.162    video_1/mmcm_adv_inst_display_clocks/inst/clk_in1
    MMCME2_ADV_X1Y2      MMCME2_ADV (Prop_mmcme2_adv_CLKIN1_CLKOUT0)
                                                     -7.674    33.488 r  video_1/mmcm_adv_inst_display_clocks/inst/mmcm_adv_inst/CLKOUT0
                         net (fo=1, routed)           1.723    35.211    video_1/mmcm_adv_inst_display_clocks/inst/clk_out1_clk_wiz_0
    BUFGCTRL_X0Y1        BUFG (Prop_bufg_I_O)         0.091    35.302 r  video_1/mmcm_adv_inst_display_clocks/inst/clkout1_buf/O
                         net (fo=63, routed)          1.711    37.014    video_1/inst_dvid/TDMS_encoder_blue/CLK
    SLICE_X160Y139       FDRE                                         r  video_1/inst_dvid/TDMS_encoder_blue/encoded_reg[0]/C
                         clock pessimism              0.497    37.511    
                         clock uncertainty           -0.095    37.417    
    SLICE_X160Y139       FDRE (Setup_fdre_C_D)        0.031    37.448    video_1/inst_dvid/TDMS_encoder_blue/encoded_reg[0]
  -------------------------------------------------------------------
                         required time                         37.448    
                         arrival time                         -11.732    
  -------------------------------------------------------------------
                         slack                                 25.715    

Slack (MET) :             25.729ns  (required time - arrival time)
  Source:                 video_1/Inst_vga/vga_sig_gen/vertical_counter/processQ_reg[2]/C
                            (rising edge-triggered cell FDRE clocked by clk_out1_clk_wiz_0  {rise@0.000ns fall@20.000ns period=40.000ns})
  Destination:            video_1/inst_dvid/TDMS_encoder_blue/encoded_reg[2]/D
                            (rising edge-triggered cell FDRE clocked by clk_out1_clk_wiz_0  {rise@0.000ns fall@20.000ns period=40.000ns})
  Path Group:             clk_out1_clk_wiz_0
  Path Type:              Setup (Max at Slow Process Corner)
  Requirement:            40.000ns  (clk_out1_clk_wiz_0 rise@40.000ns - clk_out1_clk_wiz_0 rise@0.000ns)
  Data Path Delay:        14.238ns  (logic 3.701ns (25.993%)  route 10.537ns (74.007%))
  Logic Levels:           15  (CARRY4=5 LUT2=2 LUT4=1 LUT5=3 LUT6=4)
  Clock Path Skew:        -0.013ns (DCD - SCD + CPR)
    Destination Clock Delay (DCD):    -2.986ns = ( 37.014 - 40.000 ) 
    Source Clock Delay      (SCD):    -2.476ns
    Clock Pessimism Removal (CPR):    0.497ns
  Clock Uncertainty:      0.095ns  ((TSJ^2 + DJ^2)^1/2) / 2 + PE
    Total System Jitter     (TSJ):    0.071ns
    Discrete Jitter          (DJ):    0.175ns
    Phase Error              (PE):    0.000ns

    Location             Delay type                Incr(ns)  Path(ns)    Netlist Resource(s)
  -------------------------------------------------------------------    -------------------
                         (clock clk_out1_clk_wiz_0 rise edge)
                                                      0.000     0.000 r  
    R4                   IBUF                         0.000     0.000 r  clk_IBUF_inst/O
                         net (fo=25, routed)          1.233     1.233    video_1/mmcm_adv_inst_display_clocks/inst/clk_in1
    MMCME2_ADV_X1Y2      MMCME2_ADV (Prop_mmcme2_adv_CLKIN1_CLKOUT0)
                                                     -7.432    -6.199 r  video_1/mmcm_adv_inst_display_clocks/inst/mmcm_adv_inst/CLKOUT0
                         net (fo=1, routed)           1.808    -4.390    video_1/mmcm_adv_inst_display_clocks/inst/clk_out1_clk_wiz_0
    BUFGCTRL_X0Y1        BUFG (Prop_bufg_I_O)         0.096    -4.294 r  video_1/mmcm_adv_inst_display_clocks/inst/clkout1_buf/O
                         net (fo=63, routed)          1.818    -2.476    video_1/Inst_vga/vga_sig_gen/vertical_counter/CLK
    SLICE_X161Y128       FDRE                                         r  video_1/Inst_vga/vga_sig_gen/vertical_counter/processQ_reg[2]/C
  -------------------------------------------------------------------    -------------------
    SLICE_X161Y128       FDRE (Prop_fdre_C_Q)         0.456    -2.020 r  video_1/Inst_vga/vga_sig_gen/vertical_counter/processQ_reg[2]/Q
                         net (fo=57, routed)          2.278     0.258    video_1/Inst_vga/vga_sig_gen/vertical_counter/Q[2]
    SLICE_X157Y135       LUT2 (Prop_lut2_I0_O)        0.124     0.382 r  video_1/Inst_vga/vga_sig_gen/vertical_counter/is_trigger_volt1_carry_i_30/O
                         net (fo=1, routed)           0.000     0.382    video_1/Inst_vga/vga_sig_gen/vertical_counter/is_trigger_volt1_carry_i_30_n_0
    SLICE_X157Y135       CARRY4 (Prop_carry4_S[2]_CO[3])
                                                      0.398     0.780 r  video_1/Inst_vga/vga_sig_gen/vertical_counter/is_trigger_volt1_carry_i_19/CO[3]
                         net (fo=1, routed)           0.000     0.780    video_1/Inst_vga/vga_sig_gen/vertical_counter/is_trigger_volt1_carry_i_19_n_0
    SLICE_X157Y136       CARRY4 (Prop_carry4_CI_CO[3])
                                                      0.114     0.894 r  video_1/Inst_vga/vga_sig_gen/vertical_counter/is_trigger_volt1_carry_i_11/CO[3]
                         net (fo=1, routed)           0.000     0.894    video_1/Inst_vga/vga_sig_gen/vertical_counter/is_trigger_volt1_carry_i_11_n_0
    SLICE_X157Y137       CARRY4 (Prop_carry4_CI_CO[3])
                                                      0.114     1.008 r  video_1/Inst_vga/vga_sig_gen/vertical_counter/is_trigger_volt1_carry_i_10/CO[3]
                         net (fo=12, routed)          1.057     2.065    video_1/Inst_vga/vga_sig_gen/vertical_counter/is_trigger_volt1_carry_i_10_n_0
    SLICE_X158Y137       LUT5 (Prop_lut5_I4_O)        0.150     2.215 f  video_1/Inst_vga/vga_sig_gen/vertical_counter/is_trigger_volt1_carry_i_17/O
                         net (fo=2, routed)           0.973     3.188    video_1/Inst_vga/vga_sig_gen/horizontal_counter/is_trigger_volt1_carry
    SLICE_X158Y136       LUT6 (Prop_lut6_I4_O)        0.348     3.536 r  video_1/Inst_vga/vga_sig_gen/horizontal_counter/is_trigger_volt1_carry_i_3/O
                         net (fo=1, routed)           0.512     4.048    video_1/Inst_vga/color_mapper_1/is_trigger_volt1_carry__0_0[1]
    SLICE_X156Y136       CARRY4 (Prop_carry4_DI[1]_CO[3])
                                                      0.507     4.555 r  video_1/Inst_vga/color_mapper_1/is_trigger_volt1_carry/CO[3]
                         net (fo=1, routed)           0.000     4.555    video_1/Inst_vga/color_mapper_1/is_trigger_volt1_carry_n_0
    SLICE_X156Y137       CARRY4 (Prop_carry4_CI_CO[1])
                                                      0.157     4.712 f  video_1/Inst_vga/color_mapper_1/is_trigger_volt1_carry__0/CO[1]
                         net (fo=1, routed)           0.961     5.673    video_1/Inst_vga/vga_sig_gen/horizontal_counter/dc_bias[2]_i_7_0[0]
    SLICE_X160Y135       LUT6 (Prop_lut6_I0_O)        0.329     6.002 r  video_1/Inst_vga/vga_sig_gen/horizontal_counter/dc_bias[2]_i_8/O
                         net (fo=1, routed)           0.444     6.446    video_1/Inst_vga/vga_sig_gen/horizontal_counter/dc_bias[2]_i_8_n_0
    SLICE_X160Y135       LUT6 (Prop_lut6_I2_O)        0.124     6.570 f  video_1/Inst_vga/vga_sig_gen/horizontal_counter/dc_bias[2]_i_7/O
                         net (fo=1, routed)           0.977     7.546    video_1/Inst_vga/vga_sig_gen/vertical_counter/dc_bias[1]_i_2_1
    SLICE_X158Y132       LUT6 (Prop_lut6_I5_O)        0.124     7.670 f  video_1/Inst_vga/vga_sig_gen/vertical_counter/dc_bias[2]_i_4/O
                         net (fo=5, routed)           1.031     8.701    video_1/Inst_vga/vga_sig_gen/vertical_counter/dc_bias[2]_i_4_n_0
    SLICE_X161Y136       LUT4 (Prop_lut4_I3_O)        0.152     8.853 r  video_1/Inst_vga/vga_sig_gen/vertical_counter/dc_bias[3]_i_7/O
                         net (fo=3, routed)           0.756     9.610    video_1/Inst_vga/vga_sig_gen/vertical_counter/dc_bias[3]_i_7_n_0
    SLICE_X160Y138       LUT5 (Prop_lut5_I0_O)        0.326     9.936 r  video_1/Inst_vga/vga_sig_gen/vertical_counter/dc_bias[2]_i_2__0/O
                         net (fo=10, routed)          0.713    10.649    video_1/inst_dvid/TDMS_encoder_blue/dc_bias_reg[1]_0
    SLICE_X159Y139       LUT2 (Prop_lut2_I1_O)        0.124    10.773 r  video_1/inst_dvid/TDMS_encoder_blue/dc_bias[0]_i_2/O
                         net (fo=4, routed)           0.836    11.608    video_1/Inst_vga/vga_sig_gen/vertical_counter/encoded_reg[9]_1
    SLICE_X160Y139       LUT5 (Prop_lut5_I4_O)        0.154    11.762 r  video_1/Inst_vga/vga_sig_gen/vertical_counter/encoded[2]_i_1/O
                         net (fo=1, routed)           0.000    11.762    video_1/inst_dvid/TDMS_encoder_blue/encoded_reg[2]_0
    SLICE_X160Y139       FDRE                                         r  video_1/inst_dvid/TDMS_encoder_blue/encoded_reg[2]/D
  -------------------------------------------------------------------    -------------------

                         (clock clk_out1_clk_wiz_0 rise edge)
                                                     40.000    40.000 r  
    R4                   IBUF                         0.000    40.000 r  clk_IBUF_inst/O
                         net (fo=25, routed)          1.162    41.162    video_1/mmcm_adv_inst_display_clocks/inst/clk_in1
    MMCME2_ADV_X1Y2      MMCME2_ADV (Prop_mmcme2_adv_CLKIN1_CLKOUT0)
                                                     -7.674    33.488 r  video_1/mmcm_adv_inst_display_clocks/inst/mmcm_adv_inst/CLKOUT0
                         net (fo=1, routed)           1.723    35.211    video_1/mmcm_adv_inst_display_clocks/inst/clk_out1_clk_wiz_0
    BUFGCTRL_X0Y1        BUFG (Prop_bufg_I_O)         0.091    35.302 r  video_1/mmcm_adv_inst_display_clocks/inst/clkout1_buf/O
                         net (fo=63, routed)          1.711    37.014    video_1/inst_dvid/TDMS_encoder_blue/CLK
    SLICE_X160Y139       FDRE                                         r  video_1/inst_dvid/TDMS_encoder_blue/encoded_reg[2]/C
                         clock pessimism              0.497    37.511    
                         clock uncertainty           -0.095    37.417    
    SLICE_X160Y139       FDRE (Setup_fdre_C_D)        0.075    37.492    video_1/inst_dvid/TDMS_encoder_blue/encoded_reg[2]
  -------------------------------------------------------------------
                         required time                         37.492    
                         arrival time                         -11.762    
  -------------------------------------------------------------------
                         slack                                 25.729    

Slack (MET) :             25.839ns  (required time - arrival time)
  Source:                 video_1/Inst_vga/vga_sig_gen/vertical_counter/processQ_reg[2]/C
                            (rising edge-triggered cell FDRE clocked by clk_out1_clk_wiz_0  {rise@0.000ns fall@20.000ns period=40.000ns})
  Destination:            video_1/inst_dvid/TDMS_encoder_green/dc_bias_reg[3]/D
                            (rising edge-triggered cell FDRE clocked by clk_out1_clk_wiz_0  {rise@0.000ns fall@20.000ns period=40.000ns})
  Path Group:             clk_out1_clk_wiz_0
  Path Type:              Setup (Max at Slow Process Corner)
  Requirement:            40.000ns  (clk_out1_clk_wiz_0 rise@40.000ns - clk_out1_clk_wiz_0 rise@0.000ns)
  Data Path Delay:        14.065ns  (logic 3.671ns (26.100%)  route 10.394ns (73.900%))
  Logic Levels:           15  (CARRY4=5 LUT2=1 LUT3=1 LUT4=1 LUT5=1 LUT6=6)
  Clock Path Skew:        -0.030ns (DCD - SCD + CPR)
    Destination Clock Delay (DCD):    -2.989ns = ( 37.011 - 40.000 ) 
    Source Clock Delay      (SCD):    -2.476ns
    Clock Pessimism Removal (CPR):    0.483ns
  Clock Uncertainty:      0.095ns  ((TSJ^2 + DJ^2)^1/2) / 2 + PE
    Total System Jitter     (TSJ):    0.071ns
    Discrete Jitter          (DJ):    0.175ns
    Phase Error              (PE):    0.000ns

    Location             Delay type                Incr(ns)  Path(ns)    Netlist Resource(s)
  -------------------------------------------------------------------    -------------------
                         (clock clk_out1_clk_wiz_0 rise edge)
                                                      0.000     0.000 r  
    R4                   IBUF                         0.000     0.000 r  clk_IBUF_inst/O
                         net (fo=25, routed)          1.233     1.233    video_1/mmcm_adv_inst_display_clocks/inst/clk_in1
    MMCME2_ADV_X1Y2      MMCME2_ADV (Prop_mmcme2_adv_CLKIN1_CLKOUT0)
                                                     -7.432    -6.199 r  video_1/mmcm_adv_inst_display_clocks/inst/mmcm_adv_inst/CLKOUT0
                         net (fo=1, routed)           1.808    -4.390    video_1/mmcm_adv_inst_display_clocks/inst/clk_out1_clk_wiz_0
    BUFGCTRL_X0Y1        BUFG (Prop_bufg_I_O)         0.096    -4.294 r  video_1/mmcm_adv_inst_display_clocks/inst/clkout1_buf/O
                         net (fo=63, routed)          1.818    -2.476    video_1/Inst_vga/vga_sig_gen/vertical_counter/CLK
    SLICE_X161Y128       FDRE                                         r  video_1/Inst_vga/vga_sig_gen/vertical_counter/processQ_reg[2]/C
  -------------------------------------------------------------------    -------------------
    SLICE_X161Y128       FDRE (Prop_fdre_C_Q)         0.456    -2.020 r  video_1/Inst_vga/vga_sig_gen/vertical_counter/processQ_reg[2]/Q
                         net (fo=57, routed)          2.278     0.258    video_1/Inst_vga/vga_sig_gen/vertical_counter/Q[2]
    SLICE_X157Y135       LUT2 (Prop_lut2_I0_O)        0.124     0.382 r  video_1/Inst_vga/vga_sig_gen/vertical_counter/is_trigger_volt1_carry_i_30/O
                         net (fo=1, routed)           0.000     0.382    video_1/Inst_vga/vga_sig_gen/vertical_counter/is_trigger_volt1_carry_i_30_n_0
    SLICE_X157Y135       CARRY4 (Prop_carry4_S[2]_CO[3])
                                                      0.398     0.780 r  video_1/Inst_vga/vga_sig_gen/vertical_counter/is_trigger_volt1_carry_i_19/CO[3]
                         net (fo=1, routed)           0.000     0.780    video_1/Inst_vga/vga_sig_gen/vertical_counter/is_trigger_volt1_carry_i_19_n_0
    SLICE_X157Y136       CARRY4 (Prop_carry4_CI_CO[3])
                                                      0.114     0.894 r  video_1/Inst_vga/vga_sig_gen/vertical_counter/is_trigger_volt1_carry_i_11/CO[3]
                         net (fo=1, routed)           0.000     0.894    video_1/Inst_vga/vga_sig_gen/vertical_counter/is_trigger_volt1_carry_i_11_n_0
    SLICE_X157Y137       CARRY4 (Prop_carry4_CI_CO[3])
                                                      0.114     1.008 r  video_1/Inst_vga/vga_sig_gen/vertical_counter/is_trigger_volt1_carry_i_10/CO[3]
                         net (fo=12, routed)          1.057     2.065    video_1/Inst_vga/vga_sig_gen/vertical_counter/is_trigger_volt1_carry_i_10_n_0
    SLICE_X158Y137       LUT5 (Prop_lut5_I4_O)        0.150     2.215 f  video_1/Inst_vga/vga_sig_gen/vertical_counter/is_trigger_volt1_carry_i_17/O
                         net (fo=2, routed)           0.973     3.188    video_1/Inst_vga/vga_sig_gen/horizontal_counter/is_trigger_volt1_carry
    SLICE_X158Y136       LUT6 (Prop_lut6_I4_O)        0.348     3.536 r  video_1/Inst_vga/vga_sig_gen/horizontal_counter/is_trigger_volt1_carry_i_3/O
                         net (fo=1, routed)           0.512     4.048    video_1/Inst_vga/color_mapper_1/is_trigger_volt1_carry__0_0[1]
    SLICE_X156Y136       CARRY4 (Prop_carry4_DI[1]_CO[3])
                                                      0.507     4.555 r  video_1/Inst_vga/color_mapper_1/is_trigger_volt1_carry/CO[3]
                         net (fo=1, routed)           0.000     4.555    video_1/Inst_vga/color_mapper_1/is_trigger_volt1_carry_n_0
    SLICE_X156Y137       CARRY4 (Prop_carry4_CI_CO[1])
                                                      0.157     4.712 r  video_1/Inst_vga/color_mapper_1/is_trigger_volt1_carry__0/CO[1]
                         net (fo=1, routed)           0.961     5.673    video_1/Inst_vga/vga_sig_gen/horizontal_counter/dc_bias[2]_i_7_0[0]
    SLICE_X160Y135       LUT6 (Prop_lut6_I0_O)        0.329     6.002 f  video_1/Inst_vga/vga_sig_gen/horizontal_counter/dc_bias[2]_i_8/O
                         net (fo=1, routed)           0.444     6.446    video_1/Inst_vga/vga_sig_gen/horizontal_counter/dc_bias[2]_i_8_n_0
    SLICE_X160Y135       LUT6 (Prop_lut6_I2_O)        0.124     6.570 r  video_1/Inst_vga/vga_sig_gen/horizontal_counter/dc_bias[2]_i_7/O
                         net (fo=1, routed)           0.977     7.546    video_1/Inst_vga/vga_sig_gen/vertical_counter/dc_bias[1]_i_2_1
    SLICE_X158Y132       LUT6 (Prop_lut6_I5_O)        0.124     7.670 r  video_1/Inst_vga/vga_sig_gen/vertical_counter/dc_bias[2]_i_4/O
                         net (fo=5, routed)           1.031     8.701    video_1/Inst_vga/vga_sig_gen/vertical_counter/dc_bias[2]_i_4_n_0
    SLICE_X161Y136       LUT4 (Prop_lut4_I3_O)        0.152     8.853 f  video_1/Inst_vga/vga_sig_gen/vertical_counter/dc_bias[3]_i_7/O
                         net (fo=3, routed)           0.745     9.599    video_1/Inst_vga/vga_sig_gen/vertical_counter/dc_bias[3]_i_7_n_0
    SLICE_X160Y138       LUT6 (Prop_lut6_I3_O)        0.326     9.925 f  video_1/Inst_vga/vga_sig_gen/vertical_counter/dc_bias[2]_i_3/O
                         net (fo=3, routed)           0.619    10.543    video_1/inst_dvid/TDMS_encoder_green/dc_bias_reg[2]_1
    SLICE_X158Y138       LUT6 (Prop_lut6_I1_O)        0.124    10.667 r  video_1/inst_dvid/TDMS_encoder_green/dc_bias[3]_i_3__0/O
                         net (fo=1, routed)           0.798    11.465    video_1/inst_dvid/TDMS_encoder_green/dc_bias[3]_i_3__0_n_0
    SLICE_X157Y138       LUT3 (Prop_lut3_I1_O)        0.124    11.589 r  video_1/inst_dvid/TDMS_encoder_green/dc_bias[3]_i_1__0/O
                         net (fo=1, routed)           0.000    11.589    video_1/inst_dvid/TDMS_encoder_green/dc_bias[3]_i_1__0_n_0
    SLICE_X157Y138       FDRE                                         r  video_1/inst_dvid/TDMS_encoder_green/dc_bias_reg[3]/D
  -------------------------------------------------------------------    -------------------

                         (clock clk_out1_clk_wiz_0 rise edge)
                                                     40.000    40.000 r  
    R4                   IBUF                         0.000    40.000 r  clk_IBUF_inst/O
                         net (fo=25, routed)          1.162    41.162    video_1/mmcm_adv_inst_display_clocks/inst/clk_in1
    MMCME2_ADV_X1Y2      MMCME2_ADV (Prop_mmcme2_adv_CLKIN1_CLKOUT0)
                                                     -7.674    33.488 r  video_1/mmcm_adv_inst_display_clocks/inst/mmcm_adv_inst/CLKOUT0
                         net (fo=1, routed)           1.723    35.211    video_1/mmcm_adv_inst_display_clocks/inst/clk_out1_clk_wiz_0
    BUFGCTRL_X0Y1        BUFG (Prop_bufg_I_O)         0.091    35.302 r  video_1/mmcm_adv_inst_display_clocks/inst/clkout1_buf/O
                         net (fo=63, routed)          1.708    37.011    video_1/inst_dvid/TDMS_encoder_green/CLK
    SLICE_X157Y138       FDRE                                         r  video_1/inst_dvid/TDMS_encoder_green/dc_bias_reg[3]/C
                         clock pessimism              0.483    37.494    
                         clock uncertainty           -0.095    37.400    
    SLICE_X157Y138       FDRE (Setup_fdre_C_D)        0.029    37.429    video_1/inst_dvid/TDMS_encoder_green/dc_bias_reg[3]
  -------------------------------------------------------------------
                         required time                         37.429    
                         arrival time                         -11.589    
  -------------------------------------------------------------------
                         slack                                 25.839    

Slack (MET) :             25.916ns  (required time - arrival time)
  Source:                 video_1/Inst_vga/vga_sig_gen/vertical_counter/processQ_reg[2]/C
                            (rising edge-triggered cell FDRE clocked by clk_out1_clk_wiz_0  {rise@0.000ns fall@20.000ns period=40.000ns})
  Destination:            video_1/inst_dvid/TDMS_encoder_blue/dc_bias_reg[0]/D
                            (rising edge-triggered cell FDRE clocked by clk_out1_clk_wiz_0  {rise@0.000ns fall@20.000ns period=40.000ns})
  Path Group:             clk_out1_clk_wiz_0
  Path Type:              Setup (Max at Slow Process Corner)
  Requirement:            40.000ns  (clk_out1_clk_wiz_0 rise@40.000ns - clk_out1_clk_wiz_0 rise@0.000ns)
  Data Path Delay:        14.040ns  (logic 3.671ns (26.147%)  route 10.369ns (73.853%))
  Logic Levels:           15  (CARRY4=5 LUT2=2 LUT4=1 LUT5=2 LUT6=5)
  Clock Path Skew:        -0.029ns (DCD - SCD + CPR)
    Destination Clock Delay (DCD):    -2.988ns = ( 37.012 - 40.000 ) 
    Source Clock Delay      (SCD):    -2.476ns
    Clock Pessimism Removal (CPR):    0.483ns
  Clock Uncertainty:      0.095ns  ((TSJ^2 + DJ^2)^1/2) / 2 + PE
    Total System Jitter     (TSJ):    0.071ns
    Discrete Jitter          (DJ):    0.175ns
    Phase Error              (PE):    0.000ns

    Location             Delay type                Incr(ns)  Path(ns)    Netlist Resource(s)
  -------------------------------------------------------------------    -------------------
                         (clock clk_out1_clk_wiz_0 rise edge)
                                                      0.000     0.000 r  
    R4                   IBUF                         0.000     0.000 r  clk_IBUF_inst/O
                         net (fo=25, routed)          1.233     1.233    video_1/mmcm_adv_inst_display_clocks/inst/clk_in1
    MMCME2_ADV_X1Y2      MMCME2_ADV (Prop_mmcme2_adv_CLKIN1_CLKOUT0)
                                                     -7.432    -6.199 r  video_1/mmcm_adv_inst_display_clocks/inst/mmcm_adv_inst/CLKOUT0
                         net (fo=1, routed)           1.808    -4.390    video_1/mmcm_adv_inst_display_clocks/inst/clk_out1_clk_wiz_0
    BUFGCTRL_X0Y1        BUFG (Prop_bufg_I_O)         0.096    -4.294 r  video_1/mmcm_adv_inst_display_clocks/inst/clkout1_buf/O
                         net (fo=63, routed)          1.818    -2.476    video_1/Inst_vga/vga_sig_gen/vertical_counter/CLK
    SLICE_X161Y128       FDRE                                         r  video_1/Inst_vga/vga_sig_gen/vertical_counter/processQ_reg[2]/C
  -------------------------------------------------------------------    -------------------
    SLICE_X161Y128       FDRE (Prop_fdre_C_Q)         0.456    -2.020 r  video_1/Inst_vga/vga_sig_gen/vertical_counter/processQ_reg[2]/Q
                         net (fo=57, routed)          2.278     0.258    video_1/Inst_vga/vga_sig_gen/vertical_counter/Q[2]
    SLICE_X157Y135       LUT2 (Prop_lut2_I0_O)        0.124     0.382 r  video_1/Inst_vga/vga_sig_gen/vertical_counter/is_trigger_volt1_carry_i_30/O
                         net (fo=1, routed)           0.000     0.382    video_1/Inst_vga/vga_sig_gen/vertical_counter/is_trigger_volt1_carry_i_30_n_0
    SLICE_X157Y135       CARRY4 (Prop_carry4_S[2]_CO[3])
                                                      0.398     0.780 r  video_1/Inst_vga/vga_sig_gen/vertical_counter/is_trigger_volt1_carry_i_19/CO[3]
                         net (fo=1, routed)           0.000     0.780    video_1/Inst_vga/vga_sig_gen/vertical_counter/is_trigger_volt1_carry_i_19_n_0
    SLICE_X157Y136       CARRY4 (Prop_carry4_CI_CO[3])
                                                      0.114     0.894 r  video_1/Inst_vga/vga_sig_gen/vertical_counter/is_trigger_volt1_carry_i_11/CO[3]
                         net (fo=1, routed)           0.000     0.894    video_1/Inst_vga/vga_sig_gen/vertical_counter/is_trigger_volt1_carry_i_11_n_0
    SLICE_X157Y137       CARRY4 (Prop_carry4_CI_CO[3])
                                                      0.114     1.008 r  video_1/Inst_vga/vga_sig_gen/vertical_counter/is_trigger_volt1_carry_i_10/CO[3]
                         net (fo=12, routed)          1.057     2.065    video_1/Inst_vga/vga_sig_gen/vertical_counter/is_trigger_volt1_carry_i_10_n_0
    SLICE_X158Y137       LUT5 (Prop_lut5_I4_O)        0.150     2.215 f  video_1/Inst_vga/vga_sig_gen/vertical_counter/is_trigger_volt1_carry_i_17/O
                         net (fo=2, routed)           0.973     3.188    video_1/Inst_vga/vga_sig_gen/horizontal_counter/is_trigger_volt1_carry
    SLICE_X158Y136       LUT6 (Prop_lut6_I4_O)        0.348     3.536 r  video_1/Inst_vga/vga_sig_gen/horizontal_counter/is_trigger_volt1_carry_i_3/O
                         net (fo=1, routed)           0.512     4.048    video_1/Inst_vga/color_mapper_1/is_trigger_volt1_carry__0_0[1]
    SLICE_X156Y136       CARRY4 (Prop_carry4_DI[1]_CO[3])
                                                      0.507     4.555 r  video_1/Inst_vga/color_mapper_1/is_trigger_volt1_carry/CO[3]
                         net (fo=1, routed)           0.000     4.555    video_1/Inst_vga/color_mapper_1/is_trigger_volt1_carry_n_0
    SLICE_X156Y137       CARRY4 (Prop_carry4_CI_CO[1])
                                                      0.157     4.712 f  video_1/Inst_vga/color_mapper_1/is_trigger_volt1_carry__0/CO[1]
                         net (fo=1, routed)           0.961     5.673    video_1/Inst_vga/vga_sig_gen/horizontal_counter/dc_bias[2]_i_7_0[0]
    SLICE_X160Y135       LUT6 (Prop_lut6_I0_O)        0.329     6.002 r  video_1/Inst_vga/vga_sig_gen/horizontal_counter/dc_bias[2]_i_8/O
                         net (fo=1, routed)           0.444     6.446    video_1/Inst_vga/vga_sig_gen/horizontal_counter/dc_bias[2]_i_8_n_0
    SLICE_X160Y135       LUT6 (Prop_lut6_I2_O)        0.124     6.570 f  video_1/Inst_vga/vga_sig_gen/horizontal_counter/dc_bias[2]_i_7/O
                         net (fo=1, routed)           0.977     7.546    video_1/Inst_vga/vga_sig_gen/vertical_counter/dc_bias[1]_i_2_1
    SLICE_X158Y132       LUT6 (Prop_lut6_I5_O)        0.124     7.670 f  video_1/Inst_vga/vga_sig_gen/vertical_counter/dc_bias[2]_i_4/O
                         net (fo=5, routed)           1.031     8.701    video_1/Inst_vga/vga_sig_gen/vertical_counter/dc_bias[2]_i_4_n_0
    SLICE_X161Y136       LUT4 (Prop_lut4_I3_O)        0.152     8.853 r  video_1/Inst_vga/vga_sig_gen/vertical_counter/dc_bias[3]_i_7/O
                         net (fo=3, routed)           0.756     9.610    video_1/Inst_vga/vga_sig_gen/vertical_counter/dc_bias[3]_i_7_n_0
    SLICE_X160Y138       LUT5 (Prop_lut5_I0_O)        0.326     9.936 r  video_1/Inst_vga/vga_sig_gen/vertical_counter/dc_bias[2]_i_2__0/O
                         net (fo=10, routed)          0.713    10.649    video_1/inst_dvid/TDMS_encoder_blue/dc_bias_reg[1]_0
    SLICE_X159Y139       LUT2 (Prop_lut2_I1_O)        0.124    10.773 r  video_1/inst_dvid/TDMS_encoder_blue/dc_bias[0]_i_2/O
                         net (fo=4, routed)           0.667    11.440    video_1/inst_dvid/TDMS_encoder_blue/dc_bias_reg[3]_0
    SLICE_X158Y139       LUT6 (Prop_lut6_I4_O)        0.124    11.564 r  video_1/inst_dvid/TDMS_encoder_blue/dc_bias[0]_i_1__0/O
                         net (fo=1, routed)           0.000    11.564    video_1/inst_dvid/TDMS_encoder_blue/dc_bias[0]_i_1__0_n_0
    SLICE_X158Y139       FDRE                                         r  video_1/inst_dvid/TDMS_encoder_blue/dc_bias_reg[0]/D
  -------------------------------------------------------------------    -------------------

                         (clock clk_out1_clk_wiz_0 rise edge)
                                                     40.000    40.000 r  
    R4                   IBUF                         0.000    40.000 r  clk_IBUF_inst/O
                         net (fo=25, routed)          1.162    41.162    video_1/mmcm_adv_inst_display_clocks/inst/clk_in1
    MMCME2_ADV_X1Y2      MMCME2_ADV (Prop_mmcme2_adv_CLKIN1_CLKOUT0)
                                                     -7.674    33.488 r  video_1/mmcm_adv_inst_display_clocks/inst/mmcm_adv_inst/CLKOUT0
                         net (fo=1, routed)           1.723    35.211    video_1/mmcm_adv_inst_display_clocks/inst/clk_out1_clk_wiz_0
    BUFGCTRL_X0Y1        BUFG (Prop_bufg_I_O)         0.091    35.302 r  video_1/mmcm_adv_inst_display_clocks/inst/clkout1_buf/O
                         net (fo=63, routed)          1.709    37.012    video_1/inst_dvid/TDMS_encoder_blue/CLK
    SLICE_X158Y139       FDRE                                         r  video_1/inst_dvid/TDMS_encoder_blue/dc_bias_reg[0]/C
                         clock pessimism              0.483    37.495    
                         clock uncertainty           -0.095    37.401    
    SLICE_X158Y139       FDRE (Setup_fdre_C_D)        0.079    37.480    video_1/inst_dvid/TDMS_encoder_blue/dc_bias_reg[0]
  -------------------------------------------------------------------
                         required time                         37.480    
                         arrival time                         -11.564    
  -------------------------------------------------------------------
                         slack                                 25.916    

Slack (MET) :             26.105ns  (required time - arrival time)
  Source:                 video_1/Inst_vga/vga_sig_gen/vertical_counter/processQ_reg[2]/C
                            (rising edge-triggered cell FDRE clocked by clk_out1_clk_wiz_0  {rise@0.000ns fall@20.000ns period=40.000ns})
  Destination:            video_1/inst_dvid/TDMS_encoder_blue/encoded_reg[9]/D
                            (rising edge-triggered cell FDRE clocked by clk_out1_clk_wiz_0  {rise@0.000ns fall@20.000ns period=40.000ns})
  Path Group:             clk_out1_clk_wiz_0
  Path Type:              Setup (Max at Slow Process Corner)
  Requirement:            40.000ns  (clk_out1_clk_wiz_0 rise@40.000ns - clk_out1_clk_wiz_0 rise@0.000ns)
  Data Path Delay:        13.818ns  (logic 3.671ns (26.566%)  route 10.147ns (73.434%))
  Logic Levels:           15  (CARRY4=5 LUT2=2 LUT4=1 LUT5=2 LUT6=5)
  Clock Path Skew:        -0.013ns (DCD - SCD + CPR)
    Destination Clock Delay (DCD):    -2.986ns = ( 37.014 - 40.000 ) 
    Source Clock Delay      (SCD):    -2.476ns
    Clock Pessimism Removal (CPR):    0.497ns
  Clock Uncertainty:      0.095ns  ((TSJ^2 + DJ^2)^1/2) / 2 + PE
    Total System Jitter     (TSJ):    0.071ns
    Discrete Jitter          (DJ):    0.175ns
    Phase Error              (PE):    0.000ns

    Location             Delay type                Incr(ns)  Path(ns)    Netlist Resource(s)
  -------------------------------------------------------------------    -------------------
                         (clock clk_out1_clk_wiz_0 rise edge)
                                                      0.000     0.000 r  
    R4                   IBUF                         0.000     0.000 r  clk_IBUF_inst/O
                         net (fo=25, routed)          1.233     1.233    video_1/mmcm_adv_inst_display_clocks/inst/clk_in1
    MMCME2_ADV_X1Y2      MMCME2_ADV (Prop_mmcme2_adv_CLKIN1_CLKOUT0)
                                                     -7.432    -6.199 r  video_1/mmcm_adv_inst_display_clocks/inst/mmcm_adv_inst/CLKOUT0
                         net (fo=1, routed)           1.808    -4.390    video_1/mmcm_adv_inst_display_clocks/inst/clk_out1_clk_wiz_0
    BUFGCTRL_X0Y1        BUFG (Prop_bufg_I_O)         0.096    -4.294 r  video_1/mmcm_adv_inst_display_clocks/inst/clkout1_buf/O
                         net (fo=63, routed)          1.818    -2.476    video_1/Inst_vga/vga_sig_gen/vertical_counter/CLK
    SLICE_X161Y128       FDRE                                         r  video_1/Inst_vga/vga_sig_gen/vertical_counter/processQ_reg[2]/C
  -------------------------------------------------------------------    -------------------
    SLICE_X161Y128       FDRE (Prop_fdre_C_Q)         0.456    -2.020 r  video_1/Inst_vga/vga_sig_gen/vertical_counter/processQ_reg[2]/Q
                         net (fo=57, routed)          2.278     0.258    video_1/Inst_vga/vga_sig_gen/vertical_counter/Q[2]
    SLICE_X157Y135       LUT2 (Prop_lut2_I0_O)        0.124     0.382 r  video_1/Inst_vga/vga_sig_gen/vertical_counter/is_trigger_volt1_carry_i_30/O
                         net (fo=1, routed)           0.000     0.382    video_1/Inst_vga/vga_sig_gen/vertical_counter/is_trigger_volt1_carry_i_30_n_0
    SLICE_X157Y135       CARRY4 (Prop_carry4_S[2]_CO[3])
                                                      0.398     0.780 r  video_1/Inst_vga/vga_sig_gen/vertical_counter/is_trigger_volt1_carry_i_19/CO[3]
                         net (fo=1, routed)           0.000     0.780    video_1/Inst_vga/vga_sig_gen/vertical_counter/is_trigger_volt1_carry_i_19_n_0
    SLICE_X157Y136       CARRY4 (Prop_carry4_CI_CO[3])
                                                      0.114     0.894 r  video_1/Inst_vga/vga_sig_gen/vertical_counter/is_trigger_volt1_carry_i_11/CO[3]
                         net (fo=1, routed)           0.000     0.894    video_1/Inst_vga/vga_sig_gen/vertical_counter/is_trigger_volt1_carry_i_11_n_0
    SLICE_X157Y137       CARRY4 (Prop_carry4_CI_CO[3])
                                                      0.114     1.008 r  video_1/Inst_vga/vga_sig_gen/vertical_counter/is_trigger_volt1_carry_i_10/CO[3]
                         net (fo=12, routed)          1.057     2.065    video_1/Inst_vga/vga_sig_gen/vertical_counter/is_trigger_volt1_carry_i_10_n_0
    SLICE_X158Y137       LUT5 (Prop_lut5_I4_O)        0.150     2.215 f  video_1/Inst_vga/vga_sig_gen/vertical_counter/is_trigger_volt1_carry_i_17/O
                         net (fo=2, routed)           0.973     3.188    video_1/Inst_vga/vga_sig_gen/horizontal_counter/is_trigger_volt1_carry
    SLICE_X158Y136       LUT6 (Prop_lut6_I4_O)        0.348     3.536 r  video_1/Inst_vga/vga_sig_gen/horizontal_counter/is_trigger_volt1_carry_i_3/O
                         net (fo=1, routed)           0.512     4.048    video_1/Inst_vga/color_mapper_1/is_trigger_volt1_carry__0_0[1]
    SLICE_X156Y136       CARRY4 (Prop_carry4_DI[1]_CO[3])
                                                      0.507     4.555 r  video_1/Inst_vga/color_mapper_1/is_trigger_volt1_carry/CO[3]
                         net (fo=1, routed)           0.000     4.555    video_1/Inst_vga/color_mapper_1/is_trigger_volt1_carry_n_0
    SLICE_X156Y137       CARRY4 (Prop_carry4_CI_CO[1])
                                                      0.157     4.712 f  video_1/Inst_vga/color_mapper_1/is_trigger_volt1_carry__0/CO[1]
                         net (fo=1, routed)           0.961     5.673    video_1/Inst_vga/vga_sig_gen/horizontal_counter/dc_bias[2]_i_7_0[0]
    SLICE_X160Y135       LUT6 (Prop_lut6_I0_O)        0.329     6.002 r  video_1/Inst_vga/vga_sig_gen/horizontal_counter/dc_bias[2]_i_8/O
                         net (fo=1, routed)           0.444     6.446    video_1/Inst_vga/vga_sig_gen/horizontal_counter/dc_bias[2]_i_8_n_0
    SLICE_X160Y135       LUT6 (Prop_lut6_I2_O)        0.124     6.570 f  video_1/Inst_vga/vga_sig_gen/horizontal_counter/dc_bias[2]_i_7/O
                         net (fo=1, routed)           0.977     7.546    video_1/Inst_vga/vga_sig_gen/vertical_counter/dc_bias[1]_i_2_1
    SLICE_X158Y132       LUT6 (Prop_lut6_I5_O)        0.124     7.670 f  video_1/Inst_vga/vga_sig_gen/vertical_counter/dc_bias[2]_i_4/O
                         net (fo=5, routed)           1.031     8.701    video_1/Inst_vga/vga_sig_gen/vertical_counter/dc_bias[2]_i_4_n_0
    SLICE_X161Y136       LUT4 (Prop_lut4_I3_O)        0.152     8.853 r  video_1/Inst_vga/vga_sig_gen/vertical_counter/dc_bias[3]_i_7/O
                         net (fo=3, routed)           0.756     9.610    video_1/Inst_vga/vga_sig_gen/vertical_counter/dc_bias[3]_i_7_n_0
    SLICE_X160Y138       LUT5 (Prop_lut5_I0_O)        0.326     9.936 r  video_1/Inst_vga/vga_sig_gen/vertical_counter/dc_bias[2]_i_2__0/O
                         net (fo=10, routed)          0.713    10.649    video_1/inst_dvid/TDMS_encoder_blue/dc_bias_reg[1]_0
    SLICE_X159Y139       LUT2 (Prop_lut2_I1_O)        0.124    10.773 f  video_1/inst_dvid/TDMS_encoder_blue/dc_bias[0]_i_2/O
                         net (fo=4, routed)           0.446    11.219    video_1/Inst_vga/vga_sig_gen/vertical_counter/encoded_reg[9]_1
    SLICE_X160Y139       LUT6 (Prop_lut6_I0_O)        0.124    11.343 r  video_1/Inst_vga/vga_sig_gen/vertical_counter/TDMS_encoder_blue/encoded[9]_i_1/O
                         net (fo=1, routed)           0.000    11.343    video_1/inst_dvid/TDMS_encoder_blue/encoded_reg[9]_0
    SLICE_X160Y139       FDRE                                         r  video_1/inst_dvid/TDMS_encoder_blue/encoded_reg[9]/D
  -------------------------------------------------------------------    -------------------

                         (clock clk_out1_clk_wiz_0 rise edge)
                                                     40.000    40.000 r  
    R4                   IBUF                         0.000    40.000 r  clk_IBUF_inst/O
                         net (fo=25, routed)          1.162    41.162    video_1/mmcm_adv_inst_display_clocks/inst/clk_in1
    MMCME2_ADV_X1Y2      MMCME2_ADV (Prop_mmcme2_adv_CLKIN1_CLKOUT0)
                                                     -7.674    33.488 r  video_1/mmcm_adv_inst_display_clocks/inst/mmcm_adv_inst/CLKOUT0
                         net (fo=1, routed)           1.723    35.211    video_1/mmcm_adv_inst_display_clocks/inst/clk_out1_clk_wiz_0
    BUFGCTRL_X0Y1        BUFG (Prop_bufg_I_O)         0.091    35.302 r  video_1/mmcm_adv_inst_display_clocks/inst/clkout1_buf/O
                         net (fo=63, routed)          1.711    37.014    video_1/inst_dvid/TDMS_encoder_blue/CLK
    SLICE_X160Y139       FDRE                                         r  video_1/inst_dvid/TDMS_encoder_blue/encoded_reg[9]/C
                         clock pessimism              0.497    37.511    
                         clock uncertainty           -0.095    37.417    
    SLICE_X160Y139       FDRE (Setup_fdre_C_D)        0.031    37.448    video_1/inst_dvid/TDMS_encoder_blue/encoded_reg[9]
  -------------------------------------------------------------------
                         required time                         37.448    
                         arrival time                         -11.343    
  -------------------------------------------------------------------
                         slack                                 26.105    

Slack (MET) :             26.257ns  (required time - arrival time)
  Source:                 video_1/Inst_vga/vga_sig_gen/horizontal_counter/processQ_reg[4]/C
                            (rising edge-triggered cell FDRE clocked by clk_out1_clk_wiz_0  {rise@0.000ns fall@20.000ns period=40.000ns})
  Destination:            video_1/inst_dvid/TDMS_encoder_blue/encoded_reg[1]/D
                            (rising edge-triggered cell FDRE clocked by clk_out1_clk_wiz_0  {rise@0.000ns fall@20.000ns period=40.000ns})
  Path Group:             clk_out1_clk_wiz_0
  Path Type:              Setup (Max at Slow Process Corner)
  Requirement:            40.000ns  (clk_out1_clk_wiz_0 rise@40.000ns - clk_out1_clk_wiz_0 rise@0.000ns)
  Data Path Delay:        13.651ns  (logic 4.910ns (35.969%)  route 8.741ns (64.031%))
  Logic Levels:           17  (CARRY4=5 LUT1=1 LUT3=3 LUT4=2 LUT5=3 LUT6=3)
  Clock Path Skew:        -0.027ns (DCD - SCD + CPR)
    Destination Clock Delay (DCD):    -2.986ns = ( 37.014 - 40.000 ) 
    Source Clock Delay      (SCD):    -2.476ns
    Clock Pessimism Removal (CPR):    0.483ns
  Clock Uncertainty:      0.095ns  ((TSJ^2 + DJ^2)^1/2) / 2 + PE
    Total System Jitter     (TSJ):    0.071ns
    Discrete Jitter          (DJ):    0.175ns
    Phase Error              (PE):    0.000ns

    Location             Delay type                Incr(ns)  Path(ns)    Netlist Resource(s)
  -------------------------------------------------------------------    -------------------
                         (clock clk_out1_clk_wiz_0 rise edge)
                                                      0.000     0.000 r  
    R4                   IBUF                         0.000     0.000 r  clk_IBUF_inst/O
                         net (fo=25, routed)          1.233     1.233    video_1/mmcm_adv_inst_display_clocks/inst/clk_in1
    MMCME2_ADV_X1Y2      MMCME2_ADV (Prop_mmcme2_adv_CLKIN1_CLKOUT0)
                                                     -7.432    -6.199 r  video_1/mmcm_adv_inst_display_clocks/inst/mmcm_adv_inst/CLKOUT0
                         net (fo=1, routed)           1.808    -4.390    video_1/mmcm_adv_inst_display_clocks/inst/clk_out1_clk_wiz_0
    BUFGCTRL_X0Y1        BUFG (Prop_bufg_I_O)         0.096    -4.294 r  video_1/mmcm_adv_inst_display_clocks/inst/clkout1_buf/O
                         net (fo=63, routed)          1.818    -2.476    video_1/Inst_vga/vga_sig_gen/horizontal_counter/CLK
    SLICE_X159Y130       FDRE                                         r  video_1/Inst_vga/vga_sig_gen/horizontal_counter/processQ_reg[4]/C
  -------------------------------------------------------------------    -------------------
    SLICE_X159Y130       FDRE (Prop_fdre_C_Q)         0.456    -2.020 f  video_1/Inst_vga/vga_sig_gen/horizontal_counter/processQ_reg[4]/Q
                         net (fo=47, routed)          1.654    -0.366    video_1/Inst_vga/vga_sig_gen/horizontal_counter/Q[4]
    SLICE_X163Y133       LUT3 (Prop_lut3_I2_O)        0.124    -0.242 r  video_1/Inst_vga/vga_sig_gen/horizontal_counter/is_vertical_gridline0__0_carry__1_i_8/O
                         net (fo=7, routed)           0.674     0.432    video_1/Inst_vga/vga_sig_gen/horizontal_counter/is_vertical_gridline0__0_carry__1_i_8_n_0
    SLICE_X161Y134       LUT5 (Prop_lut5_I4_O)        0.152     0.584 f  video_1/Inst_vga/vga_sig_gen/horizontal_counter/is_vertical_gridline0__0_carry__1_i_1/O
                         net (fo=9, routed)           0.499     1.083    video_1/Inst_vga/vga_sig_gen/horizontal_counter/processQ_reg[8]_2
    SLICE_X160Y133       LUT6 (Prop_lut6_I5_O)        0.332     1.415 r  video_1/Inst_vga/vga_sig_gen/horizontal_counter/is_vertical_gridline0__0_carry__0_i_1/O
                         net (fo=2, routed)           0.421     1.836    video_1/Inst_vga/vga_sig_gen/horizontal_counter/processQ_reg[8]_3[3]
    SLICE_X159Y133       LUT4 (Prop_lut4_I0_O)        0.124     1.960 r  video_1/Inst_vga/vga_sig_gen/horizontal_counter/is_vertical_gridline0__0_carry__0_i_5/O
                         net (fo=1, routed)           0.000     1.960    video_1/Inst_vga/color_mapper_1/is_vertical_gridline0__0_carry__1_2[3]
    SLICE_X159Y133       CARRY4 (Prop_carry4_S[3]_CO[3])
                                                      0.401     2.361 r  video_1/Inst_vga/color_mapper_1/is_vertical_gridline0__0_carry__0/CO[3]
                         net (fo=1, routed)           0.000     2.361    video_1/Inst_vga/color_mapper_1/is_vertical_gridline0__0_carry__0_n_0
    SLICE_X159Y134       CARRY4 (Prop_carry4_CI_O[1])
                                                      0.334     2.695 f  video_1/Inst_vga/color_mapper_1/is_vertical_gridline0__0_carry__1/O[1]
                         net (fo=8, routed)           0.455     3.149    video_1/Inst_vga/vga_sig_gen/horizontal_counter/O[1]
    SLICE_X157Y133       LUT1 (Prop_lut1_I0_O)        0.303     3.452 r  video_1/Inst_vga/vga_sig_gen/horizontal_counter/is_vertical_gridline0__26_carry_i_4/O
                         net (fo=1, routed)           0.000     3.452    video_1/Inst_vga/color_mapper_1/is_vertical_gridline0__46_carry_i_6_0[0]
    SLICE_X157Y133       CARRY4 (Prop_carry4_S[1]_O[3])
                                                      0.640     4.092 r  video_1/Inst_vga/color_mapper_1/is_vertical_gridline0__26_carry/O[3]
                         net (fo=1, routed)           0.602     4.694    video_1/Inst_vga/vga_sig_gen/horizontal_counter/is_vertical_gridline0__46_carry[3]
    SLICE_X158Y133       LUT3 (Prop_lut3_I2_O)        0.306     5.000 r  video_1/Inst_vga/vga_sig_gen/horizontal_counter/is_vertical_gridline0__46_carry_i_3/O
                         net (fo=1, routed)           0.000     5.000    video_1/Inst_vga/color_mapper_1/dc_bias[3]_i_17_0[3]
    SLICE_X158Y133       CARRY4 (Prop_carry4_S[3]_CO[3])
                                                      0.376     5.376 r  video_1/Inst_vga/color_mapper_1/is_vertical_gridline0__46_carry/CO[3]
                         net (fo=1, routed)           0.000     5.376    video_1/Inst_vga/color_mapper_1/is_vertical_gridline0__46_carry_n_0
    SLICE_X158Y134       CARRY4 (Prop_carry4_CI_O[0])
                                                      0.219     5.595 r  video_1/Inst_vga/color_mapper_1/is_vertical_gridline0__46_carry__0/O[0]
                         net (fo=1, routed)           0.599     6.194    video_1/Inst_vga/vga_sig_gen/horizontal_counter/dc_bias[3]_i_5[0]
    SLICE_X160Y133       LUT3 (Prop_lut3_I2_O)        0.295     6.489 r  video_1/Inst_vga/vga_sig_gen/horizontal_counter/dc_bias[3]_i_34/O
                         net (fo=1, routed)           0.650     7.138    video_1/Inst_vga/vga_sig_gen/horizontal_counter/dc_bias[3]_i_34_n_0
    SLICE_X160Y133       LUT6 (Prop_lut6_I1_O)        0.124     7.262 f  video_1/Inst_vga/vga_sig_gen/horizontal_counter/dc_bias[3]_i_17/O
                         net (fo=1, routed)           0.860     8.122    video_1/Inst_vga/vga_sig_gen/vertical_counter/dc_bias[2]_i_3_2
    SLICE_X162Y134       LUT5 (Prop_lut5_I4_O)        0.124     8.246 f  video_1/Inst_vga/vga_sig_gen/vertical_counter/dc_bias[3]_i_5/O
                         net (fo=6, routed)           0.793     9.039    video_1/Inst_vga/vga_sig_gen/vertical_counter/dc_bias[3]_i_5_n_0
    SLICE_X161Y136       LUT6 (Prop_lut6_I3_O)        0.124     9.163 r  video_1/Inst_vga/vga_sig_gen/vertical_counter/dc_bias[1]_i_2/O
                         net (fo=3, routed)           0.943    10.105    video_1/inst_dvid/TDMS_encoder_blue/dc_bias_reg[1]_1
    SLICE_X159Y139       LUT5 (Prop_lut5_I0_O)        0.150    10.255 r  video_1/inst_dvid/TDMS_encoder_blue/encoded[4]_i_2/O
                         net (fo=2, routed)           0.594    10.849    video_1/Inst_vga/vga_sig_gen/encoded_reg[4]
    SLICE_X160Y139       LUT4 (Prop_lut4_I3_O)        0.326    11.175 r  video_1/Inst_vga/vga_sig_gen/encoded[1]_i_1/O
                         net (fo=1, routed)           0.000    11.175    video_1/inst_dvid/TDMS_encoder_blue/encoded_reg[1]_0
    SLICE_X160Y139       FDRE                                         r  video_1/inst_dvid/TDMS_encoder_blue/encoded_reg[1]/D
  -------------------------------------------------------------------    -------------------

                         (clock clk_out1_clk_wiz_0 rise edge)
                                                     40.000    40.000 r  
    R4                   IBUF                         0.000    40.000 r  clk_IBUF_inst/O
                         net (fo=25, routed)          1.162    41.162    video_1/mmcm_adv_inst_display_clocks/inst/clk_in1
    MMCME2_ADV_X1Y2      MMCME2_ADV (Prop_mmcme2_adv_CLKIN1_CLKOUT0)
                                                     -7.674    33.488 r  video_1/mmcm_adv_inst_display_clocks/inst/mmcm_adv_inst/CLKOUT0
                         net (fo=1, routed)           1.723    35.211    video_1/mmcm_adv_inst_display_clocks/inst/clk_out1_clk_wiz_0
    BUFGCTRL_X0Y1        BUFG (Prop_bufg_I_O)         0.091    35.302 r  video_1/mmcm_adv_inst_display_clocks/inst/clkout1_buf/O
                         net (fo=63, routed)          1.711    37.014    video_1/inst_dvid/TDMS_encoder_blue/CLK
    SLICE_X160Y139       FDRE                                         r  video_1/inst_dvid/TDMS_encoder_blue/encoded_reg[1]/C
                         clock pessimism              0.483    37.497    
                         clock uncertainty           -0.095    37.403    
    SLICE_X160Y139       FDRE (Setup_fdre_C_D)        0.029    37.432    video_1/inst_dvid/TDMS_encoder_blue/encoded_reg[1]
  -------------------------------------------------------------------
                         required time                         37.432    
                         arrival time                         -11.175    
  -------------------------------------------------------------------
                         slack                                 26.257    

Slack (MET) :             26.277ns  (required time - arrival time)
  Source:                 video_1/Inst_vga/vga_sig_gen/horizontal_counter/processQ_reg[4]/C
                            (rising edge-triggered cell FDRE clocked by clk_out1_clk_wiz_0  {rise@0.000ns fall@20.000ns period=40.000ns})
  Destination:            video_1/inst_dvid/TDMS_encoder_blue/encoded_reg[4]/D
                            (rising edge-triggered cell FDRE clocked by clk_out1_clk_wiz_0  {rise@0.000ns fall@20.000ns period=40.000ns})
  Path Group:             clk_out1_clk_wiz_0
  Path Type:              Setup (Max at Slow Process Corner)
  Requirement:            40.000ns  (clk_out1_clk_wiz_0 rise@40.000ns - clk_out1_clk_wiz_0 rise@0.000ns)
  Data Path Delay:        13.677ns  (logic 4.936ns (36.090%)  route 8.741ns (63.910%))
  Logic Levels:           17  (CARRY4=5 LUT1=1 LUT3=3 LUT4=2 LUT5=3 LUT6=3)
  Clock Path Skew:        -0.027ns (DCD - SCD + CPR)
    Destination Clock Delay (DCD):    -2.986ns = ( 37.014 - 40.000 ) 
    Source Clock Delay      (SCD):    -2.476ns
    Clock Pessimism Removal (CPR):    0.483ns
  Clock Uncertainty:      0.095ns  ((TSJ^2 + DJ^2)^1/2) / 2 + PE
    Total System Jitter     (TSJ):    0.071ns
    Discrete Jitter          (DJ):    0.175ns
    Phase Error              (PE):    0.000ns

    Location             Delay type                Incr(ns)  Path(ns)    Netlist Resource(s)
  -------------------------------------------------------------------    -------------------
                         (clock clk_out1_clk_wiz_0 rise edge)
                                                      0.000     0.000 r  
    R4                   IBUF                         0.000     0.000 r  clk_IBUF_inst/O
                         net (fo=25, routed)          1.233     1.233    video_1/mmcm_adv_inst_display_clocks/inst/clk_in1
    MMCME2_ADV_X1Y2      MMCME2_ADV (Prop_mmcme2_adv_CLKIN1_CLKOUT0)
                                                     -7.432    -6.199 r  video_1/mmcm_adv_inst_display_clocks/inst/mmcm_adv_inst/CLKOUT0
                         net (fo=1, routed)           1.808    -4.390    video_1/mmcm_adv_inst_display_clocks/inst/clk_out1_clk_wiz_0
    BUFGCTRL_X0Y1        BUFG (Prop_bufg_I_O)         0.096    -4.294 r  video_1/mmcm_adv_inst_display_clocks/inst/clkout1_buf/O
                         net (fo=63, routed)          1.818    -2.476    video_1/Inst_vga/vga_sig_gen/horizontal_counter/CLK
    SLICE_X159Y130       FDRE                                         r  video_1/Inst_vga/vga_sig_gen/horizontal_counter/processQ_reg[4]/C
  -------------------------------------------------------------------    -------------------
    SLICE_X159Y130       FDRE (Prop_fdre_C_Q)         0.456    -2.020 f  video_1/Inst_vga/vga_sig_gen/horizontal_counter/processQ_reg[4]/Q
                         net (fo=47, routed)          1.654    -0.366    video_1/Inst_vga/vga_sig_gen/horizontal_counter/Q[4]
    SLICE_X163Y133       LUT3 (Prop_lut3_I2_O)        0.124    -0.242 r  video_1/Inst_vga/vga_sig_gen/horizontal_counter/is_vertical_gridline0__0_carry__1_i_8/O
                         net (fo=7, routed)           0.674     0.432    video_1/Inst_vga/vga_sig_gen/horizontal_counter/is_vertical_gridline0__0_carry__1_i_8_n_0
    SLICE_X161Y134       LUT5 (Prop_lut5_I4_O)        0.152     0.584 f  video_1/Inst_vga/vga_sig_gen/horizontal_counter/is_vertical_gridline0__0_carry__1_i_1/O
                         net (fo=9, routed)           0.499     1.083    video_1/Inst_vga/vga_sig_gen/horizontal_counter/processQ_reg[8]_2
    SLICE_X160Y133       LUT6 (Prop_lut6_I5_O)        0.332     1.415 r  video_1/Inst_vga/vga_sig_gen/horizontal_counter/is_vertical_gridline0__0_carry__0_i_1/O
                         net (fo=2, routed)           0.421     1.836    video_1/Inst_vga/vga_sig_gen/horizontal_counter/processQ_reg[8]_3[3]
    SLICE_X159Y133       LUT4 (Prop_lut4_I0_O)        0.124     1.960 r  video_1/Inst_vga/vga_sig_gen/horizontal_counter/is_vertical_gridline0__0_carry__0_i_5/O
                         net (fo=1, routed)           0.000     1.960    video_1/Inst_vga/color_mapper_1/is_vertical_gridline0__0_carry__1_2[3]
    SLICE_X159Y133       CARRY4 (Prop_carry4_S[3]_CO[3])
                                                      0.401     2.361 r  video_1/Inst_vga/color_mapper_1/is_vertical_gridline0__0_carry__0/CO[3]
                         net (fo=1, routed)           0.000     2.361    video_1/Inst_vga/color_mapper_1/is_vertical_gridline0__0_carry__0_n_0
    SLICE_X159Y134       CARRY4 (Prop_carry4_CI_O[1])
                                                      0.334     2.695 f  video_1/Inst_vga/color_mapper_1/is_vertical_gridline0__0_carry__1/O[1]
                         net (fo=8, routed)           0.455     3.149    video_1/Inst_vga/vga_sig_gen/horizontal_counter/O[1]
    SLICE_X157Y133       LUT1 (Prop_lut1_I0_O)        0.303     3.452 r  video_1/Inst_vga/vga_sig_gen/horizontal_counter/is_vertical_gridline0__26_carry_i_4/O
                         net (fo=1, routed)           0.000     3.452    video_1/Inst_vga/color_mapper_1/is_vertical_gridline0__46_carry_i_6_0[0]
    SLICE_X157Y133       CARRY4 (Prop_carry4_S[1]_O[3])
                                                      0.640     4.092 r  video_1/Inst_vga/color_mapper_1/is_vertical_gridline0__26_carry/O[3]
                         net (fo=1, routed)           0.602     4.694    video_1/Inst_vga/vga_sig_gen/horizontal_counter/is_vertical_gridline0__46_carry[3]
    SLICE_X158Y133       LUT3 (Prop_lut3_I2_O)        0.306     5.000 r  video_1/Inst_vga/vga_sig_gen/horizontal_counter/is_vertical_gridline0__46_carry_i_3/O
                         net (fo=1, routed)           0.000     5.000    video_1/Inst_vga/color_mapper_1/dc_bias[3]_i_17_0[3]
    SLICE_X158Y133       CARRY4 (Prop_carry4_S[3]_CO[3])
                                                      0.376     5.376 r  video_1/Inst_vga/color_mapper_1/is_vertical_gridline0__46_carry/CO[3]
                         net (fo=1, routed)           0.000     5.376    video_1/Inst_vga/color_mapper_1/is_vertical_gridline0__46_carry_n_0
    SLICE_X158Y134       CARRY4 (Prop_carry4_CI_O[0])
                                                      0.219     5.595 r  video_1/Inst_vga/color_mapper_1/is_vertical_gridline0__46_carry__0/O[0]
                         net (fo=1, routed)           0.599     6.194    video_1/Inst_vga/vga_sig_gen/horizontal_counter/dc_bias[3]_i_5[0]
    SLICE_X160Y133       LUT3 (Prop_lut3_I2_O)        0.295     6.489 r  video_1/Inst_vga/vga_sig_gen/horizontal_counter/dc_bias[3]_i_34/O
                         net (fo=1, routed)           0.650     7.138    video_1/Inst_vga/vga_sig_gen/horizontal_counter/dc_bias[3]_i_34_n_0
    SLICE_X160Y133       LUT6 (Prop_lut6_I1_O)        0.124     7.262 f  video_1/Inst_vga/vga_sig_gen/horizontal_counter/dc_bias[3]_i_17/O
                         net (fo=1, routed)           0.860     8.122    video_1/Inst_vga/vga_sig_gen/vertical_counter/dc_bias[2]_i_3_2
    SLICE_X162Y134       LUT5 (Prop_lut5_I4_O)        0.124     8.246 f  video_1/Inst_vga/vga_sig_gen/vertical_counter/dc_bias[3]_i_5/O
                         net (fo=6, routed)           0.793     9.039    video_1/Inst_vga/vga_sig_gen/vertical_counter/dc_bias[3]_i_5_n_0
    SLICE_X161Y136       LUT6 (Prop_lut6_I3_O)        0.124     9.163 r  video_1/Inst_vga/vga_sig_gen/vertical_counter/dc_bias[1]_i_2/O
                         net (fo=3, routed)           0.943    10.105    video_1/inst_dvid/TDMS_encoder_blue/dc_bias_reg[1]_1
    SLICE_X159Y139       LUT5 (Prop_lut5_I0_O)        0.150    10.255 r  video_1/inst_dvid/TDMS_encoder_blue/encoded[4]_i_2/O
                         net (fo=2, routed)           0.594    10.849    video_1/Inst_vga/vga_sig_gen/encoded_reg[4]
    SLICE_X160Y139       LUT4 (Prop_lut4_I3_O)        0.352    11.201 r  video_1/Inst_vga/vga_sig_gen/encoded[4]_i_1/O
                         net (fo=1, routed)           0.000    11.201    video_1/inst_dvid/TDMS_encoder_blue/encoded_reg[4]_0
    SLICE_X160Y139       FDRE                                         r  video_1/inst_dvid/TDMS_encoder_blue/encoded_reg[4]/D
  -------------------------------------------------------------------    -------------------

                         (clock clk_out1_clk_wiz_0 rise edge)
                                                     40.000    40.000 r  
    R4                   IBUF                         0.000    40.000 r  clk_IBUF_inst/O
                         net (fo=25, routed)          1.162    41.162    video_1/mmcm_adv_inst_display_clocks/inst/clk_in1
    MMCME2_ADV_X1Y2      MMCME2_ADV (Prop_mmcme2_adv_CLKIN1_CLKOUT0)
                                                     -7.674    33.488 r  video_1/mmcm_adv_inst_display_clocks/inst/mmcm_adv_inst/CLKOUT0
                         net (fo=1, routed)           1.723    35.211    video_1/mmcm_adv_inst_display_clocks/inst/clk_out1_clk_wiz_0
    BUFGCTRL_X0Y1        BUFG (Prop_bufg_I_O)         0.091    35.302 r  video_1/mmcm_adv_inst_display_clocks/inst/clkout1_buf/O
                         net (fo=63, routed)          1.711    37.014    video_1/inst_dvid/TDMS_encoder_blue/CLK
    SLICE_X160Y139       FDRE                                         r  video_1/inst_dvid/TDMS_encoder_blue/encoded_reg[4]/C
                         clock pessimism              0.483    37.497    
                         clock uncertainty           -0.095    37.403    
    SLICE_X160Y139       FDRE (Setup_fdre_C_D)        0.075    37.478    video_1/inst_dvid/TDMS_encoder_blue/encoded_reg[4]
  -------------------------------------------------------------------
                         required time                         37.478    
                         arrival time                         -11.201    
  -------------------------------------------------------------------
                         slack                                 26.277    

Slack (MET) :             26.337ns  (required time - arrival time)
  Source:                 video_1/Inst_vga/vga_sig_gen/vertical_counter/processQ_reg[2]/C
                            (rising edge-triggered cell FDRE clocked by clk_out1_clk_wiz_0  {rise@0.000ns fall@20.000ns period=40.000ns})
  Destination:            video_1/inst_dvid/TDMS_encoder_red/dc_bias_reg[3]/D
                            (rising edge-triggered cell FDRE clocked by clk_out1_clk_wiz_0  {rise@0.000ns fall@20.000ns period=40.000ns})
  Path Group:             clk_out1_clk_wiz_0
  Path Type:              Setup (Max at Slow Process Corner)
  Requirement:            40.000ns  (clk_out1_clk_wiz_0 rise@40.000ns - clk_out1_clk_wiz_0 rise@0.000ns)
  Data Path Delay:        13.628ns  (logic 3.803ns (27.905%)  route 9.825ns (72.095%))
  Logic Levels:           14  (CARRY4=5 LUT2=1 LUT4=1 LUT5=3 LUT6=4)
  Clock Path Skew:        -0.015ns (DCD - SCD + CPR)
    Destination Clock Delay (DCD):    -2.988ns = ( 37.012 - 40.000 ) 
    Source Clock Delay      (SCD):    -2.476ns
    Clock Pessimism Removal (CPR):    0.497ns
  Clock Uncertainty:      0.095ns  ((TSJ^2 + DJ^2)^1/2) / 2 + PE
    Total System Jitter     (TSJ):    0.071ns
    Discrete Jitter          (DJ):    0.175ns
    Phase Error              (PE):    0.000ns

    Location             Delay type                Incr(ns)  Path(ns)    Netlist Resource(s)
  -------------------------------------------------------------------    -------------------
                         (clock clk_out1_clk_wiz_0 rise edge)
                                                      0.000     0.000 r  
    R4                   IBUF                         0.000     0.000 r  clk_IBUF_inst/O
                         net (fo=25, routed)          1.233     1.233    video_1/mmcm_adv_inst_display_clocks/inst/clk_in1
    MMCME2_ADV_X1Y2      MMCME2_ADV (Prop_mmcme2_adv_CLKIN1_CLKOUT0)
                                                     -7.432    -6.199 r  video_1/mmcm_adv_inst_display_clocks/inst/mmcm_adv_inst/CLKOUT0
                         net (fo=1, routed)           1.808    -4.390    video_1/mmcm_adv_inst_display_clocks/inst/clk_out1_clk_wiz_0
    BUFGCTRL_X0Y1        BUFG (Prop_bufg_I_O)         0.096    -4.294 r  video_1/mmcm_adv_inst_display_clocks/inst/clkout1_buf/O
                         net (fo=63, routed)          1.818    -2.476    video_1/Inst_vga/vga_sig_gen/vertical_counter/CLK
    SLICE_X161Y128       FDRE                                         r  video_1/Inst_vga/vga_sig_gen/vertical_counter/processQ_reg[2]/C
  -------------------------------------------------------------------    -------------------
    SLICE_X161Y128       FDRE (Prop_fdre_C_Q)         0.456    -2.020 r  video_1/Inst_vga/vga_sig_gen/vertical_counter/processQ_reg[2]/Q
                         net (fo=57, routed)          2.278     0.258    video_1/Inst_vga/vga_sig_gen/vertical_counter/Q[2]
    SLICE_X157Y135       LUT2 (Prop_lut2_I0_O)        0.124     0.382 r  video_1/Inst_vga/vga_sig_gen/vertical_counter/is_trigger_volt1_carry_i_30/O
                         net (fo=1, routed)           0.000     0.382    video_1/Inst_vga/vga_sig_gen/vertical_counter/is_trigger_volt1_carry_i_30_n_0
    SLICE_X157Y135       CARRY4 (Prop_carry4_S[2]_CO[3])
                                                      0.398     0.780 r  video_1/Inst_vga/vga_sig_gen/vertical_counter/is_trigger_volt1_carry_i_19/CO[3]
                         net (fo=1, routed)           0.000     0.780    video_1/Inst_vga/vga_sig_gen/vertical_counter/is_trigger_volt1_carry_i_19_n_0
    SLICE_X157Y136       CARRY4 (Prop_carry4_CI_CO[3])
                                                      0.114     0.894 r  video_1/Inst_vga/vga_sig_gen/vertical_counter/is_trigger_volt1_carry_i_11/CO[3]
                         net (fo=1, routed)           0.000     0.894    video_1/Inst_vga/vga_sig_gen/vertical_counter/is_trigger_volt1_carry_i_11_n_0
    SLICE_X157Y137       CARRY4 (Prop_carry4_CI_CO[3])
                                                      0.114     1.008 r  video_1/Inst_vga/vga_sig_gen/vertical_counter/is_trigger_volt1_carry_i_10/CO[3]
                         net (fo=12, routed)          1.057     2.065    video_1/Inst_vga/vga_sig_gen/vertical_counter/is_trigger_volt1_carry_i_10_n_0
    SLICE_X158Y137       LUT5 (Prop_lut5_I4_O)        0.150     2.215 f  video_1/Inst_vga/vga_sig_gen/vertical_counter/is_trigger_volt1_carry_i_17/O
                         net (fo=2, routed)           0.973     3.188    video_1/Inst_vga/vga_sig_gen/horizontal_counter/is_trigger_volt1_carry
    SLICE_X158Y136       LUT6 (Prop_lut6_I4_O)        0.348     3.536 r  video_1/Inst_vga/vga_sig_gen/horizontal_counter/is_trigger_volt1_carry_i_3/O
                         net (fo=1, routed)           0.512     4.048    video_1/Inst_vga/color_mapper_1/is_trigger_volt1_carry__0_0[1]
    SLICE_X156Y136       CARRY4 (Prop_carry4_DI[1]_CO[3])
                                                      0.507     4.555 r  video_1/Inst_vga/color_mapper_1/is_trigger_volt1_carry/CO[3]
                         net (fo=1, routed)           0.000     4.555    video_1/Inst_vga/color_mapper_1/is_trigger_volt1_carry_n_0
    SLICE_X156Y137       CARRY4 (Prop_carry4_CI_CO[1])
                                                      0.157     4.712 r  video_1/Inst_vga/color_mapper_1/is_trigger_volt1_carry__0/CO[1]
                         net (fo=1, routed)           0.961     5.673    video_1/Inst_vga/vga_sig_gen/horizontal_counter/dc_bias[2]_i_7_0[0]
    SLICE_X160Y135       LUT6 (Prop_lut6_I0_O)        0.329     6.002 f  video_1/Inst_vga/vga_sig_gen/horizontal_counter/dc_bias[2]_i_8/O
                         net (fo=1, routed)           0.444     6.446    video_1/Inst_vga/vga_sig_gen/horizontal_counter/dc_bias[2]_i_8_n_0
    SLICE_X160Y135       LUT6 (Prop_lut6_I2_O)        0.124     6.570 r  video_1/Inst_vga/vga_sig_gen/horizontal_counter/dc_bias[2]_i_7/O
                         net (fo=1, routed)           0.977     7.546    video_1/Inst_vga/vga_sig_gen/vertical_counter/dc_bias[1]_i_2_1
    SLICE_X158Y132       LUT6 (Prop_lut6_I5_O)        0.124     7.670 r  video_1/Inst_vga/vga_sig_gen/vertical_counter/dc_bias[2]_i_4/O
                         net (fo=5, routed)           1.031     8.701    video_1/Inst_vga/vga_sig_gen/vertical_counter/dc_bias[2]_i_4_n_0
    SLICE_X161Y136       LUT4 (Prop_lut4_I3_O)        0.152     8.853 f  video_1/Inst_vga/vga_sig_gen/vertical_counter/dc_bias[3]_i_7/O
                         net (fo=3, routed)           0.756     9.610    video_1/Inst_vga/vga_sig_gen/vertical_counter/dc_bias[3]_i_7_n_0
    SLICE_X160Y138       LUT5 (Prop_lut5_I4_O)        0.352     9.962 r  video_1/Inst_vga/vga_sig_gen/vertical_counter/dc_bias[3]_i_2__1/O
                         net (fo=3, routed)           0.837    10.799    video_1/inst_dvid/TDMS_encoder_red/dc_bias_reg[3]_0
    SLICE_X160Y137       LUT5 (Prop_lut5_I1_O)        0.354    11.153 r  video_1/inst_dvid/TDMS_encoder_red/dc_bias[3]_i_1__1/O
                         net (fo=1, routed)           0.000    11.153    video_1/inst_dvid/TDMS_encoder_red/dc_bias[3]_i_1__1_n_0
    SLICE_X160Y137       FDRE                                         r  video_1/inst_dvid/TDMS_encoder_red/dc_bias_reg[3]/D
  -------------------------------------------------------------------    -------------------

                         (clock clk_out1_clk_wiz_0 rise edge)
                                                     40.000    40.000 r  
    R4                   IBUF                         0.000    40.000 r  clk_IBUF_inst/O
                         net (fo=25, routed)          1.162    41.162    video_1/mmcm_adv_inst_display_clocks/inst/clk_in1
    MMCME2_ADV_X1Y2      MMCME2_ADV (Prop_mmcme2_adv_CLKIN1_CLKOUT0)
                                                     -7.674    33.488 r  video_1/mmcm_adv_inst_display_clocks/inst/mmcm_adv_inst/CLKOUT0
                         net (fo=1, routed)           1.723    35.211    video_1/mmcm_adv_inst_display_clocks/inst/clk_out1_clk_wiz_0
    BUFGCTRL_X0Y1        BUFG (Prop_bufg_I_O)         0.091    35.302 r  video_1/mmcm_adv_inst_display_clocks/inst/clkout1_buf/O
                         net (fo=63, routed)          1.709    37.012    video_1/inst_dvid/TDMS_encoder_red/CLK
    SLICE_X160Y137       FDRE                                         r  video_1/inst_dvid/TDMS_encoder_red/dc_bias_reg[3]/C
                         clock pessimism              0.497    37.509    
                         clock uncertainty           -0.095    37.415    
    SLICE_X160Y137       FDRE (Setup_fdre_C_D)        0.075    37.490    video_1/inst_dvid/TDMS_encoder_red/dc_bias_reg[3]
  -------------------------------------------------------------------
                         required time                         37.490    
                         arrival time                         -11.153    
  -------------------------------------------------------------------
                         slack                                 26.337    

Slack (MET) :             26.347ns  (required time - arrival time)
  Source:                 video_1/Inst_vga/vga_sig_gen/horizontal_counter/processQ_reg[3]/C
                            (rising edge-triggered cell FDRE clocked by clk_out1_clk_wiz_0  {rise@0.000ns fall@20.000ns period=40.000ns})
  Destination:            video_1/inst_dvid/TDMS_encoder_green/encoded_reg[0]/D
                            (rising edge-triggered cell FDRE clocked by clk_out1_clk_wiz_0  {rise@0.000ns fall@20.000ns period=40.000ns})
  Path Group:             clk_out1_clk_wiz_0
  Path Type:              Setup (Max at Slow Process Corner)
  Requirement:            40.000ns  (clk_out1_clk_wiz_0 rise@40.000ns - clk_out1_clk_wiz_0 rise@0.000ns)
  Data Path Delay:        13.557ns  (logic 5.013ns (36.978%)  route 8.544ns (63.022%))
  Logic Levels:           17  (CARRY4=5 LUT1=1 LUT3=4 LUT4=1 LUT5=3 LUT6=3)
  Clock Path Skew:        -0.031ns (DCD - SCD + CPR)
    Destination Clock Delay (DCD):    -2.989ns = ( 37.011 - 40.000 ) 
    Source Clock Delay      (SCD):    -2.475ns
    Clock Pessimism Removal (CPR):    0.483ns
  Clock Uncertainty:      0.095ns  ((TSJ^2 + DJ^2)^1/2) / 2 + PE
    Total System Jitter     (TSJ):    0.071ns
    Discrete Jitter          (DJ):    0.175ns
    Phase Error              (PE):    0.000ns

    Location             Delay type                Incr(ns)  Path(ns)    Netlist Resource(s)
  -------------------------------------------------------------------    -------------------
                         (clock clk_out1_clk_wiz_0 rise edge)
                                                      0.000     0.000 r  
    R4                   IBUF                         0.000     0.000 r  clk_IBUF_inst/O
                         net (fo=25, routed)          1.233     1.233    video_1/mmcm_adv_inst_display_clocks/inst/clk_in1
    MMCME2_ADV_X1Y2      MMCME2_ADV (Prop_mmcme2_adv_CLKIN1_CLKOUT0)
                                                     -7.432    -6.199 r  video_1/mmcm_adv_inst_display_clocks/inst/mmcm_adv_inst/CLKOUT0
                         net (fo=1, routed)           1.808    -4.390    video_1/mmcm_adv_inst_display_clocks/inst/clk_out1_clk_wiz_0
    BUFGCTRL_X0Y1        BUFG (Prop_bufg_I_O)         0.096    -4.294 r  video_1/mmcm_adv_inst_display_clocks/inst/clkout1_buf/O
                         net (fo=63, routed)          1.819    -2.475    video_1/Inst_vga/vga_sig_gen/horizontal_counter/CLK
    SLICE_X163Y129       FDRE                                         r  video_1/Inst_vga/vga_sig_gen/horizontal_counter/processQ_reg[3]/C
  -------------------------------------------------------------------    -------------------
    SLICE_X163Y129       FDRE (Prop_fdre_C_Q)         0.419    -2.056 f  video_1/Inst_vga/vga_sig_gen/horizontal_counter/processQ_reg[3]/Q
                         net (fo=57, routed)          1.517    -0.539    video_1/Inst_vga/vga_sig_gen/horizontal_counter/Q[3]
    SLICE_X163Y133       LUT3 (Prop_lut3_I1_O)        0.296    -0.243 r  video_1/Inst_vga/vga_sig_gen/horizontal_counter/is_vertical_gridline0__0_carry__1_i_8/O
                         net (fo=7, routed)           0.674     0.431    video_1/Inst_vga/vga_sig_gen/horizontal_counter/is_vertical_gridline0__0_carry__1_i_8_n_0
    SLICE_X161Y134       LUT5 (Prop_lut5_I4_O)        0.152     0.583 f  video_1/Inst_vga/vga_sig_gen/horizontal_counter/is_vertical_gridline0__0_carry__1_i_1/O
                         net (fo=9, routed)           0.499     1.082    video_1/Inst_vga/vga_sig_gen/horizontal_counter/processQ_reg[8]_2
    SLICE_X160Y133       LUT6 (Prop_lut6_I5_O)        0.332     1.414 r  video_1/Inst_vga/vga_sig_gen/horizontal_counter/is_vertical_gridline0__0_carry__0_i_1/O
                         net (fo=2, routed)           0.421     1.835    video_1/Inst_vga/vga_sig_gen/horizontal_counter/processQ_reg[8]_3[3]
    SLICE_X159Y133       LUT4 (Prop_lut4_I0_O)        0.124     1.959 r  video_1/Inst_vga/vga_sig_gen/horizontal_counter/is_vertical_gridline0__0_carry__0_i_5/O
                         net (fo=1, routed)           0.000     1.959    video_1/Inst_vga/color_mapper_1/is_vertical_gridline0__0_carry__1_2[3]
    SLICE_X159Y133       CARRY4 (Prop_carry4_S[3]_CO[3])
                                                      0.401     2.360 r  video_1/Inst_vga/color_mapper_1/is_vertical_gridline0__0_carry__0/CO[3]
                         net (fo=1, routed)           0.000     2.360    video_1/Inst_vga/color_mapper_1/is_vertical_gridline0__0_carry__0_n_0
    SLICE_X159Y134       CARRY4 (Prop_carry4_CI_O[1])
                                                      0.334     2.694 f  video_1/Inst_vga/color_mapper_1/is_vertical_gridline0__0_carry__1/O[1]
                         net (fo=8, routed)           0.455     3.149    video_1/Inst_vga/vga_sig_gen/horizontal_counter/O[1]
    SLICE_X157Y133       LUT1 (Prop_lut1_I0_O)        0.303     3.452 r  video_1/Inst_vga/vga_sig_gen/horizontal_counter/is_vertical_gridline0__26_carry_i_4/O
                         net (fo=1, routed)           0.000     3.452    video_1/Inst_vga/color_mapper_1/is_vertical_gridline0__46_carry_i_6_0[0]
    SLICE_X157Y133       CARRY4 (Prop_carry4_S[1]_O[3])
                                                      0.640     4.092 r  video_1/Inst_vga/color_mapper_1/is_vertical_gridline0__26_carry/O[3]
                         net (fo=1, routed)           0.602     4.693    video_1/Inst_vga/vga_sig_gen/horizontal_counter/is_vertical_gridline0__46_carry[3]
    SLICE_X158Y133       LUT3 (Prop_lut3_I2_O)        0.306     4.999 r  video_1/Inst_vga/vga_sig_gen/horizontal_counter/is_vertical_gridline0__46_carry_i_3/O
                         net (fo=1, routed)           0.000     4.999    video_1/Inst_vga/color_mapper_1/dc_bias[3]_i_17_0[3]
    SLICE_X158Y133       CARRY4 (Prop_carry4_S[3]_CO[3])
                                                      0.376     5.375 r  video_1/Inst_vga/color_mapper_1/is_vertical_gridline0__46_carry/CO[3]
                         net (fo=1, routed)           0.000     5.375    video_1/Inst_vga/color_mapper_1/is_vertical_gridline0__46_carry_n_0
    SLICE_X158Y134       CARRY4 (Prop_carry4_CI_O[0])
                                                      0.219     5.594 r  video_1/Inst_vga/color_mapper_1/is_vertical_gridline0__46_carry__0/O[0]
                         net (fo=1, routed)           0.599     6.193    video_1/Inst_vga/vga_sig_gen/horizontal_counter/dc_bias[3]_i_5[0]
    SLICE_X160Y133       LUT3 (Prop_lut3_I2_O)        0.295     6.488 r  video_1/Inst_vga/vga_sig_gen/horizontal_counter/dc_bias[3]_i_34/O
                         net (fo=1, routed)           0.650     7.137    video_1/Inst_vga/vga_sig_gen/horizontal_counter/dc_bias[3]_i_34_n_0
    SLICE_X160Y133       LUT6 (Prop_lut6_I1_O)        0.124     7.261 f  video_1/Inst_vga/vga_sig_gen/horizontal_counter/dc_bias[3]_i_17/O
                         net (fo=1, routed)           0.860     8.121    video_1/Inst_vga/vga_sig_gen/vertical_counter/dc_bias[2]_i_3_2
    SLICE_X162Y134       LUT5 (Prop_lut5_I4_O)        0.124     8.245 f  video_1/Inst_vga/vga_sig_gen/vertical_counter/dc_bias[3]_i_5/O
                         net (fo=6, routed)           0.793     9.038    video_1/Inst_vga/vga_sig_gen/vertical_counter/dc_bias[3]_i_5_n_0
    SLICE_X161Y136       LUT6 (Prop_lut6_I3_O)        0.124     9.162 r  video_1/Inst_vga/vga_sig_gen/vertical_counter/dc_bias[1]_i_2/O
                         net (fo=3, routed)           0.775     9.937    video_1/inst_dvid/TDMS_encoder_green/encoded_reg[0]_0
    SLICE_X158Y138       LUT5 (Prop_lut5_I0_O)        0.116    10.053 r  video_1/inst_dvid/TDMS_encoder_green/dc_bias[3]_i_2__0/O
                         net (fo=3, routed)           0.701    10.754    video_1/inst_dvid/TDMS_encoder_green/dc_bias[3]_i_2__0_n_0
    SLICE_X159Y138       LUT3 (Prop_lut3_I1_O)        0.328    11.082 r  video_1/inst_dvid/TDMS_encoder_green/encoded[0]_i_1__0/O
                         net (fo=1, routed)           0.000    11.082    video_1/inst_dvid/TDMS_encoder_green/encoded[0]_i_1__0_n_0
    SLICE_X159Y138       FDRE                                         r  video_1/inst_dvid/TDMS_encoder_green/encoded_reg[0]/D
  -------------------------------------------------------------------    -------------------

                         (clock clk_out1_clk_wiz_0 rise edge)
                                                     40.000    40.000 r  
    R4                   IBUF                         0.000    40.000 r  clk_IBUF_inst/O
                         net (fo=25, routed)          1.162    41.162    video_1/mmcm_adv_inst_display_clocks/inst/clk_in1
    MMCME2_ADV_X1Y2      MMCME2_ADV (Prop_mmcme2_adv_CLKIN1_CLKOUT0)
                                                     -7.674    33.488 r  video_1/mmcm_adv_inst_display_clocks/inst/mmcm_adv_inst/CLKOUT0
                         net (fo=1, routed)           1.723    35.211    video_1/mmcm_adv_inst_display_clocks/inst/clk_out1_clk_wiz_0
    BUFGCTRL_X0Y1        BUFG (Prop_bufg_I_O)         0.091    35.302 r  video_1/mmcm_adv_inst_display_clocks/inst/clkout1_buf/O
                         net (fo=63, routed)          1.708    37.011    video_1/inst_dvid/TDMS_encoder_green/CLK
    SLICE_X159Y138       FDRE                                         r  video_1/inst_dvid/TDMS_encoder_green/encoded_reg[0]/C
                         clock pessimism              0.483    37.494    
                         clock uncertainty           -0.095    37.400    
    SLICE_X159Y138       FDRE (Setup_fdre_C_D)        0.029    37.429    video_1/inst_dvid/TDMS_encoder_green/encoded_reg[0]
  -------------------------------------------------------------------
                         required time                         37.429    
                         arrival time                         -11.082    
  -------------------------------------------------------------------
                         slack                                 26.347    

Slack (MET) :             26.367ns  (required time - arrival time)
  Source:                 video_1/Inst_vga/vga_sig_gen/horizontal_counter/processQ_reg[3]/C
                            (rising edge-triggered cell FDRE clocked by clk_out1_clk_wiz_0  {rise@0.000ns fall@20.000ns period=40.000ns})
  Destination:            video_1/inst_dvid/TDMS_encoder_green/encoded_reg[2]/D
                            (rising edge-triggered cell FDRE clocked by clk_out1_clk_wiz_0  {rise@0.000ns fall@20.000ns period=40.000ns})
  Path Group:             clk_out1_clk_wiz_0
  Path Type:              Setup (Max at Slow Process Corner)
  Requirement:            40.000ns  (clk_out1_clk_wiz_0 rise@40.000ns - clk_out1_clk_wiz_0 rise@0.000ns)
  Data Path Delay:        13.583ns  (logic 5.039ns (37.098%)  route 8.544ns (62.902%))
  Logic Levels:           17  (CARRY4=5 LUT1=1 LUT3=4 LUT4=1 LUT5=3 LUT6=3)
  Clock Path Skew:        -0.031ns (DCD - SCD + CPR)
    Destination Clock Delay (DCD):    -2.989ns = ( 37.011 - 40.000 ) 
    Source Clock Delay      (SCD):    -2.475ns
    Clock Pessimism Removal (CPR):    0.483ns
  Clock Uncertainty:      0.095ns  ((TSJ^2 + DJ^2)^1/2) / 2 + PE
    Total System Jitter     (TSJ):    0.071ns
    Discrete Jitter          (DJ):    0.175ns
    Phase Error              (PE):    0.000ns

    Location             Delay type                Incr(ns)  Path(ns)    Netlist Resource(s)
  -------------------------------------------------------------------    -------------------
                         (clock clk_out1_clk_wiz_0 rise edge)
                                                      0.000     0.000 r  
    R4                   IBUF                         0.000     0.000 r  clk_IBUF_inst/O
                         net (fo=25, routed)          1.233     1.233    video_1/mmcm_adv_inst_display_clocks/inst/clk_in1
    MMCME2_ADV_X1Y2      MMCME2_ADV (Prop_mmcme2_adv_CLKIN1_CLKOUT0)
                                                     -7.432    -6.199 r  video_1/mmcm_adv_inst_display_clocks/inst/mmcm_adv_inst/CLKOUT0
                         net (fo=1, routed)           1.808    -4.390    video_1/mmcm_adv_inst_display_clocks/inst/clk_out1_clk_wiz_0
    BUFGCTRL_X0Y1        BUFG (Prop_bufg_I_O)         0.096    -4.294 r  video_1/mmcm_adv_inst_display_clocks/inst/clkout1_buf/O
                         net (fo=63, routed)          1.819    -2.475    video_1/Inst_vga/vga_sig_gen/horizontal_counter/CLK
    SLICE_X163Y129       FDRE                                         r  video_1/Inst_vga/vga_sig_gen/horizontal_counter/processQ_reg[3]/C
  -------------------------------------------------------------------    -------------------
    SLICE_X163Y129       FDRE (Prop_fdre_C_Q)         0.419    -2.056 f  video_1/Inst_vga/vga_sig_gen/horizontal_counter/processQ_reg[3]/Q
                         net (fo=57, routed)          1.517    -0.539    video_1/Inst_vga/vga_sig_gen/horizontal_counter/Q[3]
    SLICE_X163Y133       LUT3 (Prop_lut3_I1_O)        0.296    -0.243 r  video_1/Inst_vga/vga_sig_gen/horizontal_counter/is_vertical_gridline0__0_carry__1_i_8/O
                         net (fo=7, routed)           0.674     0.431    video_1/Inst_vga/vga_sig_gen/horizontal_counter/is_vertical_gridline0__0_carry__1_i_8_n_0
    SLICE_X161Y134       LUT5 (Prop_lut5_I4_O)        0.152     0.583 f  video_1/Inst_vga/vga_sig_gen/horizontal_counter/is_vertical_gridline0__0_carry__1_i_1/O
                         net (fo=9, routed)           0.499     1.082    video_1/Inst_vga/vga_sig_gen/horizontal_counter/processQ_reg[8]_2
    SLICE_X160Y133       LUT6 (Prop_lut6_I5_O)        0.332     1.414 r  video_1/Inst_vga/vga_sig_gen/horizontal_counter/is_vertical_gridline0__0_carry__0_i_1/O
                         net (fo=2, routed)           0.421     1.835    video_1/Inst_vga/vga_sig_gen/horizontal_counter/processQ_reg[8]_3[3]
    SLICE_X159Y133       LUT4 (Prop_lut4_I0_O)        0.124     1.959 r  video_1/Inst_vga/vga_sig_gen/horizontal_counter/is_vertical_gridline0__0_carry__0_i_5/O
                         net (fo=1, routed)           0.000     1.959    video_1/Inst_vga/color_mapper_1/is_vertical_gridline0__0_carry__1_2[3]
    SLICE_X159Y133       CARRY4 (Prop_carry4_S[3]_CO[3])
                                                      0.401     2.360 r  video_1/Inst_vga/color_mapper_1/is_vertical_gridline0__0_carry__0/CO[3]
                         net (fo=1, routed)           0.000     2.360    video_1/Inst_vga/color_mapper_1/is_vertical_gridline0__0_carry__0_n_0
    SLICE_X159Y134       CARRY4 (Prop_carry4_CI_O[1])
                                                      0.334     2.694 f  video_1/Inst_vga/color_mapper_1/is_vertical_gridline0__0_carry__1/O[1]
                         net (fo=8, routed)           0.455     3.149    video_1/Inst_vga/vga_sig_gen/horizontal_counter/O[1]
    SLICE_X157Y133       LUT1 (Prop_lut1_I0_O)        0.303     3.452 r  video_1/Inst_vga/vga_sig_gen/horizontal_counter/is_vertical_gridline0__26_carry_i_4/O
                         net (fo=1, routed)           0.000     3.452    video_1/Inst_vga/color_mapper_1/is_vertical_gridline0__46_carry_i_6_0[0]
    SLICE_X157Y133       CARRY4 (Prop_carry4_S[1]_O[3])
                                                      0.640     4.092 r  video_1/Inst_vga/color_mapper_1/is_vertical_gridline0__26_carry/O[3]
                         net (fo=1, routed)           0.602     4.693    video_1/Inst_vga/vga_sig_gen/horizontal_counter/is_vertical_gridline0__46_carry[3]
    SLICE_X158Y133       LUT3 (Prop_lut3_I2_O)        0.306     4.999 r  video_1/Inst_vga/vga_sig_gen/horizontal_counter/is_vertical_gridline0__46_carry_i_3/O
                         net (fo=1, routed)           0.000     4.999    video_1/Inst_vga/color_mapper_1/dc_bias[3]_i_17_0[3]
    SLICE_X158Y133       CARRY4 (Prop_carry4_S[3]_CO[3])
                                                      0.376     5.375 r  video_1/Inst_vga/color_mapper_1/is_vertical_gridline0__46_carry/CO[3]
                         net (fo=1, routed)           0.000     5.375    video_1/Inst_vga/color_mapper_1/is_vertical_gridline0__46_carry_n_0
    SLICE_X158Y134       CARRY4 (Prop_carry4_CI_O[0])
                                                      0.219     5.594 r  video_1/Inst_vga/color_mapper_1/is_vertical_gridline0__46_carry__0/O[0]
                         net (fo=1, routed)           0.599     6.193    video_1/Inst_vga/vga_sig_gen/horizontal_counter/dc_bias[3]_i_5[0]
    SLICE_X160Y133       LUT3 (Prop_lut3_I2_O)        0.295     6.488 r  video_1/Inst_vga/vga_sig_gen/horizontal_counter/dc_bias[3]_i_34/O
                         net (fo=1, routed)           0.650     7.137    video_1/Inst_vga/vga_sig_gen/horizontal_counter/dc_bias[3]_i_34_n_0
    SLICE_X160Y133       LUT6 (Prop_lut6_I1_O)        0.124     7.261 f  video_1/Inst_vga/vga_sig_gen/horizontal_counter/dc_bias[3]_i_17/O
                         net (fo=1, routed)           0.860     8.121    video_1/Inst_vga/vga_sig_gen/vertical_counter/dc_bias[2]_i_3_2
    SLICE_X162Y134       LUT5 (Prop_lut5_I4_O)        0.124     8.245 f  video_1/Inst_vga/vga_sig_gen/vertical_counter/dc_bias[3]_i_5/O
                         net (fo=6, routed)           0.793     9.038    video_1/Inst_vga/vga_sig_gen/vertical_counter/dc_bias[3]_i_5_n_0
    SLICE_X161Y136       LUT6 (Prop_lut6_I3_O)        0.124     9.162 r  video_1/Inst_vga/vga_sig_gen/vertical_counter/dc_bias[1]_i_2/O
                         net (fo=3, routed)           0.775     9.937    video_1/inst_dvid/TDMS_encoder_green/encoded_reg[0]_0
    SLICE_X158Y138       LUT5 (Prop_lut5_I0_O)        0.116    10.053 r  video_1/inst_dvid/TDMS_encoder_green/dc_bias[3]_i_2__0/O
                         net (fo=3, routed)           0.701    10.754    video_1/inst_dvid/TDMS_encoder_green/dc_bias[3]_i_2__0_n_0
    SLICE_X159Y138       LUT3 (Prop_lut3_I1_O)        0.354    11.108 r  video_1/inst_dvid/TDMS_encoder_green/encoded[2]_i_1__1/O
                         net (fo=1, routed)           0.000    11.108    video_1/inst_dvid/TDMS_encoder_green/encoded[2]_i_1__1_n_0
    SLICE_X159Y138       FDRE                                         r  video_1/inst_dvid/TDMS_encoder_green/encoded_reg[2]/D
  -------------------------------------------------------------------    -------------------

                         (clock clk_out1_clk_wiz_0 rise edge)
                                                     40.000    40.000 r  
    R4                   IBUF                         0.000    40.000 r  clk_IBUF_inst/O
                         net (fo=25, routed)          1.162    41.162    video_1/mmcm_adv_inst_display_clocks/inst/clk_in1
    MMCME2_ADV_X1Y2      MMCME2_ADV (Prop_mmcme2_adv_CLKIN1_CLKOUT0)
                                                     -7.674    33.488 r  video_1/mmcm_adv_inst_display_clocks/inst/mmcm_adv_inst/CLKOUT0
                         net (fo=1, routed)           1.723    35.211    video_1/mmcm_adv_inst_display_clocks/inst/clk_out1_clk_wiz_0
    BUFGCTRL_X0Y1        BUFG (Prop_bufg_I_O)         0.091    35.302 r  video_1/mmcm_adv_inst_display_clocks/inst/clkout1_buf/O
                         net (fo=63, routed)          1.708    37.011    video_1/inst_dvid/TDMS_encoder_green/CLK
    SLICE_X159Y138       FDRE                                         r  video_1/inst_dvid/TDMS_encoder_green/encoded_reg[2]/C
                         clock pessimism              0.483    37.494    
                         clock uncertainty           -0.095    37.400    
    SLICE_X159Y138       FDRE (Setup_fdre_C_D)        0.075    37.475    video_1/inst_dvid/TDMS_encoder_green/encoded_reg[2]
  -------------------------------------------------------------------
                         required time                         37.475    
                         arrival time                         -11.108    
  -------------------------------------------------------------------
                         slack                                 26.367    





Min Delay Paths
--------------------------------------------------------------------------------------
Slack (MET) :             0.167ns  (arrival time - required time)
  Source:                 video_1/inst_dvid/TDMS_encoder_green/encoded_reg[0]/C
                            (rising edge-triggered cell FDRE clocked by clk_out1_clk_wiz_0  {rise@0.000ns fall@20.000ns period=40.000ns})
  Destination:            video_1/inst_dvid/latched_green_reg[0]/D
                            (rising edge-triggered cell FDRE clocked by clk_out1_clk_wiz_0  {rise@0.000ns fall@20.000ns period=40.000ns})
  Path Group:             clk_out1_clk_wiz_0
  Path Type:              Hold (Min at Fast Process Corner)
  Requirement:            0.000ns  (clk_out1_clk_wiz_0 rise@0.000ns - clk_out1_clk_wiz_0 rise@0.000ns)
  Data Path Delay:        0.253ns  (logic 0.141ns (55.730%)  route 0.112ns (44.270%))
  Logic Levels:           0  
  Clock Path Skew:        0.016ns (DCD - SCD - CPR)
    Destination Clock Delay (DCD):    -1.327ns
    Source Clock Delay      (SCD):    -0.898ns
    Clock Pessimism Removal (CPR):    -0.445ns

    Location             Delay type                Incr(ns)  Path(ns)    Netlist Resource(s)
  -------------------------------------------------------------------    -------------------
                         (clock clk_out1_clk_wiz_0 rise edge)
                                                      0.000     0.000 r  
    R4                   IBUF                         0.000     0.000 r  clk_IBUF_inst/O
                         net (fo=25, routed)          0.440     0.440    video_1/mmcm_adv_inst_display_clocks/inst/clk_in1
    MMCME2_ADV_X1Y2      MMCME2_ADV (Prop_mmcme2_adv_CLKIN1_CLKOUT0)
                                                     -2.540    -2.099 r  video_1/mmcm_adv_inst_display_clocks/inst/mmcm_adv_inst/CLKOUT0
                         net (fo=1, routed)           0.531    -1.568    video_1/mmcm_adv_inst_display_clocks/inst/clk_out1_clk_wiz_0
    BUFGCTRL_X0Y1        BUFG (Prop_bufg_I_O)         0.026    -1.542 r  video_1/mmcm_adv_inst_display_clocks/inst/clkout1_buf/O
                         net (fo=63, routed)          0.645    -0.898    video_1/inst_dvid/TDMS_encoder_green/CLK
    SLICE_X159Y138       FDRE                                         r  video_1/inst_dvid/TDMS_encoder_green/encoded_reg[0]/C
  -------------------------------------------------------------------    -------------------
    SLICE_X159Y138       FDRE (Prop_fdre_C_Q)         0.141    -0.757 r  video_1/inst_dvid/TDMS_encoder_green/encoded_reg[0]/Q
                         net (fo=1, routed)           0.112    -0.645    video_1/inst_dvid/TDMS_encoder_green_n_3
    SLICE_X159Y139       FDRE                                         r  video_1/inst_dvid/latched_green_reg[0]/D
  -------------------------------------------------------------------    -------------------

                         (clock clk_out1_clk_wiz_0 rise edge)
                                                      0.000     0.000 r  
    R4                   IBUF                         0.000     0.000 r  clk_IBUF_inst/O
                         net (fo=25, routed)          0.480     0.480    video_1/mmcm_adv_inst_display_clocks/inst/clk_in1
    MMCME2_ADV_X1Y2      MMCME2_ADV (Prop_mmcme2_adv_CLKIN1_CLKOUT0)
                                                     -3.332    -2.852 r  video_1/mmcm_adv_inst_display_clocks/inst/mmcm_adv_inst/CLKOUT0
                         net (fo=1, routed)           0.579    -2.274    video_1/mmcm_adv_inst_display_clocks/inst/clk_out1_clk_wiz_0
    BUFGCTRL_X0Y1        BUFG (Prop_bufg_I_O)         0.029    -2.245 r  video_1/mmcm_adv_inst_display_clocks/inst/clkout1_buf/O
                         net (fo=63, routed)          0.918    -1.327    video_1/inst_dvid/CLK
    SLICE_X159Y139       FDRE                                         r  video_1/inst_dvid/latched_green_reg[0]/C
                         clock pessimism              0.445    -0.882    
    SLICE_X159Y139       FDRE (Hold_fdre_C_D)         0.070    -0.812    video_1/inst_dvid/latched_green_reg[0]
  -------------------------------------------------------------------
                         required time                          0.812    
                         arrival time                          -0.645    
  -------------------------------------------------------------------
                         slack                                  0.167    

Slack (MET) :             0.168ns  (arrival time - required time)
  Source:                 video_1/inst_dvid/TDMS_encoder_blue/encoded_reg[9]/C
                            (rising edge-triggered cell FDRE clocked by clk_out1_clk_wiz_0  {rise@0.000ns fall@20.000ns period=40.000ns})
  Destination:            video_1/inst_dvid/latched_blue_reg[9]/D
                            (rising edge-triggered cell FDRE clocked by clk_out1_clk_wiz_0  {rise@0.000ns fall@20.000ns period=40.000ns})
  Path Group:             clk_out1_clk_wiz_0
  Path Type:              Hold (Min at Fast Process Corner)
  Requirement:            0.000ns  (clk_out1_clk_wiz_0 rise@0.000ns - clk_out1_clk_wiz_0 rise@0.000ns)
  Data Path Delay:        0.253ns  (logic 0.141ns (55.769%)  route 0.112ns (44.231%))
  Logic Levels:           0  
  Clock Path Skew:        0.013ns (DCD - SCD - CPR)
    Destination Clock Delay (DCD):    -1.326ns
    Source Clock Delay      (SCD):    -0.897ns
    Clock Pessimism Removal (CPR):    -0.442ns

    Location             Delay type                Incr(ns)  Path(ns)    Netlist Resource(s)
  -------------------------------------------------------------------    -------------------
                         (clock clk_out1_clk_wiz_0 rise edge)
                                                      0.000     0.000 r  
    R4                   IBUF                         0.000     0.000 r  clk_IBUF_inst/O
                         net (fo=25, routed)          0.440     0.440    video_1/mmcm_adv_inst_display_clocks/inst/clk_in1
    MMCME2_ADV_X1Y2      MMCME2_ADV (Prop_mmcme2_adv_CLKIN1_CLKOUT0)
                                                     -2.540    -2.099 r  video_1/mmcm_adv_inst_display_clocks/inst/mmcm_adv_inst/CLKOUT0
                         net (fo=1, routed)           0.531    -1.568    video_1/mmcm_adv_inst_display_clocks/inst/clk_out1_clk_wiz_0
    BUFGCTRL_X0Y1        BUFG (Prop_bufg_I_O)         0.026    -1.542 r  video_1/mmcm_adv_inst_display_clocks/inst/clkout1_buf/O
                         net (fo=63, routed)          0.646    -0.897    video_1/inst_dvid/TDMS_encoder_blue/CLK
    SLICE_X160Y139       FDRE                                         r  video_1/inst_dvid/TDMS_encoder_blue/encoded_reg[9]/C
  -------------------------------------------------------------------    -------------------
    SLICE_X160Y139       FDRE (Prop_fdre_C_Q)         0.141    -0.756 r  video_1/inst_dvid/TDMS_encoder_blue/encoded_reg[9]/Q
                         net (fo=1, routed)           0.112    -0.644    video_1/inst_dvid/TDMS_encoder_blue_n_0
    SLICE_X161Y139       FDRE                                         r  video_1/inst_dvid/latched_blue_reg[9]/D
  -------------------------------------------------------------------    -------------------

                         (clock clk_out1_clk_wiz_0 rise edge)
                                                      0.000     0.000 r  
    R4                   IBUF                         0.000     0.000 r  clk_IBUF_inst/O
                         net (fo=25, routed)          0.480     0.480    video_1/mmcm_adv_inst_display_clocks/inst/clk_in1
    MMCME2_ADV_X1Y2      MMCME2_ADV (Prop_mmcme2_adv_CLKIN1_CLKOUT0)
                                                     -3.332    -2.852 r  video_1/mmcm_adv_inst_display_clocks/inst/mmcm_adv_inst/CLKOUT0
                         net (fo=1, routed)           0.579    -2.274    video_1/mmcm_adv_inst_display_clocks/inst/clk_out1_clk_wiz_0
    BUFGCTRL_X0Y1        BUFG (Prop_bufg_I_O)         0.029    -2.245 r  video_1/mmcm_adv_inst_display_clocks/inst/clkout1_buf/O
                         net (fo=63, routed)          0.919    -1.326    video_1/inst_dvid/CLK
    SLICE_X161Y139       FDRE                                         r  video_1/inst_dvid/latched_blue_reg[9]/C
                         clock pessimism              0.442    -0.884    
    SLICE_X161Y139       FDRE (Hold_fdre_C_D)         0.072    -0.812    video_1/inst_dvid/latched_blue_reg[9]
  -------------------------------------------------------------------
                         required time                          0.812    
                         arrival time                          -0.644    
  -------------------------------------------------------------------
                         slack                                  0.168    

Slack (MET) :             0.174ns  (arrival time - required time)
  Source:                 video_1/inst_dvid/TDMS_encoder_blue/encoded_reg[0]/C
                            (rising edge-triggered cell FDRE clocked by clk_out1_clk_wiz_0  {rise@0.000ns fall@20.000ns period=40.000ns})
  Destination:            video_1/inst_dvid/latched_blue_reg[0]/D
                            (rising edge-triggered cell FDRE clocked by clk_out1_clk_wiz_0  {rise@0.000ns fall@20.000ns period=40.000ns})
  Path Group:             clk_out1_clk_wiz_0
  Path Type:              Hold (Min at Fast Process Corner)
  Requirement:            0.000ns  (clk_out1_clk_wiz_0 rise@0.000ns - clk_out1_clk_wiz_0 rise@0.000ns)
  Data Path Delay:        0.257ns  (logic 0.141ns (54.895%)  route 0.116ns (45.105%))
  Logic Levels:           0  
  Clock Path Skew:        0.013ns (DCD - SCD - CPR)
    Destination Clock Delay (DCD):    -1.326ns
    Source Clock Delay      (SCD):    -0.897ns
    Clock Pessimism Removal (CPR):    -0.442ns

    Location             Delay type                Incr(ns)  Path(ns)    Netlist Resource(s)
  -------------------------------------------------------------------    -------------------
                         (clock clk_out1_clk_wiz_0 rise edge)
                                                      0.000     0.000 r  
    R4                   IBUF                         0.000     0.000 r  clk_IBUF_inst/O
                         net (fo=25, routed)          0.440     0.440    video_1/mmcm_adv_inst_display_clocks/inst/clk_in1
    MMCME2_ADV_X1Y2      MMCME2_ADV (Prop_mmcme2_adv_CLKIN1_CLKOUT0)
                                                     -2.540    -2.099 r  video_1/mmcm_adv_inst_display_clocks/inst/mmcm_adv_inst/CLKOUT0
                         net (fo=1, routed)           0.531    -1.568    video_1/mmcm_adv_inst_display_clocks/inst/clk_out1_clk_wiz_0
    BUFGCTRL_X0Y1        BUFG (Prop_bufg_I_O)         0.026    -1.542 r  video_1/mmcm_adv_inst_display_clocks/inst/clkout1_buf/O
                         net (fo=63, routed)          0.646    -0.897    video_1/inst_dvid/TDMS_encoder_blue/CLK
    SLICE_X160Y139       FDRE                                         r  video_1/inst_dvid/TDMS_encoder_blue/encoded_reg[0]/C
  -------------------------------------------------------------------    -------------------
    SLICE_X160Y139       FDRE (Prop_fdre_C_Q)         0.141    -0.756 r  video_1/inst_dvid/TDMS_encoder_blue/encoded_reg[0]/Q
                         net (fo=1, routed)           0.116    -0.640    video_1/inst_dvid/TDMS_encoder_blue_n_5
    SLICE_X161Y139       FDRE                                         r  video_1/inst_dvid/latched_blue_reg[0]/D
  -------------------------------------------------------------------    -------------------

                         (clock clk_out1_clk_wiz_0 rise edge)
                                                      0.000     0.000 r  
    R4                   IBUF                         0.000     0.000 r  clk_IBUF_inst/O
                         net (fo=25, routed)          0.480     0.480    video_1/mmcm_adv_inst_display_clocks/inst/clk_in1
    MMCME2_ADV_X1Y2      MMCME2_ADV (Prop_mmcme2_adv_CLKIN1_CLKOUT0)
                                                     -3.332    -2.852 r  video_1/mmcm_adv_inst_display_clocks/inst/mmcm_adv_inst/CLKOUT0
                         net (fo=1, routed)           0.579    -2.274    video_1/mmcm_adv_inst_display_clocks/inst/clk_out1_clk_wiz_0
    BUFGCTRL_X0Y1        BUFG (Prop_bufg_I_O)         0.029    -2.245 r  video_1/mmcm_adv_inst_display_clocks/inst/clkout1_buf/O
                         net (fo=63, routed)          0.919    -1.326    video_1/inst_dvid/CLK
    SLICE_X161Y139       FDRE                                         r  video_1/inst_dvid/latched_blue_reg[0]/C
                         clock pessimism              0.442    -0.884    
    SLICE_X161Y139       FDRE (Hold_fdre_C_D)         0.070    -0.814    video_1/inst_dvid/latched_blue_reg[0]
  -------------------------------------------------------------------
                         required time                          0.814    
                         arrival time                          -0.640    
  -------------------------------------------------------------------
                         slack                                  0.174    

Slack (MET) :             0.175ns  (arrival time - required time)
  Source:                 video_1/inst_dvid/TDMS_encoder_blue/encoded_reg[1]/C
                            (rising edge-triggered cell FDRE clocked by clk_out1_clk_wiz_0  {rise@0.000ns fall@20.000ns period=40.000ns})
  Destination:            video_1/inst_dvid/latched_blue_reg[1]/D
                            (rising edge-triggered cell FDRE clocked by clk_out1_clk_wiz_0  {rise@0.000ns fall@20.000ns period=40.000ns})
  Path Group:             clk_out1_clk_wiz_0
  Path Type:              Hold (Min at Fast Process Corner)
  Requirement:            0.000ns  (clk_out1_clk_wiz_0 rise@0.000ns - clk_out1_clk_wiz_0 rise@0.000ns)
  Data Path Delay:        0.262ns  (logic 0.141ns (53.727%)  route 0.121ns (46.273%))
  Logic Levels:           0  
  Clock Path Skew:        0.017ns (DCD - SCD - CPR)
    Destination Clock Delay (DCD):    -1.325ns
    Source Clock Delay      (SCD):    -0.897ns
    Clock Pessimism Removal (CPR):    -0.445ns

    Location             Delay type                Incr(ns)  Path(ns)    Netlist Resource(s)
  -------------------------------------------------------------------    -------------------
                         (clock clk_out1_clk_wiz_0 rise edge)
                                                      0.000     0.000 r  
    R4                   IBUF                         0.000     0.000 r  clk_IBUF_inst/O
                         net (fo=25, routed)          0.440     0.440    video_1/mmcm_adv_inst_display_clocks/inst/clk_in1
    MMCME2_ADV_X1Y2      MMCME2_ADV (Prop_mmcme2_adv_CLKIN1_CLKOUT0)
                                                     -2.540    -2.099 r  video_1/mmcm_adv_inst_display_clocks/inst/mmcm_adv_inst/CLKOUT0
                         net (fo=1, routed)           0.531    -1.568    video_1/mmcm_adv_inst_display_clocks/inst/clk_out1_clk_wiz_0
    BUFGCTRL_X0Y1        BUFG (Prop_bufg_I_O)         0.026    -1.542 r  video_1/mmcm_adv_inst_display_clocks/inst/clkout1_buf/O
                         net (fo=63, routed)          0.646    -0.897    video_1/inst_dvid/TDMS_encoder_blue/CLK
    SLICE_X160Y139       FDRE                                         r  video_1/inst_dvid/TDMS_encoder_blue/encoded_reg[1]/C
  -------------------------------------------------------------------    -------------------
    SLICE_X160Y139       FDRE (Prop_fdre_C_Q)         0.141    -0.756 r  video_1/inst_dvid/TDMS_encoder_blue/encoded_reg[1]/Q
                         net (fo=1, routed)           0.121    -0.634    video_1/inst_dvid/TDMS_encoder_blue_n_4
    SLICE_X160Y140       FDRE                                         r  video_1/inst_dvid/latched_blue_reg[1]/D
  -------------------------------------------------------------------    -------------------

                         (clock clk_out1_clk_wiz_0 rise edge)
                                                      0.000     0.000 r  
    R4                   IBUF                         0.000     0.000 r  clk_IBUF_inst/O
                         net (fo=25, routed)          0.480     0.480    video_1/mmcm_adv_inst_display_clocks/inst/clk_in1
    MMCME2_ADV_X1Y2      MMCME2_ADV (Prop_mmcme2_adv_CLKIN1_CLKOUT0)
                                                     -3.332    -2.852 r  video_1/mmcm_adv_inst_display_clocks/inst/mmcm_adv_inst/CLKOUT0
                         net (fo=1, routed)           0.579    -2.274    video_1/mmcm_adv_inst_display_clocks/inst/clk_out1_clk_wiz_0
    BUFGCTRL_X0Y1        BUFG (Prop_bufg_I_O)         0.029    -2.245 r  video_1/mmcm_adv_inst_display_clocks/inst/clkout1_buf/O
                         net (fo=63, routed)          0.920    -1.325    video_1/inst_dvid/CLK
    SLICE_X160Y140       FDRE                                         r  video_1/inst_dvid/latched_blue_reg[1]/C
                         clock pessimism              0.445    -0.880    
    SLICE_X160Y140       FDRE (Hold_fdre_C_D)         0.070    -0.810    video_1/inst_dvid/latched_blue_reg[1]
  -------------------------------------------------------------------
                         required time                          0.810    
                         arrival time                          -0.634    
  -------------------------------------------------------------------
                         slack                                  0.175    

Slack (MET) :             0.176ns  (arrival time - required time)
  Source:                 video_1/inst_dvid/TDMS_encoder_green/dc_bias_reg[3]/C
                            (rising edge-triggered cell FDRE clocked by clk_out1_clk_wiz_0  {rise@0.000ns fall@20.000ns period=40.000ns})
  Destination:            video_1/inst_dvid/TDMS_encoder_green/dc_bias_reg[2]/D
                            (rising edge-triggered cell FDRE clocked by clk_out1_clk_wiz_0  {rise@0.000ns fall@20.000ns period=40.000ns})
  Path Group:             clk_out1_clk_wiz_0
  Path Type:              Hold (Min at Fast Process Corner)
  Requirement:            0.000ns  (clk_out1_clk_wiz_0 rise@0.000ns - clk_out1_clk_wiz_0 rise@0.000ns)
  Data Path Delay:        0.313ns  (logic 0.186ns (59.403%)  route 0.127ns (40.597%))
  Logic Levels:           1  (LUT6=1)
  Clock Path Skew:        0.016ns (DCD - SCD - CPR)
    Destination Clock Delay (DCD):    -1.327ns
    Source Clock Delay      (SCD):    -0.898ns
    Clock Pessimism Removal (CPR):    -0.445ns

    Location             Delay type                Incr(ns)  Path(ns)    Netlist Resource(s)
  -------------------------------------------------------------------    -------------------
                         (clock clk_out1_clk_wiz_0 rise edge)
                                                      0.000     0.000 r  
    R4                   IBUF                         0.000     0.000 r  clk_IBUF_inst/O
                         net (fo=25, routed)          0.440     0.440    video_1/mmcm_adv_inst_display_clocks/inst/clk_in1
    MMCME2_ADV_X1Y2      MMCME2_ADV (Prop_mmcme2_adv_CLKIN1_CLKOUT0)
                                                     -2.540    -2.099 r  video_1/mmcm_adv_inst_display_clocks/inst/mmcm_adv_inst/CLKOUT0
                         net (fo=1, routed)           0.531    -1.568    video_1/mmcm_adv_inst_display_clocks/inst/clk_out1_clk_wiz_0
    BUFGCTRL_X0Y1        BUFG (Prop_bufg_I_O)         0.026    -1.542 r  video_1/mmcm_adv_inst_display_clocks/inst/clkout1_buf/O
                         net (fo=63, routed)          0.645    -0.898    video_1/inst_dvid/TDMS_encoder_green/CLK
    SLICE_X157Y138       FDRE                                         r  video_1/inst_dvid/TDMS_encoder_green/dc_bias_reg[3]/C
  -------------------------------------------------------------------    -------------------
    SLICE_X157Y138       FDRE (Prop_fdre_C_Q)         0.141    -0.757 r  video_1/inst_dvid/TDMS_encoder_green/dc_bias_reg[3]/Q
                         net (fo=8, routed)           0.127    -0.630    video_1/inst_dvid/TDMS_encoder_green/p_1_in
    SLICE_X158Y138       LUT6 (Prop_lut6_I2_O)        0.045    -0.585 r  video_1/inst_dvid/TDMS_encoder_green/dc_bias[2]_i_1__0/O
                         net (fo=1, routed)           0.000    -0.585    video_1/inst_dvid/TDMS_encoder_green/dc_bias[2]_i_1__0_n_0
    SLICE_X158Y138       FDRE                                         r  video_1/inst_dvid/TDMS_encoder_green/dc_bias_reg[2]/D
  -------------------------------------------------------------------    -------------------

                         (clock clk_out1_clk_wiz_0 rise edge)
                                                      0.000     0.000 r  
    R4                   IBUF                         0.000     0.000 r  clk_IBUF_inst/O
                         net (fo=25, routed)          0.480     0.480    video_1/mmcm_adv_inst_display_clocks/inst/clk_in1
    MMCME2_ADV_X1Y2      MMCME2_ADV (Prop_mmcme2_adv_CLKIN1_CLKOUT0)
                                                     -3.332    -2.852 r  video_1/mmcm_adv_inst_display_clocks/inst/mmcm_adv_inst/CLKOUT0
                         net (fo=1, routed)           0.579    -2.274    video_1/mmcm_adv_inst_display_clocks/inst/clk_out1_clk_wiz_0
    BUFGCTRL_X0Y1        BUFG (Prop_bufg_I_O)         0.029    -2.245 r  video_1/mmcm_adv_inst_display_clocks/inst/clkout1_buf/O
                         net (fo=63, routed)          0.918    -1.327    video_1/inst_dvid/TDMS_encoder_green/CLK
    SLICE_X158Y138       FDRE                                         r  video_1/inst_dvid/TDMS_encoder_green/dc_bias_reg[2]/C
                         clock pessimism              0.445    -0.882    
    SLICE_X158Y138       FDRE (Hold_fdre_C_D)         0.121    -0.761    video_1/inst_dvid/TDMS_encoder_green/dc_bias_reg[2]
  -------------------------------------------------------------------
                         required time                          0.761    
                         arrival time                          -0.585    
  -------------------------------------------------------------------
                         slack                                  0.176    

Slack (MET) :             0.177ns  (arrival time - required time)
  Source:                 video_1/inst_dvid/TDMS_encoder_blue/encoded_reg[8]/C
                            (rising edge-triggered cell FDRE clocked by clk_out1_clk_wiz_0  {rise@0.000ns fall@20.000ns period=40.000ns})
  Destination:            video_1/inst_dvid/latched_blue_reg[8]/D
                            (rising edge-triggered cell FDRE clocked by clk_out1_clk_wiz_0  {rise@0.000ns fall@20.000ns period=40.000ns})
  Path Group:             clk_out1_clk_wiz_0
  Path Type:              Hold (Min at Fast Process Corner)
  Requirement:            0.000ns  (clk_out1_clk_wiz_0 rise@0.000ns - clk_out1_clk_wiz_0 rise@0.000ns)
  Data Path Delay:        0.260ns  (logic 0.141ns (54.232%)  route 0.119ns (45.768%))
  Logic Levels:           0  
  Clock Path Skew:        0.013ns (DCD - SCD - CPR)
    Destination Clock Delay (DCD):    -1.326ns
    Source Clock Delay      (SCD):    -0.897ns
    Clock Pessimism Removal (CPR):    -0.442ns

    Location             Delay type                Incr(ns)  Path(ns)    Netlist Resource(s)
  -------------------------------------------------------------------    -------------------
                         (clock clk_out1_clk_wiz_0 rise edge)
                                                      0.000     0.000 r  
    R4                   IBUF                         0.000     0.000 r  clk_IBUF_inst/O
                         net (fo=25, routed)          0.440     0.440    video_1/mmcm_adv_inst_display_clocks/inst/clk_in1
    MMCME2_ADV_X1Y2      MMCME2_ADV (Prop_mmcme2_adv_CLKIN1_CLKOUT0)
                                                     -2.540    -2.099 r  video_1/mmcm_adv_inst_display_clocks/inst/mmcm_adv_inst/CLKOUT0
                         net (fo=1, routed)           0.531    -1.568    video_1/mmcm_adv_inst_display_clocks/inst/clk_out1_clk_wiz_0
    BUFGCTRL_X0Y1        BUFG (Prop_bufg_I_O)         0.026    -1.542 r  video_1/mmcm_adv_inst_display_clocks/inst/clkout1_buf/O
                         net (fo=63, routed)          0.646    -0.897    video_1/inst_dvid/TDMS_encoder_blue/CLK
    SLICE_X160Y139       FDRE                                         r  video_1/inst_dvid/TDMS_encoder_blue/encoded_reg[8]/C
  -------------------------------------------------------------------    -------------------
    SLICE_X160Y139       FDRE (Prop_fdre_C_Q)         0.141    -0.756 r  video_1/inst_dvid/TDMS_encoder_blue/encoded_reg[8]/Q
                         net (fo=1, routed)           0.119    -0.637    video_1/inst_dvid/TDMS_encoder_blue_n_1
    SLICE_X161Y139       FDRE                                         r  video_1/inst_dvid/latched_blue_reg[8]/D
  -------------------------------------------------------------------    -------------------

                         (clock clk_out1_clk_wiz_0 rise edge)
                                                      0.000     0.000 r  
    R4                   IBUF                         0.000     0.000 r  clk_IBUF_inst/O
                         net (fo=25, routed)          0.480     0.480    video_1/mmcm_adv_inst_display_clocks/inst/clk_in1
    MMCME2_ADV_X1Y2      MMCME2_ADV (Prop_mmcme2_adv_CLKIN1_CLKOUT0)
                                                     -3.332    -2.852 r  video_1/mmcm_adv_inst_display_clocks/inst/mmcm_adv_inst/CLKOUT0
                         net (fo=1, routed)           0.579    -2.274    video_1/mmcm_adv_inst_display_clocks/inst/clk_out1_clk_wiz_0
    BUFGCTRL_X0Y1        BUFG (Prop_bufg_I_O)         0.029    -2.245 r  video_1/mmcm_adv_inst_display_clocks/inst/clkout1_buf/O
                         net (fo=63, routed)          0.919    -1.326    video_1/inst_dvid/CLK
    SLICE_X161Y139       FDRE                                         r  video_1/inst_dvid/latched_blue_reg[8]/C
                         clock pessimism              0.442    -0.884    
    SLICE_X161Y139       FDRE (Hold_fdre_C_D)         0.070    -0.814    video_1/inst_dvid/latched_blue_reg[8]
  -------------------------------------------------------------------
                         required time                          0.814    
                         arrival time                          -0.637    
  -------------------------------------------------------------------
                         slack                                  0.177    

Slack (MET) :             0.186ns  (arrival time - required time)
  Source:                 video_1/inst_dvid/TDMS_encoder_red/encoded_reg[8]/C
                            (rising edge-triggered cell FDRE clocked by clk_out1_clk_wiz_0  {rise@0.000ns fall@20.000ns period=40.000ns})
  Destination:            video_1/inst_dvid/latched_red_reg[8]/D
                            (rising edge-triggered cell FDRE clocked by clk_out1_clk_wiz_0  {rise@0.000ns fall@20.000ns period=40.000ns})
  Path Group:             clk_out1_clk_wiz_0
  Path Type:              Hold (Min at Fast Process Corner)
  Requirement:            0.000ns  (clk_out1_clk_wiz_0 rise@0.000ns - clk_out1_clk_wiz_0 rise@0.000ns)
  Data Path Delay:        0.258ns  (logic 0.141ns (54.753%)  route 0.117ns (45.247%))
  Logic Levels:           0  
  Clock Path Skew:        0.000ns (DCD - SCD - CPR)
    Destination Clock Delay (DCD):    -1.329ns
    Source Clock Delay      (SCD):    -0.899ns
    Clock Pessimism Removal (CPR):    -0.430ns

    Location             Delay type                Incr(ns)  Path(ns)    Netlist Resource(s)
  -------------------------------------------------------------------    -------------------
                         (clock clk_out1_clk_wiz_0 rise edge)
                                                      0.000     0.000 r  
    R4                   IBUF                         0.000     0.000 r  clk_IBUF_inst/O
                         net (fo=25, routed)          0.440     0.440    video_1/mmcm_adv_inst_display_clocks/inst/clk_in1
    MMCME2_ADV_X1Y2      MMCME2_ADV (Prop_mmcme2_adv_CLKIN1_CLKOUT0)
                                                     -2.540    -2.099 r  video_1/mmcm_adv_inst_display_clocks/inst/mmcm_adv_inst/CLKOUT0
                         net (fo=1, routed)           0.531    -1.568    video_1/mmcm_adv_inst_display_clocks/inst/clk_out1_clk_wiz_0
    BUFGCTRL_X0Y1        BUFG (Prop_bufg_I_O)         0.026    -1.542 r  video_1/mmcm_adv_inst_display_clocks/inst/clkout1_buf/O
                         net (fo=63, routed)          0.644    -0.899    video_1/inst_dvid/TDMS_encoder_red/CLK
    SLICE_X160Y136       FDRE                                         r  video_1/inst_dvid/TDMS_encoder_red/encoded_reg[8]/C
  -------------------------------------------------------------------    -------------------
    SLICE_X160Y136       FDRE (Prop_fdre_C_Q)         0.141    -0.758 r  video_1/inst_dvid/TDMS_encoder_red/encoded_reg[8]/Q
                         net (fo=1, routed)           0.117    -0.641    video_1/inst_dvid/TDMS_encoder_red_n_1
    SLICE_X160Y136       FDRE                                         r  video_1/inst_dvid/latched_red_reg[8]/D
  -------------------------------------------------------------------    -------------------

                         (clock clk_out1_clk_wiz_0 rise edge)
                                                      0.000     0.000 r  
    R4                   IBUF                         0.000     0.000 r  clk_IBUF_inst/O
                         net (fo=25, routed)          0.480     0.480    video_1/mmcm_adv_inst_display_clocks/inst/clk_in1
    MMCME2_ADV_X1Y2      MMCME2_ADV (Prop_mmcme2_adv_CLKIN1_CLKOUT0)
                                                     -3.332    -2.852 r  video_1/mmcm_adv_inst_display_clocks/inst/mmcm_adv_inst/CLKOUT0
                         net (fo=1, routed)           0.579    -2.274    video_1/mmcm_adv_inst_display_clocks/inst/clk_out1_clk_wiz_0
    BUFGCTRL_X0Y1        BUFG (Prop_bufg_I_O)         0.029    -2.245 r  video_1/mmcm_adv_inst_display_clocks/inst/clkout1_buf/O
                         net (fo=63, routed)          0.916    -1.329    video_1/inst_dvid/CLK
    SLICE_X160Y136       FDRE                                         r  video_1/inst_dvid/latched_red_reg[8]/C
                         clock pessimism              0.430    -0.899    
    SLICE_X160Y136       FDRE (Hold_fdre_C_D)         0.072    -0.827    video_1/inst_dvid/latched_red_reg[8]
  -------------------------------------------------------------------
                         required time                          0.827    
                         arrival time                          -0.641    
  -------------------------------------------------------------------
                         slack                                  0.186    

Slack (MET) :             0.191ns  (arrival time - required time)
  Source:                 video_1/inst_dvid/TDMS_encoder_green/encoded_reg[8]/C
                            (rising edge-triggered cell FDRE clocked by clk_out1_clk_wiz_0  {rise@0.000ns fall@20.000ns period=40.000ns})
  Destination:            video_1/inst_dvid/latched_green_reg[8]/D
                            (rising edge-triggered cell FDRE clocked by clk_out1_clk_wiz_0  {rise@0.000ns fall@20.000ns period=40.000ns})
  Path Group:             clk_out1_clk_wiz_0
  Path Type:              Hold (Min at Fast Process Corner)
  Requirement:            0.000ns  (clk_out1_clk_wiz_0 rise@0.000ns - clk_out1_clk_wiz_0 rise@0.000ns)
  Data Path Delay:        0.257ns  (logic 0.141ns (54.828%)  route 0.116ns (45.172%))
  Logic Levels:           0  
  Clock Path Skew:        0.000ns (DCD - SCD - CPR)
    Destination Clock Delay (DCD):    -1.326ns
    Source Clock Delay      (SCD):    -0.897ns
    Clock Pessimism Removal (CPR):    -0.429ns

    Location             Delay type                Incr(ns)  Path(ns)    Netlist Resource(s)
  -------------------------------------------------------------------    -------------------
                         (clock clk_out1_clk_wiz_0 rise edge)
                                                      0.000     0.000 r  
    R4                   IBUF                         0.000     0.000 r  clk_IBUF_inst/O
                         net (fo=25, routed)          0.440     0.440    video_1/mmcm_adv_inst_display_clocks/inst/clk_in1
    MMCME2_ADV_X1Y2      MMCME2_ADV (Prop_mmcme2_adv_CLKIN1_CLKOUT0)
                                                     -2.540    -2.099 r  video_1/mmcm_adv_inst_display_clocks/inst/mmcm_adv_inst/CLKOUT0
                         net (fo=1, routed)           0.531    -1.568    video_1/mmcm_adv_inst_display_clocks/inst/clk_out1_clk_wiz_0
    BUFGCTRL_X0Y1        BUFG (Prop_bufg_I_O)         0.026    -1.542 r  video_1/mmcm_adv_inst_display_clocks/inst/clkout1_buf/O
                         net (fo=63, routed)          0.646    -0.897    video_1/inst_dvid/TDMS_encoder_green/CLK
    SLICE_X161Y138       FDRE                                         r  video_1/inst_dvid/TDMS_encoder_green/encoded_reg[8]/C
  -------------------------------------------------------------------    -------------------
    SLICE_X161Y138       FDRE (Prop_fdre_C_Q)         0.141    -0.756 r  video_1/inst_dvid/TDMS_encoder_green/encoded_reg[8]/Q
                         net (fo=1, routed)           0.116    -0.640    video_1/inst_dvid/TDMS_encoder_green_n_1
    SLICE_X161Y138       FDRE                                         r  video_1/inst_dvid/latched_green_reg[8]/D
  -------------------------------------------------------------------    -------------------

                         (clock clk_out1_clk_wiz_0 rise edge)
                                                      0.000     0.000 r  
    R4                   IBUF                         0.000     0.000 r  clk_IBUF_inst/O
                         net (fo=25, routed)          0.480     0.480    video_1/mmcm_adv_inst_display_clocks/inst/clk_in1
    MMCME2_ADV_X1Y2      MMCME2_ADV (Prop_mmcme2_adv_CLKIN1_CLKOUT0)
                                                     -3.332    -2.852 r  video_1/mmcm_adv_inst_display_clocks/inst/mmcm_adv_inst/CLKOUT0
                         net (fo=1, routed)           0.579    -2.274    video_1/mmcm_adv_inst_display_clocks/inst/clk_out1_clk_wiz_0
    BUFGCTRL_X0Y1        BUFG (Prop_bufg_I_O)         0.029    -2.245 r  video_1/mmcm_adv_inst_display_clocks/inst/clkout1_buf/O
                         net (fo=63, routed)          0.919    -1.326    video_1/inst_dvid/CLK
    SLICE_X161Y138       FDRE                                         r  video_1/inst_dvid/latched_green_reg[8]/C
                         clock pessimism              0.429    -0.897    
    SLICE_X161Y138       FDRE (Hold_fdre_C_D)         0.066    -0.831    video_1/inst_dvid/latched_green_reg[8]
  -------------------------------------------------------------------
                         required time                          0.831    
                         arrival time                          -0.640    
  -------------------------------------------------------------------
                         slack                                  0.191    

Slack (MET) :             0.213ns  (arrival time - required time)
  Source:                 video_1/inst_dvid/TDMS_encoder_blue/encoded_reg[4]/C
                            (rising edge-triggered cell FDRE clocked by clk_out1_clk_wiz_0  {rise@0.000ns fall@20.000ns period=40.000ns})
  Destination:            video_1/inst_dvid/latched_blue_reg[4]/D
                            (rising edge-triggered cell FDRE clocked by clk_out1_clk_wiz_0  {rise@0.000ns fall@20.000ns period=40.000ns})
  Path Group:             clk_out1_clk_wiz_0
  Path Type:              Hold (Min at Fast Process Corner)
  Requirement:            0.000ns  (clk_out1_clk_wiz_0 rise@0.000ns - clk_out1_clk_wiz_0 rise@0.000ns)
  Data Path Delay:        0.242ns  (logic 0.128ns (52.976%)  route 0.114ns (47.024%))
  Logic Levels:           0  
  Clock Path Skew:        0.017ns (DCD - SCD - CPR)
    Destination Clock Delay (DCD):    -1.325ns
    Source Clock Delay      (SCD):    -0.897ns
    Clock Pessimism Removal (CPR):    -0.445ns

    Location             Delay type                Incr(ns)  Path(ns)    Netlist Resource(s)
  -------------------------------------------------------------------    -------------------
                         (clock clk_out1_clk_wiz_0 rise edge)
                                                      0.000     0.000 r  
    R4                   IBUF                         0.000     0.000 r  clk_IBUF_inst/O
                         net (fo=25, routed)          0.440     0.440    video_1/mmcm_adv_inst_display_clocks/inst/clk_in1
    MMCME2_ADV_X1Y2      MMCME2_ADV (Prop_mmcme2_adv_CLKIN1_CLKOUT0)
                                                     -2.540    -2.099 r  video_1/mmcm_adv_inst_display_clocks/inst/mmcm_adv_inst/CLKOUT0
                         net (fo=1, routed)           0.531    -1.568    video_1/mmcm_adv_inst_display_clocks/inst/clk_out1_clk_wiz_0
    BUFGCTRL_X0Y1        BUFG (Prop_bufg_I_O)         0.026    -1.542 r  video_1/mmcm_adv_inst_display_clocks/inst/clkout1_buf/O
                         net (fo=63, routed)          0.646    -0.897    video_1/inst_dvid/TDMS_encoder_blue/CLK
    SLICE_X160Y139       FDRE                                         r  video_1/inst_dvid/TDMS_encoder_blue/encoded_reg[4]/C
  -------------------------------------------------------------------    -------------------
    SLICE_X160Y139       FDRE (Prop_fdre_C_Q)         0.128    -0.769 r  video_1/inst_dvid/TDMS_encoder_blue/encoded_reg[4]/Q
                         net (fo=1, routed)           0.114    -0.655    video_1/inst_dvid/TDMS_encoder_blue_n_2
    SLICE_X160Y140       FDRE                                         r  video_1/inst_dvid/latched_blue_reg[4]/D
  -------------------------------------------------------------------    -------------------

                         (clock clk_out1_clk_wiz_0 rise edge)
                                                      0.000     0.000 r  
    R4                   IBUF                         0.000     0.000 r  clk_IBUF_inst/O
                         net (fo=25, routed)          0.480     0.480    video_1/mmcm_adv_inst_display_clocks/inst/clk_in1
    MMCME2_ADV_X1Y2      MMCME2_ADV (Prop_mmcme2_adv_CLKIN1_CLKOUT0)
                                                     -3.332    -2.852 r  video_1/mmcm_adv_inst_display_clocks/inst/mmcm_adv_inst/CLKOUT0
                         net (fo=1, routed)           0.579    -2.274    video_1/mmcm_adv_inst_display_clocks/inst/clk_out1_clk_wiz_0
    BUFGCTRL_X0Y1        BUFG (Prop_bufg_I_O)         0.029    -2.245 r  video_1/mmcm_adv_inst_display_clocks/inst/clkout1_buf/O
                         net (fo=63, routed)          0.920    -1.325    video_1/inst_dvid/CLK
    SLICE_X160Y140       FDRE                                         r  video_1/inst_dvid/latched_blue_reg[4]/C
                         clock pessimism              0.445    -0.880    
    SLICE_X160Y140       FDRE (Hold_fdre_C_D)         0.012    -0.868    video_1/inst_dvid/latched_blue_reg[4]
  -------------------------------------------------------------------
                         required time                          0.868    
                         arrival time                          -0.655    
  -------------------------------------------------------------------
                         slack                                  0.213    

Slack (MET) :             0.223ns  (arrival time - required time)
  Source:                 video_1/Inst_vga/vga_sig_gen/horizontal_counter/processQ_reg[1]/C
                            (rising edge-triggered cell FDRE clocked by clk_out1_clk_wiz_0  {rise@0.000ns fall@20.000ns period=40.000ns})
  Destination:            video_1/Inst_vga/vga_sig_gen/horizontal_counter/processQ_reg[3]/D
                            (rising edge-triggered cell FDRE clocked by clk_out1_clk_wiz_0  {rise@0.000ns fall@20.000ns period=40.000ns})
  Path Group:             clk_out1_clk_wiz_0
  Path Type:              Hold (Min at Fast Process Corner)
  Requirement:            0.000ns  (clk_out1_clk_wiz_0 rise@0.000ns - clk_out1_clk_wiz_0 rise@0.000ns)
  Data Path Delay:        0.343ns  (logic 0.213ns (62.175%)  route 0.130ns (37.825%))
  Logic Levels:           1  (LUT4=1)
  Clock Path Skew:        0.013ns (DCD - SCD - CPR)
    Destination Clock Delay (DCD):    -1.335ns
    Source Clock Delay      (SCD):    -0.904ns
    Clock Pessimism Removal (CPR):    -0.444ns

    Location             Delay type                Incr(ns)  Path(ns)    Netlist Resource(s)
  -------------------------------------------------------------------    -------------------
                         (clock clk_out1_clk_wiz_0 rise edge)
                                                      0.000     0.000 r  
    R4                   IBUF                         0.000     0.000 r  clk_IBUF_inst/O
                         net (fo=25, routed)          0.440     0.440    video_1/mmcm_adv_inst_display_clocks/inst/clk_in1
    MMCME2_ADV_X1Y2      MMCME2_ADV (Prop_mmcme2_adv_CLKIN1_CLKOUT0)
                                                     -2.540    -2.099 r  video_1/mmcm_adv_inst_display_clocks/inst/mmcm_adv_inst/CLKOUT0
                         net (fo=1, routed)           0.531    -1.568    video_1/mmcm_adv_inst_display_clocks/inst/clk_out1_clk_wiz_0
    BUFGCTRL_X0Y1        BUFG (Prop_bufg_I_O)         0.026    -1.542 r  video_1/mmcm_adv_inst_display_clocks/inst/clkout1_buf/O
                         net (fo=63, routed)          0.639    -0.904    video_1/Inst_vga/vga_sig_gen/horizontal_counter/CLK
    SLICE_X162Y129       FDRE                                         r  video_1/Inst_vga/vga_sig_gen/horizontal_counter/processQ_reg[1]/C
  -------------------------------------------------------------------    -------------------
    SLICE_X162Y129       FDRE (Prop_fdre_C_Q)         0.164    -0.740 r  video_1/Inst_vga/vga_sig_gen/horizontal_counter/processQ_reg[1]/Q
                         net (fo=34, routed)          0.130    -0.610    video_1/Inst_vga/vga_sig_gen/horizontal_counter/Q[1]
    SLICE_X163Y129       LUT4 (Prop_lut4_I3_O)        0.049    -0.561 r  video_1/Inst_vga/vga_sig_gen/horizontal_counter/processQ[3]_i_1/O
                         net (fo=1, routed)           0.000    -0.561    video_1/Inst_vga/vga_sig_gen/horizontal_counter/plusOp[3]
    SLICE_X163Y129       FDRE                                         r  video_1/Inst_vga/vga_sig_gen/horizontal_counter/processQ_reg[3]/D
  -------------------------------------------------------------------    -------------------

                         (clock clk_out1_clk_wiz_0 rise edge)
                                                      0.000     0.000 r  
    R4                   IBUF                         0.000     0.000 r  clk_IBUF_inst/O
                         net (fo=25, routed)          0.480     0.480    video_1/mmcm_adv_inst_display_clocks/inst/clk_in1
    MMCME2_ADV_X1Y2      MMCME2_ADV (Prop_mmcme2_adv_CLKIN1_CLKOUT0)
                                                     -3.332    -2.852 r  video_1/mmcm_adv_inst_display_clocks/inst/mmcm_adv_inst/CLKOUT0
                         net (fo=1, routed)           0.579    -2.274    video_1/mmcm_adv_inst_display_clocks/inst/clk_out1_clk_wiz_0
    BUFGCTRL_X0Y1        BUFG (Prop_bufg_I_O)         0.029    -2.245 r  video_1/mmcm_adv_inst_display_clocks/inst/clkout1_buf/O
                         net (fo=63, routed)          0.910    -1.335    video_1/Inst_vga/vga_sig_gen/horizontal_counter/CLK
    SLICE_X163Y129       FDRE                                         r  video_1/Inst_vga/vga_sig_gen/horizontal_counter/processQ_reg[3]/C
                         clock pessimism              0.444    -0.891    
    SLICE_X163Y129       FDRE (Hold_fdre_C_D)         0.107    -0.784    video_1/Inst_vga/vga_sig_gen/horizontal_counter/processQ_reg[3]
  -------------------------------------------------------------------
                         required time                          0.784    
                         arrival time                          -0.561    
  -------------------------------------------------------------------
                         slack                                  0.223    





Pulse Width Checks
--------------------------------------------------------------------------------------
Clock Name:         clk_out1_clk_wiz_0
Waveform(ns):       { 0.000 20.000 }
Period(ns):         40.000
Sources:            { video_1/mmcm_adv_inst_display_clocks/inst/mmcm_adv_inst/CLKOUT0 }

Check Type        Corner  Lib Pin             Reference Pin  Required(ns)  Actual(ns)  Slack(ns)  Location         Pin
Min Period        n/a     BUFG/I              n/a            2.155         40.000      37.845     BUFGCTRL_X0Y1    video_1/mmcm_adv_inst_display_clocks/inst/clkout1_buf/I
Min Period        n/a     MMCME2_ADV/CLKOUT0  n/a            1.249         40.000      38.751     MMCME2_ADV_X1Y2  video_1/mmcm_adv_inst_display_clocks/inst/mmcm_adv_inst/CLKOUT0
Min Period        n/a     FDRE/C              n/a            1.000         40.000      39.000     SLICE_X160Y131   video_1/Inst_vga/vga_sig_gen/vga_reg[blank]/C
Min Period        n/a     FDRE/C              n/a            1.000         40.000      39.000     SLICE_X160Y134   video_1/Inst_vga/vga_sig_gen/vga_reg[hsync]/C
Min Period        n/a     FDRE/C              n/a            1.000         40.000      39.000     SLICE_X161Y134   video_1/Inst_vga/vga_sig_gen/vga_reg[vsync]/C
Min Period        n/a     FDRE/C              n/a            1.000         40.000      39.000     SLICE_X163Y129   video_1/Inst_vga/vga_sig_gen/horizontal_counter/processQ_reg[0]/C
Min Period        n/a     FDRE/C              n/a            1.000         40.000      39.000     SLICE_X162Y129   video_1/Inst_vga/vga_sig_gen/horizontal_counter/processQ_reg[1]/C
Min Period        n/a     FDRE/C              n/a            1.000         40.000      39.000     SLICE_X163Y129   video_1/Inst_vga/vga_sig_gen/horizontal_counter/processQ_reg[2]/C
Min Period        n/a     FDRE/C              n/a            1.000         40.000      39.000     SLICE_X163Y129   video_1/Inst_vga/vga_sig_gen/horizontal_counter/processQ_reg[3]/C
Min Period        n/a     FDRE/C              n/a            1.000         40.000      39.000     SLICE_X159Y130   video_1/Inst_vga/vga_sig_gen/horizontal_counter/processQ_reg[4]/C
Max Period        n/a     MMCME2_ADV/CLKOUT0  n/a            213.360       40.000      173.360    MMCME2_ADV_X1Y2  video_1/mmcm_adv_inst_display_clocks/inst/mmcm_adv_inst/CLKOUT0
Low Pulse Width   Slow    FDRE/C              n/a            0.500         20.000      19.500     SLICE_X160Y131   video_1/Inst_vga/vga_sig_gen/vga_reg[blank]/C
Low Pulse Width   Fast    FDRE/C              n/a            0.500         20.000      19.500     SLICE_X160Y131   video_1/Inst_vga/vga_sig_gen/vga_reg[blank]/C
Low Pulse Width   Slow    FDRE/C              n/a            0.500         20.000      19.500     SLICE_X160Y134   video_1/Inst_vga/vga_sig_gen/vga_reg[hsync]/C
Low Pulse Width   Fast    FDRE/C              n/a            0.500         20.000      19.500     SLICE_X160Y134   video_1/Inst_vga/vga_sig_gen/vga_reg[hsync]/C
Low Pulse Width   Slow    FDRE/C              n/a            0.500         20.000      19.500     SLICE_X161Y134   video_1/Inst_vga/vga_sig_gen/vga_reg[vsync]/C
Low Pulse Width   Fast    FDRE/C              n/a            0.500         20.000      19.500     SLICE_X161Y134   video_1/Inst_vga/vga_sig_gen/vga_reg[vsync]/C
Low Pulse Width   Slow    FDRE/C              n/a            0.500         20.000      19.500     SLICE_X163Y129   video_1/Inst_vga/vga_sig_gen/horizontal_counter/processQ_reg[0]/C
Low Pulse Width   Fast    FDRE/C              n/a            0.500         20.000      19.500     SLICE_X163Y129   video_1/Inst_vga/vga_sig_gen/horizontal_counter/processQ_reg[0]/C
Low Pulse Width   Slow    FDRE/C              n/a            0.500         20.000      19.500     SLICE_X162Y129   video_1/Inst_vga/vga_sig_gen/horizontal_counter/processQ_reg[1]/C
Low Pulse Width   Fast    FDRE/C              n/a            0.500         20.000      19.500     SLICE_X162Y129   video_1/Inst_vga/vga_sig_gen/horizontal_counter/processQ_reg[1]/C
High Pulse Width  Slow    FDRE/C              n/a            0.500         20.000      19.500     SLICE_X160Y131   video_1/Inst_vga/vga_sig_gen/vga_reg[blank]/C
High Pulse Width  Fast    FDRE/C              n/a            0.500         20.000      19.500     SLICE_X160Y131   video_1/Inst_vga/vga_sig_gen/vga_reg[blank]/C
High Pulse Width  Slow    FDRE/C              n/a            0.500         20.000      19.500     SLICE_X160Y134   video_1/Inst_vga/vga_sig_gen/vga_reg[hsync]/C
High Pulse Width  Fast    FDRE/C              n/a            0.500         20.000      19.500     SLICE_X160Y134   video_1/Inst_vga/vga_sig_gen/vga_reg[hsync]/C
High Pulse Width  Slow    FDRE/C              n/a            0.500         20.000      19.500     SLICE_X161Y134   video_1/Inst_vga/vga_sig_gen/vga_reg[vsync]/C
High Pulse Width  Fast    FDRE/C              n/a            0.500         20.000      19.500     SLICE_X161Y134   video_1/Inst_vga/vga_sig_gen/vga_reg[vsync]/C
High Pulse Width  Slow    FDRE/C              n/a            0.500         20.000      19.500     SLICE_X163Y129   video_1/Inst_vga/vga_sig_gen/horizontal_counter/processQ_reg[0]/C
High Pulse Width  Fast    FDRE/C              n/a            0.500         20.000      19.500     SLICE_X163Y129   video_1/Inst_vga/vga_sig_gen/horizontal_counter/processQ_reg[0]/C
High Pulse Width  Slow    FDRE/C              n/a            0.500         20.000      19.500     SLICE_X162Y129   video_1/Inst_vga/vga_sig_gen/horizontal_counter/processQ_reg[1]/C
High Pulse Width  Fast    FDRE/C              n/a            0.500         20.000      19.500     SLICE_X162Y129   video_1/Inst_vga/vga_sig_gen/horizontal_counter/processQ_reg[1]/C



---------------------------------------------------------------------------------------------------
From Clock:  clk_out2_clk_wiz_0
  To Clock:  clk_out2_clk_wiz_0

Setup :            0  Failing Endpoints,  Worst Slack        3.511ns,  Total Violation        0.000ns
Hold  :            0  Failing Endpoints,  Worst Slack        0.175ns,  Total Violation        0.000ns
PW    :            0  Failing Endpoints,  Worst Slack        3.500ns,  Total Violation        0.000ns
---------------------------------------------------------------------------------------------------


Max Delay Paths
--------------------------------------------------------------------------------------
Slack (MET) :             3.511ns  (required time - arrival time)
  Source:                 video_1/inst_dvid/shift_clock_reg[0]/C
                            (rising edge-triggered cell FDRE clocked by clk_out2_clk_wiz_0  {rise@0.000ns fall@4.000ns period=8.000ns})
  Destination:            video_1/inst_dvid/shift_red_reg[0]/S
                            (rising edge-triggered cell FDSE clocked by clk_out2_clk_wiz_0  {rise@0.000ns fall@4.000ns period=8.000ns})
  Path Group:             clk_out2_clk_wiz_0
  Path Type:              Setup (Max at Slow Process Corner)
  Requirement:            8.000ns  (clk_out2_clk_wiz_0 rise@8.000ns - clk_out2_clk_wiz_0 rise@0.000ns)
  Data Path Delay:        3.957ns  (logic 0.890ns (22.492%)  route 3.067ns (77.508%))
  Logic Levels:           3  (LUT2=1 LUT5=1 LUT6=1)
  Clock Path Skew:        -0.031ns (DCD - SCD + CPR)
    Destination Clock Delay (DCD):    -2.989ns = ( 5.011 - 8.000 ) 
    Source Clock Delay      (SCD):    -2.461ns
    Clock Pessimism Removal (CPR):    0.497ns
  Clock Uncertainty:      0.072ns  ((TSJ^2 + DJ^2)^1/2) / 2 + PE
    Total System Jitter     (TSJ):    0.071ns
    Discrete Jitter          (DJ):    0.125ns
    Phase Error              (PE):    0.000ns

    Location             Delay type                Incr(ns)  Path(ns)    Netlist Resource(s)
  -------------------------------------------------------------------    -------------------
                         (clock clk_out2_clk_wiz_0 rise edge)
                                                      0.000     0.000 r  
    R4                   IBUF                         0.000     0.000 r  clk_IBUF_inst/O
                         net (fo=25, routed)          1.233     1.233    video_1/mmcm_adv_inst_display_clocks/inst/clk_in1
    MMCME2_ADV_X1Y2      MMCME2_ADV (Prop_mmcme2_adv_CLKIN1_CLKOUT1)
                                                     -7.432    -6.199 r  video_1/mmcm_adv_inst_display_clocks/inst/mmcm_adv_inst/CLKOUT1
                         net (fo=1, routed)           1.808    -4.390    video_1/mmcm_adv_inst_display_clocks/inst/clk_out2_clk_wiz_0
    BUFGCTRL_X0Y0        BUFG (Prop_bufg_I_O)         0.096    -4.294 r  video_1/mmcm_adv_inst_display_clocks/inst/clkout2_buf/O
                         net (fo=44, routed)          1.833    -2.461    video_1/inst_dvid/clk_out2
    SLICE_X162Y148       FDRE                                         r  video_1/inst_dvid/shift_clock_reg[0]/C
  -------------------------------------------------------------------    -------------------
    SLICE_X162Y148       FDRE (Prop_fdre_C_Q)         0.518    -1.943 r  video_1/inst_dvid/shift_clock_reg[0]/Q
                         net (fo=3, routed)           0.678    -1.265    video_1/inst_dvid/shift_clock[0]
    SLICE_X163Y148       LUT6 (Prop_lut6_I5_O)        0.124    -1.141 f  video_1/inst_dvid/shift_red[9]_i_2/O
                         net (fo=1, routed)           0.425    -0.715    video_1/inst_dvid/shift_red[9]_i_2_n_0
    SLICE_X162Y148       LUT5 (Prop_lut5_I0_O)        0.124    -0.591 f  video_1/inst_dvid/shift_red[9]_i_1/O
                         net (fo=31, routed)          1.018     0.427    video_1/inst_dvid/shift_red[9]_i_1_n_0
    SLICE_X163Y136       LUT2 (Prop_lut2_I1_O)        0.124     0.551 r  video_1/inst_dvid/shift_red[7]_i_1/O
                         net (fo=5, routed)           0.945     1.496    video_1/inst_dvid/shift_red[7]_i_1_n_0
    SLICE_X163Y136       FDSE                                         r  video_1/inst_dvid/shift_red_reg[0]/S
  -------------------------------------------------------------------    -------------------

                         (clock clk_out2_clk_wiz_0 rise edge)
                                                      8.000     8.000 r  
    R4                   IBUF                         0.000     8.000 r  clk_IBUF_inst/O
                         net (fo=25, routed)          1.162     9.162    video_1/mmcm_adv_inst_display_clocks/inst/clk_in1
    MMCME2_ADV_X1Y2      MMCME2_ADV (Prop_mmcme2_adv_CLKIN1_CLKOUT1)
                                                     -7.674     1.488 r  video_1/mmcm_adv_inst_display_clocks/inst/mmcm_adv_inst/CLKOUT1
                         net (fo=1, routed)           1.723     3.211    video_1/mmcm_adv_inst_display_clocks/inst/clk_out2_clk_wiz_0
    BUFGCTRL_X0Y0        BUFG (Prop_bufg_I_O)         0.091     3.302 r  video_1/mmcm_adv_inst_display_clocks/inst/clkout2_buf/O
                         net (fo=44, routed)          1.708     5.011    video_1/inst_dvid/clk_out2
    SLICE_X163Y136       FDSE                                         r  video_1/inst_dvid/shift_red_reg[0]/C
                         clock pessimism              0.497     5.508    
                         clock uncertainty           -0.072     5.436    
    SLICE_X163Y136       FDSE (Setup_fdse_C_S)       -0.429     5.007    video_1/inst_dvid/shift_red_reg[0]
  -------------------------------------------------------------------
                         required time                          5.007    
                         arrival time                          -1.496    
  -------------------------------------------------------------------
                         slack                                  3.511    

Slack (MET) :             3.511ns  (required time - arrival time)
  Source:                 video_1/inst_dvid/shift_clock_reg[0]/C
                            (rising edge-triggered cell FDRE clocked by clk_out2_clk_wiz_0  {rise@0.000ns fall@4.000ns period=8.000ns})
  Destination:            video_1/inst_dvid/shift_red_reg[1]/S
                            (rising edge-triggered cell FDSE clocked by clk_out2_clk_wiz_0  {rise@0.000ns fall@4.000ns period=8.000ns})
  Path Group:             clk_out2_clk_wiz_0
  Path Type:              Setup (Max at Slow Process Corner)
  Requirement:            8.000ns  (clk_out2_clk_wiz_0 rise@8.000ns - clk_out2_clk_wiz_0 rise@0.000ns)
  Data Path Delay:        3.957ns  (logic 0.890ns (22.492%)  route 3.067ns (77.508%))
  Logic Levels:           3  (LUT2=1 LUT5=1 LUT6=1)
  Clock Path Skew:        -0.031ns (DCD - SCD + CPR)
    Destination Clock Delay (DCD):    -2.989ns = ( 5.011 - 8.000 ) 
    Source Clock Delay      (SCD):    -2.461ns
    Clock Pessimism Removal (CPR):    0.497ns
  Clock Uncertainty:      0.072ns  ((TSJ^2 + DJ^2)^1/2) / 2 + PE
    Total System Jitter     (TSJ):    0.071ns
    Discrete Jitter          (DJ):    0.125ns
    Phase Error              (PE):    0.000ns

    Location             Delay type                Incr(ns)  Path(ns)    Netlist Resource(s)
  -------------------------------------------------------------------    -------------------
                         (clock clk_out2_clk_wiz_0 rise edge)
                                                      0.000     0.000 r  
    R4                   IBUF                         0.000     0.000 r  clk_IBUF_inst/O
                         net (fo=25, routed)          1.233     1.233    video_1/mmcm_adv_inst_display_clocks/inst/clk_in1
    MMCME2_ADV_X1Y2      MMCME2_ADV (Prop_mmcme2_adv_CLKIN1_CLKOUT1)
                                                     -7.432    -6.199 r  video_1/mmcm_adv_inst_display_clocks/inst/mmcm_adv_inst/CLKOUT1
                         net (fo=1, routed)           1.808    -4.390    video_1/mmcm_adv_inst_display_clocks/inst/clk_out2_clk_wiz_0
    BUFGCTRL_X0Y0        BUFG (Prop_bufg_I_O)         0.096    -4.294 r  video_1/mmcm_adv_inst_display_clocks/inst/clkout2_buf/O
                         net (fo=44, routed)          1.833    -2.461    video_1/inst_dvid/clk_out2
    SLICE_X162Y148       FDRE                                         r  video_1/inst_dvid/shift_clock_reg[0]/C
  -------------------------------------------------------------------    -------------------
    SLICE_X162Y148       FDRE (Prop_fdre_C_Q)         0.518    -1.943 r  video_1/inst_dvid/shift_clock_reg[0]/Q
                         net (fo=3, routed)           0.678    -1.265    video_1/inst_dvid/shift_clock[0]
    SLICE_X163Y148       LUT6 (Prop_lut6_I5_O)        0.124    -1.141 f  video_1/inst_dvid/shift_red[9]_i_2/O
                         net (fo=1, routed)           0.425    -0.715    video_1/inst_dvid/shift_red[9]_i_2_n_0
    SLICE_X162Y148       LUT5 (Prop_lut5_I0_O)        0.124    -0.591 f  video_1/inst_dvid/shift_red[9]_i_1/O
                         net (fo=31, routed)          1.018     0.427    video_1/inst_dvid/shift_red[9]_i_1_n_0
    SLICE_X163Y136       LUT2 (Prop_lut2_I1_O)        0.124     0.551 r  video_1/inst_dvid/shift_red[7]_i_1/O
                         net (fo=5, routed)           0.945     1.496    video_1/inst_dvid/shift_red[7]_i_1_n_0
    SLICE_X163Y136       FDSE                                         r  video_1/inst_dvid/shift_red_reg[1]/S
  -------------------------------------------------------------------    -------------------

                         (clock clk_out2_clk_wiz_0 rise edge)
                                                      8.000     8.000 r  
    R4                   IBUF                         0.000     8.000 r  clk_IBUF_inst/O
                         net (fo=25, routed)          1.162     9.162    video_1/mmcm_adv_inst_display_clocks/inst/clk_in1
    MMCME2_ADV_X1Y2      MMCME2_ADV (Prop_mmcme2_adv_CLKIN1_CLKOUT1)
                                                     -7.674     1.488 r  video_1/mmcm_adv_inst_display_clocks/inst/mmcm_adv_inst/CLKOUT1
                         net (fo=1, routed)           1.723     3.211    video_1/mmcm_adv_inst_display_clocks/inst/clk_out2_clk_wiz_0
    BUFGCTRL_X0Y0        BUFG (Prop_bufg_I_O)         0.091     3.302 r  video_1/mmcm_adv_inst_display_clocks/inst/clkout2_buf/O
                         net (fo=44, routed)          1.708     5.011    video_1/inst_dvid/clk_out2
    SLICE_X163Y136       FDSE                                         r  video_1/inst_dvid/shift_red_reg[1]/C
                         clock pessimism              0.497     5.508    
                         clock uncertainty           -0.072     5.436    
    SLICE_X163Y136       FDSE (Setup_fdse_C_S)       -0.429     5.007    video_1/inst_dvid/shift_red_reg[1]
  -------------------------------------------------------------------
                         required time                          5.007    
                         arrival time                          -1.496    
  -------------------------------------------------------------------
                         slack                                  3.511    

Slack (MET) :             3.511ns  (required time - arrival time)
  Source:                 video_1/inst_dvid/shift_clock_reg[0]/C
                            (rising edge-triggered cell FDRE clocked by clk_out2_clk_wiz_0  {rise@0.000ns fall@4.000ns period=8.000ns})
  Destination:            video_1/inst_dvid/shift_red_reg[3]/S
                            (rising edge-triggered cell FDSE clocked by clk_out2_clk_wiz_0  {rise@0.000ns fall@4.000ns period=8.000ns})
  Path Group:             clk_out2_clk_wiz_0
  Path Type:              Setup (Max at Slow Process Corner)
  Requirement:            8.000ns  (clk_out2_clk_wiz_0 rise@8.000ns - clk_out2_clk_wiz_0 rise@0.000ns)
  Data Path Delay:        3.957ns  (logic 0.890ns (22.492%)  route 3.067ns (77.508%))
  Logic Levels:           3  (LUT2=1 LUT5=1 LUT6=1)
  Clock Path Skew:        -0.031ns (DCD - SCD + CPR)
    Destination Clock Delay (DCD):    -2.989ns = ( 5.011 - 8.000 ) 
    Source Clock Delay      (SCD):    -2.461ns
    Clock Pessimism Removal (CPR):    0.497ns
  Clock Uncertainty:      0.072ns  ((TSJ^2 + DJ^2)^1/2) / 2 + PE
    Total System Jitter     (TSJ):    0.071ns
    Discrete Jitter          (DJ):    0.125ns
    Phase Error              (PE):    0.000ns

    Location             Delay type                Incr(ns)  Path(ns)    Netlist Resource(s)
  -------------------------------------------------------------------    -------------------
                         (clock clk_out2_clk_wiz_0 rise edge)
                                                      0.000     0.000 r  
    R4                   IBUF                         0.000     0.000 r  clk_IBUF_inst/O
                         net (fo=25, routed)          1.233     1.233    video_1/mmcm_adv_inst_display_clocks/inst/clk_in1
    MMCME2_ADV_X1Y2      MMCME2_ADV (Prop_mmcme2_adv_CLKIN1_CLKOUT1)
                                                     -7.432    -6.199 r  video_1/mmcm_adv_inst_display_clocks/inst/mmcm_adv_inst/CLKOUT1
                         net (fo=1, routed)           1.808    -4.390    video_1/mmcm_adv_inst_display_clocks/inst/clk_out2_clk_wiz_0
    BUFGCTRL_X0Y0        BUFG (Prop_bufg_I_O)         0.096    -4.294 r  video_1/mmcm_adv_inst_display_clocks/inst/clkout2_buf/O
                         net (fo=44, routed)          1.833    -2.461    video_1/inst_dvid/clk_out2
    SLICE_X162Y148       FDRE                                         r  video_1/inst_dvid/shift_clock_reg[0]/C
  -------------------------------------------------------------------    -------------------
    SLICE_X162Y148       FDRE (Prop_fdre_C_Q)         0.518    -1.943 r  video_1/inst_dvid/shift_clock_reg[0]/Q
                         net (fo=3, routed)           0.678    -1.265    video_1/inst_dvid/shift_clock[0]
    SLICE_X163Y148       LUT6 (Prop_lut6_I5_O)        0.124    -1.141 f  video_1/inst_dvid/shift_red[9]_i_2/O
                         net (fo=1, routed)           0.425    -0.715    video_1/inst_dvid/shift_red[9]_i_2_n_0
    SLICE_X162Y148       LUT5 (Prop_lut5_I0_O)        0.124    -0.591 f  video_1/inst_dvid/shift_red[9]_i_1/O
                         net (fo=31, routed)          1.018     0.427    video_1/inst_dvid/shift_red[9]_i_1_n_0
    SLICE_X163Y136       LUT2 (Prop_lut2_I1_O)        0.124     0.551 r  video_1/inst_dvid/shift_red[7]_i_1/O
                         net (fo=5, routed)           0.945     1.496    video_1/inst_dvid/shift_red[7]_i_1_n_0
    SLICE_X163Y136       FDSE                                         r  video_1/inst_dvid/shift_red_reg[3]/S
  -------------------------------------------------------------------    -------------------

                         (clock clk_out2_clk_wiz_0 rise edge)
                                                      8.000     8.000 r  
    R4                   IBUF                         0.000     8.000 r  clk_IBUF_inst/O
                         net (fo=25, routed)          1.162     9.162    video_1/mmcm_adv_inst_display_clocks/inst/clk_in1
    MMCME2_ADV_X1Y2      MMCME2_ADV (Prop_mmcme2_adv_CLKIN1_CLKOUT1)
                                                     -7.674     1.488 r  video_1/mmcm_adv_inst_display_clocks/inst/mmcm_adv_inst/CLKOUT1
                         net (fo=1, routed)           1.723     3.211    video_1/mmcm_adv_inst_display_clocks/inst/clk_out2_clk_wiz_0
    BUFGCTRL_X0Y0        BUFG (Prop_bufg_I_O)         0.091     3.302 r  video_1/mmcm_adv_inst_display_clocks/inst/clkout2_buf/O
                         net (fo=44, routed)          1.708     5.011    video_1/inst_dvid/clk_out2
    SLICE_X163Y136       FDSE                                         r  video_1/inst_dvid/shift_red_reg[3]/C
                         clock pessimism              0.497     5.508    
                         clock uncertainty           -0.072     5.436    
    SLICE_X163Y136       FDSE (Setup_fdse_C_S)       -0.429     5.007    video_1/inst_dvid/shift_red_reg[3]
  -------------------------------------------------------------------
                         required time                          5.007    
                         arrival time                          -1.496    
  -------------------------------------------------------------------
                         slack                                  3.511    

Slack (MET) :             3.511ns  (required time - arrival time)
  Source:                 video_1/inst_dvid/shift_clock_reg[0]/C
                            (rising edge-triggered cell FDRE clocked by clk_out2_clk_wiz_0  {rise@0.000ns fall@4.000ns period=8.000ns})
  Destination:            video_1/inst_dvid/shift_red_reg[5]/S
                            (rising edge-triggered cell FDSE clocked by clk_out2_clk_wiz_0  {rise@0.000ns fall@4.000ns period=8.000ns})
  Path Group:             clk_out2_clk_wiz_0
  Path Type:              Setup (Max at Slow Process Corner)
  Requirement:            8.000ns  (clk_out2_clk_wiz_0 rise@8.000ns - clk_out2_clk_wiz_0 rise@0.000ns)
  Data Path Delay:        3.957ns  (logic 0.890ns (22.492%)  route 3.067ns (77.508%))
  Logic Levels:           3  (LUT2=1 LUT5=1 LUT6=1)
  Clock Path Skew:        -0.031ns (DCD - SCD + CPR)
    Destination Clock Delay (DCD):    -2.989ns = ( 5.011 - 8.000 ) 
    Source Clock Delay      (SCD):    -2.461ns
    Clock Pessimism Removal (CPR):    0.497ns
  Clock Uncertainty:      0.072ns  ((TSJ^2 + DJ^2)^1/2) / 2 + PE
    Total System Jitter     (TSJ):    0.071ns
    Discrete Jitter          (DJ):    0.125ns
    Phase Error              (PE):    0.000ns

    Location             Delay type                Incr(ns)  Path(ns)    Netlist Resource(s)
  -------------------------------------------------------------------    -------------------
                         (clock clk_out2_clk_wiz_0 rise edge)
                                                      0.000     0.000 r  
    R4                   IBUF                         0.000     0.000 r  clk_IBUF_inst/O
                         net (fo=25, routed)          1.233     1.233    video_1/mmcm_adv_inst_display_clocks/inst/clk_in1
    MMCME2_ADV_X1Y2      MMCME2_ADV (Prop_mmcme2_adv_CLKIN1_CLKOUT1)
                                                     -7.432    -6.199 r  video_1/mmcm_adv_inst_display_clocks/inst/mmcm_adv_inst/CLKOUT1
                         net (fo=1, routed)           1.808    -4.390    video_1/mmcm_adv_inst_display_clocks/inst/clk_out2_clk_wiz_0
    BUFGCTRL_X0Y0        BUFG (Prop_bufg_I_O)         0.096    -4.294 r  video_1/mmcm_adv_inst_display_clocks/inst/clkout2_buf/O
                         net (fo=44, routed)          1.833    -2.461    video_1/inst_dvid/clk_out2
    SLICE_X162Y148       FDRE                                         r  video_1/inst_dvid/shift_clock_reg[0]/C
  -------------------------------------------------------------------    -------------------
    SLICE_X162Y148       FDRE (Prop_fdre_C_Q)         0.518    -1.943 r  video_1/inst_dvid/shift_clock_reg[0]/Q
                         net (fo=3, routed)           0.678    -1.265    video_1/inst_dvid/shift_clock[0]
    SLICE_X163Y148       LUT6 (Prop_lut6_I5_O)        0.124    -1.141 f  video_1/inst_dvid/shift_red[9]_i_2/O
                         net (fo=1, routed)           0.425    -0.715    video_1/inst_dvid/shift_red[9]_i_2_n_0
    SLICE_X162Y148       LUT5 (Prop_lut5_I0_O)        0.124    -0.591 f  video_1/inst_dvid/shift_red[9]_i_1/O
                         net (fo=31, routed)          1.018     0.427    video_1/inst_dvid/shift_red[9]_i_1_n_0
    SLICE_X163Y136       LUT2 (Prop_lut2_I1_O)        0.124     0.551 r  video_1/inst_dvid/shift_red[7]_i_1/O
                         net (fo=5, routed)           0.945     1.496    video_1/inst_dvid/shift_red[7]_i_1_n_0
    SLICE_X163Y136       FDSE                                         r  video_1/inst_dvid/shift_red_reg[5]/S
  -------------------------------------------------------------------    -------------------

                         (clock clk_out2_clk_wiz_0 rise edge)
                                                      8.000     8.000 r  
    R4                   IBUF                         0.000     8.000 r  clk_IBUF_inst/O
                         net (fo=25, routed)          1.162     9.162    video_1/mmcm_adv_inst_display_clocks/inst/clk_in1
    MMCME2_ADV_X1Y2      MMCME2_ADV (Prop_mmcme2_adv_CLKIN1_CLKOUT1)
                                                     -7.674     1.488 r  video_1/mmcm_adv_inst_display_clocks/inst/mmcm_adv_inst/CLKOUT1
                         net (fo=1, routed)           1.723     3.211    video_1/mmcm_adv_inst_display_clocks/inst/clk_out2_clk_wiz_0
    BUFGCTRL_X0Y0        BUFG (Prop_bufg_I_O)         0.091     3.302 r  video_1/mmcm_adv_inst_display_clocks/inst/clkout2_buf/O
                         net (fo=44, routed)          1.708     5.011    video_1/inst_dvid/clk_out2
    SLICE_X163Y136       FDSE                                         r  video_1/inst_dvid/shift_red_reg[5]/C
                         clock pessimism              0.497     5.508    
                         clock uncertainty           -0.072     5.436    
    SLICE_X163Y136       FDSE (Setup_fdse_C_S)       -0.429     5.007    video_1/inst_dvid/shift_red_reg[5]
  -------------------------------------------------------------------
                         required time                          5.007    
                         arrival time                          -1.496    
  -------------------------------------------------------------------
                         slack                                  3.511    

Slack (MET) :             3.511ns  (required time - arrival time)
  Source:                 video_1/inst_dvid/shift_clock_reg[0]/C
                            (rising edge-triggered cell FDRE clocked by clk_out2_clk_wiz_0  {rise@0.000ns fall@4.000ns period=8.000ns})
  Destination:            video_1/inst_dvid/shift_red_reg[7]/S
                            (rising edge-triggered cell FDSE clocked by clk_out2_clk_wiz_0  {rise@0.000ns fall@4.000ns period=8.000ns})
  Path Group:             clk_out2_clk_wiz_0
  Path Type:              Setup (Max at Slow Process Corner)
  Requirement:            8.000ns  (clk_out2_clk_wiz_0 rise@8.000ns - clk_out2_clk_wiz_0 rise@0.000ns)
  Data Path Delay:        3.957ns  (logic 0.890ns (22.492%)  route 3.067ns (77.508%))
  Logic Levels:           3  (LUT2=1 LUT5=1 LUT6=1)
  Clock Path Skew:        -0.031ns (DCD - SCD + CPR)
    Destination Clock Delay (DCD):    -2.989ns = ( 5.011 - 8.000 ) 
    Source Clock Delay      (SCD):    -2.461ns
    Clock Pessimism Removal (CPR):    0.497ns
  Clock Uncertainty:      0.072ns  ((TSJ^2 + DJ^2)^1/2) / 2 + PE
    Total System Jitter     (TSJ):    0.071ns
    Discrete Jitter          (DJ):    0.125ns
    Phase Error              (PE):    0.000ns

    Location             Delay type                Incr(ns)  Path(ns)    Netlist Resource(s)
  -------------------------------------------------------------------    -------------------
                         (clock clk_out2_clk_wiz_0 rise edge)
                                                      0.000     0.000 r  
    R4                   IBUF                         0.000     0.000 r  clk_IBUF_inst/O
                         net (fo=25, routed)          1.233     1.233    video_1/mmcm_adv_inst_display_clocks/inst/clk_in1
    MMCME2_ADV_X1Y2      MMCME2_ADV (Prop_mmcme2_adv_CLKIN1_CLKOUT1)
                                                     -7.432    -6.199 r  video_1/mmcm_adv_inst_display_clocks/inst/mmcm_adv_inst/CLKOUT1
                         net (fo=1, routed)           1.808    -4.390    video_1/mmcm_adv_inst_display_clocks/inst/clk_out2_clk_wiz_0
    BUFGCTRL_X0Y0        BUFG (Prop_bufg_I_O)         0.096    -4.294 r  video_1/mmcm_adv_inst_display_clocks/inst/clkout2_buf/O
                         net (fo=44, routed)          1.833    -2.461    video_1/inst_dvid/clk_out2
    SLICE_X162Y148       FDRE                                         r  video_1/inst_dvid/shift_clock_reg[0]/C
  -------------------------------------------------------------------    -------------------
    SLICE_X162Y148       FDRE (Prop_fdre_C_Q)         0.518    -1.943 r  video_1/inst_dvid/shift_clock_reg[0]/Q
                         net (fo=3, routed)           0.678    -1.265    video_1/inst_dvid/shift_clock[0]
    SLICE_X163Y148       LUT6 (Prop_lut6_I5_O)        0.124    -1.141 f  video_1/inst_dvid/shift_red[9]_i_2/O
                         net (fo=1, routed)           0.425    -0.715    video_1/inst_dvid/shift_red[9]_i_2_n_0
    SLICE_X162Y148       LUT5 (Prop_lut5_I0_O)        0.124    -0.591 f  video_1/inst_dvid/shift_red[9]_i_1/O
                         net (fo=31, routed)          1.018     0.427    video_1/inst_dvid/shift_red[9]_i_1_n_0
    SLICE_X163Y136       LUT2 (Prop_lut2_I1_O)        0.124     0.551 r  video_1/inst_dvid/shift_red[7]_i_1/O
                         net (fo=5, routed)           0.945     1.496    video_1/inst_dvid/shift_red[7]_i_1_n_0
    SLICE_X163Y136       FDSE                                         r  video_1/inst_dvid/shift_red_reg[7]/S
  -------------------------------------------------------------------    -------------------

                         (clock clk_out2_clk_wiz_0 rise edge)
                                                      8.000     8.000 r  
    R4                   IBUF                         0.000     8.000 r  clk_IBUF_inst/O
                         net (fo=25, routed)          1.162     9.162    video_1/mmcm_adv_inst_display_clocks/inst/clk_in1
    MMCME2_ADV_X1Y2      MMCME2_ADV (Prop_mmcme2_adv_CLKIN1_CLKOUT1)
                                                     -7.674     1.488 r  video_1/mmcm_adv_inst_display_clocks/inst/mmcm_adv_inst/CLKOUT1
                         net (fo=1, routed)           1.723     3.211    video_1/mmcm_adv_inst_display_clocks/inst/clk_out2_clk_wiz_0
    BUFGCTRL_X0Y0        BUFG (Prop_bufg_I_O)         0.091     3.302 r  video_1/mmcm_adv_inst_display_clocks/inst/clkout2_buf/O
                         net (fo=44, routed)          1.708     5.011    video_1/inst_dvid/clk_out2
    SLICE_X163Y136       FDSE                                         r  video_1/inst_dvid/shift_red_reg[7]/C
                         clock pessimism              0.497     5.508    
                         clock uncertainty           -0.072     5.436    
    SLICE_X163Y136       FDSE (Setup_fdse_C_S)       -0.429     5.007    video_1/inst_dvid/shift_red_reg[7]
  -------------------------------------------------------------------
                         required time                          5.007    
                         arrival time                          -1.496    
  -------------------------------------------------------------------
                         slack                                  3.511    

Slack (MET) :             4.519ns  (required time - arrival time)
  Source:                 video_1/inst_dvid/shift_clock_reg[0]/C
                            (rising edge-triggered cell FDRE clocked by clk_out2_clk_wiz_0  {rise@0.000ns fall@4.000ns period=8.000ns})
  Destination:            video_1/inst_dvid/shift_red_reg[8]/R
                            (rising edge-triggered cell FDRE clocked by clk_out2_clk_wiz_0  {rise@0.000ns fall@4.000ns period=8.000ns})
  Path Group:             clk_out2_clk_wiz_0
  Path Type:              Setup (Max at Slow Process Corner)
  Requirement:            8.000ns  (clk_out2_clk_wiz_0 rise@8.000ns - clk_out2_clk_wiz_0 rise@0.000ns)
  Data Path Delay:        2.950ns  (logic 0.766ns (25.970%)  route 2.184ns (74.030%))
  Logic Levels:           2  (LUT5=1 LUT6=1)
  Clock Path Skew:        -0.031ns (DCD - SCD + CPR)
    Destination Clock Delay (DCD):    -2.989ns = ( 5.011 - 8.000 ) 
    Source Clock Delay      (SCD):    -2.461ns
    Clock Pessimism Removal (CPR):    0.497ns
  Clock Uncertainty:      0.072ns  ((TSJ^2 + DJ^2)^1/2) / 2 + PE
    Total System Jitter     (TSJ):    0.071ns
    Discrete Jitter          (DJ):    0.125ns
    Phase Error              (PE):    0.000ns

    Location             Delay type                Incr(ns)  Path(ns)    Netlist Resource(s)
  -------------------------------------------------------------------    -------------------
                         (clock clk_out2_clk_wiz_0 rise edge)
                                                      0.000     0.000 r  
    R4                   IBUF                         0.000     0.000 r  clk_IBUF_inst/O
                         net (fo=25, routed)          1.233     1.233    video_1/mmcm_adv_inst_display_clocks/inst/clk_in1
    MMCME2_ADV_X1Y2      MMCME2_ADV (Prop_mmcme2_adv_CLKIN1_CLKOUT1)
                                                     -7.432    -6.199 r  video_1/mmcm_adv_inst_display_clocks/inst/mmcm_adv_inst/CLKOUT1
                         net (fo=1, routed)           1.808    -4.390    video_1/mmcm_adv_inst_display_clocks/inst/clk_out2_clk_wiz_0
    BUFGCTRL_X0Y0        BUFG (Prop_bufg_I_O)         0.096    -4.294 r  video_1/mmcm_adv_inst_display_clocks/inst/clkout2_buf/O
                         net (fo=44, routed)          1.833    -2.461    video_1/inst_dvid/clk_out2
    SLICE_X162Y148       FDRE                                         r  video_1/inst_dvid/shift_clock_reg[0]/C
  -------------------------------------------------------------------    -------------------
    SLICE_X162Y148       FDRE (Prop_fdre_C_Q)         0.518    -1.943 f  video_1/inst_dvid/shift_clock_reg[0]/Q
                         net (fo=3, routed)           0.678    -1.265    video_1/inst_dvid/shift_clock[0]
    SLICE_X163Y148       LUT6 (Prop_lut6_I5_O)        0.124    -1.141 r  video_1/inst_dvid/shift_red[9]_i_2/O
                         net (fo=1, routed)           0.425    -0.715    video_1/inst_dvid/shift_red[9]_i_2_n_0
    SLICE_X162Y148       LUT5 (Prop_lut5_I0_O)        0.124    -0.591 r  video_1/inst_dvid/shift_red[9]_i_1/O
                         net (fo=31, routed)          1.080     0.489    video_1/inst_dvid/shift_red[9]_i_1_n_0
    SLICE_X161Y136       FDRE                                         r  video_1/inst_dvid/shift_red_reg[8]/R
  -------------------------------------------------------------------    -------------------

                         (clock clk_out2_clk_wiz_0 rise edge)
                                                      8.000     8.000 r  
    R4                   IBUF                         0.000     8.000 r  clk_IBUF_inst/O
                         net (fo=25, routed)          1.162     9.162    video_1/mmcm_adv_inst_display_clocks/inst/clk_in1
    MMCME2_ADV_X1Y2      MMCME2_ADV (Prop_mmcme2_adv_CLKIN1_CLKOUT1)
                                                     -7.674     1.488 r  video_1/mmcm_adv_inst_display_clocks/inst/mmcm_adv_inst/CLKOUT1
                         net (fo=1, routed)           1.723     3.211    video_1/mmcm_adv_inst_display_clocks/inst/clk_out2_clk_wiz_0
    BUFGCTRL_X0Y0        BUFG (Prop_bufg_I_O)         0.091     3.302 r  video_1/mmcm_adv_inst_display_clocks/inst/clkout2_buf/O
                         net (fo=44, routed)          1.708     5.011    video_1/inst_dvid/clk_out2
    SLICE_X161Y136       FDRE                                         r  video_1/inst_dvid/shift_red_reg[8]/C
                         clock pessimism              0.497     5.508    
                         clock uncertainty           -0.072     5.436    
    SLICE_X161Y136       FDRE (Setup_fdre_C_R)       -0.429     5.007    video_1/inst_dvid/shift_red_reg[8]
  -------------------------------------------------------------------
                         required time                          5.007    
                         arrival time                          -0.489    
  -------------------------------------------------------------------
                         slack                                  4.519    

Slack (MET) :             4.519ns  (required time - arrival time)
  Source:                 video_1/inst_dvid/shift_clock_reg[0]/C
                            (rising edge-triggered cell FDRE clocked by clk_out2_clk_wiz_0  {rise@0.000ns fall@4.000ns period=8.000ns})
  Destination:            video_1/inst_dvid/shift_red_reg[9]/R
                            (rising edge-triggered cell FDRE clocked by clk_out2_clk_wiz_0  {rise@0.000ns fall@4.000ns period=8.000ns})
  Path Group:             clk_out2_clk_wiz_0
  Path Type:              Setup (Max at Slow Process Corner)
  Requirement:            8.000ns  (clk_out2_clk_wiz_0 rise@8.000ns - clk_out2_clk_wiz_0 rise@0.000ns)
  Data Path Delay:        2.950ns  (logic 0.766ns (25.970%)  route 2.184ns (74.030%))
  Logic Levels:           2  (LUT5=1 LUT6=1)
  Clock Path Skew:        -0.031ns (DCD - SCD + CPR)
    Destination Clock Delay (DCD):    -2.989ns = ( 5.011 - 8.000 ) 
    Source Clock Delay      (SCD):    -2.461ns
    Clock Pessimism Removal (CPR):    0.497ns
  Clock Uncertainty:      0.072ns  ((TSJ^2 + DJ^2)^1/2) / 2 + PE
    Total System Jitter     (TSJ):    0.071ns
    Discrete Jitter          (DJ):    0.125ns
    Phase Error              (PE):    0.000ns

    Location             Delay type                Incr(ns)  Path(ns)    Netlist Resource(s)
  -------------------------------------------------------------------    -------------------
                         (clock clk_out2_clk_wiz_0 rise edge)
                                                      0.000     0.000 r  
    R4                   IBUF                         0.000     0.000 r  clk_IBUF_inst/O
                         net (fo=25, routed)          1.233     1.233    video_1/mmcm_adv_inst_display_clocks/inst/clk_in1
    MMCME2_ADV_X1Y2      MMCME2_ADV (Prop_mmcme2_adv_CLKIN1_CLKOUT1)
                                                     -7.432    -6.199 r  video_1/mmcm_adv_inst_display_clocks/inst/mmcm_adv_inst/CLKOUT1
                         net (fo=1, routed)           1.808    -4.390    video_1/mmcm_adv_inst_display_clocks/inst/clk_out2_clk_wiz_0
    BUFGCTRL_X0Y0        BUFG (Prop_bufg_I_O)         0.096    -4.294 r  video_1/mmcm_adv_inst_display_clocks/inst/clkout2_buf/O
                         net (fo=44, routed)          1.833    -2.461    video_1/inst_dvid/clk_out2
    SLICE_X162Y148       FDRE                                         r  video_1/inst_dvid/shift_clock_reg[0]/C
  -------------------------------------------------------------------    -------------------
    SLICE_X162Y148       FDRE (Prop_fdre_C_Q)         0.518    -1.943 f  video_1/inst_dvid/shift_clock_reg[0]/Q
                         net (fo=3, routed)           0.678    -1.265    video_1/inst_dvid/shift_clock[0]
    SLICE_X163Y148       LUT6 (Prop_lut6_I5_O)        0.124    -1.141 r  video_1/inst_dvid/shift_red[9]_i_2/O
                         net (fo=1, routed)           0.425    -0.715    video_1/inst_dvid/shift_red[9]_i_2_n_0
    SLICE_X162Y148       LUT5 (Prop_lut5_I0_O)        0.124    -0.591 r  video_1/inst_dvid/shift_red[9]_i_1/O
                         net (fo=31, routed)          1.080     0.489    video_1/inst_dvid/shift_red[9]_i_1_n_0
    SLICE_X161Y136       FDRE                                         r  video_1/inst_dvid/shift_red_reg[9]/R
  -------------------------------------------------------------------    -------------------

                         (clock clk_out2_clk_wiz_0 rise edge)
                                                      8.000     8.000 r  
    R4                   IBUF                         0.000     8.000 r  clk_IBUF_inst/O
                         net (fo=25, routed)          1.162     9.162    video_1/mmcm_adv_inst_display_clocks/inst/clk_in1
    MMCME2_ADV_X1Y2      MMCME2_ADV (Prop_mmcme2_adv_CLKIN1_CLKOUT1)
                                                     -7.674     1.488 r  video_1/mmcm_adv_inst_display_clocks/inst/mmcm_adv_inst/CLKOUT1
                         net (fo=1, routed)           1.723     3.211    video_1/mmcm_adv_inst_display_clocks/inst/clk_out2_clk_wiz_0
    BUFGCTRL_X0Y0        BUFG (Prop_bufg_I_O)         0.091     3.302 r  video_1/mmcm_adv_inst_display_clocks/inst/clkout2_buf/O
                         net (fo=44, routed)          1.708     5.011    video_1/inst_dvid/clk_out2
    SLICE_X161Y136       FDRE                                         r  video_1/inst_dvid/shift_red_reg[9]/C
                         clock pessimism              0.497     5.508    
                         clock uncertainty           -0.072     5.436    
    SLICE_X161Y136       FDRE (Setup_fdre_C_R)       -0.429     5.007    video_1/inst_dvid/shift_red_reg[9]
  -------------------------------------------------------------------
                         required time                          5.007    
                         arrival time                          -0.489    
  -------------------------------------------------------------------
                         slack                                  4.519    

Slack (MET) :             4.603ns  (required time - arrival time)
  Source:                 video_1/inst_dvid/shift_clock_reg[0]/C
                            (rising edge-triggered cell FDRE clocked by clk_out2_clk_wiz_0  {rise@0.000ns fall@4.000ns period=8.000ns})
  Destination:            video_1/inst_dvid/shift_green_reg[8]/R
                            (rising edge-triggered cell FDRE clocked by clk_out2_clk_wiz_0  {rise@0.000ns fall@4.000ns period=8.000ns})
  Path Group:             clk_out2_clk_wiz_0
  Path Type:              Setup (Max at Slow Process Corner)
  Requirement:            8.000ns  (clk_out2_clk_wiz_0 rise@8.000ns - clk_out2_clk_wiz_0 rise@0.000ns)
  Data Path Delay:        2.772ns  (logic 0.766ns (27.630%)  route 2.006ns (72.370%))
  Logic Levels:           2  (LUT5=1 LUT6=1)
  Clock Path Skew:        -0.029ns (DCD - SCD + CPR)
    Destination Clock Delay (DCD):    -2.987ns = ( 5.013 - 8.000 ) 
    Source Clock Delay      (SCD):    -2.461ns
    Clock Pessimism Removal (CPR):    0.497ns
  Clock Uncertainty:      0.072ns  ((TSJ^2 + DJ^2)^1/2) / 2 + PE
    Total System Jitter     (TSJ):    0.071ns
    Discrete Jitter          (DJ):    0.125ns
    Phase Error              (PE):    0.000ns

    Location             Delay type                Incr(ns)  Path(ns)    Netlist Resource(s)
  -------------------------------------------------------------------    -------------------
                         (clock clk_out2_clk_wiz_0 rise edge)
                                                      0.000     0.000 r  
    R4                   IBUF                         0.000     0.000 r  clk_IBUF_inst/O
                         net (fo=25, routed)          1.233     1.233    video_1/mmcm_adv_inst_display_clocks/inst/clk_in1
    MMCME2_ADV_X1Y2      MMCME2_ADV (Prop_mmcme2_adv_CLKIN1_CLKOUT1)
                                                     -7.432    -6.199 r  video_1/mmcm_adv_inst_display_clocks/inst/mmcm_adv_inst/CLKOUT1
                         net (fo=1, routed)           1.808    -4.390    video_1/mmcm_adv_inst_display_clocks/inst/clk_out2_clk_wiz_0
    BUFGCTRL_X0Y0        BUFG (Prop_bufg_I_O)         0.096    -4.294 r  video_1/mmcm_adv_inst_display_clocks/inst/clkout2_buf/O
                         net (fo=44, routed)          1.833    -2.461    video_1/inst_dvid/clk_out2
    SLICE_X162Y148       FDRE                                         r  video_1/inst_dvid/shift_clock_reg[0]/C
  -------------------------------------------------------------------    -------------------
    SLICE_X162Y148       FDRE (Prop_fdre_C_Q)         0.518    -1.943 f  video_1/inst_dvid/shift_clock_reg[0]/Q
                         net (fo=3, routed)           0.678    -1.265    video_1/inst_dvid/shift_clock[0]
    SLICE_X163Y148       LUT6 (Prop_lut6_I5_O)        0.124    -1.141 r  video_1/inst_dvid/shift_red[9]_i_2/O
                         net (fo=1, routed)           0.425    -0.715    video_1/inst_dvid/shift_red[9]_i_2_n_0
    SLICE_X162Y148       LUT5 (Prop_lut5_I0_O)        0.124    -0.591 r  video_1/inst_dvid/shift_red[9]_i_1/O
                         net (fo=31, routed)          0.903     0.311    video_1/inst_dvid/shift_red[9]_i_1_n_0
    SLICE_X162Y138       FDRE                                         r  video_1/inst_dvid/shift_green_reg[8]/R
  -------------------------------------------------------------------    -------------------

                         (clock clk_out2_clk_wiz_0 rise edge)
                                                      8.000     8.000 r  
    R4                   IBUF                         0.000     8.000 r  clk_IBUF_inst/O
                         net (fo=25, routed)          1.162     9.162    video_1/mmcm_adv_inst_display_clocks/inst/clk_in1
    MMCME2_ADV_X1Y2      MMCME2_ADV (Prop_mmcme2_adv_CLKIN1_CLKOUT1)
                                                     -7.674     1.488 r  video_1/mmcm_adv_inst_display_clocks/inst/mmcm_adv_inst/CLKOUT1
                         net (fo=1, routed)           1.723     3.211    video_1/mmcm_adv_inst_display_clocks/inst/clk_out2_clk_wiz_0
    BUFGCTRL_X0Y0        BUFG (Prop_bufg_I_O)         0.091     3.302 r  video_1/mmcm_adv_inst_display_clocks/inst/clkout2_buf/O
                         net (fo=44, routed)          1.710     5.013    video_1/inst_dvid/clk_out2
    SLICE_X162Y138       FDRE                                         r  video_1/inst_dvid/shift_green_reg[8]/C
                         clock pessimism              0.497     5.510    
                         clock uncertainty           -0.072     5.438    
    SLICE_X162Y138       FDRE (Setup_fdre_C_R)       -0.524     4.914    video_1/inst_dvid/shift_green_reg[8]
  -------------------------------------------------------------------
                         required time                          4.914    
                         arrival time                          -0.311    
  -------------------------------------------------------------------
                         slack                                  4.603    

Slack (MET) :             4.603ns  (required time - arrival time)
  Source:                 video_1/inst_dvid/shift_clock_reg[0]/C
                            (rising edge-triggered cell FDRE clocked by clk_out2_clk_wiz_0  {rise@0.000ns fall@4.000ns period=8.000ns})
  Destination:            video_1/inst_dvid/shift_green_reg[9]/R
                            (rising edge-triggered cell FDRE clocked by clk_out2_clk_wiz_0  {rise@0.000ns fall@4.000ns period=8.000ns})
  Path Group:             clk_out2_clk_wiz_0
  Path Type:              Setup (Max at Slow Process Corner)
  Requirement:            8.000ns  (clk_out2_clk_wiz_0 rise@8.000ns - clk_out2_clk_wiz_0 rise@0.000ns)
  Data Path Delay:        2.772ns  (logic 0.766ns (27.630%)  route 2.006ns (72.370%))
  Logic Levels:           2  (LUT5=1 LUT6=1)
  Clock Path Skew:        -0.029ns (DCD - SCD + CPR)
    Destination Clock Delay (DCD):    -2.987ns = ( 5.013 - 8.000 ) 
    Source Clock Delay      (SCD):    -2.461ns
    Clock Pessimism Removal (CPR):    0.497ns
  Clock Uncertainty:      0.072ns  ((TSJ^2 + DJ^2)^1/2) / 2 + PE
    Total System Jitter     (TSJ):    0.071ns
    Discrete Jitter          (DJ):    0.125ns
    Phase Error              (PE):    0.000ns

    Location             Delay type                Incr(ns)  Path(ns)    Netlist Resource(s)
  -------------------------------------------------------------------    -------------------
                         (clock clk_out2_clk_wiz_0 rise edge)
                                                      0.000     0.000 r  
    R4                   IBUF                         0.000     0.000 r  clk_IBUF_inst/O
                         net (fo=25, routed)          1.233     1.233    video_1/mmcm_adv_inst_display_clocks/inst/clk_in1
    MMCME2_ADV_X1Y2      MMCME2_ADV (Prop_mmcme2_adv_CLKIN1_CLKOUT1)
                                                     -7.432    -6.199 r  video_1/mmcm_adv_inst_display_clocks/inst/mmcm_adv_inst/CLKOUT1
                         net (fo=1, routed)           1.808    -4.390    video_1/mmcm_adv_inst_display_clocks/inst/clk_out2_clk_wiz_0
    BUFGCTRL_X0Y0        BUFG (Prop_bufg_I_O)         0.096    -4.294 r  video_1/mmcm_adv_inst_display_clocks/inst/clkout2_buf/O
                         net (fo=44, routed)          1.833    -2.461    video_1/inst_dvid/clk_out2
    SLICE_X162Y148       FDRE                                         r  video_1/inst_dvid/shift_clock_reg[0]/C
  -------------------------------------------------------------------    -------------------
    SLICE_X162Y148       FDRE (Prop_fdre_C_Q)         0.518    -1.943 f  video_1/inst_dvid/shift_clock_reg[0]/Q
                         net (fo=3, routed)           0.678    -1.265    video_1/inst_dvid/shift_clock[0]
    SLICE_X163Y148       LUT6 (Prop_lut6_I5_O)        0.124    -1.141 r  video_1/inst_dvid/shift_red[9]_i_2/O
                         net (fo=1, routed)           0.425    -0.715    video_1/inst_dvid/shift_red[9]_i_2_n_0
    SLICE_X162Y148       LUT5 (Prop_lut5_I0_O)        0.124    -0.591 r  video_1/inst_dvid/shift_red[9]_i_1/O
                         net (fo=31, routed)          0.903     0.311    video_1/inst_dvid/shift_red[9]_i_1_n_0
    SLICE_X162Y138       FDRE                                         r  video_1/inst_dvid/shift_green_reg[9]/R
  -------------------------------------------------------------------    -------------------

                         (clock clk_out2_clk_wiz_0 rise edge)
                                                      8.000     8.000 r  
    R4                   IBUF                         0.000     8.000 r  clk_IBUF_inst/O
                         net (fo=25, routed)          1.162     9.162    video_1/mmcm_adv_inst_display_clocks/inst/clk_in1
    MMCME2_ADV_X1Y2      MMCME2_ADV (Prop_mmcme2_adv_CLKIN1_CLKOUT1)
                                                     -7.674     1.488 r  video_1/mmcm_adv_inst_display_clocks/inst/mmcm_adv_inst/CLKOUT1
                         net (fo=1, routed)           1.723     3.211    video_1/mmcm_adv_inst_display_clocks/inst/clk_out2_clk_wiz_0
    BUFGCTRL_X0Y0        BUFG (Prop_bufg_I_O)         0.091     3.302 r  video_1/mmcm_adv_inst_display_clocks/inst/clkout2_buf/O
                         net (fo=44, routed)          1.710     5.013    video_1/inst_dvid/clk_out2
    SLICE_X162Y138       FDRE                                         r  video_1/inst_dvid/shift_green_reg[9]/C
                         clock pessimism              0.497     5.510    
                         clock uncertainty           -0.072     5.438    
    SLICE_X162Y138       FDRE (Setup_fdre_C_R)       -0.524     4.914    video_1/inst_dvid/shift_green_reg[9]
  -------------------------------------------------------------------
                         required time                          4.914    
                         arrival time                          -0.311    
  -------------------------------------------------------------------
                         slack                                  4.603    

Slack (MET) :             4.731ns  (required time - arrival time)
  Source:                 video_1/inst_dvid/shift_clock_reg[0]/C
                            (rising edge-triggered cell FDRE clocked by clk_out2_clk_wiz_0  {rise@0.000ns fall@4.000ns period=8.000ns})
  Destination:            video_1/inst_dvid/shift_red_reg[2]/D
                            (rising edge-triggered cell FDRE clocked by clk_out2_clk_wiz_0  {rise@0.000ns fall@4.000ns period=8.000ns})
  Path Group:             clk_out2_clk_wiz_0
  Path Type:              Setup (Max at Slow Process Corner)
  Requirement:            8.000ns  (clk_out2_clk_wiz_0 rise@8.000ns - clk_out2_clk_wiz_0 rise@0.000ns)
  Data Path Delay:        3.243ns  (logic 0.890ns (27.443%)  route 2.353ns (72.557%))
  Logic Levels:           3  (LUT3=1 LUT5=1 LUT6=1)
  Clock Path Skew:        -0.031ns (DCD - SCD + CPR)
    Destination Clock Delay (DCD):    -2.989ns = ( 5.011 - 8.000 ) 
    Source Clock Delay      (SCD):    -2.461ns
    Clock Pessimism Removal (CPR):    0.497ns
  Clock Uncertainty:      0.072ns  ((TSJ^2 + DJ^2)^1/2) / 2 + PE
    Total System Jitter     (TSJ):    0.071ns
    Discrete Jitter          (DJ):    0.125ns
    Phase Error              (PE):    0.000ns

    Location             Delay type                Incr(ns)  Path(ns)    Netlist Resource(s)
  -------------------------------------------------------------------    -------------------
                         (clock clk_out2_clk_wiz_0 rise edge)
                                                      0.000     0.000 r  
    R4                   IBUF                         0.000     0.000 r  clk_IBUF_inst/O
                         net (fo=25, routed)          1.233     1.233    video_1/mmcm_adv_inst_display_clocks/inst/clk_in1
    MMCME2_ADV_X1Y2      MMCME2_ADV (Prop_mmcme2_adv_CLKIN1_CLKOUT1)
                                                     -7.432    -6.199 r  video_1/mmcm_adv_inst_display_clocks/inst/mmcm_adv_inst/CLKOUT1
                         net (fo=1, routed)           1.808    -4.390    video_1/mmcm_adv_inst_display_clocks/inst/clk_out2_clk_wiz_0
    BUFGCTRL_X0Y0        BUFG (Prop_bufg_I_O)         0.096    -4.294 r  video_1/mmcm_adv_inst_display_clocks/inst/clkout2_buf/O
                         net (fo=44, routed)          1.833    -2.461    video_1/inst_dvid/clk_out2
    SLICE_X162Y148       FDRE                                         r  video_1/inst_dvid/shift_clock_reg[0]/C
  -------------------------------------------------------------------    -------------------
    SLICE_X162Y148       FDRE (Prop_fdre_C_Q)         0.518    -1.943 f  video_1/inst_dvid/shift_clock_reg[0]/Q
                         net (fo=3, routed)           0.678    -1.265    video_1/inst_dvid/shift_clock[0]
    SLICE_X163Y148       LUT6 (Prop_lut6_I5_O)        0.124    -1.141 r  video_1/inst_dvid/shift_red[9]_i_2/O
                         net (fo=1, routed)           0.425    -0.715    video_1/inst_dvid/shift_red[9]_i_2_n_0
    SLICE_X162Y148       LUT5 (Prop_lut5_I0_O)        0.124    -0.591 r  video_1/inst_dvid/shift_red[9]_i_1/O
                         net (fo=31, routed)          1.249     0.658    video_1/inst_dvid/shift_red[9]_i_1_n_0
    SLICE_X162Y136       LUT3 (Prop_lut3_I1_O)        0.124     0.782 r  video_1/inst_dvid/shift_red[2]_i_1/O
                         net (fo=1, routed)           0.000     0.782    video_1/inst_dvid/shift_red[2]
    SLICE_X162Y136       FDRE                                         r  video_1/inst_dvid/shift_red_reg[2]/D
  -------------------------------------------------------------------    -------------------

                         (clock clk_out2_clk_wiz_0 rise edge)
                                                      8.000     8.000 r  
    R4                   IBUF                         0.000     8.000 r  clk_IBUF_inst/O
                         net (fo=25, routed)          1.162     9.162    video_1/mmcm_adv_inst_display_clocks/inst/clk_in1
    MMCME2_ADV_X1Y2      MMCME2_ADV (Prop_mmcme2_adv_CLKIN1_CLKOUT1)
                                                     -7.674     1.488 r  video_1/mmcm_adv_inst_display_clocks/inst/mmcm_adv_inst/CLKOUT1
                         net (fo=1, routed)           1.723     3.211    video_1/mmcm_adv_inst_display_clocks/inst/clk_out2_clk_wiz_0
    BUFGCTRL_X0Y0        BUFG (Prop_bufg_I_O)         0.091     3.302 r  video_1/mmcm_adv_inst_display_clocks/inst/clkout2_buf/O
                         net (fo=44, routed)          1.708     5.011    video_1/inst_dvid/clk_out2
    SLICE_X162Y136       FDRE                                         r  video_1/inst_dvid/shift_red_reg[2]/C
                         clock pessimism              0.497     5.508    
                         clock uncertainty           -0.072     5.436    
    SLICE_X162Y136       FDRE (Setup_fdre_C_D)        0.077     5.513    video_1/inst_dvid/shift_red_reg[2]
  -------------------------------------------------------------------
                         required time                          5.513    
                         arrival time                          -0.782    
  -------------------------------------------------------------------
                         slack                                  4.731    





Min Delay Paths
--------------------------------------------------------------------------------------
Slack (MET) :             0.175ns  (arrival time - required time)
  Source:                 video_1/inst_dvid/shift_clock_reg[4]/C
                            (rising edge-triggered cell FDRE clocked by clk_out2_clk_wiz_0  {rise@0.000ns fall@4.000ns period=8.000ns})
  Destination:            video_1/inst_dvid/shift_clock_reg[2]/D
                            (rising edge-triggered cell FDRE clocked by clk_out2_clk_wiz_0  {rise@0.000ns fall@4.000ns period=8.000ns})
  Path Group:             clk_out2_clk_wiz_0
  Path Type:              Hold (Min at Fast Process Corner)
  Requirement:            0.000ns  (clk_out2_clk_wiz_0 rise@0.000ns - clk_out2_clk_wiz_0 rise@0.000ns)
  Data Path Delay:        0.251ns  (logic 0.141ns (56.174%)  route 0.110ns (43.826%))
  Logic Levels:           0  
  Clock Path Skew:        0.013ns (DCD - SCD - CPR)
    Destination Clock Delay (DCD):    -1.323ns
    Source Clock Delay      (SCD):    -0.894ns
    Clock Pessimism Removal (CPR):    -0.442ns

    Location             Delay type                Incr(ns)  Path(ns)    Netlist Resource(s)
  -------------------------------------------------------------------    -------------------
                         (clock clk_out2_clk_wiz_0 rise edge)
                                                      0.000     0.000 r  
    R4                   IBUF                         0.000     0.000 r  clk_IBUF_inst/O
                         net (fo=25, routed)          0.440     0.440    video_1/mmcm_adv_inst_display_clocks/inst/clk_in1
    MMCME2_ADV_X1Y2      MMCME2_ADV (Prop_mmcme2_adv_CLKIN1_CLKOUT1)
                                                     -2.540    -2.099 r  video_1/mmcm_adv_inst_display_clocks/inst/mmcm_adv_inst/CLKOUT1
                         net (fo=1, routed)           0.531    -1.568    video_1/mmcm_adv_inst_display_clocks/inst/clk_out2_clk_wiz_0
    BUFGCTRL_X0Y0        BUFG (Prop_bufg_I_O)         0.026    -1.542 r  video_1/mmcm_adv_inst_display_clocks/inst/clkout2_buf/O
                         net (fo=44, routed)          0.649    -0.894    video_1/inst_dvid/clk_out2
    SLICE_X163Y148       FDRE                                         r  video_1/inst_dvid/shift_clock_reg[4]/C
  -------------------------------------------------------------------    -------------------
    SLICE_X163Y148       FDRE (Prop_fdre_C_Q)         0.141    -0.753 r  video_1/inst_dvid/shift_clock_reg[4]/Q
                         net (fo=2, routed)           0.110    -0.643    video_1/inst_dvid/shift_clock__0[4]
    SLICE_X162Y148       FDRE                                         r  video_1/inst_dvid/shift_clock_reg[2]/D
  -------------------------------------------------------------------    -------------------

                         (clock clk_out2_clk_wiz_0 rise edge)
                                                      0.000     0.000 r  
    R4                   IBUF                         0.000     0.000 r  clk_IBUF_inst/O
                         net (fo=25, routed)          0.480     0.480    video_1/mmcm_adv_inst_display_clocks/inst/clk_in1
    MMCME2_ADV_X1Y2      MMCME2_ADV (Prop_mmcme2_adv_CLKIN1_CLKOUT1)
                                                     -3.332    -2.852 r  video_1/mmcm_adv_inst_display_clocks/inst/mmcm_adv_inst/CLKOUT1
                         net (fo=1, routed)           0.579    -2.274    video_1/mmcm_adv_inst_display_clocks/inst/clk_out2_clk_wiz_0
    BUFGCTRL_X0Y0        BUFG (Prop_bufg_I_O)         0.029    -2.245 r  video_1/mmcm_adv_inst_display_clocks/inst/clkout2_buf/O
                         net (fo=44, routed)          0.922    -1.323    video_1/inst_dvid/clk_out2
    SLICE_X162Y148       FDRE                                         r  video_1/inst_dvid/shift_clock_reg[2]/C
                         clock pessimism              0.442    -0.881    
    SLICE_X162Y148       FDRE (Hold_fdre_C_D)         0.063    -0.818    video_1/inst_dvid/shift_clock_reg[2]
  -------------------------------------------------------------------
                         required time                          0.818    
                         arrival time                          -0.643    
  -------------------------------------------------------------------
                         slack                                  0.175    

Slack (MET) :             0.233ns  (arrival time - required time)
  Source:                 video_1/inst_dvid/shift_clock_reg[2]/C
                            (rising edge-triggered cell FDRE clocked by clk_out2_clk_wiz_0  {rise@0.000ns fall@4.000ns period=8.000ns})
  Destination:            video_1/inst_dvid/shift_clock_reg[0]/D
                            (rising edge-triggered cell FDRE clocked by clk_out2_clk_wiz_0  {rise@0.000ns fall@4.000ns period=8.000ns})
  Path Group:             clk_out2_clk_wiz_0
  Path Type:              Hold (Min at Fast Process Corner)
  Requirement:            0.000ns  (clk_out2_clk_wiz_0 rise@0.000ns - clk_out2_clk_wiz_0 rise@0.000ns)
  Data Path Delay:        0.292ns  (logic 0.164ns (56.232%)  route 0.128ns (43.768%))
  Logic Levels:           0  
  Clock Path Skew:        0.000ns (DCD - SCD - CPR)
    Destination Clock Delay (DCD):    -1.323ns
    Source Clock Delay      (SCD):    -0.894ns
    Clock Pessimism Removal (CPR):    -0.429ns

    Location             Delay type                Incr(ns)  Path(ns)    Netlist Resource(s)
  -------------------------------------------------------------------    -------------------
                         (clock clk_out2_clk_wiz_0 rise edge)
                                                      0.000     0.000 r  
    R4                   IBUF                         0.000     0.000 r  clk_IBUF_inst/O
                         net (fo=25, routed)          0.440     0.440    video_1/mmcm_adv_inst_display_clocks/inst/clk_in1
    MMCME2_ADV_X1Y2      MMCME2_ADV (Prop_mmcme2_adv_CLKIN1_CLKOUT1)
                                                     -2.540    -2.099 r  video_1/mmcm_adv_inst_display_clocks/inst/mmcm_adv_inst/CLKOUT1
                         net (fo=1, routed)           0.531    -1.568    video_1/mmcm_adv_inst_display_clocks/inst/clk_out2_clk_wiz_0
    BUFGCTRL_X0Y0        BUFG (Prop_bufg_I_O)         0.026    -1.542 r  video_1/mmcm_adv_inst_display_clocks/inst/clkout2_buf/O
                         net (fo=44, routed)          0.649    -0.894    video_1/inst_dvid/clk_out2
    SLICE_X162Y148       FDRE                                         r  video_1/inst_dvid/shift_clock_reg[2]/C
  -------------------------------------------------------------------    -------------------
    SLICE_X162Y148       FDRE (Prop_fdre_C_Q)         0.164    -0.730 r  video_1/inst_dvid/shift_clock_reg[2]/Q
                         net (fo=2, routed)           0.128    -0.602    video_1/inst_dvid/shift_clock__0[2]
    SLICE_X162Y148       FDRE                                         r  video_1/inst_dvid/shift_clock_reg[0]/D
  -------------------------------------------------------------------    -------------------

                         (clock clk_out2_clk_wiz_0 rise edge)
                                                      0.000     0.000 r  
    R4                   IBUF                         0.000     0.000 r  clk_IBUF_inst/O
                         net (fo=25, routed)          0.480     0.480    video_1/mmcm_adv_inst_display_clocks/inst/clk_in1
    MMCME2_ADV_X1Y2      MMCME2_ADV (Prop_mmcme2_adv_CLKIN1_CLKOUT1)
                                                     -3.332    -2.852 r  video_1/mmcm_adv_inst_display_clocks/inst/mmcm_adv_inst/CLKOUT1
                         net (fo=1, routed)           0.579    -2.274    video_1/mmcm_adv_inst_display_clocks/inst/clk_out2_clk_wiz_0
    BUFGCTRL_X0Y0        BUFG (Prop_bufg_I_O)         0.029    -2.245 r  video_1/mmcm_adv_inst_display_clocks/inst/clkout2_buf/O
                         net (fo=44, routed)          0.922    -1.323    video_1/inst_dvid/clk_out2
    SLICE_X162Y148       FDRE                                         r  video_1/inst_dvid/shift_clock_reg[0]/C
                         clock pessimism              0.429    -0.894    
    SLICE_X162Y148       FDRE (Hold_fdre_C_D)         0.059    -0.835    video_1/inst_dvid/shift_clock_reg[0]
  -------------------------------------------------------------------
                         required time                          0.835    
                         arrival time                          -0.602    
  -------------------------------------------------------------------
                         slack                                  0.233    

Slack (MET) :             0.235ns  (arrival time - required time)
  Source:                 video_1/inst_dvid/shift_clock_reg[3]/C
                            (rising edge-triggered cell FDRE clocked by clk_out2_clk_wiz_0  {rise@0.000ns fall@4.000ns period=8.000ns})
  Destination:            video_1/inst_dvid/shift_clock_reg[1]/D
                            (rising edge-triggered cell FDRE clocked by clk_out2_clk_wiz_0  {rise@0.000ns fall@4.000ns period=8.000ns})
  Path Group:             clk_out2_clk_wiz_0
  Path Type:              Hold (Min at Fast Process Corner)
  Requirement:            0.000ns  (clk_out2_clk_wiz_0 rise@0.000ns - clk_out2_clk_wiz_0 rise@0.000ns)
  Data Path Delay:        0.287ns  (logic 0.164ns (57.162%)  route 0.123ns (42.838%))
  Logic Levels:           0  
  Clock Path Skew:        0.000ns (DCD - SCD - CPR)
    Destination Clock Delay (DCD):    -1.323ns
    Source Clock Delay      (SCD):    -0.894ns
    Clock Pessimism Removal (CPR):    -0.429ns

    Location             Delay type                Incr(ns)  Path(ns)    Netlist Resource(s)
  -------------------------------------------------------------------    -------------------
                         (clock clk_out2_clk_wiz_0 rise edge)
                                                      0.000     0.000 r  
    R4                   IBUF                         0.000     0.000 r  clk_IBUF_inst/O
                         net (fo=25, routed)          0.440     0.440    video_1/mmcm_adv_inst_display_clocks/inst/clk_in1
    MMCME2_ADV_X1Y2      MMCME2_ADV (Prop_mmcme2_adv_CLKIN1_CLKOUT1)
                                                     -2.540    -2.099 r  video_1/mmcm_adv_inst_display_clocks/inst/mmcm_adv_inst/CLKOUT1
                         net (fo=1, routed)           0.531    -1.568    video_1/mmcm_adv_inst_display_clocks/inst/clk_out2_clk_wiz_0
    BUFGCTRL_X0Y0        BUFG (Prop_bufg_I_O)         0.026    -1.542 r  video_1/mmcm_adv_inst_display_clocks/inst/clkout2_buf/O
                         net (fo=44, routed)          0.649    -0.894    video_1/inst_dvid/clk_out2
    SLICE_X162Y148       FDRE                                         r  video_1/inst_dvid/shift_clock_reg[3]/C
  -------------------------------------------------------------------    -------------------
    SLICE_X162Y148       FDRE (Prop_fdre_C_Q)         0.164    -0.730 r  video_1/inst_dvid/shift_clock_reg[3]/Q
                         net (fo=2, routed)           0.123    -0.607    video_1/inst_dvid/shift_clock__0[3]
    SLICE_X162Y148       FDRE                                         r  video_1/inst_dvid/shift_clock_reg[1]/D
  -------------------------------------------------------------------    -------------------

                         (clock clk_out2_clk_wiz_0 rise edge)
                                                      0.000     0.000 r  
    R4                   IBUF                         0.000     0.000 r  clk_IBUF_inst/O
                         net (fo=25, routed)          0.480     0.480    video_1/mmcm_adv_inst_display_clocks/inst/clk_in1
    MMCME2_ADV_X1Y2      MMCME2_ADV (Prop_mmcme2_adv_CLKIN1_CLKOUT1)
                                                     -3.332    -2.852 r  video_1/mmcm_adv_inst_display_clocks/inst/mmcm_adv_inst/CLKOUT1
                         net (fo=1, routed)           0.579    -2.274    video_1/mmcm_adv_inst_display_clocks/inst/clk_out2_clk_wiz_0
    BUFGCTRL_X0Y0        BUFG (Prop_bufg_I_O)         0.029    -2.245 r  video_1/mmcm_adv_inst_display_clocks/inst/clkout2_buf/O
                         net (fo=44, routed)          0.922    -1.323    video_1/inst_dvid/clk_out2
    SLICE_X162Y148       FDRE                                         r  video_1/inst_dvid/shift_clock_reg[1]/C
                         clock pessimism              0.429    -0.894    
    SLICE_X162Y148       FDRE (Hold_fdre_C_D)         0.052    -0.842    video_1/inst_dvid/shift_clock_reg[1]
  -------------------------------------------------------------------
                         required time                          0.842    
                         arrival time                          -0.607    
  -------------------------------------------------------------------
                         slack                                  0.235    

Slack (MET) :             0.292ns  (arrival time - required time)
  Source:                 video_1/inst_dvid/shift_red_reg[7]/C
                            (rising edge-triggered cell FDSE clocked by clk_out2_clk_wiz_0  {rise@0.000ns fall@4.000ns period=8.000ns})
  Destination:            video_1/inst_dvid/shift_red_reg[5]/D
                            (rising edge-triggered cell FDSE clocked by clk_out2_clk_wiz_0  {rise@0.000ns fall@4.000ns period=8.000ns})
  Path Group:             clk_out2_clk_wiz_0
  Path Type:              Hold (Min at Fast Process Corner)
  Requirement:            0.000ns  (clk_out2_clk_wiz_0 rise@0.000ns - clk_out2_clk_wiz_0 rise@0.000ns)
  Data Path Delay:        0.399ns  (logic 0.184ns (46.095%)  route 0.215ns (53.905%))
  Logic Levels:           1  (LUT2=1)
  Clock Path Skew:        0.000ns (DCD - SCD - CPR)
    Destination Clock Delay (DCD):    -1.329ns
    Source Clock Delay      (SCD):    -0.899ns
    Clock Pessimism Removal (CPR):    -0.430ns

    Location             Delay type                Incr(ns)  Path(ns)    Netlist Resource(s)
  -------------------------------------------------------------------    -------------------
                         (clock clk_out2_clk_wiz_0 rise edge)
                                                      0.000     0.000 r  
    R4                   IBUF                         0.000     0.000 r  clk_IBUF_inst/O
                         net (fo=25, routed)          0.440     0.440    video_1/mmcm_adv_inst_display_clocks/inst/clk_in1
    MMCME2_ADV_X1Y2      MMCME2_ADV (Prop_mmcme2_adv_CLKIN1_CLKOUT1)
                                                     -2.540    -2.099 r  video_1/mmcm_adv_inst_display_clocks/inst/mmcm_adv_inst/CLKOUT1
                         net (fo=1, routed)           0.531    -1.568    video_1/mmcm_adv_inst_display_clocks/inst/clk_out2_clk_wiz_0
    BUFGCTRL_X0Y0        BUFG (Prop_bufg_I_O)         0.026    -1.542 r  video_1/mmcm_adv_inst_display_clocks/inst/clkout2_buf/O
                         net (fo=44, routed)          0.644    -0.899    video_1/inst_dvid/clk_out2
    SLICE_X163Y136       FDSE                                         r  video_1/inst_dvid/shift_red_reg[7]/C
  -------------------------------------------------------------------    -------------------
    SLICE_X163Y136       FDSE (Prop_fdse_C_Q)         0.141    -0.758 r  video_1/inst_dvid/shift_red_reg[7]/Q
                         net (fo=1, routed)           0.215    -0.543    video_1/inst_dvid/data1[5]
    SLICE_X163Y136       LUT2 (Prop_lut2_I1_O)        0.043    -0.500 r  video_1/inst_dvid/shift_red[5]_i_1/O
                         net (fo=1, routed)           0.000    -0.500    video_1/inst_dvid/shift_red[5]_i_1_n_0
    SLICE_X163Y136       FDSE                                         r  video_1/inst_dvid/shift_red_reg[5]/D
  -------------------------------------------------------------------    -------------------

                         (clock clk_out2_clk_wiz_0 rise edge)
                                                      0.000     0.000 r  
    R4                   IBUF                         0.000     0.000 r  clk_IBUF_inst/O
                         net (fo=25, routed)          0.480     0.480    video_1/mmcm_adv_inst_display_clocks/inst/clk_in1
    MMCME2_ADV_X1Y2      MMCME2_ADV (Prop_mmcme2_adv_CLKIN1_CLKOUT1)
                                                     -3.332    -2.852 r  video_1/mmcm_adv_inst_display_clocks/inst/mmcm_adv_inst/CLKOUT1
                         net (fo=1, routed)           0.579    -2.274    video_1/mmcm_adv_inst_display_clocks/inst/clk_out2_clk_wiz_0
    BUFGCTRL_X0Y0        BUFG (Prop_bufg_I_O)         0.029    -2.245 r  video_1/mmcm_adv_inst_display_clocks/inst/clkout2_buf/O
                         net (fo=44, routed)          0.916    -1.329    video_1/inst_dvid/clk_out2
    SLICE_X163Y136       FDSE                                         r  video_1/inst_dvid/shift_red_reg[5]/C
                         clock pessimism              0.430    -0.899    
    SLICE_X163Y136       FDSE (Hold_fdse_C_D)         0.107    -0.792    video_1/inst_dvid/shift_red_reg[5]
  -------------------------------------------------------------------
                         required time                          0.792    
                         arrival time                          -0.500    
  -------------------------------------------------------------------
                         slack                                  0.292    

Slack (MET) :             0.297ns  (arrival time - required time)
  Source:                 video_1/inst_dvid/shift_red_reg[3]/C
                            (rising edge-triggered cell FDSE clocked by clk_out2_clk_wiz_0  {rise@0.000ns fall@4.000ns period=8.000ns})
  Destination:            video_1/inst_dvid/shift_red_reg[1]/D
                            (rising edge-triggered cell FDSE clocked by clk_out2_clk_wiz_0  {rise@0.000ns fall@4.000ns period=8.000ns})
  Path Group:             clk_out2_clk_wiz_0
  Path Type:              Hold (Min at Fast Process Corner)
  Requirement:            0.000ns  (clk_out2_clk_wiz_0 rise@0.000ns - clk_out2_clk_wiz_0 rise@0.000ns)
  Data Path Delay:        0.404ns  (logic 0.185ns (45.780%)  route 0.219ns (54.220%))
  Logic Levels:           1  (LUT2=1)
  Clock Path Skew:        0.000ns (DCD - SCD - CPR)
    Destination Clock Delay (DCD):    -1.329ns
    Source Clock Delay      (SCD):    -0.899ns
    Clock Pessimism Removal (CPR):    -0.430ns

    Location             Delay type                Incr(ns)  Path(ns)    Netlist Resource(s)
  -------------------------------------------------------------------    -------------------
                         (clock clk_out2_clk_wiz_0 rise edge)
                                                      0.000     0.000 r  
    R4                   IBUF                         0.000     0.000 r  clk_IBUF_inst/O
                         net (fo=25, routed)          0.440     0.440    video_1/mmcm_adv_inst_display_clocks/inst/clk_in1
    MMCME2_ADV_X1Y2      MMCME2_ADV (Prop_mmcme2_adv_CLKIN1_CLKOUT1)
                                                     -2.540    -2.099 r  video_1/mmcm_adv_inst_display_clocks/inst/mmcm_adv_inst/CLKOUT1
                         net (fo=1, routed)           0.531    -1.568    video_1/mmcm_adv_inst_display_clocks/inst/clk_out2_clk_wiz_0
    BUFGCTRL_X0Y0        BUFG (Prop_bufg_I_O)         0.026    -1.542 r  video_1/mmcm_adv_inst_display_clocks/inst/clkout2_buf/O
                         net (fo=44, routed)          0.644    -0.899    video_1/inst_dvid/clk_out2
    SLICE_X163Y136       FDSE                                         r  video_1/inst_dvid/shift_red_reg[3]/C
  -------------------------------------------------------------------    -------------------
    SLICE_X163Y136       FDSE (Prop_fdse_C_Q)         0.141    -0.758 r  video_1/inst_dvid/shift_red_reg[3]/Q
                         net (fo=1, routed)           0.219    -0.539    video_1/inst_dvid/data1[1]
    SLICE_X163Y136       LUT2 (Prop_lut2_I1_O)        0.044    -0.495 r  video_1/inst_dvid/shift_red[1]_i_1/O
                         net (fo=1, routed)           0.000    -0.495    video_1/inst_dvid/shift_red[1]_i_1_n_0
    SLICE_X163Y136       FDSE                                         r  video_1/inst_dvid/shift_red_reg[1]/D
  -------------------------------------------------------------------    -------------------

                         (clock clk_out2_clk_wiz_0 rise edge)
                                                      0.000     0.000 r  
    R4                   IBUF                         0.000     0.000 r  clk_IBUF_inst/O
                         net (fo=25, routed)          0.480     0.480    video_1/mmcm_adv_inst_display_clocks/inst/clk_in1
    MMCME2_ADV_X1Y2      MMCME2_ADV (Prop_mmcme2_adv_CLKIN1_CLKOUT1)
                                                     -3.332    -2.852 r  video_1/mmcm_adv_inst_display_clocks/inst/mmcm_adv_inst/CLKOUT1
                         net (fo=1, routed)           0.579    -2.274    video_1/mmcm_adv_inst_display_clocks/inst/clk_out2_clk_wiz_0
    BUFGCTRL_X0Y0        BUFG (Prop_bufg_I_O)         0.029    -2.245 r  video_1/mmcm_adv_inst_display_clocks/inst/clkout2_buf/O
                         net (fo=44, routed)          0.916    -1.329    video_1/inst_dvid/clk_out2
    SLICE_X163Y136       FDSE                                         r  video_1/inst_dvid/shift_red_reg[1]/C
                         clock pessimism              0.430    -0.899    
    SLICE_X163Y136       FDSE (Hold_fdse_C_D)         0.107    -0.792    video_1/inst_dvid/shift_red_reg[1]
  -------------------------------------------------------------------
                         required time                          0.792    
                         arrival time                          -0.495    
  -------------------------------------------------------------------
                         slack                                  0.297    

Slack (MET) :             0.299ns  (arrival time - required time)
  Source:                 video_1/inst_dvid/shift_clock_reg[7]/C
                            (rising edge-triggered cell FDRE clocked by clk_out2_clk_wiz_0  {rise@0.000ns fall@4.000ns period=8.000ns})
  Destination:            video_1/inst_dvid/shift_clock_reg[5]/D
                            (rising edge-triggered cell FDRE clocked by clk_out2_clk_wiz_0  {rise@0.000ns fall@4.000ns period=8.000ns})
  Path Group:             clk_out2_clk_wiz_0
  Path Type:              Hold (Min at Fast Process Corner)
  Requirement:            0.000ns  (clk_out2_clk_wiz_0 rise@0.000ns - clk_out2_clk_wiz_0 rise@0.000ns)
  Data Path Delay:        0.346ns  (logic 0.141ns (40.718%)  route 0.205ns (59.282%))
  Logic Levels:           0  
  Clock Path Skew:        0.000ns (DCD - SCD - CPR)
    Destination Clock Delay (DCD):    -1.323ns
    Source Clock Delay      (SCD):    -0.894ns
    Clock Pessimism Removal (CPR):    -0.429ns

    Location             Delay type                Incr(ns)  Path(ns)    Netlist Resource(s)
  -------------------------------------------------------------------    -------------------
                         (clock clk_out2_clk_wiz_0 rise edge)
                                                      0.000     0.000 r  
    R4                   IBUF                         0.000     0.000 r  clk_IBUF_inst/O
                         net (fo=25, routed)          0.440     0.440    video_1/mmcm_adv_inst_display_clocks/inst/clk_in1
    MMCME2_ADV_X1Y2      MMCME2_ADV (Prop_mmcme2_adv_CLKIN1_CLKOUT1)
                                                     -2.540    -2.099 r  video_1/mmcm_adv_inst_display_clocks/inst/mmcm_adv_inst/CLKOUT1
                         net (fo=1, routed)           0.531    -1.568    video_1/mmcm_adv_inst_display_clocks/inst/clk_out2_clk_wiz_0
    BUFGCTRL_X0Y0        BUFG (Prop_bufg_I_O)         0.026    -1.542 r  video_1/mmcm_adv_inst_display_clocks/inst/clkout2_buf/O
                         net (fo=44, routed)          0.649    -0.894    video_1/inst_dvid/clk_out2
    SLICE_X163Y148       FDRE                                         r  video_1/inst_dvid/shift_clock_reg[7]/C
  -------------------------------------------------------------------    -------------------
    SLICE_X163Y148       FDRE (Prop_fdre_C_Q)         0.141    -0.753 r  video_1/inst_dvid/shift_clock_reg[7]/Q
                         net (fo=2, routed)           0.205    -0.548    video_1/inst_dvid/shift_clock__0[7]
    SLICE_X163Y148       FDRE                                         r  video_1/inst_dvid/shift_clock_reg[5]/D
  -------------------------------------------------------------------    -------------------

                         (clock clk_out2_clk_wiz_0 rise edge)
                                                      0.000     0.000 r  
    R4                   IBUF                         0.000     0.000 r  clk_IBUF_inst/O
                         net (fo=25, routed)          0.480     0.480    video_1/mmcm_adv_inst_display_clocks/inst/clk_in1
    MMCME2_ADV_X1Y2      MMCME2_ADV (Prop_mmcme2_adv_CLKIN1_CLKOUT1)
                                                     -3.332    -2.852 r  video_1/mmcm_adv_inst_display_clocks/inst/mmcm_adv_inst/CLKOUT1
                         net (fo=1, routed)           0.579    -2.274    video_1/mmcm_adv_inst_display_clocks/inst/clk_out2_clk_wiz_0
    BUFGCTRL_X0Y0        BUFG (Prop_bufg_I_O)         0.029    -2.245 r  video_1/mmcm_adv_inst_display_clocks/inst/clkout2_buf/O
                         net (fo=44, routed)          0.922    -1.323    video_1/inst_dvid/clk_out2
    SLICE_X163Y148       FDRE                                         r  video_1/inst_dvid/shift_clock_reg[5]/C
                         clock pessimism              0.429    -0.894    
    SLICE_X163Y148       FDRE (Hold_fdre_C_D)         0.047    -0.847    video_1/inst_dvid/shift_clock_reg[5]
  -------------------------------------------------------------------
                         required time                          0.847    
                         arrival time                          -0.548    
  -------------------------------------------------------------------
                         slack                                  0.299    

Slack (MET) :             0.300ns  (arrival time - required time)
  Source:                 video_1/inst_dvid/shift_red_reg[6]/C
                            (rising edge-triggered cell FDRE clocked by clk_out2_clk_wiz_0  {rise@0.000ns fall@4.000ns period=8.000ns})
  Destination:            video_1/inst_dvid/shift_red_reg[4]/D
                            (rising edge-triggered cell FDRE clocked by clk_out2_clk_wiz_0  {rise@0.000ns fall@4.000ns period=8.000ns})
  Path Group:             clk_out2_clk_wiz_0
  Path Type:              Hold (Min at Fast Process Corner)
  Requirement:            0.000ns  (clk_out2_clk_wiz_0 rise@0.000ns - clk_out2_clk_wiz_0 rise@0.000ns)
  Data Path Delay:        0.431ns  (logic 0.208ns (48.248%)  route 0.223ns (51.752%))
  Logic Levels:           1  (LUT3=1)
  Clock Path Skew:        0.000ns (DCD - SCD - CPR)
    Destination Clock Delay (DCD):    -1.329ns
    Source Clock Delay      (SCD):    -0.899ns
    Clock Pessimism Removal (CPR):    -0.430ns

    Location             Delay type                Incr(ns)  Path(ns)    Netlist Resource(s)
  -------------------------------------------------------------------    -------------------
                         (clock clk_out2_clk_wiz_0 rise edge)
                                                      0.000     0.000 r  
    R4                   IBUF                         0.000     0.000 r  clk_IBUF_inst/O
                         net (fo=25, routed)          0.440     0.440    video_1/mmcm_adv_inst_display_clocks/inst/clk_in1
    MMCME2_ADV_X1Y2      MMCME2_ADV (Prop_mmcme2_adv_CLKIN1_CLKOUT1)
                                                     -2.540    -2.099 r  video_1/mmcm_adv_inst_display_clocks/inst/mmcm_adv_inst/CLKOUT1
                         net (fo=1, routed)           0.531    -1.568    video_1/mmcm_adv_inst_display_clocks/inst/clk_out2_clk_wiz_0
    BUFGCTRL_X0Y0        BUFG (Prop_bufg_I_O)         0.026    -1.542 r  video_1/mmcm_adv_inst_display_clocks/inst/clkout2_buf/O
                         net (fo=44, routed)          0.644    -0.899    video_1/inst_dvid/clk_out2
    SLICE_X162Y136       FDRE                                         r  video_1/inst_dvid/shift_red_reg[6]/C
  -------------------------------------------------------------------    -------------------
    SLICE_X162Y136       FDRE (Prop_fdre_C_Q)         0.164    -0.735 r  video_1/inst_dvid/shift_red_reg[6]/Q
                         net (fo=1, routed)           0.223    -0.512    video_1/inst_dvid/data1[4]
    SLICE_X162Y136       LUT3 (Prop_lut3_I0_O)        0.044    -0.468 r  video_1/inst_dvid/shift_red[4]_i_1/O
                         net (fo=1, routed)           0.000    -0.468    video_1/inst_dvid/shift_red[4]
    SLICE_X162Y136       FDRE                                         r  video_1/inst_dvid/shift_red_reg[4]/D
  -------------------------------------------------------------------    -------------------

                         (clock clk_out2_clk_wiz_0 rise edge)
                                                      0.000     0.000 r  
    R4                   IBUF                         0.000     0.000 r  clk_IBUF_inst/O
                         net (fo=25, routed)          0.480     0.480    video_1/mmcm_adv_inst_display_clocks/inst/clk_in1
    MMCME2_ADV_X1Y2      MMCME2_ADV (Prop_mmcme2_adv_CLKIN1_CLKOUT1)
                                                     -3.332    -2.852 r  video_1/mmcm_adv_inst_display_clocks/inst/mmcm_adv_inst/CLKOUT1
                         net (fo=1, routed)           0.579    -2.274    video_1/mmcm_adv_inst_display_clocks/inst/clk_out2_clk_wiz_0
    BUFGCTRL_X0Y0        BUFG (Prop_bufg_I_O)         0.029    -2.245 r  video_1/mmcm_adv_inst_display_clocks/inst/clkout2_buf/O
                         net (fo=44, routed)          0.916    -1.329    video_1/inst_dvid/clk_out2
    SLICE_X162Y136       FDRE                                         r  video_1/inst_dvid/shift_red_reg[4]/C
                         clock pessimism              0.430    -0.899    
    SLICE_X162Y136       FDRE (Hold_fdre_C_D)         0.131    -0.768    video_1/inst_dvid/shift_red_reg[4]
  -------------------------------------------------------------------
                         required time                          0.768    
                         arrival time                          -0.468    
  -------------------------------------------------------------------
                         slack                                  0.300    

Slack (MET) :             0.301ns  (arrival time - required time)
  Source:                 video_1/inst_dvid/shift_clock_reg[5]/C
                            (rising edge-triggered cell FDRE clocked by clk_out2_clk_wiz_0  {rise@0.000ns fall@4.000ns period=8.000ns})
  Destination:            video_1/inst_dvid/shift_clock_reg[3]/D
                            (rising edge-triggered cell FDRE clocked by clk_out2_clk_wiz_0  {rise@0.000ns fall@4.000ns period=8.000ns})
  Path Group:             clk_out2_clk_wiz_0
  Path Type:              Hold (Min at Fast Process Corner)
  Requirement:            0.000ns  (clk_out2_clk_wiz_0 rise@0.000ns - clk_out2_clk_wiz_0 rise@0.000ns)
  Data Path Delay:        0.377ns  (logic 0.141ns (37.428%)  route 0.236ns (62.572%))
  Logic Levels:           0  
  Clock Path Skew:        0.013ns (DCD - SCD - CPR)
    Destination Clock Delay (DCD):    -1.323ns
    Source Clock Delay      (SCD):    -0.894ns
    Clock Pessimism Removal (CPR):    -0.442ns

    Location             Delay type                Incr(ns)  Path(ns)    Netlist Resource(s)
  -------------------------------------------------------------------    -------------------
                         (clock clk_out2_clk_wiz_0 rise edge)
                                                      0.000     0.000 r  
    R4                   IBUF                         0.000     0.000 r  clk_IBUF_inst/O
                         net (fo=25, routed)          0.440     0.440    video_1/mmcm_adv_inst_display_clocks/inst/clk_in1
    MMCME2_ADV_X1Y2      MMCME2_ADV (Prop_mmcme2_adv_CLKIN1_CLKOUT1)
                                                     -2.540    -2.099 r  video_1/mmcm_adv_inst_display_clocks/inst/mmcm_adv_inst/CLKOUT1
                         net (fo=1, routed)           0.531    -1.568    video_1/mmcm_adv_inst_display_clocks/inst/clk_out2_clk_wiz_0
    BUFGCTRL_X0Y0        BUFG (Prop_bufg_I_O)         0.026    -1.542 r  video_1/mmcm_adv_inst_display_clocks/inst/clkout2_buf/O
                         net (fo=44, routed)          0.649    -0.894    video_1/inst_dvid/clk_out2
    SLICE_X163Y148       FDRE                                         r  video_1/inst_dvid/shift_clock_reg[5]/C
  -------------------------------------------------------------------    -------------------
    SLICE_X163Y148       FDRE (Prop_fdre_C_Q)         0.141    -0.753 r  video_1/inst_dvid/shift_clock_reg[5]/Q
                         net (fo=2, routed)           0.236    -0.517    video_1/inst_dvid/shift_clock__0[5]
    SLICE_X162Y148       FDRE                                         r  video_1/inst_dvid/shift_clock_reg[3]/D
  -------------------------------------------------------------------    -------------------

                         (clock clk_out2_clk_wiz_0 rise edge)
                                                      0.000     0.000 r  
    R4                   IBUF                         0.000     0.000 r  clk_IBUF_inst/O
                         net (fo=25, routed)          0.480     0.480    video_1/mmcm_adv_inst_display_clocks/inst/clk_in1
    MMCME2_ADV_X1Y2      MMCME2_ADV (Prop_mmcme2_adv_CLKIN1_CLKOUT1)
                                                     -3.332    -2.852 r  video_1/mmcm_adv_inst_display_clocks/inst/mmcm_adv_inst/CLKOUT1
                         net (fo=1, routed)           0.579    -2.274    video_1/mmcm_adv_inst_display_clocks/inst/clk_out2_clk_wiz_0
    BUFGCTRL_X0Y0        BUFG (Prop_bufg_I_O)         0.029    -2.245 r  video_1/mmcm_adv_inst_display_clocks/inst/clkout2_buf/O
                         net (fo=44, routed)          0.922    -1.323    video_1/inst_dvid/clk_out2
    SLICE_X162Y148       FDRE                                         r  video_1/inst_dvid/shift_clock_reg[3]/C
                         clock pessimism              0.442    -0.881    
    SLICE_X162Y148       FDRE (Hold_fdre_C_D)         0.063    -0.818    video_1/inst_dvid/shift_clock_reg[3]
  -------------------------------------------------------------------
                         required time                          0.818    
                         arrival time                          -0.517    
  -------------------------------------------------------------------
                         slack                                  0.301    

Slack (MET) :             0.311ns  (arrival time - required time)
  Source:                 video_1/inst_dvid/shift_blue_reg[4]/C
                            (rising edge-triggered cell FDRE clocked by clk_out2_clk_wiz_0  {rise@0.000ns fall@4.000ns period=8.000ns})
  Destination:            video_1/inst_dvid/shift_blue_reg[2]/D
                            (rising edge-triggered cell FDRE clocked by clk_out2_clk_wiz_0  {rise@0.000ns fall@4.000ns period=8.000ns})
  Path Group:             clk_out2_clk_wiz_0
  Path Type:              Hold (Min at Fast Process Corner)
  Requirement:            0.000ns  (clk_out2_clk_wiz_0 rise@0.000ns - clk_out2_clk_wiz_0 rise@0.000ns)
  Data Path Delay:        0.432ns  (logic 0.209ns (48.337%)  route 0.223ns (51.663%))
  Logic Levels:           1  (LUT3=1)
  Clock Path Skew:        0.000ns (DCD - SCD - CPR)
    Destination Clock Delay (DCD):    -1.325ns
    Source Clock Delay      (SCD):    -0.896ns
    Clock Pessimism Removal (CPR):    -0.429ns

    Location             Delay type                Incr(ns)  Path(ns)    Netlist Resource(s)
  -------------------------------------------------------------------    -------------------
                         (clock clk_out2_clk_wiz_0 rise edge)
                                                      0.000     0.000 r  
    R4                   IBUF                         0.000     0.000 r  clk_IBUF_inst/O
                         net (fo=25, routed)          0.440     0.440    video_1/mmcm_adv_inst_display_clocks/inst/clk_in1
    MMCME2_ADV_X1Y2      MMCME2_ADV (Prop_mmcme2_adv_CLKIN1_CLKOUT1)
                                                     -2.540    -2.099 r  video_1/mmcm_adv_inst_display_clocks/inst/mmcm_adv_inst/CLKOUT1
                         net (fo=1, routed)           0.531    -1.568    video_1/mmcm_adv_inst_display_clocks/inst/clk_out2_clk_wiz_0
    BUFGCTRL_X0Y0        BUFG (Prop_bufg_I_O)         0.026    -1.542 r  video_1/mmcm_adv_inst_display_clocks/inst/clkout2_buf/O
                         net (fo=44, routed)          0.647    -0.896    video_1/inst_dvid/clk_out2
    SLICE_X162Y141       FDRE                                         r  video_1/inst_dvid/shift_blue_reg[4]/C
  -------------------------------------------------------------------    -------------------
    SLICE_X162Y141       FDRE (Prop_fdre_C_Q)         0.164    -0.732 r  video_1/inst_dvid/shift_blue_reg[4]/Q
                         net (fo=1, routed)           0.223    -0.508    video_1/inst_dvid/shift_blue_reg_n_0_[4]
    SLICE_X162Y141       LUT3 (Prop_lut3_I0_O)        0.045    -0.463 r  video_1/inst_dvid/shift_blue[2]_i_1/O
                         net (fo=1, routed)           0.000    -0.463    video_1/inst_dvid/shift_blue[2]
    SLICE_X162Y141       FDRE                                         r  video_1/inst_dvid/shift_blue_reg[2]/D
  -------------------------------------------------------------------    -------------------

                         (clock clk_out2_clk_wiz_0 rise edge)
                                                      0.000     0.000 r  
    R4                   IBUF                         0.000     0.000 r  clk_IBUF_inst/O
                         net (fo=25, routed)          0.480     0.480    video_1/mmcm_adv_inst_display_clocks/inst/clk_in1
    MMCME2_ADV_X1Y2      MMCME2_ADV (Prop_mmcme2_adv_CLKIN1_CLKOUT1)
                                                     -3.332    -2.852 r  video_1/mmcm_adv_inst_display_clocks/inst/mmcm_adv_inst/CLKOUT1
                         net (fo=1, routed)           0.579    -2.274    video_1/mmcm_adv_inst_display_clocks/inst/clk_out2_clk_wiz_0
    BUFGCTRL_X0Y0        BUFG (Prop_bufg_I_O)         0.029    -2.245 r  video_1/mmcm_adv_inst_display_clocks/inst/clkout2_buf/O
                         net (fo=44, routed)          0.920    -1.325    video_1/inst_dvid/clk_out2
    SLICE_X162Y141       FDRE                                         r  video_1/inst_dvid/shift_blue_reg[2]/C
                         clock pessimism              0.429    -0.896    
    SLICE_X162Y141       FDRE (Hold_fdre_C_D)         0.121    -0.775    video_1/inst_dvid/shift_blue_reg[2]
  -------------------------------------------------------------------
                         required time                          0.775    
                         arrival time                          -0.463    
  -------------------------------------------------------------------
                         slack                                  0.311    

Slack (MET) :             0.312ns  (arrival time - required time)
  Source:                 video_1/inst_dvid/shift_green_reg[2]/C
                            (rising edge-triggered cell FDRE clocked by clk_out2_clk_wiz_0  {rise@0.000ns fall@4.000ns period=8.000ns})
  Destination:            video_1/inst_dvid/shift_green_reg[0]/D
                            (rising edge-triggered cell FDRE clocked by clk_out2_clk_wiz_0  {rise@0.000ns fall@4.000ns period=8.000ns})
  Path Group:             clk_out2_clk_wiz_0
  Path Type:              Hold (Min at Fast Process Corner)
  Requirement:            0.000ns  (clk_out2_clk_wiz_0 rise@0.000ns - clk_out2_clk_wiz_0 rise@0.000ns)
  Data Path Delay:        0.432ns  (logic 0.209ns (48.368%)  route 0.223ns (51.632%))
  Logic Levels:           1  (LUT3=1)
  Clock Path Skew:        0.000ns (DCD - SCD - CPR)
    Destination Clock Delay (DCD):    -1.326ns
    Source Clock Delay      (SCD):    -0.897ns
    Clock Pessimism Removal (CPR):    -0.429ns

    Location             Delay type                Incr(ns)  Path(ns)    Netlist Resource(s)
  -------------------------------------------------------------------    -------------------
                         (clock clk_out2_clk_wiz_0 rise edge)
                                                      0.000     0.000 r  
    R4                   IBUF                         0.000     0.000 r  clk_IBUF_inst/O
                         net (fo=25, routed)          0.440     0.440    video_1/mmcm_adv_inst_display_clocks/inst/clk_in1
    MMCME2_ADV_X1Y2      MMCME2_ADV (Prop_mmcme2_adv_CLKIN1_CLKOUT1)
                                                     -2.540    -2.099 r  video_1/mmcm_adv_inst_display_clocks/inst/mmcm_adv_inst/CLKOUT1
                         net (fo=1, routed)           0.531    -1.568    video_1/mmcm_adv_inst_display_clocks/inst/clk_out2_clk_wiz_0
    BUFGCTRL_X0Y0        BUFG (Prop_bufg_I_O)         0.026    -1.542 r  video_1/mmcm_adv_inst_display_clocks/inst/clkout2_buf/O
                         net (fo=44, routed)          0.646    -0.897    video_1/inst_dvid/clk_out2
    SLICE_X162Y139       FDRE                                         r  video_1/inst_dvid/shift_green_reg[2]/C
  -------------------------------------------------------------------    -------------------
    SLICE_X162Y139       FDRE (Prop_fdre_C_Q)         0.164    -0.733 r  video_1/inst_dvid/shift_green_reg[2]/Q
                         net (fo=1, routed)           0.223    -0.510    video_1/inst_dvid/shift_green_reg_n_0_[2]
    SLICE_X162Y139       LUT3 (Prop_lut3_I0_O)        0.045    -0.465 r  video_1/inst_dvid/shift_green[0]_i_1/O
                         net (fo=1, routed)           0.000    -0.465    video_1/inst_dvid/shift_green[0]
    SLICE_X162Y139       FDRE                                         r  video_1/inst_dvid/shift_green_reg[0]/D
  -------------------------------------------------------------------    -------------------

                         (clock clk_out2_clk_wiz_0 rise edge)
                                                      0.000     0.000 r  
    R4                   IBUF                         0.000     0.000 r  clk_IBUF_inst/O
                         net (fo=25, routed)          0.480     0.480    video_1/mmcm_adv_inst_display_clocks/inst/clk_in1
    MMCME2_ADV_X1Y2      MMCME2_ADV (Prop_mmcme2_adv_CLKIN1_CLKOUT1)
                                                     -3.332    -2.852 r  video_1/mmcm_adv_inst_display_clocks/inst/mmcm_adv_inst/CLKOUT1
                         net (fo=1, routed)           0.579    -2.274    video_1/mmcm_adv_inst_display_clocks/inst/clk_out2_clk_wiz_0
    BUFGCTRL_X0Y0        BUFG (Prop_bufg_I_O)         0.029    -2.245 r  video_1/mmcm_adv_inst_display_clocks/inst/clkout2_buf/O
                         net (fo=44, routed)          0.919    -1.326    video_1/inst_dvid/clk_out2
    SLICE_X162Y139       FDRE                                         r  video_1/inst_dvid/shift_green_reg[0]/C
                         clock pessimism              0.429    -0.897    
    SLICE_X162Y139       FDRE (Hold_fdre_C_D)         0.120    -0.777    video_1/inst_dvid/shift_green_reg[0]
  -------------------------------------------------------------------
                         required time                          0.777    
                         arrival time                          -0.465    
  -------------------------------------------------------------------
                         slack                                  0.312    





Pulse Width Checks
--------------------------------------------------------------------------------------
Clock Name:         clk_out2_clk_wiz_0
Waveform(ns):       { 0.000 4.000 }
Period(ns):         8.000
Sources:            { video_1/mmcm_adv_inst_display_clocks/inst/mmcm_adv_inst/CLKOUT1 }

Check Type        Corner  Lib Pin             Reference Pin  Required(ns)  Actual(ns)  Slack(ns)  Location         Pin
Min Period        n/a     BUFG/I              n/a            2.155         8.000       5.845      BUFGCTRL_X0Y0    video_1/mmcm_adv_inst_display_clocks/inst/clkout2_buf/I
Min Period        n/a     ODDR/C              n/a            1.474         8.000       6.526      OLOGIC_X1Y140    video_1/inst_dvid/ODDR2_blue/C
Min Period        n/a     ODDR/C              n/a            1.474         8.000       6.526      OLOGIC_X1Y148    video_1/inst_dvid/ODDR2_clock/C
Min Period        n/a     ODDR/C              n/a            1.474         8.000       6.526      OLOGIC_X1Y136    video_1/inst_dvid/ODDR2_green/C
Min Period        n/a     ODDR/C              n/a            1.474         8.000       6.526      OLOGIC_X1Y134    video_1/inst_dvid/ODDR2_red/C
Min Period        n/a     MMCME2_ADV/CLKOUT1  n/a            1.249         8.000       6.751      MMCME2_ADV_X1Y2  video_1/mmcm_adv_inst_display_clocks/inst/mmcm_adv_inst/CLKOUT1
Min Period        n/a     FDRE/C              n/a            1.000         8.000       7.000      SLICE_X162Y141   video_1/inst_dvid/shift_blue_reg[0]/C
Min Period        n/a     FDRE/C              n/a            1.000         8.000       7.000      SLICE_X162Y141   video_1/inst_dvid/shift_blue_reg[1]/C
Min Period        n/a     FDRE/C              n/a            1.000         8.000       7.000      SLICE_X162Y141   video_1/inst_dvid/shift_blue_reg[2]/C
Min Period        n/a     FDRE/C              n/a            1.000         8.000       7.000      SLICE_X162Y141   video_1/inst_dvid/shift_blue_reg[3]/C
Max Period        n/a     MMCME2_ADV/CLKOUT1  n/a            213.360       8.000       205.360    MMCME2_ADV_X1Y2  video_1/mmcm_adv_inst_display_clocks/inst/mmcm_adv_inst/CLKOUT1
Low Pulse Width   Slow    FDRE/C              n/a            0.500         4.000       3.500      SLICE_X162Y141   video_1/inst_dvid/shift_blue_reg[0]/C
Low Pulse Width   Fast    FDRE/C              n/a            0.500         4.000       3.500      SLICE_X162Y141   video_1/inst_dvid/shift_blue_reg[0]/C
Low Pulse Width   Slow    FDRE/C              n/a            0.500         4.000       3.500      SLICE_X162Y141   video_1/inst_dvid/shift_blue_reg[1]/C
Low Pulse Width   Fast    FDRE/C              n/a            0.500         4.000       3.500      SLICE_X162Y141   video_1/inst_dvid/shift_blue_reg[1]/C
Low Pulse Width   Slow    FDRE/C              n/a            0.500         4.000       3.500      SLICE_X162Y141   video_1/inst_dvid/shift_blue_reg[2]/C
Low Pulse Width   Fast    FDRE/C              n/a            0.500         4.000       3.500      SLICE_X162Y141   video_1/inst_dvid/shift_blue_reg[2]/C
Low Pulse Width   Slow    FDRE/C              n/a            0.500         4.000       3.500      SLICE_X162Y141   video_1/inst_dvid/shift_blue_reg[3]/C
Low Pulse Width   Fast    FDRE/C              n/a            0.500         4.000       3.500      SLICE_X162Y141   video_1/inst_dvid/shift_blue_reg[3]/C
Low Pulse Width   Slow    FDRE/C              n/a            0.500         4.000       3.500      SLICE_X162Y141   video_1/inst_dvid/shift_blue_reg[4]/C
Low Pulse Width   Fast    FDRE/C              n/a            0.500         4.000       3.500      SLICE_X162Y141   video_1/inst_dvid/shift_blue_reg[4]/C
High Pulse Width  Slow    FDRE/C              n/a            0.500         4.000       3.500      SLICE_X162Y141   video_1/inst_dvid/shift_blue_reg[0]/C
High Pulse Width  Fast    FDRE/C              n/a            0.500         4.000       3.500      SLICE_X162Y141   video_1/inst_dvid/shift_blue_reg[0]/C
High Pulse Width  Slow    FDRE/C              n/a            0.500         4.000       3.500      SLICE_X162Y141   video_1/inst_dvid/shift_blue_reg[1]/C
High Pulse Width  Fast    FDRE/C              n/a            0.500         4.000       3.500      SLICE_X162Y141   video_1/inst_dvid/shift_blue_reg[1]/C
High Pulse Width  Slow    FDRE/C              n/a            0.500         4.000       3.500      SLICE_X162Y141   video_1/inst_dvid/shift_blue_reg[2]/C
High Pulse Width  Fast    FDRE/C              n/a            0.500         4.000       3.500      SLICE_X162Y141   video_1/inst_dvid/shift_blue_reg[2]/C
High Pulse Width  Slow    FDRE/C              n/a            0.500         4.000       3.500      SLICE_X162Y141   video_1/inst_dvid/shift_blue_reg[3]/C
High Pulse Width  Fast    FDRE/C              n/a            0.500         4.000       3.500      SLICE_X162Y141   video_1/inst_dvid/shift_blue_reg[3]/C
High Pulse Width  Slow    FDRE/C              n/a            0.500         4.000       3.500      SLICE_X162Y141   video_1/inst_dvid/shift_blue_reg[4]/C
High Pulse Width  Fast    FDRE/C              n/a            0.500         4.000       3.500      SLICE_X162Y141   video_1/inst_dvid/shift_blue_reg[4]/C



---------------------------------------------------------------------------------------------------
From Clock:  clkfbout_clk_wiz_0
  To Clock:  clkfbout_clk_wiz_0

Setup :           NA  Failing Endpoints,  Worst Slack           NA  ,  Total Violation           NA
Hold  :           NA  Failing Endpoints,  Worst Slack           NA  ,  Total Violation           NA
PW    :            0  Failing Endpoints,  Worst Slack        7.845ns,  Total Violation        0.000ns
---------------------------------------------------------------------------------------------------


Pulse Width Checks
--------------------------------------------------------------------------------------
Clock Name:         clkfbout_clk_wiz_0
Waveform(ns):       { 0.000 5.000 }
Period(ns):         10.000
Sources:            { video_1/mmcm_adv_inst_display_clocks/inst/mmcm_adv_inst/CLKFBOUT }

Check Type  Corner  Lib Pin              Reference Pin  Required(ns)  Actual(ns)  Slack(ns)  Location         Pin
Min Period  n/a     BUFG/I               n/a            2.155         10.000      7.845      BUFGCTRL_X0Y2    video_1/mmcm_adv_inst_display_clocks/inst/clkf_buf/I
Min Period  n/a     MMCME2_ADV/CLKFBOUT  n/a            1.249         10.000      8.751      MMCME2_ADV_X1Y2  video_1/mmcm_adv_inst_display_clocks/inst/mmcm_adv_inst/CLKFBOUT
Min Period  n/a     MMCME2_ADV/CLKFBIN   n/a            1.249         10.000      8.751      MMCME2_ADV_X1Y2  video_1/mmcm_adv_inst_display_clocks/inst/mmcm_adv_inst/CLKFBIN
Max Period  n/a     MMCME2_ADV/CLKFBIN   n/a            100.000       10.000      90.000     MMCME2_ADV_X1Y2  video_1/mmcm_adv_inst_display_clocks/inst/mmcm_adv_inst/CLKFBIN
Max Period  n/a     MMCME2_ADV/CLKFBOUT  n/a            213.360       10.000      203.360    MMCME2_ADV_X1Y2  video_1/mmcm_adv_inst_display_clocks/inst/mmcm_adv_inst/CLKFBOUT



---------------------------------------------------------------------------------------------------
From Clock:  clk_out1_clk_wiz_0
  To Clock:  clk_out2_clk_wiz_0

Setup :            0  Failing Endpoints,  Worst Slack        4.575ns,  Total Violation        0.000ns
Hold  :            0  Failing Endpoints,  Worst Slack        0.183ns,  Total Violation        0.000ns
---------------------------------------------------------------------------------------------------


Max Delay Paths
--------------------------------------------------------------------------------------
Slack (MET) :             4.575ns  (required time - arrival time)
  Source:                 video_1/inst_dvid/latched_red_reg[0]/C
                            (rising edge-triggered cell FDRE clocked by clk_out1_clk_wiz_0  {rise@0.000ns fall@20.000ns period=40.000ns})
  Destination:            video_1/inst_dvid/shift_red_reg[0]/S
                            (rising edge-triggered cell FDSE clocked by clk_out2_clk_wiz_0  {rise@0.000ns fall@4.000ns period=8.000ns})
  Path Group:             clk_out2_clk_wiz_0
  Path Type:              Setup (Max at Slow Process Corner)
  Requirement:            8.000ns  (clk_out2_clk_wiz_0 rise@8.000ns - clk_out1_clk_wiz_0 rise@0.000ns)
  Data Path Delay:        2.572ns  (logic 0.715ns (27.796%)  route 1.857ns (72.204%))
  Logic Levels:           1  (LUT2=1)
  Clock Path Skew:        -0.209ns (DCD - SCD + CPR)
    Destination Clock Delay (DCD):    -2.989ns = ( 5.011 - 8.000 ) 
    Source Clock Delay      (SCD):    -2.467ns
    Clock Pessimism Removal (CPR):    0.313ns
  Clock Uncertainty:      0.215ns  ((TSJ^2 + DJ^2)^1/2) / 2 + PE
    Total System Jitter     (TSJ):    0.071ns
    Discrete Jitter          (DJ):    0.175ns
    Phase Error              (PE):    0.120ns

    Location             Delay type                Incr(ns)  Path(ns)    Netlist Resource(s)
  -------------------------------------------------------------------    -------------------
                         (clock clk_out1_clk_wiz_0 rise edge)
                                                      0.000     0.000 r  
    R4                   IBUF                         0.000     0.000 r  clk_IBUF_inst/O
                         net (fo=25, routed)          1.233     1.233    video_1/mmcm_adv_inst_display_clocks/inst/clk_in1
    MMCME2_ADV_X1Y2      MMCME2_ADV (Prop_mmcme2_adv_CLKIN1_CLKOUT0)
                                                     -7.432    -6.199 r  video_1/mmcm_adv_inst_display_clocks/inst/mmcm_adv_inst/CLKOUT0
                         net (fo=1, routed)           1.808    -4.390    video_1/mmcm_adv_inst_display_clocks/inst/clk_out1_clk_wiz_0
    BUFGCTRL_X0Y1        BUFG (Prop_bufg_I_O)         0.096    -4.294 r  video_1/mmcm_adv_inst_display_clocks/inst/clkout1_buf/O
                         net (fo=63, routed)          1.827    -2.467    video_1/inst_dvid/CLK
    SLICE_X160Y136       FDRE                                         r  video_1/inst_dvid/latched_red_reg[0]/C
  -------------------------------------------------------------------    -------------------
    SLICE_X160Y136       FDRE (Prop_fdre_C_Q)         0.419    -2.048 r  video_1/inst_dvid/latched_red_reg[0]/Q
                         net (fo=1, routed)           0.912    -1.136    video_1/inst_dvid/latched_red[0]
    SLICE_X163Y136       LUT2 (Prop_lut2_I0_O)        0.296    -0.840 r  video_1/inst_dvid/shift_red[7]_i_1/O
                         net (fo=5, routed)           0.945     0.105    video_1/inst_dvid/shift_red[7]_i_1_n_0
    SLICE_X163Y136       FDSE                                         r  video_1/inst_dvid/shift_red_reg[0]/S
  -------------------------------------------------------------------    -------------------

                         (clock clk_out2_clk_wiz_0 rise edge)
                                                      8.000     8.000 r  
    R4                   IBUF                         0.000     8.000 r  clk_IBUF_inst/O
                         net (fo=25, routed)          1.162     9.162    video_1/mmcm_adv_inst_display_clocks/inst/clk_in1
    MMCME2_ADV_X1Y2      MMCME2_ADV (Prop_mmcme2_adv_CLKIN1_CLKOUT1)
                                                     -7.674     1.488 r  video_1/mmcm_adv_inst_display_clocks/inst/mmcm_adv_inst/CLKOUT1
                         net (fo=1, routed)           1.723     3.211    video_1/mmcm_adv_inst_display_clocks/inst/clk_out2_clk_wiz_0
    BUFGCTRL_X0Y0        BUFG (Prop_bufg_I_O)         0.091     3.302 r  video_1/mmcm_adv_inst_display_clocks/inst/clkout2_buf/O
                         net (fo=44, routed)          1.708     5.011    video_1/inst_dvid/clk_out2
    SLICE_X163Y136       FDSE                                         r  video_1/inst_dvid/shift_red_reg[0]/C
                         clock pessimism              0.313     5.324    
                         clock uncertainty           -0.215     5.109    
    SLICE_X163Y136       FDSE (Setup_fdse_C_S)       -0.429     4.680    video_1/inst_dvid/shift_red_reg[0]
  -------------------------------------------------------------------
                         required time                          4.680    
                         arrival time                          -0.105    
  -------------------------------------------------------------------
                         slack                                  4.575    

Slack (MET) :             4.575ns  (required time - arrival time)
  Source:                 video_1/inst_dvid/latched_red_reg[0]/C
                            (rising edge-triggered cell FDRE clocked by clk_out1_clk_wiz_0  {rise@0.000ns fall@20.000ns period=40.000ns})
  Destination:            video_1/inst_dvid/shift_red_reg[1]/S
                            (rising edge-triggered cell FDSE clocked by clk_out2_clk_wiz_0  {rise@0.000ns fall@4.000ns period=8.000ns})
  Path Group:             clk_out2_clk_wiz_0
  Path Type:              Setup (Max at Slow Process Corner)
  Requirement:            8.000ns  (clk_out2_clk_wiz_0 rise@8.000ns - clk_out1_clk_wiz_0 rise@0.000ns)
  Data Path Delay:        2.572ns  (logic 0.715ns (27.796%)  route 1.857ns (72.204%))
  Logic Levels:           1  (LUT2=1)
  Clock Path Skew:        -0.209ns (DCD - SCD + CPR)
    Destination Clock Delay (DCD):    -2.989ns = ( 5.011 - 8.000 ) 
    Source Clock Delay      (SCD):    -2.467ns
    Clock Pessimism Removal (CPR):    0.313ns
  Clock Uncertainty:      0.215ns  ((TSJ^2 + DJ^2)^1/2) / 2 + PE
    Total System Jitter     (TSJ):    0.071ns
    Discrete Jitter          (DJ):    0.175ns
    Phase Error              (PE):    0.120ns

    Location             Delay type                Incr(ns)  Path(ns)    Netlist Resource(s)
  -------------------------------------------------------------------    -------------------
                         (clock clk_out1_clk_wiz_0 rise edge)
                                                      0.000     0.000 r  
    R4                   IBUF                         0.000     0.000 r  clk_IBUF_inst/O
                         net (fo=25, routed)          1.233     1.233    video_1/mmcm_adv_inst_display_clocks/inst/clk_in1
    MMCME2_ADV_X1Y2      MMCME2_ADV (Prop_mmcme2_adv_CLKIN1_CLKOUT0)
                                                     -7.432    -6.199 r  video_1/mmcm_adv_inst_display_clocks/inst/mmcm_adv_inst/CLKOUT0
                         net (fo=1, routed)           1.808    -4.390    video_1/mmcm_adv_inst_display_clocks/inst/clk_out1_clk_wiz_0
    BUFGCTRL_X0Y1        BUFG (Prop_bufg_I_O)         0.096    -4.294 r  video_1/mmcm_adv_inst_display_clocks/inst/clkout1_buf/O
                         net (fo=63, routed)          1.827    -2.467    video_1/inst_dvid/CLK
    SLICE_X160Y136       FDRE                                         r  video_1/inst_dvid/latched_red_reg[0]/C
  -------------------------------------------------------------------    -------------------
    SLICE_X160Y136       FDRE (Prop_fdre_C_Q)         0.419    -2.048 r  video_1/inst_dvid/latched_red_reg[0]/Q
                         net (fo=1, routed)           0.912    -1.136    video_1/inst_dvid/latched_red[0]
    SLICE_X163Y136       LUT2 (Prop_lut2_I0_O)        0.296    -0.840 r  video_1/inst_dvid/shift_red[7]_i_1/O
                         net (fo=5, routed)           0.945     0.105    video_1/inst_dvid/shift_red[7]_i_1_n_0
    SLICE_X163Y136       FDSE                                         r  video_1/inst_dvid/shift_red_reg[1]/S
  -------------------------------------------------------------------    -------------------

                         (clock clk_out2_clk_wiz_0 rise edge)
                                                      8.000     8.000 r  
    R4                   IBUF                         0.000     8.000 r  clk_IBUF_inst/O
                         net (fo=25, routed)          1.162     9.162    video_1/mmcm_adv_inst_display_clocks/inst/clk_in1
    MMCME2_ADV_X1Y2      MMCME2_ADV (Prop_mmcme2_adv_CLKIN1_CLKOUT1)
                                                     -7.674     1.488 r  video_1/mmcm_adv_inst_display_clocks/inst/mmcm_adv_inst/CLKOUT1
                         net (fo=1, routed)           1.723     3.211    video_1/mmcm_adv_inst_display_clocks/inst/clk_out2_clk_wiz_0
    BUFGCTRL_X0Y0        BUFG (Prop_bufg_I_O)         0.091     3.302 r  video_1/mmcm_adv_inst_display_clocks/inst/clkout2_buf/O
                         net (fo=44, routed)          1.708     5.011    video_1/inst_dvid/clk_out2
    SLICE_X163Y136       FDSE                                         r  video_1/inst_dvid/shift_red_reg[1]/C
                         clock pessimism              0.313     5.324    
                         clock uncertainty           -0.215     5.109    
    SLICE_X163Y136       FDSE (Setup_fdse_C_S)       -0.429     4.680    video_1/inst_dvid/shift_red_reg[1]
  -------------------------------------------------------------------
                         required time                          4.680    
                         arrival time                          -0.105    
  -------------------------------------------------------------------
                         slack                                  4.575    

Slack (MET) :             4.575ns  (required time - arrival time)
  Source:                 video_1/inst_dvid/latched_red_reg[0]/C
                            (rising edge-triggered cell FDRE clocked by clk_out1_clk_wiz_0  {rise@0.000ns fall@20.000ns period=40.000ns})
  Destination:            video_1/inst_dvid/shift_red_reg[3]/S
                            (rising edge-triggered cell FDSE clocked by clk_out2_clk_wiz_0  {rise@0.000ns fall@4.000ns period=8.000ns})
  Path Group:             clk_out2_clk_wiz_0
  Path Type:              Setup (Max at Slow Process Corner)
  Requirement:            8.000ns  (clk_out2_clk_wiz_0 rise@8.000ns - clk_out1_clk_wiz_0 rise@0.000ns)
  Data Path Delay:        2.572ns  (logic 0.715ns (27.796%)  route 1.857ns (72.204%))
  Logic Levels:           1  (LUT2=1)
  Clock Path Skew:        -0.209ns (DCD - SCD + CPR)
    Destination Clock Delay (DCD):    -2.989ns = ( 5.011 - 8.000 ) 
    Source Clock Delay      (SCD):    -2.467ns
    Clock Pessimism Removal (CPR):    0.313ns
  Clock Uncertainty:      0.215ns  ((TSJ^2 + DJ^2)^1/2) / 2 + PE
    Total System Jitter     (TSJ):    0.071ns
    Discrete Jitter          (DJ):    0.175ns
    Phase Error              (PE):    0.120ns

    Location             Delay type                Incr(ns)  Path(ns)    Netlist Resource(s)
  -------------------------------------------------------------------    -------------------
                         (clock clk_out1_clk_wiz_0 rise edge)
                                                      0.000     0.000 r  
    R4                   IBUF                         0.000     0.000 r  clk_IBUF_inst/O
                         net (fo=25, routed)          1.233     1.233    video_1/mmcm_adv_inst_display_clocks/inst/clk_in1
    MMCME2_ADV_X1Y2      MMCME2_ADV (Prop_mmcme2_adv_CLKIN1_CLKOUT0)
                                                     -7.432    -6.199 r  video_1/mmcm_adv_inst_display_clocks/inst/mmcm_adv_inst/CLKOUT0
                         net (fo=1, routed)           1.808    -4.390    video_1/mmcm_adv_inst_display_clocks/inst/clk_out1_clk_wiz_0
    BUFGCTRL_X0Y1        BUFG (Prop_bufg_I_O)         0.096    -4.294 r  video_1/mmcm_adv_inst_display_clocks/inst/clkout1_buf/O
                         net (fo=63, routed)          1.827    -2.467    video_1/inst_dvid/CLK
    SLICE_X160Y136       FDRE                                         r  video_1/inst_dvid/latched_red_reg[0]/C
  -------------------------------------------------------------------    -------------------
    SLICE_X160Y136       FDRE (Prop_fdre_C_Q)         0.419    -2.048 r  video_1/inst_dvid/latched_red_reg[0]/Q
                         net (fo=1, routed)           0.912    -1.136    video_1/inst_dvid/latched_red[0]
    SLICE_X163Y136       LUT2 (Prop_lut2_I0_O)        0.296    -0.840 r  video_1/inst_dvid/shift_red[7]_i_1/O
                         net (fo=5, routed)           0.945     0.105    video_1/inst_dvid/shift_red[7]_i_1_n_0
    SLICE_X163Y136       FDSE                                         r  video_1/inst_dvid/shift_red_reg[3]/S
  -------------------------------------------------------------------    -------------------

                         (clock clk_out2_clk_wiz_0 rise edge)
                                                      8.000     8.000 r  
    R4                   IBUF                         0.000     8.000 r  clk_IBUF_inst/O
                         net (fo=25, routed)          1.162     9.162    video_1/mmcm_adv_inst_display_clocks/inst/clk_in1
    MMCME2_ADV_X1Y2      MMCME2_ADV (Prop_mmcme2_adv_CLKIN1_CLKOUT1)
                                                     -7.674     1.488 r  video_1/mmcm_adv_inst_display_clocks/inst/mmcm_adv_inst/CLKOUT1
                         net (fo=1, routed)           1.723     3.211    video_1/mmcm_adv_inst_display_clocks/inst/clk_out2_clk_wiz_0
    BUFGCTRL_X0Y0        BUFG (Prop_bufg_I_O)         0.091     3.302 r  video_1/mmcm_adv_inst_display_clocks/inst/clkout2_buf/O
                         net (fo=44, routed)          1.708     5.011    video_1/inst_dvid/clk_out2
    SLICE_X163Y136       FDSE                                         r  video_1/inst_dvid/shift_red_reg[3]/C
                         clock pessimism              0.313     5.324    
                         clock uncertainty           -0.215     5.109    
    SLICE_X163Y136       FDSE (Setup_fdse_C_S)       -0.429     4.680    video_1/inst_dvid/shift_red_reg[3]
  -------------------------------------------------------------------
                         required time                          4.680    
                         arrival time                          -0.105    
  -------------------------------------------------------------------
                         slack                                  4.575    

Slack (MET) :             4.575ns  (required time - arrival time)
  Source:                 video_1/inst_dvid/latched_red_reg[0]/C
                            (rising edge-triggered cell FDRE clocked by clk_out1_clk_wiz_0  {rise@0.000ns fall@20.000ns period=40.000ns})
  Destination:            video_1/inst_dvid/shift_red_reg[5]/S
                            (rising edge-triggered cell FDSE clocked by clk_out2_clk_wiz_0  {rise@0.000ns fall@4.000ns period=8.000ns})
  Path Group:             clk_out2_clk_wiz_0
  Path Type:              Setup (Max at Slow Process Corner)
  Requirement:            8.000ns  (clk_out2_clk_wiz_0 rise@8.000ns - clk_out1_clk_wiz_0 rise@0.000ns)
  Data Path Delay:        2.572ns  (logic 0.715ns (27.796%)  route 1.857ns (72.204%))
  Logic Levels:           1  (LUT2=1)
  Clock Path Skew:        -0.209ns (DCD - SCD + CPR)
    Destination Clock Delay (DCD):    -2.989ns = ( 5.011 - 8.000 ) 
    Source Clock Delay      (SCD):    -2.467ns
    Clock Pessimism Removal (CPR):    0.313ns
  Clock Uncertainty:      0.215ns  ((TSJ^2 + DJ^2)^1/2) / 2 + PE
    Total System Jitter     (TSJ):    0.071ns
    Discrete Jitter          (DJ):    0.175ns
    Phase Error              (PE):    0.120ns

    Location             Delay type                Incr(ns)  Path(ns)    Netlist Resource(s)
  -------------------------------------------------------------------    -------------------
                         (clock clk_out1_clk_wiz_0 rise edge)
                                                      0.000     0.000 r  
    R4                   IBUF                         0.000     0.000 r  clk_IBUF_inst/O
                         net (fo=25, routed)          1.233     1.233    video_1/mmcm_adv_inst_display_clocks/inst/clk_in1
    MMCME2_ADV_X1Y2      MMCME2_ADV (Prop_mmcme2_adv_CLKIN1_CLKOUT0)
                                                     -7.432    -6.199 r  video_1/mmcm_adv_inst_display_clocks/inst/mmcm_adv_inst/CLKOUT0
                         net (fo=1, routed)           1.808    -4.390    video_1/mmcm_adv_inst_display_clocks/inst/clk_out1_clk_wiz_0
    BUFGCTRL_X0Y1        BUFG (Prop_bufg_I_O)         0.096    -4.294 r  video_1/mmcm_adv_inst_display_clocks/inst/clkout1_buf/O
                         net (fo=63, routed)          1.827    -2.467    video_1/inst_dvid/CLK
    SLICE_X160Y136       FDRE                                         r  video_1/inst_dvid/latched_red_reg[0]/C
  -------------------------------------------------------------------    -------------------
    SLICE_X160Y136       FDRE (Prop_fdre_C_Q)         0.419    -2.048 r  video_1/inst_dvid/latched_red_reg[0]/Q
                         net (fo=1, routed)           0.912    -1.136    video_1/inst_dvid/latched_red[0]
    SLICE_X163Y136       LUT2 (Prop_lut2_I0_O)        0.296    -0.840 r  video_1/inst_dvid/shift_red[7]_i_1/O
                         net (fo=5, routed)           0.945     0.105    video_1/inst_dvid/shift_red[7]_i_1_n_0
    SLICE_X163Y136       FDSE                                         r  video_1/inst_dvid/shift_red_reg[5]/S
  -------------------------------------------------------------------    -------------------

                         (clock clk_out2_clk_wiz_0 rise edge)
                                                      8.000     8.000 r  
    R4                   IBUF                         0.000     8.000 r  clk_IBUF_inst/O
                         net (fo=25, routed)          1.162     9.162    video_1/mmcm_adv_inst_display_clocks/inst/clk_in1
    MMCME2_ADV_X1Y2      MMCME2_ADV (Prop_mmcme2_adv_CLKIN1_CLKOUT1)
                                                     -7.674     1.488 r  video_1/mmcm_adv_inst_display_clocks/inst/mmcm_adv_inst/CLKOUT1
                         net (fo=1, routed)           1.723     3.211    video_1/mmcm_adv_inst_display_clocks/inst/clk_out2_clk_wiz_0
    BUFGCTRL_X0Y0        BUFG (Prop_bufg_I_O)         0.091     3.302 r  video_1/mmcm_adv_inst_display_clocks/inst/clkout2_buf/O
                         net (fo=44, routed)          1.708     5.011    video_1/inst_dvid/clk_out2
    SLICE_X163Y136       FDSE                                         r  video_1/inst_dvid/shift_red_reg[5]/C
                         clock pessimism              0.313     5.324    
                         clock uncertainty           -0.215     5.109    
    SLICE_X163Y136       FDSE (Setup_fdse_C_S)       -0.429     4.680    video_1/inst_dvid/shift_red_reg[5]
  -------------------------------------------------------------------
                         required time                          4.680    
                         arrival time                          -0.105    
  -------------------------------------------------------------------
                         slack                                  4.575    

Slack (MET) :             4.575ns  (required time - arrival time)
  Source:                 video_1/inst_dvid/latched_red_reg[0]/C
                            (rising edge-triggered cell FDRE clocked by clk_out1_clk_wiz_0  {rise@0.000ns fall@20.000ns period=40.000ns})
  Destination:            video_1/inst_dvid/shift_red_reg[7]/S
                            (rising edge-triggered cell FDSE clocked by clk_out2_clk_wiz_0  {rise@0.000ns fall@4.000ns period=8.000ns})
  Path Group:             clk_out2_clk_wiz_0
  Path Type:              Setup (Max at Slow Process Corner)
  Requirement:            8.000ns  (clk_out2_clk_wiz_0 rise@8.000ns - clk_out1_clk_wiz_0 rise@0.000ns)
  Data Path Delay:        2.572ns  (logic 0.715ns (27.796%)  route 1.857ns (72.204%))
  Logic Levels:           1  (LUT2=1)
  Clock Path Skew:        -0.209ns (DCD - SCD + CPR)
    Destination Clock Delay (DCD):    -2.989ns = ( 5.011 - 8.000 ) 
    Source Clock Delay      (SCD):    -2.467ns
    Clock Pessimism Removal (CPR):    0.313ns
  Clock Uncertainty:      0.215ns  ((TSJ^2 + DJ^2)^1/2) / 2 + PE
    Total System Jitter     (TSJ):    0.071ns
    Discrete Jitter          (DJ):    0.175ns
    Phase Error              (PE):    0.120ns

    Location             Delay type                Incr(ns)  Path(ns)    Netlist Resource(s)
  -------------------------------------------------------------------    -------------------
                         (clock clk_out1_clk_wiz_0 rise edge)
                                                      0.000     0.000 r  
    R4                   IBUF                         0.000     0.000 r  clk_IBUF_inst/O
                         net (fo=25, routed)          1.233     1.233    video_1/mmcm_adv_inst_display_clocks/inst/clk_in1
    MMCME2_ADV_X1Y2      MMCME2_ADV (Prop_mmcme2_adv_CLKIN1_CLKOUT0)
                                                     -7.432    -6.199 r  video_1/mmcm_adv_inst_display_clocks/inst/mmcm_adv_inst/CLKOUT0
                         net (fo=1, routed)           1.808    -4.390    video_1/mmcm_adv_inst_display_clocks/inst/clk_out1_clk_wiz_0
    BUFGCTRL_X0Y1        BUFG (Prop_bufg_I_O)         0.096    -4.294 r  video_1/mmcm_adv_inst_display_clocks/inst/clkout1_buf/O
                         net (fo=63, routed)          1.827    -2.467    video_1/inst_dvid/CLK
    SLICE_X160Y136       FDRE                                         r  video_1/inst_dvid/latched_red_reg[0]/C
  -------------------------------------------------------------------    -------------------
    SLICE_X160Y136       FDRE (Prop_fdre_C_Q)         0.419    -2.048 r  video_1/inst_dvid/latched_red_reg[0]/Q
                         net (fo=1, routed)           0.912    -1.136    video_1/inst_dvid/latched_red[0]
    SLICE_X163Y136       LUT2 (Prop_lut2_I0_O)        0.296    -0.840 r  video_1/inst_dvid/shift_red[7]_i_1/O
                         net (fo=5, routed)           0.945     0.105    video_1/inst_dvid/shift_red[7]_i_1_n_0
    SLICE_X163Y136       FDSE                                         r  video_1/inst_dvid/shift_red_reg[7]/S
  -------------------------------------------------------------------    -------------------

                         (clock clk_out2_clk_wiz_0 rise edge)
                                                      8.000     8.000 r  
    R4                   IBUF                         0.000     8.000 r  clk_IBUF_inst/O
                         net (fo=25, routed)          1.162     9.162    video_1/mmcm_adv_inst_display_clocks/inst/clk_in1
    MMCME2_ADV_X1Y2      MMCME2_ADV (Prop_mmcme2_adv_CLKIN1_CLKOUT1)
                                                     -7.674     1.488 r  video_1/mmcm_adv_inst_display_clocks/inst/mmcm_adv_inst/CLKOUT1
                         net (fo=1, routed)           1.723     3.211    video_1/mmcm_adv_inst_display_clocks/inst/clk_out2_clk_wiz_0
    BUFGCTRL_X0Y0        BUFG (Prop_bufg_I_O)         0.091     3.302 r  video_1/mmcm_adv_inst_display_clocks/inst/clkout2_buf/O
                         net (fo=44, routed)          1.708     5.011    video_1/inst_dvid/clk_out2
    SLICE_X163Y136       FDSE                                         r  video_1/inst_dvid/shift_red_reg[7]/C
                         clock pessimism              0.313     5.324    
                         clock uncertainty           -0.215     5.109    
    SLICE_X163Y136       FDSE (Setup_fdse_C_S)       -0.429     4.680    video_1/inst_dvid/shift_red_reg[7]
  -------------------------------------------------------------------
                         required time                          4.680    
                         arrival time                          -0.105    
  -------------------------------------------------------------------
                         slack                                  4.575    

Slack (MET) :             4.795ns  (required time - arrival time)
  Source:                 video_1/inst_dvid/latched_green_reg[0]/C
                            (rising edge-triggered cell FDRE clocked by clk_out1_clk_wiz_0  {rise@0.000ns fall@20.000ns period=40.000ns})
  Destination:            video_1/inst_dvid/shift_green_reg[3]/D
                            (rising edge-triggered cell FDRE clocked by clk_out2_clk_wiz_0  {rise@0.000ns fall@4.000ns period=8.000ns})
  Path Group:             clk_out2_clk_wiz_0
  Path Type:              Setup (Max at Slow Process Corner)
  Requirement:            8.000ns  (clk_out2_clk_wiz_0 rise@8.000ns - clk_out1_clk_wiz_0 rise@0.000ns)
  Data Path Delay:        2.862ns  (logic 0.580ns (20.264%)  route 2.282ns (79.736%))
  Logic Levels:           1  (LUT3=1)
  Clock Path Skew:        -0.207ns (DCD - SCD + CPR)
    Destination Clock Delay (DCD):    -2.986ns = ( 5.014 - 8.000 ) 
    Source Clock Delay      (SCD):    -2.466ns
    Clock Pessimism Removal (CPR):    0.313ns
  Clock Uncertainty:      0.215ns  ((TSJ^2 + DJ^2)^1/2) / 2 + PE
    Total System Jitter     (TSJ):    0.071ns
    Discrete Jitter          (DJ):    0.175ns
    Phase Error              (PE):    0.120ns

    Location             Delay type                Incr(ns)  Path(ns)    Netlist Resource(s)
  -------------------------------------------------------------------    -------------------
                         (clock clk_out1_clk_wiz_0 rise edge)
                                                      0.000     0.000 r  
    R4                   IBUF                         0.000     0.000 r  clk_IBUF_inst/O
                         net (fo=25, routed)          1.233     1.233    video_1/mmcm_adv_inst_display_clocks/inst/clk_in1
    MMCME2_ADV_X1Y2      MMCME2_ADV (Prop_mmcme2_adv_CLKIN1_CLKOUT0)
                                                     -7.432    -6.199 r  video_1/mmcm_adv_inst_display_clocks/inst/mmcm_adv_inst/CLKOUT0
                         net (fo=1, routed)           1.808    -4.390    video_1/mmcm_adv_inst_display_clocks/inst/clk_out1_clk_wiz_0
    BUFGCTRL_X0Y1        BUFG (Prop_bufg_I_O)         0.096    -4.294 r  video_1/mmcm_adv_inst_display_clocks/inst/clkout1_buf/O
                         net (fo=63, routed)          1.828    -2.466    video_1/inst_dvid/CLK
    SLICE_X159Y139       FDRE                                         r  video_1/inst_dvid/latched_green_reg[0]/C
  -------------------------------------------------------------------    -------------------
    SLICE_X159Y139       FDRE (Prop_fdre_C_Q)         0.456    -2.010 r  video_1/inst_dvid/latched_green_reg[0]/Q
                         net (fo=5, routed)           2.282     0.272    video_1/inst_dvid/latched_green[0]
    SLICE_X162Y139       LUT3 (Prop_lut3_I2_O)        0.124     0.396 r  video_1/inst_dvid/shift_green[3]_i_1/O
                         net (fo=1, routed)           0.000     0.396    video_1/inst_dvid/shift_green[3]
    SLICE_X162Y139       FDRE                                         r  video_1/inst_dvid/shift_green_reg[3]/D
  -------------------------------------------------------------------    -------------------

                         (clock clk_out2_clk_wiz_0 rise edge)
                                                      8.000     8.000 r  
    R4                   IBUF                         0.000     8.000 r  clk_IBUF_inst/O
                         net (fo=25, routed)          1.162     9.162    video_1/mmcm_adv_inst_display_clocks/inst/clk_in1
    MMCME2_ADV_X1Y2      MMCME2_ADV (Prop_mmcme2_adv_CLKIN1_CLKOUT1)
                                                     -7.674     1.488 r  video_1/mmcm_adv_inst_display_clocks/inst/mmcm_adv_inst/CLKOUT1
                         net (fo=1, routed)           1.723     3.211    video_1/mmcm_adv_inst_display_clocks/inst/clk_out2_clk_wiz_0
    BUFGCTRL_X0Y0        BUFG (Prop_bufg_I_O)         0.091     3.302 r  video_1/mmcm_adv_inst_display_clocks/inst/clkout2_buf/O
                         net (fo=44, routed)          1.711     5.014    video_1/inst_dvid/clk_out2
    SLICE_X162Y139       FDRE                                         r  video_1/inst_dvid/shift_green_reg[3]/C
                         clock pessimism              0.313     5.327    
                         clock uncertainty           -0.215     5.112    
    SLICE_X162Y139       FDRE (Setup_fdre_C_D)        0.079     5.191    video_1/inst_dvid/shift_green_reg[3]
  -------------------------------------------------------------------
                         required time                          5.191    
                         arrival time                          -0.396    
  -------------------------------------------------------------------
                         slack                                  4.795    

Slack (MET) :             4.805ns  (required time - arrival time)
  Source:                 video_1/inst_dvid/latched_green_reg[0]/C
                            (rising edge-triggered cell FDRE clocked by clk_out1_clk_wiz_0  {rise@0.000ns fall@20.000ns period=40.000ns})
  Destination:            video_1/inst_dvid/shift_green_reg[5]/D
                            (rising edge-triggered cell FDRE clocked by clk_out2_clk_wiz_0  {rise@0.000ns fall@4.000ns period=8.000ns})
  Path Group:             clk_out2_clk_wiz_0
  Path Type:              Setup (Max at Slow Process Corner)
  Requirement:            8.000ns  (clk_out2_clk_wiz_0 rise@8.000ns - clk_out1_clk_wiz_0 rise@0.000ns)
  Data Path Delay:        2.891ns  (logic 0.609ns (21.064%)  route 2.282ns (78.936%))
  Logic Levels:           1  (LUT3=1)
  Clock Path Skew:        -0.207ns (DCD - SCD + CPR)
    Destination Clock Delay (DCD):    -2.986ns = ( 5.014 - 8.000 ) 
    Source Clock Delay      (SCD):    -2.466ns
    Clock Pessimism Removal (CPR):    0.313ns
  Clock Uncertainty:      0.215ns  ((TSJ^2 + DJ^2)^1/2) / 2 + PE
    Total System Jitter     (TSJ):    0.071ns
    Discrete Jitter          (DJ):    0.175ns
    Phase Error              (PE):    0.120ns

    Location             Delay type                Incr(ns)  Path(ns)    Netlist Resource(s)
  -------------------------------------------------------------------    -------------------
                         (clock clk_out1_clk_wiz_0 rise edge)
                                                      0.000     0.000 r  
    R4                   IBUF                         0.000     0.000 r  clk_IBUF_inst/O
                         net (fo=25, routed)          1.233     1.233    video_1/mmcm_adv_inst_display_clocks/inst/clk_in1
    MMCME2_ADV_X1Y2      MMCME2_ADV (Prop_mmcme2_adv_CLKIN1_CLKOUT0)
                                                     -7.432    -6.199 r  video_1/mmcm_adv_inst_display_clocks/inst/mmcm_adv_inst/CLKOUT0
                         net (fo=1, routed)           1.808    -4.390    video_1/mmcm_adv_inst_display_clocks/inst/clk_out1_clk_wiz_0
    BUFGCTRL_X0Y1        BUFG (Prop_bufg_I_O)         0.096    -4.294 r  video_1/mmcm_adv_inst_display_clocks/inst/clkout1_buf/O
                         net (fo=63, routed)          1.828    -2.466    video_1/inst_dvid/CLK
    SLICE_X159Y139       FDRE                                         r  video_1/inst_dvid/latched_green_reg[0]/C
  -------------------------------------------------------------------    -------------------
    SLICE_X159Y139       FDRE (Prop_fdre_C_Q)         0.456    -2.010 r  video_1/inst_dvid/latched_green_reg[0]/Q
                         net (fo=5, routed)           2.282     0.272    video_1/inst_dvid/latched_green[0]
    SLICE_X162Y139       LUT3 (Prop_lut3_I2_O)        0.153     0.425 r  video_1/inst_dvid/shift_green[5]_i_1/O
                         net (fo=1, routed)           0.000     0.425    video_1/inst_dvid/shift_green[5]
    SLICE_X162Y139       FDRE                                         r  video_1/inst_dvid/shift_green_reg[5]/D
  -------------------------------------------------------------------    -------------------

                         (clock clk_out2_clk_wiz_0 rise edge)
                                                      8.000     8.000 r  
    R4                   IBUF                         0.000     8.000 r  clk_IBUF_inst/O
                         net (fo=25, routed)          1.162     9.162    video_1/mmcm_adv_inst_display_clocks/inst/clk_in1
    MMCME2_ADV_X1Y2      MMCME2_ADV (Prop_mmcme2_adv_CLKIN1_CLKOUT1)
                                                     -7.674     1.488 r  video_1/mmcm_adv_inst_display_clocks/inst/mmcm_adv_inst/CLKOUT1
                         net (fo=1, routed)           1.723     3.211    video_1/mmcm_adv_inst_display_clocks/inst/clk_out2_clk_wiz_0
    BUFGCTRL_X0Y0        BUFG (Prop_bufg_I_O)         0.091     3.302 r  video_1/mmcm_adv_inst_display_clocks/inst/clkout2_buf/O
                         net (fo=44, routed)          1.711     5.014    video_1/inst_dvid/clk_out2
    SLICE_X162Y139       FDRE                                         r  video_1/inst_dvid/shift_green_reg[5]/C
                         clock pessimism              0.313     5.327    
                         clock uncertainty           -0.215     5.112    
    SLICE_X162Y139       FDRE (Setup_fdre_C_D)        0.118     5.230    video_1/inst_dvid/shift_green_reg[5]
  -------------------------------------------------------------------
                         required time                          5.230    
                         arrival time                          -0.425    
  -------------------------------------------------------------------
                         slack                                  4.805    

Slack (MET) :             4.860ns  (required time - arrival time)
  Source:                 video_1/inst_dvid/latched_green_reg[0]/C
                            (rising edge-triggered cell FDRE clocked by clk_out1_clk_wiz_0  {rise@0.000ns fall@20.000ns period=40.000ns})
  Destination:            video_1/inst_dvid/shift_green_reg[7]/D
                            (rising edge-triggered cell FDRE clocked by clk_out2_clk_wiz_0  {rise@0.000ns fall@4.000ns period=8.000ns})
  Path Group:             clk_out2_clk_wiz_0
  Path Type:              Setup (Max at Slow Process Corner)
  Requirement:            8.000ns  (clk_out2_clk_wiz_0 rise@8.000ns - clk_out1_clk_wiz_0 rise@0.000ns)
  Data Path Delay:        2.836ns  (logic 0.605ns (21.332%)  route 2.231ns (78.668%))
  Logic Levels:           1  (LUT3=1)
  Clock Path Skew:        -0.207ns (DCD - SCD + CPR)
    Destination Clock Delay (DCD):    -2.986ns = ( 5.014 - 8.000 ) 
    Source Clock Delay      (SCD):    -2.466ns
    Clock Pessimism Removal (CPR):    0.313ns
  Clock Uncertainty:      0.215ns  ((TSJ^2 + DJ^2)^1/2) / 2 + PE
    Total System Jitter     (TSJ):    0.071ns
    Discrete Jitter          (DJ):    0.175ns
    Phase Error              (PE):    0.120ns

    Location             Delay type                Incr(ns)  Path(ns)    Netlist Resource(s)
  -------------------------------------------------------------------    -------------------
                         (clock clk_out1_clk_wiz_0 rise edge)
                                                      0.000     0.000 r  
    R4                   IBUF                         0.000     0.000 r  clk_IBUF_inst/O
                         net (fo=25, routed)          1.233     1.233    video_1/mmcm_adv_inst_display_clocks/inst/clk_in1
    MMCME2_ADV_X1Y2      MMCME2_ADV (Prop_mmcme2_adv_CLKIN1_CLKOUT0)
                                                     -7.432    -6.199 r  video_1/mmcm_adv_inst_display_clocks/inst/mmcm_adv_inst/CLKOUT0
                         net (fo=1, routed)           1.808    -4.390    video_1/mmcm_adv_inst_display_clocks/inst/clk_out1_clk_wiz_0
    BUFGCTRL_X0Y1        BUFG (Prop_bufg_I_O)         0.096    -4.294 r  video_1/mmcm_adv_inst_display_clocks/inst/clkout1_buf/O
                         net (fo=63, routed)          1.828    -2.466    video_1/inst_dvid/CLK
    SLICE_X159Y139       FDRE                                         r  video_1/inst_dvid/latched_green_reg[0]/C
  -------------------------------------------------------------------    -------------------
    SLICE_X159Y139       FDRE (Prop_fdre_C_Q)         0.456    -2.010 r  video_1/inst_dvid/latched_green_reg[0]/Q
                         net (fo=5, routed)           2.231     0.221    video_1/inst_dvid/latched_green[0]
    SLICE_X162Y139       LUT3 (Prop_lut3_I2_O)        0.149     0.370 r  video_1/inst_dvid/shift_green[7]_i_1/O
                         net (fo=1, routed)           0.000     0.370    video_1/inst_dvid/shift_green[7]
    SLICE_X162Y139       FDRE                                         r  video_1/inst_dvid/shift_green_reg[7]/D
  -------------------------------------------------------------------    -------------------

                         (clock clk_out2_clk_wiz_0 rise edge)
                                                      8.000     8.000 r  
    R4                   IBUF                         0.000     8.000 r  clk_IBUF_inst/O
                         net (fo=25, routed)          1.162     9.162    video_1/mmcm_adv_inst_display_clocks/inst/clk_in1
    MMCME2_ADV_X1Y2      MMCME2_ADV (Prop_mmcme2_adv_CLKIN1_CLKOUT1)
                                                     -7.674     1.488 r  video_1/mmcm_adv_inst_display_clocks/inst/mmcm_adv_inst/CLKOUT1
                         net (fo=1, routed)           1.723     3.211    video_1/mmcm_adv_inst_display_clocks/inst/clk_out2_clk_wiz_0
    BUFGCTRL_X0Y0        BUFG (Prop_bufg_I_O)         0.091     3.302 r  video_1/mmcm_adv_inst_display_clocks/inst/clkout2_buf/O
                         net (fo=44, routed)          1.711     5.014    video_1/inst_dvid/clk_out2
    SLICE_X162Y139       FDRE                                         r  video_1/inst_dvid/shift_green_reg[7]/C
                         clock pessimism              0.313     5.327    
                         clock uncertainty           -0.215     5.112    
    SLICE_X162Y139       FDRE (Setup_fdre_C_D)        0.118     5.230    video_1/inst_dvid/shift_green_reg[7]
  -------------------------------------------------------------------
                         required time                          5.230    
                         arrival time                          -0.370    
  -------------------------------------------------------------------
                         slack                                  4.860    

Slack (MET) :             5.116ns  (required time - arrival time)
  Source:                 video_1/inst_dvid/latched_green_reg[0]/C
                            (rising edge-triggered cell FDRE clocked by clk_out1_clk_wiz_0  {rise@0.000ns fall@20.000ns period=40.000ns})
  Destination:            video_1/inst_dvid/shift_green_reg[0]/D
                            (rising edge-triggered cell FDRE clocked by clk_out2_clk_wiz_0  {rise@0.000ns fall@4.000ns period=8.000ns})
  Path Group:             clk_out2_clk_wiz_0
  Path Type:              Setup (Max at Slow Process Corner)
  Requirement:            8.000ns  (clk_out2_clk_wiz_0 rise@8.000ns - clk_out1_clk_wiz_0 rise@0.000ns)
  Data Path Delay:        2.539ns  (logic 0.580ns (22.842%)  route 1.959ns (77.158%))
  Logic Levels:           1  (LUT3=1)
  Clock Path Skew:        -0.207ns (DCD - SCD + CPR)
    Destination Clock Delay (DCD):    -2.986ns = ( 5.014 - 8.000 ) 
    Source Clock Delay      (SCD):    -2.466ns
    Clock Pessimism Removal (CPR):    0.313ns
  Clock Uncertainty:      0.215ns  ((TSJ^2 + DJ^2)^1/2) / 2 + PE
    Total System Jitter     (TSJ):    0.071ns
    Discrete Jitter          (DJ):    0.175ns
    Phase Error              (PE):    0.120ns

    Location             Delay type                Incr(ns)  Path(ns)    Netlist Resource(s)
  -------------------------------------------------------------------    -------------------
                         (clock clk_out1_clk_wiz_0 rise edge)
                                                      0.000     0.000 r  
    R4                   IBUF                         0.000     0.000 r  clk_IBUF_inst/O
                         net (fo=25, routed)          1.233     1.233    video_1/mmcm_adv_inst_display_clocks/inst/clk_in1
    MMCME2_ADV_X1Y2      MMCME2_ADV (Prop_mmcme2_adv_CLKIN1_CLKOUT0)
                                                     -7.432    -6.199 r  video_1/mmcm_adv_inst_display_clocks/inst/mmcm_adv_inst/CLKOUT0
                         net (fo=1, routed)           1.808    -4.390    video_1/mmcm_adv_inst_display_clocks/inst/clk_out1_clk_wiz_0
    BUFGCTRL_X0Y1        BUFG (Prop_bufg_I_O)         0.096    -4.294 r  video_1/mmcm_adv_inst_display_clocks/inst/clkout1_buf/O
                         net (fo=63, routed)          1.828    -2.466    video_1/inst_dvid/CLK
    SLICE_X159Y139       FDRE                                         r  video_1/inst_dvid/latched_green_reg[0]/C
  -------------------------------------------------------------------    -------------------
    SLICE_X159Y139       FDRE (Prop_fdre_C_Q)         0.456    -2.010 r  video_1/inst_dvid/latched_green_reg[0]/Q
                         net (fo=5, routed)           1.959    -0.051    video_1/inst_dvid/latched_green[0]
    SLICE_X162Y139       LUT3 (Prop_lut3_I2_O)        0.124     0.073 r  video_1/inst_dvid/shift_green[0]_i_1/O
                         net (fo=1, routed)           0.000     0.073    video_1/inst_dvid/shift_green[0]
    SLICE_X162Y139       FDRE                                         r  video_1/inst_dvid/shift_green_reg[0]/D
  -------------------------------------------------------------------    -------------------

                         (clock clk_out2_clk_wiz_0 rise edge)
                                                      8.000     8.000 r  
    R4                   IBUF                         0.000     8.000 r  clk_IBUF_inst/O
                         net (fo=25, routed)          1.162     9.162    video_1/mmcm_adv_inst_display_clocks/inst/clk_in1
    MMCME2_ADV_X1Y2      MMCME2_ADV (Prop_mmcme2_adv_CLKIN1_CLKOUT1)
                                                     -7.674     1.488 r  video_1/mmcm_adv_inst_display_clocks/inst/mmcm_adv_inst/CLKOUT1
                         net (fo=1, routed)           1.723     3.211    video_1/mmcm_adv_inst_display_clocks/inst/clk_out2_clk_wiz_0
    BUFGCTRL_X0Y0        BUFG (Prop_bufg_I_O)         0.091     3.302 r  video_1/mmcm_adv_inst_display_clocks/inst/clkout2_buf/O
                         net (fo=44, routed)          1.711     5.014    video_1/inst_dvid/clk_out2
    SLICE_X162Y139       FDRE                                         r  video_1/inst_dvid/shift_green_reg[0]/C
                         clock pessimism              0.313     5.327    
                         clock uncertainty           -0.215     5.112    
    SLICE_X162Y139       FDRE (Setup_fdre_C_D)        0.077     5.189    video_1/inst_dvid/shift_green_reg[0]
  -------------------------------------------------------------------
                         required time                          5.189    
                         arrival time                          -0.073    
  -------------------------------------------------------------------
                         slack                                  5.116    

Slack (MET) :             5.133ns  (required time - arrival time)
  Source:                 video_1/inst_dvid/latched_green_reg[0]/C
                            (rising edge-triggered cell FDRE clocked by clk_out1_clk_wiz_0  {rise@0.000ns fall@20.000ns period=40.000ns})
  Destination:            video_1/inst_dvid/shift_green_reg[1]/D
                            (rising edge-triggered cell FDRE clocked by clk_out2_clk_wiz_0  {rise@0.000ns fall@4.000ns period=8.000ns})
  Path Group:             clk_out2_clk_wiz_0
  Path Type:              Setup (Max at Slow Process Corner)
  Requirement:            8.000ns  (clk_out2_clk_wiz_0 rise@8.000ns - clk_out1_clk_wiz_0 rise@0.000ns)
  Data Path Delay:        2.563ns  (logic 0.604ns (23.564%)  route 1.959ns (76.436%))
  Logic Levels:           1  (LUT3=1)
  Clock Path Skew:        -0.207ns (DCD - SCD + CPR)
    Destination Clock Delay (DCD):    -2.986ns = ( 5.014 - 8.000 ) 
    Source Clock Delay      (SCD):    -2.466ns
    Clock Pessimism Removal (CPR):    0.313ns
  Clock Uncertainty:      0.215ns  ((TSJ^2 + DJ^2)^1/2) / 2 + PE
    Total System Jitter     (TSJ):    0.071ns
    Discrete Jitter          (DJ):    0.175ns
    Phase Error              (PE):    0.120ns

    Location             Delay type                Incr(ns)  Path(ns)    Netlist Resource(s)
  -------------------------------------------------------------------    -------------------
                         (clock clk_out1_clk_wiz_0 rise edge)
                                                      0.000     0.000 r  
    R4                   IBUF                         0.000     0.000 r  clk_IBUF_inst/O
                         net (fo=25, routed)          1.233     1.233    video_1/mmcm_adv_inst_display_clocks/inst/clk_in1
    MMCME2_ADV_X1Y2      MMCME2_ADV (Prop_mmcme2_adv_CLKIN1_CLKOUT0)
                                                     -7.432    -6.199 r  video_1/mmcm_adv_inst_display_clocks/inst/mmcm_adv_inst/CLKOUT0
                         net (fo=1, routed)           1.808    -4.390    video_1/mmcm_adv_inst_display_clocks/inst/clk_out1_clk_wiz_0
    BUFGCTRL_X0Y1        BUFG (Prop_bufg_I_O)         0.096    -4.294 r  video_1/mmcm_adv_inst_display_clocks/inst/clkout1_buf/O
                         net (fo=63, routed)          1.828    -2.466    video_1/inst_dvid/CLK
    SLICE_X159Y139       FDRE                                         r  video_1/inst_dvid/latched_green_reg[0]/C
  -------------------------------------------------------------------    -------------------
    SLICE_X159Y139       FDRE (Prop_fdre_C_Q)         0.456    -2.010 r  video_1/inst_dvid/latched_green_reg[0]/Q
                         net (fo=5, routed)           1.959    -0.051    video_1/inst_dvid/latched_green[0]
    SLICE_X162Y139       LUT3 (Prop_lut3_I2_O)        0.148     0.097 r  video_1/inst_dvid/shift_green[1]_i_1/O
                         net (fo=1, routed)           0.000     0.097    video_1/inst_dvid/shift_green[1]
    SLICE_X162Y139       FDRE                                         r  video_1/inst_dvid/shift_green_reg[1]/D
  -------------------------------------------------------------------    -------------------

                         (clock clk_out2_clk_wiz_0 rise edge)
                                                      8.000     8.000 r  
    R4                   IBUF                         0.000     8.000 r  clk_IBUF_inst/O
                         net (fo=25, routed)          1.162     9.162    video_1/mmcm_adv_inst_display_clocks/inst/clk_in1
    MMCME2_ADV_X1Y2      MMCME2_ADV (Prop_mmcme2_adv_CLKIN1_CLKOUT1)
                                                     -7.674     1.488 r  video_1/mmcm_adv_inst_display_clocks/inst/mmcm_adv_inst/CLKOUT1
                         net (fo=1, routed)           1.723     3.211    video_1/mmcm_adv_inst_display_clocks/inst/clk_out2_clk_wiz_0
    BUFGCTRL_X0Y0        BUFG (Prop_bufg_I_O)         0.091     3.302 r  video_1/mmcm_adv_inst_display_clocks/inst/clkout2_buf/O
                         net (fo=44, routed)          1.711     5.014    video_1/inst_dvid/clk_out2
    SLICE_X162Y139       FDRE                                         r  video_1/inst_dvid/shift_green_reg[1]/C
                         clock pessimism              0.313     5.327    
                         clock uncertainty           -0.215     5.112    
    SLICE_X162Y139       FDRE (Setup_fdre_C_D)        0.118     5.230    video_1/inst_dvid/shift_green_reg[1]
  -------------------------------------------------------------------
                         required time                          5.230    
                         arrival time                          -0.097    
  -------------------------------------------------------------------
                         slack                                  5.133    





Min Delay Paths
--------------------------------------------------------------------------------------
Slack (MET) :             0.183ns  (arrival time - required time)
  Source:                 video_1/inst_dvid/latched_green_reg[8]/C
                            (rising edge-triggered cell FDRE clocked by clk_out1_clk_wiz_0  {rise@0.000ns fall@20.000ns period=40.000ns})
  Destination:            video_1/inst_dvid/shift_green_reg[8]/D
                            (rising edge-triggered cell FDRE clocked by clk_out2_clk_wiz_0  {rise@0.000ns fall@4.000ns period=8.000ns})
  Path Group:             clk_out2_clk_wiz_0
  Path Type:              Hold (Min at Fast Process Corner)
  Requirement:            0.000ns  (clk_out2_clk_wiz_0 rise@0.000ns - clk_out1_clk_wiz_0 rise@0.000ns)
  Data Path Delay:        0.780ns  (logic 0.141ns (18.067%)  route 0.639ns (81.933%))
  Logic Levels:           0  
  Clock Path Skew:        0.324ns (DCD - SCD - CPR)
    Destination Clock Delay (DCD):    -1.326ns
    Source Clock Delay      (SCD):    -0.897ns
    Clock Pessimism Removal (CPR):    -0.753ns
  Clock Uncertainty:      0.215ns  ((TSJ^2 + DJ^2)^1/2) / 2 + PE
    Total System Jitter     (TSJ):    0.071ns
    Discrete Jitter          (DJ):    0.175ns
    Phase Error              (PE):    0.120ns

    Location             Delay type                Incr(ns)  Path(ns)    Netlist Resource(s)
  -------------------------------------------------------------------    -------------------
                         (clock clk_out1_clk_wiz_0 rise edge)
                                                      0.000     0.000 r  
    R4                   IBUF                         0.000     0.000 r  clk_IBUF_inst/O
                         net (fo=25, routed)          0.440     0.440    video_1/mmcm_adv_inst_display_clocks/inst/clk_in1
    MMCME2_ADV_X1Y2      MMCME2_ADV (Prop_mmcme2_adv_CLKIN1_CLKOUT0)
                                                     -2.540    -2.099 r  video_1/mmcm_adv_inst_display_clocks/inst/mmcm_adv_inst/CLKOUT0
                         net (fo=1, routed)           0.531    -1.568    video_1/mmcm_adv_inst_display_clocks/inst/clk_out1_clk_wiz_0
    BUFGCTRL_X0Y1        BUFG (Prop_bufg_I_O)         0.026    -1.542 r  video_1/mmcm_adv_inst_display_clocks/inst/clkout1_buf/O
                         net (fo=63, routed)          0.646    -0.897    video_1/inst_dvid/CLK
    SLICE_X161Y138       FDRE                                         r  video_1/inst_dvid/latched_green_reg[8]/C
  -------------------------------------------------------------------    -------------------
    SLICE_X161Y138       FDRE (Prop_fdre_C_Q)         0.141    -0.756 r  video_1/inst_dvid/latched_green_reg[8]/Q
                         net (fo=1, routed)           0.639    -0.116    video_1/inst_dvid/latched_green[8]
    SLICE_X162Y138       FDRE                                         r  video_1/inst_dvid/shift_green_reg[8]/D
  -------------------------------------------------------------------    -------------------

                         (clock clk_out2_clk_wiz_0 rise edge)
                                                      0.000     0.000 r  
    R4                   IBUF                         0.000     0.000 r  clk_IBUF_inst/O
                         net (fo=25, routed)          0.480     0.480    video_1/mmcm_adv_inst_display_clocks/inst/clk_in1
    MMCME2_ADV_X1Y2      MMCME2_ADV (Prop_mmcme2_adv_CLKIN1_CLKOUT1)
                                                     -3.332    -2.852 r  video_1/mmcm_adv_inst_display_clocks/inst/mmcm_adv_inst/CLKOUT1
                         net (fo=1, routed)           0.579    -2.274    video_1/mmcm_adv_inst_display_clocks/inst/clk_out2_clk_wiz_0
    BUFGCTRL_X0Y0        BUFG (Prop_bufg_I_O)         0.029    -2.245 r  video_1/mmcm_adv_inst_display_clocks/inst/clkout2_buf/O
                         net (fo=44, routed)          0.919    -1.326    video_1/inst_dvid/clk_out2
    SLICE_X162Y138       FDRE                                         r  video_1/inst_dvid/shift_green_reg[8]/C
                         clock pessimism              0.753    -0.573    
                         clock uncertainty            0.215    -0.359    
    SLICE_X162Y138       FDRE (Hold_fdre_C_D)         0.059    -0.300    video_1/inst_dvid/shift_green_reg[8]
  -------------------------------------------------------------------
                         required time                          0.300    
                         arrival time                          -0.116    
  -------------------------------------------------------------------
                         slack                                  0.183    

Slack (MET) :             0.183ns  (arrival time - required time)
  Source:                 video_1/inst_dvid/latched_blue_reg[1]/C
                            (rising edge-triggered cell FDRE clocked by clk_out1_clk_wiz_0  {rise@0.000ns fall@20.000ns period=40.000ns})
  Destination:            video_1/inst_dvid/shift_blue_reg[3]/D
                            (rising edge-triggered cell FDRE clocked by clk_out2_clk_wiz_0  {rise@0.000ns fall@4.000ns period=8.000ns})
  Path Group:             clk_out2_clk_wiz_0
  Path Type:              Hold (Min at Fast Process Corner)
  Requirement:            0.000ns  (clk_out2_clk_wiz_0 rise@0.000ns - clk_out1_clk_wiz_0 rise@0.000ns)
  Data Path Delay:        0.853ns  (logic 0.186ns (21.814%)  route 0.667ns (78.186%))
  Logic Levels:           1  (LUT3=1)
  Clock Path Skew:        0.324ns (DCD - SCD - CPR)
    Destination Clock Delay (DCD):    -1.325ns
    Source Clock Delay      (SCD):    -0.896ns
    Clock Pessimism Removal (CPR):    -0.753ns
  Clock Uncertainty:      0.215ns  ((TSJ^2 + DJ^2)^1/2) / 2 + PE
    Total System Jitter     (TSJ):    0.071ns
    Discrete Jitter          (DJ):    0.175ns
    Phase Error              (PE):    0.120ns

    Location             Delay type                Incr(ns)  Path(ns)    Netlist Resource(s)
  -------------------------------------------------------------------    -------------------
                         (clock clk_out1_clk_wiz_0 rise edge)
                                                      0.000     0.000 r  
    R4                   IBUF                         0.000     0.000 r  clk_IBUF_inst/O
                         net (fo=25, routed)          0.440     0.440    video_1/mmcm_adv_inst_display_clocks/inst/clk_in1
    MMCME2_ADV_X1Y2      MMCME2_ADV (Prop_mmcme2_adv_CLKIN1_CLKOUT0)
                                                     -2.540    -2.099 r  video_1/mmcm_adv_inst_display_clocks/inst/mmcm_adv_inst/CLKOUT0
                         net (fo=1, routed)           0.531    -1.568    video_1/mmcm_adv_inst_display_clocks/inst/clk_out1_clk_wiz_0
    BUFGCTRL_X0Y1        BUFG (Prop_bufg_I_O)         0.026    -1.542 r  video_1/mmcm_adv_inst_display_clocks/inst/clkout1_buf/O
                         net (fo=63, routed)          0.647    -0.896    video_1/inst_dvid/CLK
    SLICE_X160Y140       FDRE                                         r  video_1/inst_dvid/latched_blue_reg[1]/C
  -------------------------------------------------------------------    -------------------
    SLICE_X160Y140       FDRE (Prop_fdre_C_Q)         0.141    -0.755 r  video_1/inst_dvid/latched_blue_reg[1]/Q
                         net (fo=4, routed)           0.667    -0.088    video_1/inst_dvid/latched_blue[1]
    SLICE_X162Y141       LUT3 (Prop_lut3_I2_O)        0.045    -0.043 r  video_1/inst_dvid/shift_blue[3]_i_1/O
                         net (fo=1, routed)           0.000    -0.043    video_1/inst_dvid/shift_blue[3]
    SLICE_X162Y141       FDRE                                         r  video_1/inst_dvid/shift_blue_reg[3]/D
  -------------------------------------------------------------------    -------------------

                         (clock clk_out2_clk_wiz_0 rise edge)
                                                      0.000     0.000 r  
    R4                   IBUF                         0.000     0.000 r  clk_IBUF_inst/O
                         net (fo=25, routed)          0.480     0.480    video_1/mmcm_adv_inst_display_clocks/inst/clk_in1
    MMCME2_ADV_X1Y2      MMCME2_ADV (Prop_mmcme2_adv_CLKIN1_CLKOUT1)
                                                     -3.332    -2.852 r  video_1/mmcm_adv_inst_display_clocks/inst/mmcm_adv_inst/CLKOUT1
                         net (fo=1, routed)           0.579    -2.274    video_1/mmcm_adv_inst_display_clocks/inst/clk_out2_clk_wiz_0
    BUFGCTRL_X0Y0        BUFG (Prop_bufg_I_O)         0.029    -2.245 r  video_1/mmcm_adv_inst_display_clocks/inst/clkout2_buf/O
                         net (fo=44, routed)          0.920    -1.325    video_1/inst_dvid/clk_out2
    SLICE_X162Y141       FDRE                                         r  video_1/inst_dvid/shift_blue_reg[3]/C
                         clock pessimism              0.753    -0.572    
                         clock uncertainty            0.215    -0.358    
    SLICE_X162Y141       FDRE (Hold_fdre_C_D)         0.131    -0.227    video_1/inst_dvid/shift_blue_reg[3]
  -------------------------------------------------------------------
                         required time                          0.227    
                         arrival time                          -0.043    
  -------------------------------------------------------------------
                         slack                                  0.183    

Slack (MET) :             0.184ns  (arrival time - required time)
  Source:                 video_1/inst_dvid/latched_red_reg[2]/C
                            (rising edge-triggered cell FDRE clocked by clk_out1_clk_wiz_0  {rise@0.000ns fall@20.000ns period=40.000ns})
  Destination:            video_1/inst_dvid/shift_red_reg[4]/D
                            (rising edge-triggered cell FDRE clocked by clk_out2_clk_wiz_0  {rise@0.000ns fall@4.000ns period=8.000ns})
  Path Group:             clk_out2_clk_wiz_0
  Path Type:              Hold (Min at Fast Process Corner)
  Requirement:            0.000ns  (clk_out2_clk_wiz_0 rise@0.000ns - clk_out1_clk_wiz_0 rise@0.000ns)
  Data Path Delay:        0.852ns  (logic 0.189ns (22.179%)  route 0.663ns (77.821%))
  Logic Levels:           1  (LUT3=1)
  Clock Path Skew:        0.323ns (DCD - SCD - CPR)
    Destination Clock Delay (DCD):    -1.329ns
    Source Clock Delay      (SCD):    -0.899ns
    Clock Pessimism Removal (CPR):    -0.753ns
  Clock Uncertainty:      0.215ns  ((TSJ^2 + DJ^2)^1/2) / 2 + PE
    Total System Jitter     (TSJ):    0.071ns
    Discrete Jitter          (DJ):    0.175ns
    Phase Error              (PE):    0.120ns

    Location             Delay type                Incr(ns)  Path(ns)    Netlist Resource(s)
  -------------------------------------------------------------------    -------------------
                         (clock clk_out1_clk_wiz_0 rise edge)
                                                      0.000     0.000 r  
    R4                   IBUF                         0.000     0.000 r  clk_IBUF_inst/O
                         net (fo=25, routed)          0.440     0.440    video_1/mmcm_adv_inst_display_clocks/inst/clk_in1
    MMCME2_ADV_X1Y2      MMCME2_ADV (Prop_mmcme2_adv_CLKIN1_CLKOUT0)
                                                     -2.540    -2.099 r  video_1/mmcm_adv_inst_display_clocks/inst/mmcm_adv_inst/CLKOUT0
                         net (fo=1, routed)           0.531    -1.568    video_1/mmcm_adv_inst_display_clocks/inst/clk_out1_clk_wiz_0
    BUFGCTRL_X0Y1        BUFG (Prop_bufg_I_O)         0.026    -1.542 r  video_1/mmcm_adv_inst_display_clocks/inst/clkout1_buf/O
                         net (fo=63, routed)          0.644    -0.899    video_1/inst_dvid/CLK
    SLICE_X160Y136       FDRE                                         r  video_1/inst_dvid/latched_red_reg[2]/C
  -------------------------------------------------------------------    -------------------
    SLICE_X160Y136       FDRE (Prop_fdre_C_Q)         0.141    -0.758 r  video_1/inst_dvid/latched_red_reg[2]/Q
                         net (fo=3, routed)           0.663    -0.095    video_1/inst_dvid/latched_red[2]
    SLICE_X162Y136       LUT3 (Prop_lut3_I2_O)        0.048    -0.047 r  video_1/inst_dvid/shift_red[4]_i_1/O
                         net (fo=1, routed)           0.000    -0.047    video_1/inst_dvid/shift_red[4]
    SLICE_X162Y136       FDRE                                         r  video_1/inst_dvid/shift_red_reg[4]/D
  -------------------------------------------------------------------    -------------------

                         (clock clk_out2_clk_wiz_0 rise edge)
                                                      0.000     0.000 r  
    R4                   IBUF                         0.000     0.000 r  clk_IBUF_inst/O
                         net (fo=25, routed)          0.480     0.480    video_1/mmcm_adv_inst_display_clocks/inst/clk_in1
    MMCME2_ADV_X1Y2      MMCME2_ADV (Prop_mmcme2_adv_CLKIN1_CLKOUT1)
                                                     -3.332    -2.852 r  video_1/mmcm_adv_inst_display_clocks/inst/mmcm_adv_inst/CLKOUT1
                         net (fo=1, routed)           0.579    -2.274    video_1/mmcm_adv_inst_display_clocks/inst/clk_out2_clk_wiz_0
    BUFGCTRL_X0Y0        BUFG (Prop_bufg_I_O)         0.029    -2.245 r  video_1/mmcm_adv_inst_display_clocks/inst/clkout2_buf/O
                         net (fo=44, routed)          0.916    -1.329    video_1/inst_dvid/clk_out2
    SLICE_X162Y136       FDRE                                         r  video_1/inst_dvid/shift_red_reg[4]/C
                         clock pessimism              0.753    -0.576    
                         clock uncertainty            0.215    -0.362    
    SLICE_X162Y136       FDRE (Hold_fdre_C_D)         0.131    -0.231    video_1/inst_dvid/shift_red_reg[4]
  -------------------------------------------------------------------
                         required time                          0.231    
                         arrival time                          -0.047    
  -------------------------------------------------------------------
                         slack                                  0.184    

Slack (MET) :             0.187ns  (arrival time - required time)
  Source:                 video_1/inst_dvid/latched_blue_reg[1]/C
                            (rising edge-triggered cell FDRE clocked by clk_out1_clk_wiz_0  {rise@0.000ns fall@20.000ns period=40.000ns})
  Destination:            video_1/inst_dvid/shift_blue_reg[1]/D
                            (rising edge-triggered cell FDRE clocked by clk_out2_clk_wiz_0  {rise@0.000ns fall@4.000ns period=8.000ns})
  Path Group:             clk_out2_clk_wiz_0
  Path Type:              Hold (Min at Fast Process Corner)
  Requirement:            0.000ns  (clk_out2_clk_wiz_0 rise@0.000ns - clk_out1_clk_wiz_0 rise@0.000ns)
  Data Path Delay:        0.857ns  (logic 0.185ns (21.596%)  route 0.672ns (78.404%))
  Logic Levels:           1  (LUT3=1)
  Clock Path Skew:        0.324ns (DCD - SCD - CPR)
    Destination Clock Delay (DCD):    -1.325ns
    Source Clock Delay      (SCD):    -0.896ns
    Clock Pessimism Removal (CPR):    -0.753ns
  Clock Uncertainty:      0.215ns  ((TSJ^2 + DJ^2)^1/2) / 2 + PE
    Total System Jitter     (TSJ):    0.071ns
    Discrete Jitter          (DJ):    0.175ns
    Phase Error              (PE):    0.120ns

    Location             Delay type                Incr(ns)  Path(ns)    Netlist Resource(s)
  -------------------------------------------------------------------    -------------------
                         (clock clk_out1_clk_wiz_0 rise edge)
                                                      0.000     0.000 r  
    R4                   IBUF                         0.000     0.000 r  clk_IBUF_inst/O
                         net (fo=25, routed)          0.440     0.440    video_1/mmcm_adv_inst_display_clocks/inst/clk_in1
    MMCME2_ADV_X1Y2      MMCME2_ADV (Prop_mmcme2_adv_CLKIN1_CLKOUT0)
                                                     -2.540    -2.099 r  video_1/mmcm_adv_inst_display_clocks/inst/mmcm_adv_inst/CLKOUT0
                         net (fo=1, routed)           0.531    -1.568    video_1/mmcm_adv_inst_display_clocks/inst/clk_out1_clk_wiz_0
    BUFGCTRL_X0Y1        BUFG (Prop_bufg_I_O)         0.026    -1.542 r  video_1/mmcm_adv_inst_display_clocks/inst/clkout1_buf/O
                         net (fo=63, routed)          0.647    -0.896    video_1/inst_dvid/CLK
    SLICE_X160Y140       FDRE                                         r  video_1/inst_dvid/latched_blue_reg[1]/C
  -------------------------------------------------------------------    -------------------
    SLICE_X160Y140       FDRE (Prop_fdre_C_Q)         0.141    -0.755 r  video_1/inst_dvid/latched_blue_reg[1]/Q
                         net (fo=4, routed)           0.672    -0.083    video_1/inst_dvid/latched_blue[1]
    SLICE_X162Y141       LUT3 (Prop_lut3_I2_O)        0.044    -0.039 r  video_1/inst_dvid/shift_blue[1]_i_1/O
                         net (fo=1, routed)           0.000    -0.039    video_1/inst_dvid/shift_blue[1]
    SLICE_X162Y141       FDRE                                         r  video_1/inst_dvid/shift_blue_reg[1]/D
  -------------------------------------------------------------------    -------------------

                         (clock clk_out2_clk_wiz_0 rise edge)
                                                      0.000     0.000 r  
    R4                   IBUF                         0.000     0.000 r  clk_IBUF_inst/O
                         net (fo=25, routed)          0.480     0.480    video_1/mmcm_adv_inst_display_clocks/inst/clk_in1
    MMCME2_ADV_X1Y2      MMCME2_ADV (Prop_mmcme2_adv_CLKIN1_CLKOUT1)
                                                     -3.332    -2.852 r  video_1/mmcm_adv_inst_display_clocks/inst/mmcm_adv_inst/CLKOUT1
                         net (fo=1, routed)           0.579    -2.274    video_1/mmcm_adv_inst_display_clocks/inst/clk_out2_clk_wiz_0
    BUFGCTRL_X0Y0        BUFG (Prop_bufg_I_O)         0.029    -2.245 r  video_1/mmcm_adv_inst_display_clocks/inst/clkout2_buf/O
                         net (fo=44, routed)          0.920    -1.325    video_1/inst_dvid/clk_out2
    SLICE_X162Y141       FDRE                                         r  video_1/inst_dvid/shift_blue_reg[1]/C
                         clock pessimism              0.753    -0.572    
                         clock uncertainty            0.215    -0.358    
    SLICE_X162Y141       FDRE (Hold_fdre_C_D)         0.131    -0.227    video_1/inst_dvid/shift_blue_reg[1]
  -------------------------------------------------------------------
                         required time                          0.227    
                         arrival time                          -0.039    
  -------------------------------------------------------------------
                         slack                                  0.187    

Slack (MET) :             0.190ns  (arrival time - required time)
  Source:                 video_1/inst_dvid/latched_green_reg[9]/C
                            (rising edge-triggered cell FDRE clocked by clk_out1_clk_wiz_0  {rise@0.000ns fall@20.000ns period=40.000ns})
  Destination:            video_1/inst_dvid/shift_green_reg[9]/D
                            (rising edge-triggered cell FDRE clocked by clk_out2_clk_wiz_0  {rise@0.000ns fall@4.000ns period=8.000ns})
  Path Group:             clk_out2_clk_wiz_0
  Path Type:              Hold (Min at Fast Process Corner)
  Requirement:            0.000ns  (clk_out2_clk_wiz_0 rise@0.000ns - clk_out1_clk_wiz_0 rise@0.000ns)
  Data Path Delay:        0.780ns  (logic 0.141ns (18.067%)  route 0.639ns (81.933%))
  Logic Levels:           0  
  Clock Path Skew:        0.324ns (DCD - SCD - CPR)
    Destination Clock Delay (DCD):    -1.326ns
    Source Clock Delay      (SCD):    -0.897ns
    Clock Pessimism Removal (CPR):    -0.753ns
  Clock Uncertainty:      0.215ns  ((TSJ^2 + DJ^2)^1/2) / 2 + PE
    Total System Jitter     (TSJ):    0.071ns
    Discrete Jitter          (DJ):    0.175ns
    Phase Error              (PE):    0.120ns

    Location             Delay type                Incr(ns)  Path(ns)    Netlist Resource(s)
  -------------------------------------------------------------------    -------------------
                         (clock clk_out1_clk_wiz_0 rise edge)
                                                      0.000     0.000 r  
    R4                   IBUF                         0.000     0.000 r  clk_IBUF_inst/O
                         net (fo=25, routed)          0.440     0.440    video_1/mmcm_adv_inst_display_clocks/inst/clk_in1
    MMCME2_ADV_X1Y2      MMCME2_ADV (Prop_mmcme2_adv_CLKIN1_CLKOUT0)
                                                     -2.540    -2.099 r  video_1/mmcm_adv_inst_display_clocks/inst/mmcm_adv_inst/CLKOUT0
                         net (fo=1, routed)           0.531    -1.568    video_1/mmcm_adv_inst_display_clocks/inst/clk_out1_clk_wiz_0
    BUFGCTRL_X0Y1        BUFG (Prop_bufg_I_O)         0.026    -1.542 r  video_1/mmcm_adv_inst_display_clocks/inst/clkout1_buf/O
                         net (fo=63, routed)          0.646    -0.897    video_1/inst_dvid/CLK
    SLICE_X161Y138       FDRE                                         r  video_1/inst_dvid/latched_green_reg[9]/C
  -------------------------------------------------------------------    -------------------
    SLICE_X161Y138       FDRE (Prop_fdre_C_Q)         0.141    -0.756 r  video_1/inst_dvid/latched_green_reg[9]/Q
                         net (fo=1, routed)           0.639    -0.116    video_1/inst_dvid/latched_green[9]
    SLICE_X162Y138       FDRE                                         r  video_1/inst_dvid/shift_green_reg[9]/D
  -------------------------------------------------------------------    -------------------

                         (clock clk_out2_clk_wiz_0 rise edge)
                                                      0.000     0.000 r  
    R4                   IBUF                         0.000     0.000 r  clk_IBUF_inst/O
                         net (fo=25, routed)          0.480     0.480    video_1/mmcm_adv_inst_display_clocks/inst/clk_in1
    MMCME2_ADV_X1Y2      MMCME2_ADV (Prop_mmcme2_adv_CLKIN1_CLKOUT1)
                                                     -3.332    -2.852 r  video_1/mmcm_adv_inst_display_clocks/inst/mmcm_adv_inst/CLKOUT1
                         net (fo=1, routed)           0.579    -2.274    video_1/mmcm_adv_inst_display_clocks/inst/clk_out2_clk_wiz_0
    BUFGCTRL_X0Y0        BUFG (Prop_bufg_I_O)         0.029    -2.245 r  video_1/mmcm_adv_inst_display_clocks/inst/clkout2_buf/O
                         net (fo=44, routed)          0.919    -1.326    video_1/inst_dvid/clk_out2
    SLICE_X162Y138       FDRE                                         r  video_1/inst_dvid/shift_green_reg[9]/C
                         clock pessimism              0.753    -0.573    
                         clock uncertainty            0.215    -0.359    
    SLICE_X162Y138       FDRE (Hold_fdre_C_D)         0.052    -0.307    video_1/inst_dvid/shift_green_reg[9]
  -------------------------------------------------------------------
                         required time                          0.307    
                         arrival time                          -0.116    
  -------------------------------------------------------------------
                         slack                                  0.190    

Slack (MET) :             0.192ns  (arrival time - required time)
  Source:                 video_1/inst_dvid/latched_red_reg[2]/C
                            (rising edge-triggered cell FDRE clocked by clk_out1_clk_wiz_0  {rise@0.000ns fall@20.000ns period=40.000ns})
  Destination:            video_1/inst_dvid/shift_red_reg[2]/D
                            (rising edge-triggered cell FDRE clocked by clk_out2_clk_wiz_0  {rise@0.000ns fall@4.000ns period=8.000ns})
  Path Group:             clk_out2_clk_wiz_0
  Path Type:              Hold (Min at Fast Process Corner)
  Requirement:            0.000ns  (clk_out2_clk_wiz_0 rise@0.000ns - clk_out1_clk_wiz_0 rise@0.000ns)
  Data Path Delay:        0.849ns  (logic 0.186ns (21.904%)  route 0.663ns (78.096%))
  Logic Levels:           1  (LUT3=1)
  Clock Path Skew:        0.323ns (DCD - SCD - CPR)
    Destination Clock Delay (DCD):    -1.329ns
    Source Clock Delay      (SCD):    -0.899ns
    Clock Pessimism Removal (CPR):    -0.753ns
  Clock Uncertainty:      0.215ns  ((TSJ^2 + DJ^2)^1/2) / 2 + PE
    Total System Jitter     (TSJ):    0.071ns
    Discrete Jitter          (DJ):    0.175ns
    Phase Error              (PE):    0.120ns

    Location             Delay type                Incr(ns)  Path(ns)    Netlist Resource(s)
  -------------------------------------------------------------------    -------------------
                         (clock clk_out1_clk_wiz_0 rise edge)
                                                      0.000     0.000 r  
    R4                   IBUF                         0.000     0.000 r  clk_IBUF_inst/O
                         net (fo=25, routed)          0.440     0.440    video_1/mmcm_adv_inst_display_clocks/inst/clk_in1
    MMCME2_ADV_X1Y2      MMCME2_ADV (Prop_mmcme2_adv_CLKIN1_CLKOUT0)
                                                     -2.540    -2.099 r  video_1/mmcm_adv_inst_display_clocks/inst/mmcm_adv_inst/CLKOUT0
                         net (fo=1, routed)           0.531    -1.568    video_1/mmcm_adv_inst_display_clocks/inst/clk_out1_clk_wiz_0
    BUFGCTRL_X0Y1        BUFG (Prop_bufg_I_O)         0.026    -1.542 r  video_1/mmcm_adv_inst_display_clocks/inst/clkout1_buf/O
                         net (fo=63, routed)          0.644    -0.899    video_1/inst_dvid/CLK
    SLICE_X160Y136       FDRE                                         r  video_1/inst_dvid/latched_red_reg[2]/C
  -------------------------------------------------------------------    -------------------
    SLICE_X160Y136       FDRE (Prop_fdre_C_Q)         0.141    -0.758 r  video_1/inst_dvid/latched_red_reg[2]/Q
                         net (fo=3, routed)           0.663    -0.095    video_1/inst_dvid/latched_red[2]
    SLICE_X162Y136       LUT3 (Prop_lut3_I2_O)        0.045    -0.050 r  video_1/inst_dvid/shift_red[2]_i_1/O
                         net (fo=1, routed)           0.000    -0.050    video_1/inst_dvid/shift_red[2]
    SLICE_X162Y136       FDRE                                         r  video_1/inst_dvid/shift_red_reg[2]/D
  -------------------------------------------------------------------    -------------------

                         (clock clk_out2_clk_wiz_0 rise edge)
                                                      0.000     0.000 r  
    R4                   IBUF                         0.000     0.000 r  clk_IBUF_inst/O
                         net (fo=25, routed)          0.480     0.480    video_1/mmcm_adv_inst_display_clocks/inst/clk_in1
    MMCME2_ADV_X1Y2      MMCME2_ADV (Prop_mmcme2_adv_CLKIN1_CLKOUT1)
                                                     -3.332    -2.852 r  video_1/mmcm_adv_inst_display_clocks/inst/mmcm_adv_inst/CLKOUT1
                         net (fo=1, routed)           0.579    -2.274    video_1/mmcm_adv_inst_display_clocks/inst/clk_out2_clk_wiz_0
    BUFGCTRL_X0Y0        BUFG (Prop_bufg_I_O)         0.029    -2.245 r  video_1/mmcm_adv_inst_display_clocks/inst/clkout2_buf/O
                         net (fo=44, routed)          0.916    -1.329    video_1/inst_dvid/clk_out2
    SLICE_X162Y136       FDRE                                         r  video_1/inst_dvid/shift_red_reg[2]/C
                         clock pessimism              0.753    -0.576    
                         clock uncertainty            0.215    -0.362    
    SLICE_X162Y136       FDRE (Hold_fdre_C_D)         0.120    -0.242    video_1/inst_dvid/shift_red_reg[2]
  -------------------------------------------------------------------
                         required time                          0.242    
                         arrival time                          -0.050    
  -------------------------------------------------------------------
                         slack                                  0.192    

Slack (MET) :             0.200ns  (arrival time - required time)
  Source:                 video_1/inst_dvid/latched_blue_reg[1]/C
                            (rising edge-triggered cell FDRE clocked by clk_out1_clk_wiz_0  {rise@0.000ns fall@20.000ns period=40.000ns})
  Destination:            video_1/inst_dvid/shift_blue_reg[7]/D
                            (rising edge-triggered cell FDRE clocked by clk_out2_clk_wiz_0  {rise@0.000ns fall@4.000ns period=8.000ns})
  Path Group:             clk_out2_clk_wiz_0
  Path Type:              Hold (Min at Fast Process Corner)
  Requirement:            0.000ns  (clk_out2_clk_wiz_0 rise@0.000ns - clk_out1_clk_wiz_0 rise@0.000ns)
  Data Path Delay:        0.869ns  (logic 0.189ns (21.749%)  route 0.680ns (78.251%))
  Logic Levels:           1  (LUT3=1)
  Clock Path Skew:        0.324ns (DCD - SCD - CPR)
    Destination Clock Delay (DCD):    -1.325ns
    Source Clock Delay      (SCD):    -0.896ns
    Clock Pessimism Removal (CPR):    -0.753ns
  Clock Uncertainty:      0.215ns  ((TSJ^2 + DJ^2)^1/2) / 2 + PE
    Total System Jitter     (TSJ):    0.071ns
    Discrete Jitter          (DJ):    0.175ns
    Phase Error              (PE):    0.120ns

    Location             Delay type                Incr(ns)  Path(ns)    Netlist Resource(s)
  -------------------------------------------------------------------    -------------------
                         (clock clk_out1_clk_wiz_0 rise edge)
                                                      0.000     0.000 r  
    R4                   IBUF                         0.000     0.000 r  clk_IBUF_inst/O
                         net (fo=25, routed)          0.440     0.440    video_1/mmcm_adv_inst_display_clocks/inst/clk_in1
    MMCME2_ADV_X1Y2      MMCME2_ADV (Prop_mmcme2_adv_CLKIN1_CLKOUT0)
                                                     -2.540    -2.099 r  video_1/mmcm_adv_inst_display_clocks/inst/mmcm_adv_inst/CLKOUT0
                         net (fo=1, routed)           0.531    -1.568    video_1/mmcm_adv_inst_display_clocks/inst/clk_out1_clk_wiz_0
    BUFGCTRL_X0Y1        BUFG (Prop_bufg_I_O)         0.026    -1.542 r  video_1/mmcm_adv_inst_display_clocks/inst/clkout1_buf/O
                         net (fo=63, routed)          0.647    -0.896    video_1/inst_dvid/CLK
    SLICE_X160Y140       FDRE                                         r  video_1/inst_dvid/latched_blue_reg[1]/C
  -------------------------------------------------------------------    -------------------
    SLICE_X160Y140       FDRE (Prop_fdre_C_Q)         0.141    -0.755 r  video_1/inst_dvid/latched_blue_reg[1]/Q
                         net (fo=4, routed)           0.680    -0.075    video_1/inst_dvid/latched_blue[1]
    SLICE_X162Y141       LUT3 (Prop_lut3_I2_O)        0.048    -0.027 r  video_1/inst_dvid/shift_blue[7]_i_1/O
                         net (fo=1, routed)           0.000    -0.027    video_1/inst_dvid/shift_blue[7]
    SLICE_X162Y141       FDRE                                         r  video_1/inst_dvid/shift_blue_reg[7]/D
  -------------------------------------------------------------------    -------------------

                         (clock clk_out2_clk_wiz_0 rise edge)
                                                      0.000     0.000 r  
    R4                   IBUF                         0.000     0.000 r  clk_IBUF_inst/O
                         net (fo=25, routed)          0.480     0.480    video_1/mmcm_adv_inst_display_clocks/inst/clk_in1
    MMCME2_ADV_X1Y2      MMCME2_ADV (Prop_mmcme2_adv_CLKIN1_CLKOUT1)
                                                     -3.332    -2.852 r  video_1/mmcm_adv_inst_display_clocks/inst/mmcm_adv_inst/CLKOUT1
                         net (fo=1, routed)           0.579    -2.274    video_1/mmcm_adv_inst_display_clocks/inst/clk_out2_clk_wiz_0
    BUFGCTRL_X0Y0        BUFG (Prop_bufg_I_O)         0.029    -2.245 r  video_1/mmcm_adv_inst_display_clocks/inst/clkout2_buf/O
                         net (fo=44, routed)          0.920    -1.325    video_1/inst_dvid/clk_out2
    SLICE_X162Y141       FDRE                                         r  video_1/inst_dvid/shift_blue_reg[7]/C
                         clock pessimism              0.753    -0.572    
                         clock uncertainty            0.215    -0.358    
    SLICE_X162Y141       FDRE (Hold_fdre_C_D)         0.131    -0.227    video_1/inst_dvid/shift_blue_reg[7]
  -------------------------------------------------------------------
                         required time                          0.227    
                         arrival time                          -0.027    
  -------------------------------------------------------------------
                         slack                                  0.200    

Slack (MET) :             0.207ns  (arrival time - required time)
  Source:                 video_1/inst_dvid/latched_blue_reg[1]/C
                            (rising edge-triggered cell FDRE clocked by clk_out1_clk_wiz_0  {rise@0.000ns fall@20.000ns period=40.000ns})
  Destination:            video_1/inst_dvid/shift_blue_reg[5]/D
                            (rising edge-triggered cell FDRE clocked by clk_out2_clk_wiz_0  {rise@0.000ns fall@4.000ns period=8.000ns})
  Path Group:             clk_out2_clk_wiz_0
  Path Type:              Hold (Min at Fast Process Corner)
  Requirement:            0.000ns  (clk_out2_clk_wiz_0 rise@0.000ns - clk_out1_clk_wiz_0 rise@0.000ns)
  Data Path Delay:        0.866ns  (logic 0.186ns (21.478%)  route 0.680ns (78.522%))
  Logic Levels:           1  (LUT3=1)
  Clock Path Skew:        0.324ns (DCD - SCD - CPR)
    Destination Clock Delay (DCD):    -1.325ns
    Source Clock Delay      (SCD):    -0.896ns
    Clock Pessimism Removal (CPR):    -0.753ns
  Clock Uncertainty:      0.215ns  ((TSJ^2 + DJ^2)^1/2) / 2 + PE
    Total System Jitter     (TSJ):    0.071ns
    Discrete Jitter          (DJ):    0.175ns
    Phase Error              (PE):    0.120ns

    Location             Delay type                Incr(ns)  Path(ns)    Netlist Resource(s)
  -------------------------------------------------------------------    -------------------
                         (clock clk_out1_clk_wiz_0 rise edge)
                                                      0.000     0.000 r  
    R4                   IBUF                         0.000     0.000 r  clk_IBUF_inst/O
                         net (fo=25, routed)          0.440     0.440    video_1/mmcm_adv_inst_display_clocks/inst/clk_in1
    MMCME2_ADV_X1Y2      MMCME2_ADV (Prop_mmcme2_adv_CLKIN1_CLKOUT0)
                                                     -2.540    -2.099 r  video_1/mmcm_adv_inst_display_clocks/inst/mmcm_adv_inst/CLKOUT0
                         net (fo=1, routed)           0.531    -1.568    video_1/mmcm_adv_inst_display_clocks/inst/clk_out1_clk_wiz_0
    BUFGCTRL_X0Y1        BUFG (Prop_bufg_I_O)         0.026    -1.542 r  video_1/mmcm_adv_inst_display_clocks/inst/clkout1_buf/O
                         net (fo=63, routed)          0.647    -0.896    video_1/inst_dvid/CLK
    SLICE_X160Y140       FDRE                                         r  video_1/inst_dvid/latched_blue_reg[1]/C
  -------------------------------------------------------------------    -------------------
    SLICE_X160Y140       FDRE (Prop_fdre_C_Q)         0.141    -0.755 r  video_1/inst_dvid/latched_blue_reg[1]/Q
                         net (fo=4, routed)           0.680    -0.075    video_1/inst_dvid/latched_blue[1]
    SLICE_X162Y141       LUT3 (Prop_lut3_I2_O)        0.045    -0.030 r  video_1/inst_dvid/shift_blue[5]_i_1/O
                         net (fo=1, routed)           0.000    -0.030    video_1/inst_dvid/shift_blue[5]
    SLICE_X162Y141       FDRE                                         r  video_1/inst_dvid/shift_blue_reg[5]/D
  -------------------------------------------------------------------    -------------------

                         (clock clk_out2_clk_wiz_0 rise edge)
                                                      0.000     0.000 r  
    R4                   IBUF                         0.000     0.000 r  clk_IBUF_inst/O
                         net (fo=25, routed)          0.480     0.480    video_1/mmcm_adv_inst_display_clocks/inst/clk_in1
    MMCME2_ADV_X1Y2      MMCME2_ADV (Prop_mmcme2_adv_CLKIN1_CLKOUT1)
                                                     -3.332    -2.852 r  video_1/mmcm_adv_inst_display_clocks/inst/mmcm_adv_inst/CLKOUT1
                         net (fo=1, routed)           0.579    -2.274    video_1/mmcm_adv_inst_display_clocks/inst/clk_out2_clk_wiz_0
    BUFGCTRL_X0Y0        BUFG (Prop_bufg_I_O)         0.029    -2.245 r  video_1/mmcm_adv_inst_display_clocks/inst/clkout2_buf/O
                         net (fo=44, routed)          0.920    -1.325    video_1/inst_dvid/clk_out2
    SLICE_X162Y141       FDRE                                         r  video_1/inst_dvid/shift_blue_reg[5]/C
                         clock pessimism              0.753    -0.572    
                         clock uncertainty            0.215    -0.358    
    SLICE_X162Y141       FDRE (Hold_fdre_C_D)         0.121    -0.237    video_1/inst_dvid/shift_blue_reg[5]
  -------------------------------------------------------------------
                         required time                          0.237    
                         arrival time                          -0.030    
  -------------------------------------------------------------------
                         slack                                  0.207    

Slack (MET) :             0.215ns  (arrival time - required time)
  Source:                 video_1/inst_dvid/latched_blue_reg[9]/C
                            (rising edge-triggered cell FDRE clocked by clk_out1_clk_wiz_0  {rise@0.000ns fall@20.000ns period=40.000ns})
  Destination:            video_1/inst_dvid/shift_blue_reg[9]/D
                            (rising edge-triggered cell FDRE clocked by clk_out2_clk_wiz_0  {rise@0.000ns fall@4.000ns period=8.000ns})
  Path Group:             clk_out2_clk_wiz_0
  Path Type:              Hold (Min at Fast Process Corner)
  Requirement:            0.000ns  (clk_out2_clk_wiz_0 rise@0.000ns - clk_out1_clk_wiz_0 rise@0.000ns)
  Data Path Delay:        0.806ns  (logic 0.141ns (17.496%)  route 0.665ns (82.504%))
  Logic Levels:           0  
  Clock Path Skew:        0.325ns (DCD - SCD - CPR)
    Destination Clock Delay (DCD):    -1.325ns
    Source Clock Delay      (SCD):    -0.897ns
    Clock Pessimism Removal (CPR):    -0.753ns
  Clock Uncertainty:      0.215ns  ((TSJ^2 + DJ^2)^1/2) / 2 + PE
    Total System Jitter     (TSJ):    0.071ns
    Discrete Jitter          (DJ):    0.175ns
    Phase Error              (PE):    0.120ns

    Location             Delay type                Incr(ns)  Path(ns)    Netlist Resource(s)
  -------------------------------------------------------------------    -------------------
                         (clock clk_out1_clk_wiz_0 rise edge)
                                                      0.000     0.000 r  
    R4                   IBUF                         0.000     0.000 r  clk_IBUF_inst/O
                         net (fo=25, routed)          0.440     0.440    video_1/mmcm_adv_inst_display_clocks/inst/clk_in1
    MMCME2_ADV_X1Y2      MMCME2_ADV (Prop_mmcme2_adv_CLKIN1_CLKOUT0)
                                                     -2.540    -2.099 r  video_1/mmcm_adv_inst_display_clocks/inst/mmcm_adv_inst/CLKOUT0
                         net (fo=1, routed)           0.531    -1.568    video_1/mmcm_adv_inst_display_clocks/inst/clk_out1_clk_wiz_0
    BUFGCTRL_X0Y1        BUFG (Prop_bufg_I_O)         0.026    -1.542 r  video_1/mmcm_adv_inst_display_clocks/inst/clkout1_buf/O
                         net (fo=63, routed)          0.646    -0.897    video_1/inst_dvid/CLK
    SLICE_X161Y139       FDRE                                         r  video_1/inst_dvid/latched_blue_reg[9]/C
  -------------------------------------------------------------------    -------------------
    SLICE_X161Y139       FDRE (Prop_fdre_C_Q)         0.141    -0.756 r  video_1/inst_dvid/latched_blue_reg[9]/Q
                         net (fo=1, routed)           0.665    -0.091    video_1/inst_dvid/latched_blue[9]
    SLICE_X162Y140       FDRE                                         r  video_1/inst_dvid/shift_blue_reg[9]/D
  -------------------------------------------------------------------    -------------------

                         (clock clk_out2_clk_wiz_0 rise edge)
                                                      0.000     0.000 r  
    R4                   IBUF                         0.000     0.000 r  clk_IBUF_inst/O
                         net (fo=25, routed)          0.480     0.480    video_1/mmcm_adv_inst_display_clocks/inst/clk_in1
    MMCME2_ADV_X1Y2      MMCME2_ADV (Prop_mmcme2_adv_CLKIN1_CLKOUT1)
                                                     -3.332    -2.852 r  video_1/mmcm_adv_inst_display_clocks/inst/mmcm_adv_inst/CLKOUT1
                         net (fo=1, routed)           0.579    -2.274    video_1/mmcm_adv_inst_display_clocks/inst/clk_out2_clk_wiz_0
    BUFGCTRL_X0Y0        BUFG (Prop_bufg_I_O)         0.029    -2.245 r  video_1/mmcm_adv_inst_display_clocks/inst/clkout2_buf/O
                         net (fo=44, routed)          0.920    -1.325    video_1/inst_dvid/clk_out2
    SLICE_X162Y140       FDRE                                         r  video_1/inst_dvid/shift_blue_reg[9]/C
                         clock pessimism              0.753    -0.572    
                         clock uncertainty            0.215    -0.358    
    SLICE_X162Y140       FDRE (Hold_fdre_C_D)         0.052    -0.306    video_1/inst_dvid/shift_blue_reg[9]
  -------------------------------------------------------------------
                         required time                          0.306    
                         arrival time                          -0.091    
  -------------------------------------------------------------------
                         slack                                  0.215    

Slack (MET) :             0.216ns  (arrival time - required time)
  Source:                 video_1/inst_dvid/latched_red_reg[8]/C
                            (rising edge-triggered cell FDRE clocked by clk_out1_clk_wiz_0  {rise@0.000ns fall@20.000ns period=40.000ns})
  Destination:            video_1/inst_dvid/shift_red_reg[8]/D
                            (rising edge-triggered cell FDRE clocked by clk_out2_clk_wiz_0  {rise@0.000ns fall@4.000ns period=8.000ns})
  Path Group:             clk_out2_clk_wiz_0
  Path Type:              Hold (Min at Fast Process Corner)
  Requirement:            0.000ns  (clk_out2_clk_wiz_0 rise@0.000ns - clk_out1_clk_wiz_0 rise@0.000ns)
  Data Path Delay:        0.824ns  (logic 0.141ns (17.118%)  route 0.683ns (82.882%))
  Logic Levels:           0  
  Clock Path Skew:        0.323ns (DCD - SCD - CPR)
    Destination Clock Delay (DCD):    -1.329ns
    Source Clock Delay      (SCD):    -0.899ns
    Clock Pessimism Removal (CPR):    -0.753ns
  Clock Uncertainty:      0.215ns  ((TSJ^2 + DJ^2)^1/2) / 2 + PE
    Total System Jitter     (TSJ):    0.071ns
    Discrete Jitter          (DJ):    0.175ns
    Phase Error              (PE):    0.120ns

    Location             Delay type                Incr(ns)  Path(ns)    Netlist Resource(s)
  -------------------------------------------------------------------    -------------------
                         (clock clk_out1_clk_wiz_0 rise edge)
                                                      0.000     0.000 r  
    R4                   IBUF                         0.000     0.000 r  clk_IBUF_inst/O
                         net (fo=25, routed)          0.440     0.440    video_1/mmcm_adv_inst_display_clocks/inst/clk_in1
    MMCME2_ADV_X1Y2      MMCME2_ADV (Prop_mmcme2_adv_CLKIN1_CLKOUT0)
                                                     -2.540    -2.099 r  video_1/mmcm_adv_inst_display_clocks/inst/mmcm_adv_inst/CLKOUT0
                         net (fo=1, routed)           0.531    -1.568    video_1/mmcm_adv_inst_display_clocks/inst/clk_out1_clk_wiz_0
    BUFGCTRL_X0Y1        BUFG (Prop_bufg_I_O)         0.026    -1.542 r  video_1/mmcm_adv_inst_display_clocks/inst/clkout1_buf/O
                         net (fo=63, routed)          0.644    -0.899    video_1/inst_dvid/CLK
    SLICE_X160Y136       FDRE                                         r  video_1/inst_dvid/latched_red_reg[8]/C
  -------------------------------------------------------------------    -------------------
    SLICE_X160Y136       FDRE (Prop_fdre_C_Q)         0.141    -0.758 r  video_1/inst_dvid/latched_red_reg[8]/Q
                         net (fo=1, routed)           0.683    -0.075    video_1/inst_dvid/latched_red[8]
    SLICE_X161Y136       FDRE                                         r  video_1/inst_dvid/shift_red_reg[8]/D
  -------------------------------------------------------------------    -------------------

                         (clock clk_out2_clk_wiz_0 rise edge)
                                                      0.000     0.000 r  
    R4                   IBUF                         0.000     0.000 r  clk_IBUF_inst/O
                         net (fo=25, routed)          0.480     0.480    video_1/mmcm_adv_inst_display_clocks/inst/clk_in1
    MMCME2_ADV_X1Y2      MMCME2_ADV (Prop_mmcme2_adv_CLKIN1_CLKOUT1)
                                                     -3.332    -2.852 r  video_1/mmcm_adv_inst_display_clocks/inst/mmcm_adv_inst/CLKOUT1
                         net (fo=1, routed)           0.579    -2.274    video_1/mmcm_adv_inst_display_clocks/inst/clk_out2_clk_wiz_0
    BUFGCTRL_X0Y0        BUFG (Prop_bufg_I_O)         0.029    -2.245 r  video_1/mmcm_adv_inst_display_clocks/inst/clkout2_buf/O
                         net (fo=44, routed)          0.916    -1.329    video_1/inst_dvid/clk_out2
    SLICE_X161Y136       FDRE                                         r  video_1/inst_dvid/shift_red_reg[8]/C
                         clock pessimism              0.753    -0.576    
                         clock uncertainty            0.215    -0.362    
    SLICE_X161Y136       FDRE (Hold_fdre_C_D)         0.070    -0.292    video_1/inst_dvid/shift_red_reg[8]
  -------------------------------------------------------------------
                         required time                          0.292    
                         arrival time                          -0.075    
  -------------------------------------------------------------------
                         slack                                  0.216    





--------------------------------------------------------------------------------------
Path Group:  (none)
From Clock:  
  To Clock:  

Max Delay            64 Endpoints
Min Delay            64 Endpoints
--------------------------------------------------------------------------------------


Max Delay Paths
--------------------------------------------------------------------------------------
Slack:                    inf
  Source:                 btn[3]
                            (input port)
  Destination:            num_step_t/process_q_reg[9]/D
  Path Group:             (none)
  Path Type:              Max at Slow Process Corner
  Data Path Delay:        12.536ns  (logic 2.503ns (19.963%)  route 10.033ns (80.037%))
  Logic Levels:           6  (CARRY4=2 IBUF=1 LUT2=2 LUT3=1)

    Location             Delay type                Incr(ns)  Path(ns)    Netlist Resource(s)
  -------------------------------------------------------------------    -------------------
    D14                                               0.000     0.000 r  btn[3] (IN)
                         net (fo=0)                   0.000     0.000    btn[3]
    D14                  IBUF (Prop_ibuf_I_O)         1.085     1.085 r  btn_IBUF[3]_inst/O
                         net (fo=4, routed)           8.158     9.243    num_step_t/btn_IBUF[1]
    SLICE_X153Y131       LUT3 (Prop_lut3_I1_O)        0.124     9.367 r  num_step_t/process_q[10]_i_6/O
                         net (fo=7, routed)           1.063    10.430    num_step_t/is_increment
    SLICE_X152Y130       LUT2 (Prop_lut2_I1_O)        0.124    10.554 r  num_step_t/process_q[7]_i_6/O
                         net (fo=1, routed)           0.000    10.554    num_step_t/process_q[7]_i_6_n_0
    SLICE_X152Y130       CARRY4 (Prop_carry4_S[0]_CO[3])
                                                      0.513    11.067 r  num_step_t/process_q_reg[7]_i_1/CO[3]
                         net (fo=1, routed)           0.000    11.067    num_step_t/process_q_reg[7]_i_1_n_0
    SLICE_X152Y131       CARRY4 (Prop_carry4_CI_O[1])
                                                      0.323    11.390 r  num_step_t/process_q_reg[10]_i_3/O[1]
                         net (fo=1, routed)           0.812    12.202    num_step_t/process_q_reg[10]_i_3_n_6
    SLICE_X153Y130       LUT2 (Prop_lut2_I0_O)        0.334    12.536 r  num_step_t/process_q[9]_i_3/O
                         net (fo=1, routed)           0.000    12.536    num_step_t/process_q[9]_i_3_n_0
    SLICE_X153Y130       FDSE                                         r  num_step_t/process_q_reg[9]/D
  -------------------------------------------------------------------    -------------------

Slack:                    inf
  Source:                 btn[3]
                            (input port)
  Destination:            num_step_t/process_q_reg[6]/D
  Path Group:             (none)
  Path Type:              Max at Slow Process Corner
  Data Path Delay:        12.312ns  (logic 2.277ns (18.490%)  route 10.036ns (81.510%))
  Logic Levels:           6  (CARRY4=2 IBUF=1 LUT2=2 LUT3=1)

    Location             Delay type                Incr(ns)  Path(ns)    Netlist Resource(s)
  -------------------------------------------------------------------    -------------------
    D14                                               0.000     0.000 r  btn[3] (IN)
                         net (fo=0)                   0.000     0.000    btn[3]
    D14                  IBUF (Prop_ibuf_I_O)         1.085     1.085 r  btn_IBUF[3]_inst/O
                         net (fo=4, routed)           8.158     9.243    num_step_t/btn_IBUF[1]
    SLICE_X153Y131       LUT3 (Prop_lut3_I1_O)        0.124     9.367 r  num_step_t/process_q[10]_i_6/O
                         net (fo=7, routed)           1.068    10.435    num_step_t/is_increment
    SLICE_X152Y129       LUT2 (Prop_lut2_I0_O)        0.124    10.559 r  num_step_t/process_q[2]_i_3/O
                         net (fo=1, routed)           0.000    10.559    num_step_t/process_q[2]_i_3_n_0
    SLICE_X152Y129       CARRY4 (Prop_carry4_S[3]_CO[3])
                                                      0.376    10.935 r  num_step_t/process_q_reg[2]_i_1/CO[3]
                         net (fo=1, routed)           0.000    10.935    num_step_t/process_q_reg[2]_i_1_n_0
    SLICE_X152Y130       CARRY4 (Prop_carry4_CI_O[2])
                                                      0.239    11.174 r  num_step_t/process_q_reg[7]_i_1/O[2]
                         net (fo=1, routed)           0.810    11.983    num_step_t/process_q_reg[7]_i_1_n_5
    SLICE_X153Y130       LUT2 (Prop_lut2_I0_O)        0.329    12.312 r  num_step_t/process_q[6]_i_1/O
                         net (fo=1, routed)           0.000    12.312    num_step_t/process_q[6]_i_1_n_0
    SLICE_X153Y130       FDSE                                         r  num_step_t/process_q_reg[6]/D
  -------------------------------------------------------------------    -------------------

Slack:                    inf
  Source:                 btn[3]
                            (input port)
  Destination:            num_step_t/process_q_reg[4]/D
  Path Group:             (none)
  Path Type:              Max at Slow Process Corner
  Data Path Delay:        12.108ns  (logic 2.223ns (18.356%)  route 9.886ns (81.644%))
  Logic Levels:           6  (CARRY4=2 IBUF=1 LUT2=2 LUT3=1)

    Location             Delay type                Incr(ns)  Path(ns)    Netlist Resource(s)
  -------------------------------------------------------------------    -------------------
    D14                                               0.000     0.000 r  btn[3] (IN)
                         net (fo=0)                   0.000     0.000    btn[3]
    D14                  IBUF (Prop_ibuf_I_O)         1.085     1.085 r  btn_IBUF[3]_inst/O
                         net (fo=4, routed)           8.158     9.243    num_step_t/btn_IBUF[1]
    SLICE_X153Y131       LUT3 (Prop_lut3_I1_O)        0.124     9.367 r  num_step_t/process_q[10]_i_6/O
                         net (fo=7, routed)           1.068    10.435    num_step_t/is_increment
    SLICE_X152Y129       LUT2 (Prop_lut2_I0_O)        0.124    10.559 r  num_step_t/process_q[2]_i_3/O
                         net (fo=1, routed)           0.000    10.559    num_step_t/process_q[2]_i_3_n_0
    SLICE_X152Y129       CARRY4 (Prop_carry4_S[3]_CO[3])
                                                      0.376    10.935 r  num_step_t/process_q_reg[2]_i_1/CO[3]
                         net (fo=1, routed)           0.000    10.935    num_step_t/process_q_reg[2]_i_1_n_0
    SLICE_X152Y130       CARRY4 (Prop_carry4_CI_O[0])
                                                      0.219    11.154 r  num_step_t/process_q_reg[7]_i_1/O[0]
                         net (fo=1, routed)           0.659    11.813    num_step_t/process_q_reg[7]_i_1_n_7
    SLICE_X153Y130       LUT2 (Prop_lut2_I0_O)        0.295    12.108 r  num_step_t/process_q[4]_i_1/O
                         net (fo=1, routed)           0.000    12.108    num_step_t/process_q[4]_i_1_n_0
    SLICE_X153Y130       FDRE                                         r  num_step_t/process_q_reg[4]/D
  -------------------------------------------------------------------    -------------------

Slack:                    inf
  Source:                 btn[3]
                            (input port)
  Destination:            num_step_t/process_q_reg[5]/D
  Path Group:             (none)
  Path Type:              Max at Slow Process Corner
  Data Path Delay:        11.975ns  (logic 2.338ns (19.520%)  route 9.637ns (80.480%))
  Logic Levels:           6  (CARRY4=2 IBUF=1 LUT2=2 LUT3=1)

    Location             Delay type                Incr(ns)  Path(ns)    Netlist Resource(s)
  -------------------------------------------------------------------    -------------------
    D14                                               0.000     0.000 r  btn[3] (IN)
                         net (fo=0)                   0.000     0.000    btn[3]
    D14                  IBUF (Prop_ibuf_I_O)         1.085     1.085 r  btn_IBUF[3]_inst/O
                         net (fo=4, routed)           8.158     9.243    num_step_t/btn_IBUF[1]
    SLICE_X153Y131       LUT3 (Prop_lut3_I1_O)        0.124     9.367 r  num_step_t/process_q[10]_i_6/O
                         net (fo=7, routed)           1.068    10.435    num_step_t/is_increment
    SLICE_X152Y129       LUT2 (Prop_lut2_I0_O)        0.124    10.559 r  num_step_t/process_q[2]_i_3/O
                         net (fo=1, routed)           0.000    10.559    num_step_t/process_q[2]_i_3_n_0
    SLICE_X152Y129       CARRY4 (Prop_carry4_S[3]_CO[3])
                                                      0.376    10.935 r  num_step_t/process_q_reg[2]_i_1/CO[3]
                         net (fo=1, routed)           0.000    10.935    num_step_t/process_q_reg[2]_i_1_n_0
    SLICE_X152Y130       CARRY4 (Prop_carry4_CI_O[1])
                                                      0.323    11.258 r  num_step_t/process_q_reg[7]_i_1/O[1]
                         net (fo=1, routed)           0.411    11.669    num_step_t/process_q_reg[7]_i_1_n_6
    SLICE_X153Y130       LUT2 (Prop_lut2_I0_O)        0.306    11.975 r  num_step_t/process_q[5]_i_1/O
                         net (fo=1, routed)           0.000    11.975    num_step_t/process_q[5]_i_1_n_0
    SLICE_X153Y130       FDSE                                         r  num_step_t/process_q_reg[5]/D
  -------------------------------------------------------------------    -------------------

Slack:                    inf
  Source:                 btn[1]
                            (input port)
  Destination:            num_step_v/process_q_reg[8]/D
  Path Group:             (none)
  Path Type:              Max at Slow Process Corner
  Data Path Delay:        11.970ns  (logic 2.394ns (19.998%)  route 9.576ns (80.002%))
  Logic Levels:           7  (CARRY4=3 IBUF=1 LUT2=2 LUT6=1)

    Location             Delay type                Incr(ns)  Path(ns)    Netlist Resource(s)
  -------------------------------------------------------------------    -------------------
    D22                                               0.000     0.000 r  btn[1] (IN)
                         net (fo=0)                   0.000     0.000    btn[1]
    D22                  IBUF (Prop_ibuf_I_O)         1.082     1.082 r  btn_IBUF[1]_inst/O
                         net (fo=2, routed)           7.772     8.854    num_step_v/btn_IBUF[0]
    SLICE_X152Y137       LUT6 (Prop_lut6_I4_O)        0.124     8.978 r  num_step_v/process_q[10]_i_7__0/O
                         net (fo=9, routed)           0.843     9.820    num_step_v/is_increment
    SLICE_X153Y136       LUT2 (Prop_lut2_I0_O)        0.124     9.944 r  num_step_v/process_q[3]_i_2/O
                         net (fo=1, routed)           0.000     9.944    num_step_v/process_q[3]_i_2_n_0
    SLICE_X153Y136       CARRY4 (Prop_carry4_S[3]_CO[3])
                                                      0.401    10.345 r  num_step_v/process_q_reg[3]_i_1/CO[3]
                         net (fo=1, routed)           0.000    10.345    num_step_v/process_q_reg[3]_i_1_n_0
    SLICE_X153Y137       CARRY4 (Prop_carry4_CI_CO[3])
                                                      0.114    10.459 r  num_step_v/process_q_reg[6]_i_1/CO[3]
                         net (fo=1, routed)           0.000    10.459    num_step_v/process_q_reg[6]_i_1_n_0
    SLICE_X153Y138       CARRY4 (Prop_carry4_CI_O[0])
                                                      0.222    10.681 r  num_step_v/process_q_reg[10]_i_3__0/O[0]
                         net (fo=1, routed)           0.962    11.643    num_step_v/process_q_reg[10]_i_3__0_n_7
    SLICE_X154Y137       LUT2 (Prop_lut2_I0_O)        0.327    11.970 r  num_step_v/process_q[8]_i_3/O
                         net (fo=1, routed)           0.000    11.970    num_step_v/process_q[8]_i_3_n_0
    SLICE_X154Y137       FDSE                                         r  num_step_v/process_q_reg[8]/D
  -------------------------------------------------------------------    -------------------

Slack:                    inf
  Source:                 btn[1]
                            (input port)
  Destination:            num_step_v/process_q_reg[7]/D
  Path Group:             (none)
  Path Type:              Max at Slow Process Corner
  Data Path Delay:        11.906ns  (logic 2.350ns (19.736%)  route 9.556ns (80.264%))
  Logic Levels:           6  (CARRY4=2 IBUF=1 LUT2=2 LUT6=1)

    Location             Delay type                Incr(ns)  Path(ns)    Netlist Resource(s)
  -------------------------------------------------------------------    -------------------
    D22                                               0.000     0.000 r  btn[1] (IN)
                         net (fo=0)                   0.000     0.000    btn[1]
    D22                  IBUF (Prop_ibuf_I_O)         1.082     1.082 r  btn_IBUF[1]_inst/O
                         net (fo=2, routed)           7.772     8.854    num_step_v/btn_IBUF[0]
    SLICE_X152Y137       LUT6 (Prop_lut6_I4_O)        0.124     8.978 r  num_step_v/process_q[10]_i_7__0/O
                         net (fo=9, routed)           0.843     9.820    num_step_v/is_increment
    SLICE_X153Y136       LUT2 (Prop_lut2_I0_O)        0.124     9.944 r  num_step_v/process_q[3]_i_2/O
                         net (fo=1, routed)           0.000     9.944    num_step_v/process_q[3]_i_2_n_0
    SLICE_X153Y136       CARRY4 (Prop_carry4_S[3]_CO[3])
                                                      0.401    10.345 r  num_step_v/process_q_reg[3]_i_1/CO[3]
                         net (fo=1, routed)           0.000    10.345    num_step_v/process_q_reg[3]_i_1_n_0
    SLICE_X153Y137       CARRY4 (Prop_carry4_CI_O[3])
                                                      0.313    10.658 r  num_step_v/process_q_reg[6]_i_1/O[3]
                         net (fo=1, routed)           0.942    11.600    num_step_v/process_q_reg[6]_i_1_n_4
    SLICE_X155Y137       LUT2 (Prop_lut2_I0_O)        0.306    11.906 r  num_step_v/process_q[7]_i_1/O
                         net (fo=1, routed)           0.000    11.906    num_step_v/process_q[7]_i_1_n_0
    SLICE_X155Y137       FDSE                                         r  num_step_v/process_q_reg[7]/D
  -------------------------------------------------------------------    -------------------

Slack:                    inf
  Source:                 btn[3]
                            (input port)
  Destination:            num_step_t/process_q_reg[3]/D
  Path Group:             (none)
  Path Type:              Max at Slow Process Corner
  Data Path Delay:        11.846ns  (logic 1.992ns (16.813%)  route 9.854ns (83.187%))
  Logic Levels:           5  (CARRY4=1 IBUF=1 LUT2=2 LUT3=1)

    Location             Delay type                Incr(ns)  Path(ns)    Netlist Resource(s)
  -------------------------------------------------------------------    -------------------
    D14                                               0.000     0.000 r  btn[3] (IN)
                         net (fo=0)                   0.000     0.000    btn[3]
    D14                  IBUF (Prop_ibuf_I_O)         1.085     1.085 r  btn_IBUF[3]_inst/O
                         net (fo=4, routed)           8.158     9.243    num_step_t/btn_IBUF[1]
    SLICE_X153Y131       LUT3 (Prop_lut3_I1_O)        0.124     9.367 r  num_step_t/process_q[10]_i_6/O
                         net (fo=7, routed)           1.059    10.426    num_step_t/is_increment
    SLICE_X152Y129       LUT2 (Prop_lut2_I0_O)        0.124    10.550 r  num_step_t/process_q[2]_i_4/O
                         net (fo=1, routed)           0.000    10.550    num_step_t/process_q[2]_i_4_n_0
    SLICE_X152Y129       CARRY4 (Prop_carry4_S[2]_O[3])
                                                      0.352    10.902 r  num_step_t/process_q_reg[2]_i_1/O[3]
                         net (fo=1, routed)           0.637    11.539    num_step_t/process_q_reg[2]_i_1_n_4
    SLICE_X153Y130       LUT2 (Prop_lut2_I0_O)        0.307    11.846 r  num_step_t/process_q[3]_i_1/O
                         net (fo=1, routed)           0.000    11.846    num_step_t/process_q[3]_i_1_n_0
    SLICE_X153Y130       FDSE                                         r  num_step_t/process_q_reg[3]/D
  -------------------------------------------------------------------    -------------------

Slack:                    inf
  Source:                 btn[3]
                            (input port)
  Destination:            num_step_t/process_q_reg[10]/CE
  Path Group:             (none)
  Path Type:              Max at Slow Process Corner
  Data Path Delay:        11.780ns  (logic 1.333ns (11.313%)  route 10.447ns (88.687%))
  Logic Levels:           3  (IBUF=1 LUT3=2)

    Location             Delay type                Incr(ns)  Path(ns)    Netlist Resource(s)
  -------------------------------------------------------------------    -------------------
    D14                                               0.000     0.000 r  btn[3] (IN)
                         net (fo=0)                   0.000     0.000    btn[3]
    D14                  IBUF (Prop_ibuf_I_O)         1.085     1.085 r  btn_IBUF[3]_inst/O
                         net (fo=4, routed)           8.158     9.243    num_step_t/btn_IBUF[1]
    SLICE_X153Y131       LUT3 (Prop_lut3_I1_O)        0.124     9.367 r  num_step_t/process_q[10]_i_6/O
                         net (fo=7, routed)           1.659    11.026    num_step_t/is_increment
    SLICE_X153Y129       LUT3 (Prop_lut3_I0_O)        0.124    11.150 r  num_step_t/process_q[10]_i_2/O
                         net (fo=5, routed)           0.630    11.780    num_step_t/process_q[10]_i_2_n_0
    SLICE_X152Y131       FDRE                                         r  num_step_t/process_q_reg[10]/CE
  -------------------------------------------------------------------    -------------------

Slack:                    inf
  Source:                 btn[3]
                            (input port)
  Destination:            num_step_t/process_q_reg[8]/CE
  Path Group:             (none)
  Path Type:              Max at Slow Process Corner
  Data Path Delay:        11.780ns  (logic 1.333ns (11.313%)  route 10.447ns (88.687%))
  Logic Levels:           3  (IBUF=1 LUT3=2)

    Location             Delay type                Incr(ns)  Path(ns)    Netlist Resource(s)
  -------------------------------------------------------------------    -------------------
    D14                                               0.000     0.000 r  btn[3] (IN)
                         net (fo=0)                   0.000     0.000    btn[3]
    D14                  IBUF (Prop_ibuf_I_O)         1.085     1.085 r  btn_IBUF[3]_inst/O
                         net (fo=4, routed)           8.158     9.243    num_step_t/btn_IBUF[1]
    SLICE_X153Y131       LUT3 (Prop_lut3_I1_O)        0.124     9.367 r  num_step_t/process_q[10]_i_6/O
                         net (fo=7, routed)           1.659    11.026    num_step_t/is_increment
    SLICE_X153Y129       LUT3 (Prop_lut3_I0_O)        0.124    11.150 r  num_step_t/process_q[10]_i_2/O
                         net (fo=5, routed)           0.630    11.780    num_step_t/process_q[10]_i_2_n_0
    SLICE_X152Y131       FDRE                                         r  num_step_t/process_q_reg[8]/CE
  -------------------------------------------------------------------    -------------------

Slack:                    inf
  Source:                 btn[3]
                            (input port)
  Destination:            num_step_t/process_q_reg[1]/CE
  Path Group:             (none)
  Path Type:              Max at Slow Process Corner
  Data Path Delay:        11.679ns  (logic 1.333ns (11.410%)  route 10.347ns (88.590%))
  Logic Levels:           3  (IBUF=1 LUT3=2)

    Location             Delay type                Incr(ns)  Path(ns)    Netlist Resource(s)
  -------------------------------------------------------------------    -------------------
    D14                                               0.000     0.000 r  btn[3] (IN)
                         net (fo=0)                   0.000     0.000    btn[3]
    D14                  IBUF (Prop_ibuf_I_O)         1.085     1.085 r  btn_IBUF[3]_inst/O
                         net (fo=4, routed)           8.158     9.243    num_step_t/btn_IBUF[1]
    SLICE_X153Y131       LUT3 (Prop_lut3_I1_O)        0.124     9.367 r  num_step_t/process_q[10]_i_6/O
                         net (fo=7, routed)           1.659    11.026    num_step_t/is_increment
    SLICE_X153Y129       LUT3 (Prop_lut3_I0_O)        0.124    11.150 r  num_step_t/process_q[10]_i_2/O
                         net (fo=5, routed)           0.529    11.679    num_step_t/process_q[10]_i_2_n_0
    SLICE_X152Y129       FDRE                                         r  num_step_t/process_q_reg[1]/CE
  -------------------------------------------------------------------    -------------------





Min Delay Paths
--------------------------------------------------------------------------------------
Slack:                    inf
  Source:                 num_step_t/prev_up_reg/C
                            (rising edge-triggered cell FDRE)
  Destination:            num_step_t/prev_up_reg/D
  Path Group:             (none)
  Path Type:              Min at Fast Process Corner
  Data Path Delay:        0.351ns  (logic 0.183ns (52.092%)  route 0.168ns (47.908%))
  Logic Levels:           2  (FDRE=1 LUT4=1)

    Location             Delay type                Incr(ns)  Path(ns)    Netlist Resource(s)
  -------------------------------------------------------------------    -------------------
    SLICE_X153Y131       FDRE                         0.000     0.000 r  num_step_t/prev_up_reg/C
    SLICE_X153Y131       FDRE (Prop_fdre_C_Q)         0.141     0.141 r  num_step_t/prev_up_reg/Q
                         net (fo=4, routed)           0.168     0.309    num_step_t/prev_up_reg_n_0
    SLICE_X153Y131       LUT4 (Prop_lut4_I3_O)        0.042     0.351 r  num_step_t/prev_up_i_1/O
                         net (fo=1, routed)           0.000     0.351    num_step_t/prev_up_i_1_n_0
    SLICE_X153Y131       FDRE                                         r  num_step_t/prev_up_reg/D
  -------------------------------------------------------------------    -------------------

Slack:                    inf
  Source:                 num_step_t/prev_down_reg/C
                            (rising edge-triggered cell FDRE)
  Destination:            num_step_t/prev_down_reg/D
  Path Group:             (none)
  Path Type:              Min at Fast Process Corner
  Data Path Delay:        0.354ns  (logic 0.186ns (52.507%)  route 0.168ns (47.493%))
  Logic Levels:           2  (FDRE=1 LUT5=1)

    Location             Delay type                Incr(ns)  Path(ns)    Netlist Resource(s)
  -------------------------------------------------------------------    -------------------
    SLICE_X153Y128       FDRE                         0.000     0.000 r  num_step_t/prev_down_reg/C
    SLICE_X153Y128       FDRE (Prop_fdre_C_Q)         0.141     0.141 r  num_step_t/prev_down_reg/Q
                         net (fo=2, routed)           0.168     0.309    num_step_t/prev_down_reg_n_0
    SLICE_X153Y128       LUT5 (Prop_lut5_I4_O)        0.045     0.354 r  num_step_t/prev_down_i_1/O
                         net (fo=1, routed)           0.000     0.354    num_step_t/prev_down_i_1_n_0
    SLICE_X153Y128       FDRE                                         r  num_step_t/prev_down_reg/D
  -------------------------------------------------------------------    -------------------

Slack:                    inf
  Source:                 num_step_v/process_q_reg[2]/C
                            (rising edge-triggered cell FDSE)
  Destination:            num_step_v/process_q_reg[3]/D
  Path Group:             (none)
  Path Type:              Min at Fast Process Corner
  Data Path Delay:        0.359ns  (logic 0.268ns (74.582%)  route 0.091ns (25.418%))
  Logic Levels:           2  (CARRY4=1 FDSE=1)

    Location             Delay type                Incr(ns)  Path(ns)    Netlist Resource(s)
  -------------------------------------------------------------------    -------------------
    SLICE_X153Y136       FDSE                         0.000     0.000 r  num_step_v/process_q_reg[2]/C
    SLICE_X153Y136       FDSE (Prop_fdse_C_Q)         0.141     0.141 r  num_step_v/process_q_reg[2]/Q
                         net (fo=6, routed)           0.091     0.232    num_step_v/Q[1]
    SLICE_X153Y136       CARRY4 (Prop_carry4_DI[2]_O[3])
                                                      0.127     0.359 r  num_step_v/process_q_reg[3]_i_1/O[3]
                         net (fo=1, routed)           0.000     0.359    num_step_v/process_q_reg[3]_i_1_n_4
    SLICE_X153Y136       FDRE                                         r  num_step_v/process_q_reg[3]/D
  -------------------------------------------------------------------    -------------------

Slack:                    inf
  Source:                 num_step_t/process_q_reg[5]/C
                            (rising edge-triggered cell FDSE)
  Destination:            num_step_t/process_q_reg[7]/D
  Path Group:             (none)
  Path Type:              Min at Fast Process Corner
  Data Path Delay:        0.377ns  (logic 0.287ns (76.220%)  route 0.090ns (23.780%))
  Logic Levels:           3  (CARRY4=1 FDSE=1 LUT2=1)

    Location             Delay type                Incr(ns)  Path(ns)    Netlist Resource(s)
  -------------------------------------------------------------------    -------------------
    SLICE_X153Y130       FDSE                         0.000     0.000 r  num_step_t/process_q_reg[5]/C
    SLICE_X153Y130       FDSE (Prop_fdse_C_Q)         0.141     0.141 r  num_step_t/process_q_reg[5]/Q
                         net (fo=6, routed)           0.090     0.231    num_step_t/Q[4]
    SLICE_X152Y130       LUT2 (Prop_lut2_I0_O)        0.045     0.276 r  num_step_t/process_q[7]_i_4/O
                         net (fo=1, routed)           0.000     0.276    num_step_t/process_q[7]_i_4_n_0
    SLICE_X152Y130       CARRY4 (Prop_carry4_S[2]_O[3])
                                                      0.101     0.377 r  num_step_t/process_q_reg[7]_i_1/O[3]
                         net (fo=1, routed)           0.000     0.377    num_step_t/process_q_reg[7]_i_1_n_4
    SLICE_X152Y130       FDRE                                         r  num_step_t/process_q_reg[7]/D
  -------------------------------------------------------------------    -------------------

Slack:                    inf
  Source:                 num_step_v/process_q_reg[1]/C
                            (rising edge-triggered cell FDRE)
  Destination:            num_step_v/process_q_reg[2]/D
  Path Group:             (none)
  Path Type:              Min at Fast Process Corner
  Data Path Delay:        0.378ns  (logic 0.287ns (75.846%)  route 0.091ns (24.154%))
  Logic Levels:           2  (CARRY4=1 FDRE=1)

    Location             Delay type                Incr(ns)  Path(ns)    Netlist Resource(s)
  -------------------------------------------------------------------    -------------------
    SLICE_X153Y136       FDRE                         0.000     0.000 r  num_step_v/process_q_reg[1]/C
    SLICE_X153Y136       FDRE (Prop_fdre_C_Q)         0.141     0.141 r  num_step_v/process_q_reg[1]/Q
                         net (fo=4, routed)           0.091     0.232    num_step_v/Q[0]
    SLICE_X153Y136       CARRY4 (Prop_carry4_DI[1]_O[2])
                                                      0.146     0.378 r  num_step_v/process_q_reg[3]_i_1/O[2]
                         net (fo=1, routed)           0.000     0.378    num_step_v/process_q_reg[3]_i_1_n_5
    SLICE_X153Y136       FDSE                                         r  num_step_v/process_q_reg[2]/D
  -------------------------------------------------------------------    -------------------

Slack:                    inf
  Source:                 num_step_v/prev_down_reg/C
                            (rising edge-triggered cell FDRE)
  Destination:            num_step_v/prev_down_reg/D
  Path Group:             (none)
  Path Type:              Min at Fast Process Corner
  Data Path Delay:        0.384ns  (logic 0.209ns (54.393%)  route 0.175ns (45.607%))
  Logic Levels:           2  (FDRE=1 LUT5=1)

    Location             Delay type                Incr(ns)  Path(ns)    Netlist Resource(s)
  -------------------------------------------------------------------    -------------------
    SLICE_X152Y137       FDRE                         0.000     0.000 r  num_step_v/prev_down_reg/C
    SLICE_X152Y137       FDRE (Prop_fdre_C_Q)         0.164     0.164 r  num_step_v/prev_down_reg/Q
                         net (fo=2, routed)           0.175     0.339    num_step_v/prev_down_reg_n_0
    SLICE_X152Y137       LUT5 (Prop_lut5_I4_O)        0.045     0.384 r  num_step_v/prev_down_i_1__0/O
                         net (fo=1, routed)           0.000     0.384    num_step_v/prev_down_i_1__0_n_0
    SLICE_X152Y137       FDRE                                         r  num_step_v/prev_down_reg/D
  -------------------------------------------------------------------    -------------------

Slack:                    inf
  Source:                 num_step_t/process_q_reg[1]/C
                            (rising edge-triggered cell FDRE)
  Destination:            num_step_t/process_q_reg[2]/D
  Path Group:             (none)
  Path Type:              Min at Fast Process Corner
  Data Path Delay:        0.403ns  (logic 0.313ns (77.609%)  route 0.090ns (22.391%))
  Logic Levels:           2  (CARRY4=1 FDRE=1)

    Location             Delay type                Incr(ns)  Path(ns)    Netlist Resource(s)
  -------------------------------------------------------------------    -------------------
    SLICE_X152Y129       FDRE                         0.000     0.000 r  num_step_t/process_q_reg[1]/C
    SLICE_X152Y129       FDRE (Prop_fdre_C_Q)         0.164     0.164 r  num_step_t/process_q_reg[1]/Q
                         net (fo=6, routed)           0.090     0.254    num_step_t/Q[0]
    SLICE_X152Y129       CARRY4 (Prop_carry4_DI[1]_O[2])
                                                      0.149     0.403 r  num_step_t/process_q_reg[2]_i_1/O[2]
                         net (fo=1, routed)           0.000     0.403    num_step_t/process_q_reg[2]_i_1_n_5
    SLICE_X152Y129       FDSE                                         r  num_step_t/process_q_reg[2]/D
  -------------------------------------------------------------------    -------------------

Slack:                    inf
  Source:                 num_step_v/process_q_reg[2]/C
                            (rising edge-triggered cell FDSE)
  Destination:            num_step_v/process_q_reg[6]/D
  Path Group:             (none)
  Path Type:              Min at Fast Process Corner
  Data Path Delay:        0.414ns  (logic 0.323ns (77.956%)  route 0.091ns (22.044%))
  Logic Levels:           3  (CARRY4=2 FDSE=1)

    Location             Delay type                Incr(ns)  Path(ns)    Netlist Resource(s)
  -------------------------------------------------------------------    -------------------
    SLICE_X153Y136       FDSE                         0.000     0.000 r  num_step_v/process_q_reg[2]/C
    SLICE_X153Y136       FDSE (Prop_fdse_C_Q)         0.141     0.141 r  num_step_v/process_q_reg[2]/Q
                         net (fo=6, routed)           0.091     0.232    num_step_v/Q[1]
    SLICE_X153Y136       CARRY4 (Prop_carry4_DI[2]_CO[3])
                                                      0.117     0.349 r  num_step_v/process_q_reg[3]_i_1/CO[3]
                         net (fo=1, routed)           0.000     0.349    num_step_v/process_q_reg[3]_i_1_n_0
    SLICE_X153Y137       CARRY4 (Prop_carry4_CI_O[2])
                                                      0.065     0.414 r  num_step_v/process_q_reg[6]_i_1/O[2]
                         net (fo=1, routed)           0.000     0.414    num_step_v/process_q_reg[6]_i_1_n_5
    SLICE_X153Y137       FDRE                                         r  num_step_v/process_q_reg[6]/D
  -------------------------------------------------------------------    -------------------

Slack:                    inf
  Source:                 num_step_v/prev_up_reg/C
                            (rising edge-triggered cell FDRE)
  Destination:            num_step_v/prev_up_reg/D
  Path Group:             (none)
  Path Type:              Min at Fast Process Corner
  Data Path Delay:        0.422ns  (logic 0.209ns (49.583%)  route 0.213ns (50.417%))
  Logic Levels:           2  (FDRE=1 LUT4=1)

    Location             Delay type                Incr(ns)  Path(ns)    Netlist Resource(s)
  -------------------------------------------------------------------    -------------------
    SLICE_X152Y138       FDRE                         0.000     0.000 r  num_step_v/prev_up_reg/C
    SLICE_X152Y138       FDRE (Prop_fdre_C_Q)         0.164     0.164 r  num_step_v/prev_up_reg/Q
                         net (fo=2, routed)           0.213     0.377    num_step_v/prev_up_reg_n_0
    SLICE_X152Y138       LUT4 (Prop_lut4_I3_O)        0.045     0.422 r  num_step_v/prev_up_i_1__0/O
                         net (fo=1, routed)           0.000     0.422    num_step_v/prev_up_i_1__0_n_0
    SLICE_X152Y138       FDRE                                         r  num_step_v/prev_up_reg/D
  -------------------------------------------------------------------    -------------------

Slack:                    inf
  Source:                 num_step_t/process_q_reg[5]/C
                            (rising edge-triggered cell FDSE)
  Destination:            num_step_t/process_q_reg[8]/D
  Path Group:             (none)
  Path Type:              Min at Fast Process Corner
  Data Path Delay:        0.440ns  (logic 0.350ns (79.629%)  route 0.090ns (20.371%))
  Logic Levels:           4  (CARRY4=2 FDSE=1 LUT2=1)

    Location             Delay type                Incr(ns)  Path(ns)    Netlist Resource(s)
  -------------------------------------------------------------------    -------------------
    SLICE_X153Y130       FDSE                         0.000     0.000 r  num_step_t/process_q_reg[5]/C
    SLICE_X153Y130       FDSE (Prop_fdse_C_Q)         0.141     0.141 r  num_step_t/process_q_reg[5]/Q
                         net (fo=6, routed)           0.090     0.231    num_step_t/Q[4]
    SLICE_X152Y130       LUT2 (Prop_lut2_I0_O)        0.045     0.276 r  num_step_t/process_q[7]_i_4/O
                         net (fo=1, routed)           0.000     0.276    num_step_t/process_q[7]_i_4_n_0
    SLICE_X152Y130       CARRY4 (Prop_carry4_S[2]_CO[3])
                                                      0.111     0.387 r  num_step_t/process_q_reg[7]_i_1/CO[3]
                         net (fo=1, routed)           0.000     0.387    num_step_t/process_q_reg[7]_i_1_n_0
    SLICE_X152Y131       CARRY4 (Prop_carry4_CI_O[0])
                                                      0.053     0.440 r  num_step_t/process_q_reg[10]_i_3/O[0]
                         net (fo=1, routed)           0.000     0.440    num_step_t/process_q_reg[10]_i_3_n_7
    SLICE_X152Y131       FDRE                                         r  num_step_t/process_q_reg[8]/D
  -------------------------------------------------------------------    -------------------





--------------------------------------------------------------------------------------
Path Group:  (none)
From Clock:  clk_out2_clk_wiz_0
  To Clock:  

Max Delay             8 Endpoints
Min Delay             8 Endpoints
--------------------------------------------------------------------------------------


Max Delay Paths
--------------------------------------------------------------------------------------
Slack:                    inf
  Source:                 video_1/inst_dvid/ODDR2_red/C
                            (falling edge-triggered cell ODDR clocked by clk_out2_clk_wiz_0  {rise@0.000ns fall@4.000ns period=8.000ns})
  Destination:            tmdsb[2]
                            (output port)
  Path Group:             (none)
  Path Type:              Max at Slow Process Corner
  Data Path Delay:        2.370ns  (logic 2.369ns (99.958%)  route 0.001ns (0.042%))
  Logic Levels:           1  (OBUFDS=1)
  Clock Uncertainty:      0.166ns  ((TSJ^2 + DJ^2)^1/2) / 2 + PE
    Total System Jitter     (TSJ):    0.050ns
    Discrete Jitter          (DJ):    0.125ns
    Phase Error              (PE):    0.099ns

    Location             Delay type                Incr(ns)  Path(ns)    Netlist Resource(s)
  -------------------------------------------------------------------    -------------------
                         (clock clk_out2_clk_wiz_0 fall edge)
                                                      4.000     4.000 f  
    R4                   IBUF                         0.000     4.000 f  clk_IBUF_inst/O
                         net (fo=25, routed)          1.233     5.233    video_1/mmcm_adv_inst_display_clocks/inst/clk_in1
    MMCME2_ADV_X1Y2      MMCME2_ADV (Prop_mmcme2_adv_CLKIN1_CLKOUT1)
                                                     -7.432    -2.199 f  video_1/mmcm_adv_inst_display_clocks/inst/mmcm_adv_inst/CLKOUT1
                         net (fo=1, routed)           1.808    -0.390    video_1/mmcm_adv_inst_display_clocks/inst/clk_out2_clk_wiz_0
    BUFGCTRL_X0Y0        BUFG (Prop_bufg_I_O)         0.096    -0.294 f  video_1/mmcm_adv_inst_display_clocks/inst/clkout2_buf/O
                         net (fo=44, routed)          1.831     1.537    video_1/inst_dvid/clk_out2
    OLOGIC_X1Y134        ODDR                                         f  video_1/inst_dvid/ODDR2_red/C
  -------------------------------------------------------------------    -------------------
    OLOGIC_X1Y134        ODDR (Prop_oddr_C_Q)         0.472     2.009 r  video_1/inst_dvid/ODDR2_red/Q
                         net (fo=1, routed)           0.001     2.010    video_1/red_s
    AB3                  OBUFDS (Prop_obufds_I_OB)    1.897     3.907 r  video_1/OBUFDS_green/OB
                         net (fo=0)                   0.000     3.907    tmdsb[2]
    AB2                                                               r  tmdsb[2] (OUT)
  -------------------------------------------------------------------    -------------------

Slack:                    inf
  Source:                 video_1/inst_dvid/ODDR2_green/C
                            (falling edge-triggered cell ODDR clocked by clk_out2_clk_wiz_0  {rise@0.000ns fall@4.000ns period=8.000ns})
  Destination:            tmdsb[1]
                            (output port)
  Path Group:             (none)
  Path Type:              Max at Slow Process Corner
  Data Path Delay:        2.369ns  (logic 2.368ns (99.958%)  route 0.001ns (0.042%))
  Logic Levels:           1  (OBUFDS=1)
  Clock Uncertainty:      0.166ns  ((TSJ^2 + DJ^2)^1/2) / 2 + PE
    Total System Jitter     (TSJ):    0.050ns
    Discrete Jitter          (DJ):    0.125ns
    Phase Error              (PE):    0.099ns

    Location             Delay type                Incr(ns)  Path(ns)    Netlist Resource(s)
  -------------------------------------------------------------------    -------------------
                         (clock clk_out2_clk_wiz_0 fall edge)
                                                      4.000     4.000 f  
    R4                   IBUF                         0.000     4.000 f  clk_IBUF_inst/O
                         net (fo=25, routed)          1.233     5.233    video_1/mmcm_adv_inst_display_clocks/inst/clk_in1
    MMCME2_ADV_X1Y2      MMCME2_ADV (Prop_mmcme2_adv_CLKIN1_CLKOUT1)
                                                     -7.432    -2.199 f  video_1/mmcm_adv_inst_display_clocks/inst/mmcm_adv_inst/CLKOUT1
                         net (fo=1, routed)           1.808    -0.390    video_1/mmcm_adv_inst_display_clocks/inst/clk_out2_clk_wiz_0
    BUFGCTRL_X0Y0        BUFG (Prop_bufg_I_O)         0.096    -0.294 f  video_1/mmcm_adv_inst_display_clocks/inst/clkout2_buf/O
                         net (fo=44, routed)          1.832     1.538    video_1/inst_dvid/clk_out2
    OLOGIC_X1Y136        ODDR                                         f  video_1/inst_dvid/ODDR2_green/C
  -------------------------------------------------------------------    -------------------
    OLOGIC_X1Y136        ODDR (Prop_oddr_C_Q)         0.472     2.010 r  video_1/inst_dvid/ODDR2_green/Q
                         net (fo=1, routed)           0.001     2.011    video_1/green_s
    AA1                  OBUFDS (Prop_obufds_I_OB)    1.896     3.906 r  video_1/OBUFDS_red/OB
                         net (fo=0)                   0.000     3.906    tmdsb[1]
    AB1                                                               r  tmdsb[1] (OUT)
  -------------------------------------------------------------------    -------------------

Slack:                    inf
  Source:                 video_1/inst_dvid/ODDR2_red/C
                            (falling edge-triggered cell ODDR clocked by clk_out2_clk_wiz_0  {rise@0.000ns fall@4.000ns period=8.000ns})
  Destination:            tmds[2]
                            (output port)
  Path Group:             (none)
  Path Type:              Max at Slow Process Corner
  Data Path Delay:        2.369ns  (logic 2.368ns (99.958%)  route 0.001ns (0.042%))
  Logic Levels:           1  (OBUFDS=1)
  Clock Uncertainty:      0.166ns  ((TSJ^2 + DJ^2)^1/2) / 2 + PE
    Total System Jitter     (TSJ):    0.050ns
    Discrete Jitter          (DJ):    0.125ns
    Phase Error              (PE):    0.099ns

    Location             Delay type                Incr(ns)  Path(ns)    Netlist Resource(s)
  -------------------------------------------------------------------    -------------------
                         (clock clk_out2_clk_wiz_0 fall edge)
                                                      4.000     4.000 f  
    R4                   IBUF                         0.000     4.000 f  clk_IBUF_inst/O
                         net (fo=25, routed)          1.233     5.233    video_1/mmcm_adv_inst_display_clocks/inst/clk_in1
    MMCME2_ADV_X1Y2      MMCME2_ADV (Prop_mmcme2_adv_CLKIN1_CLKOUT1)
                                                     -7.432    -2.199 f  video_1/mmcm_adv_inst_display_clocks/inst/mmcm_adv_inst/CLKOUT1
                         net (fo=1, routed)           1.808    -0.390    video_1/mmcm_adv_inst_display_clocks/inst/clk_out2_clk_wiz_0
    BUFGCTRL_X0Y0        BUFG (Prop_bufg_I_O)         0.096    -0.294 f  video_1/mmcm_adv_inst_display_clocks/inst/clkout2_buf/O
                         net (fo=44, routed)          1.831     1.537    video_1/inst_dvid/clk_out2
    OLOGIC_X1Y134        ODDR                                         f  video_1/inst_dvid/ODDR2_red/C
  -------------------------------------------------------------------    -------------------
    OLOGIC_X1Y134        ODDR (Prop_oddr_C_Q)         0.472     2.009 r  video_1/inst_dvid/ODDR2_red/Q
                         net (fo=1, routed)           0.001     2.010    video_1/red_s
    AB3                  OBUFDS (Prop_obufds_I_O)     1.896     3.906 r  video_1/OBUFDS_green/O
                         net (fo=0)                   0.000     3.906    tmds[2]
    AB3                                                               r  tmds[2] (OUT)
  -------------------------------------------------------------------    -------------------

Slack:                    inf
  Source:                 video_1/inst_dvid/ODDR2_green/C
                            (falling edge-triggered cell ODDR clocked by clk_out2_clk_wiz_0  {rise@0.000ns fall@4.000ns period=8.000ns})
  Destination:            tmds[1]
                            (output port)
  Path Group:             (none)
  Path Type:              Max at Slow Process Corner
  Data Path Delay:        2.368ns  (logic 2.367ns (99.958%)  route 0.001ns (0.042%))
  Logic Levels:           1  (OBUFDS=1)
  Clock Uncertainty:      0.166ns  ((TSJ^2 + DJ^2)^1/2) / 2 + PE
    Total System Jitter     (TSJ):    0.050ns
    Discrete Jitter          (DJ):    0.125ns
    Phase Error              (PE):    0.099ns

    Location             Delay type                Incr(ns)  Path(ns)    Netlist Resource(s)
  -------------------------------------------------------------------    -------------------
                         (clock clk_out2_clk_wiz_0 fall edge)
                                                      4.000     4.000 f  
    R4                   IBUF                         0.000     4.000 f  clk_IBUF_inst/O
                         net (fo=25, routed)          1.233     5.233    video_1/mmcm_adv_inst_display_clocks/inst/clk_in1
    MMCME2_ADV_X1Y2      MMCME2_ADV (Prop_mmcme2_adv_CLKIN1_CLKOUT1)
                                                     -7.432    -2.199 f  video_1/mmcm_adv_inst_display_clocks/inst/mmcm_adv_inst/CLKOUT1
                         net (fo=1, routed)           1.808    -0.390    video_1/mmcm_adv_inst_display_clocks/inst/clk_out2_clk_wiz_0
    BUFGCTRL_X0Y0        BUFG (Prop_bufg_I_O)         0.096    -0.294 f  video_1/mmcm_adv_inst_display_clocks/inst/clkout2_buf/O
                         net (fo=44, routed)          1.832     1.538    video_1/inst_dvid/clk_out2
    OLOGIC_X1Y136        ODDR                                         f  video_1/inst_dvid/ODDR2_green/C
  -------------------------------------------------------------------    -------------------
    OLOGIC_X1Y136        ODDR (Prop_oddr_C_Q)         0.472     2.010 r  video_1/inst_dvid/ODDR2_green/Q
                         net (fo=1, routed)           0.001     2.011    video_1/green_s
    AA1                  OBUFDS (Prop_obufds_I_O)     1.895     3.905 r  video_1/OBUFDS_red/O
                         net (fo=0)                   0.000     3.905    tmds[1]
    AA1                                                               r  tmds[1] (OUT)
  -------------------------------------------------------------------    -------------------

Slack:                    inf
  Source:                 video_1/inst_dvid/ODDR2_blue/C
                            (falling edge-triggered cell ODDR clocked by clk_out2_clk_wiz_0  {rise@0.000ns fall@4.000ns period=8.000ns})
  Destination:            tmdsb[0]
                            (output port)
  Path Group:             (none)
  Path Type:              Max at Slow Process Corner
  Data Path Delay:        2.358ns  (logic 2.357ns (99.958%)  route 0.001ns (0.042%))
  Logic Levels:           1  (OBUFDS=1)
  Clock Uncertainty:      0.166ns  ((TSJ^2 + DJ^2)^1/2) / 2 + PE
    Total System Jitter     (TSJ):    0.050ns
    Discrete Jitter          (DJ):    0.125ns
    Phase Error              (PE):    0.099ns

    Location             Delay type                Incr(ns)  Path(ns)    Netlist Resource(s)
  -------------------------------------------------------------------    -------------------
                         (clock clk_out2_clk_wiz_0 fall edge)
                                                      4.000     4.000 f  
    R4                   IBUF                         0.000     4.000 f  clk_IBUF_inst/O
                         net (fo=25, routed)          1.233     5.233    video_1/mmcm_adv_inst_display_clocks/inst/clk_in1
    MMCME2_ADV_X1Y2      MMCME2_ADV (Prop_mmcme2_adv_CLKIN1_CLKOUT1)
                                                     -7.432    -2.199 f  video_1/mmcm_adv_inst_display_clocks/inst/mmcm_adv_inst/CLKOUT1
                         net (fo=1, routed)           1.808    -0.390    video_1/mmcm_adv_inst_display_clocks/inst/clk_out2_clk_wiz_0
    BUFGCTRL_X0Y0        BUFG (Prop_bufg_I_O)         0.096    -0.294 f  video_1/mmcm_adv_inst_display_clocks/inst/clkout2_buf/O
                         net (fo=44, routed)          1.835     1.541    video_1/inst_dvid/clk_out2
    OLOGIC_X1Y140        ODDR                                         f  video_1/inst_dvid/ODDR2_blue/C
  -------------------------------------------------------------------    -------------------
    OLOGIC_X1Y140        ODDR (Prop_oddr_C_Q)         0.472     2.013 r  video_1/inst_dvid/ODDR2_blue/Q
                         net (fo=1, routed)           0.001     2.014    video_1/blue_s
    W1                   OBUFDS (Prop_obufds_I_OB)    1.885     3.898 r  video_1/OBUFDS_blue/OB
                         net (fo=0)                   0.000     3.898    tmdsb[0]
    Y1                                                                r  tmdsb[0] (OUT)
  -------------------------------------------------------------------    -------------------

Slack:                    inf
  Source:                 video_1/inst_dvid/ODDR2_blue/C
                            (falling edge-triggered cell ODDR clocked by clk_out2_clk_wiz_0  {rise@0.000ns fall@4.000ns period=8.000ns})
  Destination:            tmds[0]
                            (output port)
  Path Group:             (none)
  Path Type:              Max at Slow Process Corner
  Data Path Delay:        2.357ns  (logic 2.356ns (99.958%)  route 0.001ns (0.042%))
  Logic Levels:           1  (OBUFDS=1)
  Clock Uncertainty:      0.166ns  ((TSJ^2 + DJ^2)^1/2) / 2 + PE
    Total System Jitter     (TSJ):    0.050ns
    Discrete Jitter          (DJ):    0.125ns
    Phase Error              (PE):    0.099ns

    Location             Delay type                Incr(ns)  Path(ns)    Netlist Resource(s)
  -------------------------------------------------------------------    -------------------
                         (clock clk_out2_clk_wiz_0 fall edge)
                                                      4.000     4.000 f  
    R4                   IBUF                         0.000     4.000 f  clk_IBUF_inst/O
                         net (fo=25, routed)          1.233     5.233    video_1/mmcm_adv_inst_display_clocks/inst/clk_in1
    MMCME2_ADV_X1Y2      MMCME2_ADV (Prop_mmcme2_adv_CLKIN1_CLKOUT1)
                                                     -7.432    -2.199 f  video_1/mmcm_adv_inst_display_clocks/inst/mmcm_adv_inst/CLKOUT1
                         net (fo=1, routed)           1.808    -0.390    video_1/mmcm_adv_inst_display_clocks/inst/clk_out2_clk_wiz_0
    BUFGCTRL_X0Y0        BUFG (Prop_bufg_I_O)         0.096    -0.294 f  video_1/mmcm_adv_inst_display_clocks/inst/clkout2_buf/O
                         net (fo=44, routed)          1.835     1.541    video_1/inst_dvid/clk_out2
    OLOGIC_X1Y140        ODDR                                         f  video_1/inst_dvid/ODDR2_blue/C
  -------------------------------------------------------------------    -------------------
    OLOGIC_X1Y140        ODDR (Prop_oddr_C_Q)         0.472     2.013 r  video_1/inst_dvid/ODDR2_blue/Q
                         net (fo=1, routed)           0.001     2.014    video_1/blue_s
    W1                   OBUFDS (Prop_obufds_I_O)     1.884     3.897 r  video_1/OBUFDS_blue/O
                         net (fo=0)                   0.000     3.897    tmds[0]
    W1                                                                r  tmds[0] (OUT)
  -------------------------------------------------------------------    -------------------

Slack:                    inf
  Source:                 video_1/inst_dvid/ODDR2_clock/C
                            (falling edge-triggered cell ODDR clocked by clk_out2_clk_wiz_0  {rise@0.000ns fall@4.000ns period=8.000ns})
  Destination:            tmdsb[3]
                            (output port)
  Path Group:             (none)
  Path Type:              Max at Slow Process Corner
  Data Path Delay:        2.341ns  (logic 2.340ns (99.957%)  route 0.001ns (0.043%))
  Logic Levels:           1  (OBUFDS=1)
  Clock Uncertainty:      0.166ns  ((TSJ^2 + DJ^2)^1/2) / 2 + PE
    Total System Jitter     (TSJ):    0.050ns
    Discrete Jitter          (DJ):    0.125ns
    Phase Error              (PE):    0.099ns

    Location             Delay type                Incr(ns)  Path(ns)    Netlist Resource(s)
  -------------------------------------------------------------------    -------------------
                         (clock clk_out2_clk_wiz_0 fall edge)
                                                      4.000     4.000 f  
    R4                   IBUF                         0.000     4.000 f  clk_IBUF_inst/O
                         net (fo=25, routed)          1.233     5.233    video_1/mmcm_adv_inst_display_clocks/inst/clk_in1
    MMCME2_ADV_X1Y2      MMCME2_ADV (Prop_mmcme2_adv_CLKIN1_CLKOUT1)
                                                     -7.432    -2.199 f  video_1/mmcm_adv_inst_display_clocks/inst/mmcm_adv_inst/CLKOUT1
                         net (fo=1, routed)           1.808    -0.390    video_1/mmcm_adv_inst_display_clocks/inst/clk_out2_clk_wiz_0
    BUFGCTRL_X0Y0        BUFG (Prop_bufg_I_O)         0.096    -0.294 f  video_1/mmcm_adv_inst_display_clocks/inst/clkout2_buf/O
                         net (fo=44, routed)          1.838     1.544    video_1/inst_dvid/clk_out2
    OLOGIC_X1Y148        ODDR                                         f  video_1/inst_dvid/ODDR2_clock/C
  -------------------------------------------------------------------    -------------------
    OLOGIC_X1Y148        ODDR (Prop_oddr_C_Q)         0.472     2.016 r  video_1/inst_dvid/ODDR2_clock/Q
                         net (fo=1, routed)           0.001     2.016    video_1/clock_s
    T1                   OBUFDS (Prop_obufds_I_OB)    1.868     3.885 r  video_1/OBUFDS_clock/OB
                         net (fo=0)                   0.000     3.885    tmdsb[3]
    U1                                                                r  tmdsb[3] (OUT)
  -------------------------------------------------------------------    -------------------

Slack:                    inf
  Source:                 video_1/inst_dvid/ODDR2_clock/C
                            (falling edge-triggered cell ODDR clocked by clk_out2_clk_wiz_0  {rise@0.000ns fall@4.000ns period=8.000ns})
  Destination:            tmds[3]
                            (output port)
  Path Group:             (none)
  Path Type:              Max at Slow Process Corner
  Data Path Delay:        2.340ns  (logic 2.339ns (99.957%)  route 0.001ns (0.043%))
  Logic Levels:           1  (OBUFDS=1)
  Clock Uncertainty:      0.166ns  ((TSJ^2 + DJ^2)^1/2) / 2 + PE
    Total System Jitter     (TSJ):    0.050ns
    Discrete Jitter          (DJ):    0.125ns
    Phase Error              (PE):    0.099ns

    Location             Delay type                Incr(ns)  Path(ns)    Netlist Resource(s)
  -------------------------------------------------------------------    -------------------
                         (clock clk_out2_clk_wiz_0 fall edge)
                                                      4.000     4.000 f  
    R4                   IBUF                         0.000     4.000 f  clk_IBUF_inst/O
                         net (fo=25, routed)          1.233     5.233    video_1/mmcm_adv_inst_display_clocks/inst/clk_in1
    MMCME2_ADV_X1Y2      MMCME2_ADV (Prop_mmcme2_adv_CLKIN1_CLKOUT1)
                                                     -7.432    -2.199 f  video_1/mmcm_adv_inst_display_clocks/inst/mmcm_adv_inst/CLKOUT1
                         net (fo=1, routed)           1.808    -0.390    video_1/mmcm_adv_inst_display_clocks/inst/clk_out2_clk_wiz_0
    BUFGCTRL_X0Y0        BUFG (Prop_bufg_I_O)         0.096    -0.294 f  video_1/mmcm_adv_inst_display_clocks/inst/clkout2_buf/O
                         net (fo=44, routed)          1.838     1.544    video_1/inst_dvid/clk_out2
    OLOGIC_X1Y148        ODDR                                         f  video_1/inst_dvid/ODDR2_clock/C
  -------------------------------------------------------------------    -------------------
    OLOGIC_X1Y148        ODDR (Prop_oddr_C_Q)         0.472     2.016 r  video_1/inst_dvid/ODDR2_clock/Q
                         net (fo=1, routed)           0.001     2.016    video_1/clock_s
    T1                   OBUFDS (Prop_obufds_I_O)     1.867     3.884 r  video_1/OBUFDS_clock/O
                         net (fo=0)                   0.000     3.884    tmds[3]
    T1                                                                r  tmds[3] (OUT)
  -------------------------------------------------------------------    -------------------





Min Delay Paths
--------------------------------------------------------------------------------------
Slack:                    inf
  Source:                 video_1/inst_dvid/ODDR2_clock/C
                            (rising edge-triggered cell ODDR clocked by clk_out2_clk_wiz_0  {rise@0.000ns fall@4.000ns period=8.000ns})
  Destination:            tmds[3]
                            (output port)
  Path Group:             (none)
  Path Type:              Min at Slow Process Corner
  Data Path Delay:        2.161ns  (logic 2.160ns (99.954%)  route 0.001ns (0.046%))
  Logic Levels:           1  (OBUFDS=1)
  Clock Uncertainty:      0.166ns  ((TSJ^2 + DJ^2)^1/2) / 2 + PE
    Total System Jitter     (TSJ):    0.050ns
    Discrete Jitter          (DJ):    0.125ns
    Phase Error              (PE):    0.099ns

    Location             Delay type                Incr(ns)  Path(ns)    Netlist Resource(s)
  -------------------------------------------------------------------    -------------------
                         (clock clk_out2_clk_wiz_0 rise edge)
                                                      0.000     0.000 r  
    R4                   IBUF                         0.000     0.000 r  clk_IBUF_inst/O
                         net (fo=25, routed)          1.162     1.162    video_1/mmcm_adv_inst_display_clocks/inst/clk_in1
    MMCME2_ADV_X1Y2      MMCME2_ADV (Prop_mmcme2_adv_CLKIN1_CLKOUT1)
                                                     -7.674    -6.512 r  video_1/mmcm_adv_inst_display_clocks/inst/mmcm_adv_inst/CLKOUT1
                         net (fo=1, routed)           1.723    -4.788    video_1/mmcm_adv_inst_display_clocks/inst/clk_out2_clk_wiz_0
    BUFGCTRL_X0Y0        BUFG (Prop_bufg_I_O)         0.091    -4.697 r  video_1/mmcm_adv_inst_display_clocks/inst/clkout2_buf/O
                         net (fo=44, routed)          1.693    -3.005    video_1/inst_dvid/clk_out2
    OLOGIC_X1Y148        ODDR                                         r  video_1/inst_dvid/ODDR2_clock/C
  -------------------------------------------------------------------    -------------------
    OLOGIC_X1Y148        ODDR (Prop_oddr_C_Q)         0.411    -2.594 r  video_1/inst_dvid/ODDR2_clock/Q
                         net (fo=1, routed)           0.001    -2.593    video_1/clock_s
    T1                   OBUFDS (Prop_obufds_I_O)     1.749    -0.844 r  video_1/OBUFDS_clock/O
                         net (fo=0)                   0.000    -0.844    tmds[3]
    T1                                                                r  tmds[3] (OUT)
  -------------------------------------------------------------------    -------------------

Slack:                    inf
  Source:                 video_1/inst_dvid/ODDR2_clock/C
                            (rising edge-triggered cell ODDR clocked by clk_out2_clk_wiz_0  {rise@0.000ns fall@4.000ns period=8.000ns})
  Destination:            tmdsb[3]
                            (output port)
  Path Group:             (none)
  Path Type:              Min at Slow Process Corner
  Data Path Delay:        2.162ns  (logic 2.161ns (99.954%)  route 0.001ns (0.046%))
  Logic Levels:           1  (OBUFDS=1)
  Clock Uncertainty:      0.166ns  ((TSJ^2 + DJ^2)^1/2) / 2 + PE
    Total System Jitter     (TSJ):    0.050ns
    Discrete Jitter          (DJ):    0.125ns
    Phase Error              (PE):    0.099ns

    Location             Delay type                Incr(ns)  Path(ns)    Netlist Resource(s)
  -------------------------------------------------------------------    -------------------
                         (clock clk_out2_clk_wiz_0 rise edge)
                                                      0.000     0.000 r  
    R4                   IBUF                         0.000     0.000 r  clk_IBUF_inst/O
                         net (fo=25, routed)          1.162     1.162    video_1/mmcm_adv_inst_display_clocks/inst/clk_in1
    MMCME2_ADV_X1Y2      MMCME2_ADV (Prop_mmcme2_adv_CLKIN1_CLKOUT1)
                                                     -7.674    -6.512 r  video_1/mmcm_adv_inst_display_clocks/inst/mmcm_adv_inst/CLKOUT1
                         net (fo=1, routed)           1.723    -4.788    video_1/mmcm_adv_inst_display_clocks/inst/clk_out2_clk_wiz_0
    BUFGCTRL_X0Y0        BUFG (Prop_bufg_I_O)         0.091    -4.697 r  video_1/mmcm_adv_inst_display_clocks/inst/clkout2_buf/O
                         net (fo=44, routed)          1.693    -3.005    video_1/inst_dvid/clk_out2
    OLOGIC_X1Y148        ODDR                                         r  video_1/inst_dvid/ODDR2_clock/C
  -------------------------------------------------------------------    -------------------
    OLOGIC_X1Y148        ODDR (Prop_oddr_C_Q)         0.411    -2.594 r  video_1/inst_dvid/ODDR2_clock/Q
                         net (fo=1, routed)           0.001    -2.593    video_1/clock_s
    T1                   OBUFDS (Prop_obufds_I_OB)    1.750    -0.843 r  video_1/OBUFDS_clock/OB
                         net (fo=0)                   0.000    -0.843    tmdsb[3]
    U1                                                                r  tmdsb[3] (OUT)
  -------------------------------------------------------------------    -------------------

Slack:                    inf
  Source:                 video_1/inst_dvid/ODDR2_blue/C
                            (rising edge-triggered cell ODDR clocked by clk_out2_clk_wiz_0  {rise@0.000ns fall@4.000ns period=8.000ns})
  Destination:            tmds[0]
                            (output port)
  Path Group:             (none)
  Path Type:              Min at Slow Process Corner
  Data Path Delay:        2.177ns  (logic 2.176ns (99.954%)  route 0.001ns (0.046%))
  Logic Levels:           1  (OBUFDS=1)
  Clock Uncertainty:      0.166ns  ((TSJ^2 + DJ^2)^1/2) / 2 + PE
    Total System Jitter     (TSJ):    0.050ns
    Discrete Jitter          (DJ):    0.125ns
    Phase Error              (PE):    0.099ns

    Location             Delay type                Incr(ns)  Path(ns)    Netlist Resource(s)
  -------------------------------------------------------------------    -------------------
                         (clock clk_out2_clk_wiz_0 rise edge)
                                                      0.000     0.000 r  
    R4                   IBUF                         0.000     0.000 r  clk_IBUF_inst/O
                         net (fo=25, routed)          1.162     1.162    video_1/mmcm_adv_inst_display_clocks/inst/clk_in1
    MMCME2_ADV_X1Y2      MMCME2_ADV (Prop_mmcme2_adv_CLKIN1_CLKOUT1)
                                                     -7.674    -6.512 r  video_1/mmcm_adv_inst_display_clocks/inst/mmcm_adv_inst/CLKOUT1
                         net (fo=1, routed)           1.723    -4.788    video_1/mmcm_adv_inst_display_clocks/inst/clk_out2_clk_wiz_0
    BUFGCTRL_X0Y0        BUFG (Prop_bufg_I_O)         0.091    -4.697 r  video_1/mmcm_adv_inst_display_clocks/inst/clkout2_buf/O
                         net (fo=44, routed)          1.691    -3.007    video_1/inst_dvid/clk_out2
    OLOGIC_X1Y140        ODDR                                         r  video_1/inst_dvid/ODDR2_blue/C
  -------------------------------------------------------------------    -------------------
    OLOGIC_X1Y140        ODDR (Prop_oddr_C_Q)         0.411    -2.596 r  video_1/inst_dvid/ODDR2_blue/Q
                         net (fo=1, routed)           0.001    -2.595    video_1/blue_s
    W1                   OBUFDS (Prop_obufds_I_O)     1.765    -0.829 r  video_1/OBUFDS_blue/O
                         net (fo=0)                   0.000    -0.829    tmds[0]
    W1                                                                r  tmds[0] (OUT)
  -------------------------------------------------------------------    -------------------

Slack:                    inf
  Source:                 video_1/inst_dvid/ODDR2_blue/C
                            (rising edge-triggered cell ODDR clocked by clk_out2_clk_wiz_0  {rise@0.000ns fall@4.000ns period=8.000ns})
  Destination:            tmdsb[0]
                            (output port)
  Path Group:             (none)
  Path Type:              Min at Slow Process Corner
  Data Path Delay:        2.178ns  (logic 2.177ns (99.954%)  route 0.001ns (0.046%))
  Logic Levels:           1  (OBUFDS=1)
  Clock Uncertainty:      0.166ns  ((TSJ^2 + DJ^2)^1/2) / 2 + PE
    Total System Jitter     (TSJ):    0.050ns
    Discrete Jitter          (DJ):    0.125ns
    Phase Error              (PE):    0.099ns

    Location             Delay type                Incr(ns)  Path(ns)    Netlist Resource(s)
  -------------------------------------------------------------------    -------------------
                         (clock clk_out2_clk_wiz_0 rise edge)
                                                      0.000     0.000 r  
    R4                   IBUF                         0.000     0.000 r  clk_IBUF_inst/O
                         net (fo=25, routed)          1.162     1.162    video_1/mmcm_adv_inst_display_clocks/inst/clk_in1
    MMCME2_ADV_X1Y2      MMCME2_ADV (Prop_mmcme2_adv_CLKIN1_CLKOUT1)
                                                     -7.674    -6.512 r  video_1/mmcm_adv_inst_display_clocks/inst/mmcm_adv_inst/CLKOUT1
                         net (fo=1, routed)           1.723    -4.788    video_1/mmcm_adv_inst_display_clocks/inst/clk_out2_clk_wiz_0
    BUFGCTRL_X0Y0        BUFG (Prop_bufg_I_O)         0.091    -4.697 r  video_1/mmcm_adv_inst_display_clocks/inst/clkout2_buf/O
                         net (fo=44, routed)          1.691    -3.007    video_1/inst_dvid/clk_out2
    OLOGIC_X1Y140        ODDR                                         r  video_1/inst_dvid/ODDR2_blue/C
  -------------------------------------------------------------------    -------------------
    OLOGIC_X1Y140        ODDR (Prop_oddr_C_Q)         0.411    -2.596 r  video_1/inst_dvid/ODDR2_blue/Q
                         net (fo=1, routed)           0.001    -2.595    video_1/blue_s
    W1                   OBUFDS (Prop_obufds_I_OB)    1.766    -0.828 r  video_1/OBUFDS_blue/OB
                         net (fo=0)                   0.000    -0.828    tmdsb[0]
    Y1                                                                r  tmdsb[0] (OUT)
  -------------------------------------------------------------------    -------------------

Slack:                    inf
  Source:                 video_1/inst_dvid/ODDR2_green/C
                            (rising edge-triggered cell ODDR clocked by clk_out2_clk_wiz_0  {rise@0.000ns fall@4.000ns period=8.000ns})
  Destination:            tmds[1]
                            (output port)
  Path Group:             (none)
  Path Type:              Min at Slow Process Corner
  Data Path Delay:        2.188ns  (logic 2.187ns (99.954%)  route 0.001ns (0.046%))
  Logic Levels:           1  (OBUFDS=1)
  Clock Uncertainty:      0.166ns  ((TSJ^2 + DJ^2)^1/2) / 2 + PE
    Total System Jitter     (TSJ):    0.050ns
    Discrete Jitter          (DJ):    0.125ns
    Phase Error              (PE):    0.099ns

    Location             Delay type                Incr(ns)  Path(ns)    Netlist Resource(s)
  -------------------------------------------------------------------    -------------------
                         (clock clk_out2_clk_wiz_0 rise edge)
                                                      0.000     0.000 r  
    R4                   IBUF                         0.000     0.000 r  clk_IBUF_inst/O
                         net (fo=25, routed)          1.162     1.162    video_1/mmcm_adv_inst_display_clocks/inst/clk_in1
    MMCME2_ADV_X1Y2      MMCME2_ADV (Prop_mmcme2_adv_CLKIN1_CLKOUT1)
                                                     -7.674    -6.512 r  video_1/mmcm_adv_inst_display_clocks/inst/mmcm_adv_inst/CLKOUT1
                         net (fo=1, routed)           1.723    -4.788    video_1/mmcm_adv_inst_display_clocks/inst/clk_out2_clk_wiz_0
    BUFGCTRL_X0Y0        BUFG (Prop_bufg_I_O)         0.091    -4.697 r  video_1/mmcm_adv_inst_display_clocks/inst/clkout2_buf/O
                         net (fo=44, routed)          1.688    -3.010    video_1/inst_dvid/clk_out2
    OLOGIC_X1Y136        ODDR                                         r  video_1/inst_dvid/ODDR2_green/C
  -------------------------------------------------------------------    -------------------
    OLOGIC_X1Y136        ODDR (Prop_oddr_C_Q)         0.411    -2.599 r  video_1/inst_dvid/ODDR2_green/Q
                         net (fo=1, routed)           0.001    -2.598    video_1/green_s
    AA1                  OBUFDS (Prop_obufds_I_O)     1.776    -0.821 r  video_1/OBUFDS_red/O
                         net (fo=0)                   0.000    -0.821    tmds[1]
    AA1                                                               r  tmds[1] (OUT)
  -------------------------------------------------------------------    -------------------

Slack:                    inf
  Source:                 video_1/inst_dvid/ODDR2_red/C
                            (rising edge-triggered cell ODDR clocked by clk_out2_clk_wiz_0  {rise@0.000ns fall@4.000ns period=8.000ns})
  Destination:            tmds[2]
                            (output port)
  Path Group:             (none)
  Path Type:              Min at Slow Process Corner
  Data Path Delay:        2.190ns  (logic 2.189ns (99.954%)  route 0.001ns (0.046%))
  Logic Levels:           1  (OBUFDS=1)
  Clock Uncertainty:      0.166ns  ((TSJ^2 + DJ^2)^1/2) / 2 + PE
    Total System Jitter     (TSJ):    0.050ns
    Discrete Jitter          (DJ):    0.125ns
    Phase Error              (PE):    0.099ns

    Location             Delay type                Incr(ns)  Path(ns)    Netlist Resource(s)
  -------------------------------------------------------------------    -------------------
                         (clock clk_out2_clk_wiz_0 rise edge)
                                                      0.000     0.000 r  
    R4                   IBUF                         0.000     0.000 r  clk_IBUF_inst/O
                         net (fo=25, routed)          1.162     1.162    video_1/mmcm_adv_inst_display_clocks/inst/clk_in1
    MMCME2_ADV_X1Y2      MMCME2_ADV (Prop_mmcme2_adv_CLKIN1_CLKOUT1)
                                                     -7.674    -6.512 r  video_1/mmcm_adv_inst_display_clocks/inst/mmcm_adv_inst/CLKOUT1
                         net (fo=1, routed)           1.723    -4.788    video_1/mmcm_adv_inst_display_clocks/inst/clk_out2_clk_wiz_0
    BUFGCTRL_X0Y0        BUFG (Prop_bufg_I_O)         0.091    -4.697 r  video_1/mmcm_adv_inst_display_clocks/inst/clkout2_buf/O
                         net (fo=44, routed)          1.687    -3.011    video_1/inst_dvid/clk_out2
    OLOGIC_X1Y134        ODDR                                         r  video_1/inst_dvid/ODDR2_red/C
  -------------------------------------------------------------------    -------------------
    OLOGIC_X1Y134        ODDR (Prop_oddr_C_Q)         0.411    -2.600 r  video_1/inst_dvid/ODDR2_red/Q
                         net (fo=1, routed)           0.001    -2.599    video_1/red_s
    AB3                  OBUFDS (Prop_obufds_I_O)     1.778    -0.821 r  video_1/OBUFDS_green/O
                         net (fo=0)                   0.000    -0.821    tmds[2]
    AB3                                                               r  tmds[2] (OUT)
  -------------------------------------------------------------------    -------------------

Slack:                    inf
  Source:                 video_1/inst_dvid/ODDR2_green/C
                            (rising edge-triggered cell ODDR clocked by clk_out2_clk_wiz_0  {rise@0.000ns fall@4.000ns period=8.000ns})
  Destination:            tmdsb[1]
                            (output port)
  Path Group:             (none)
  Path Type:              Min at Slow Process Corner
  Data Path Delay:        2.189ns  (logic 2.188ns (99.954%)  route 0.001ns (0.046%))
  Logic Levels:           1  (OBUFDS=1)
  Clock Uncertainty:      0.166ns  ((TSJ^2 + DJ^2)^1/2) / 2 + PE
    Total System Jitter     (TSJ):    0.050ns
    Discrete Jitter          (DJ):    0.125ns
    Phase Error              (PE):    0.099ns

    Location             Delay type                Incr(ns)  Path(ns)    Netlist Resource(s)
  -------------------------------------------------------------------    -------------------
                         (clock clk_out2_clk_wiz_0 rise edge)
                                                      0.000     0.000 r  
    R4                   IBUF                         0.000     0.000 r  clk_IBUF_inst/O
                         net (fo=25, routed)          1.162     1.162    video_1/mmcm_adv_inst_display_clocks/inst/clk_in1
    MMCME2_ADV_X1Y2      MMCME2_ADV (Prop_mmcme2_adv_CLKIN1_CLKOUT1)
                                                     -7.674    -6.512 r  video_1/mmcm_adv_inst_display_clocks/inst/mmcm_adv_inst/CLKOUT1
                         net (fo=1, routed)           1.723    -4.788    video_1/mmcm_adv_inst_display_clocks/inst/clk_out2_clk_wiz_0
    BUFGCTRL_X0Y0        BUFG (Prop_bufg_I_O)         0.091    -4.697 r  video_1/mmcm_adv_inst_display_clocks/inst/clkout2_buf/O
                         net (fo=44, routed)          1.688    -3.010    video_1/inst_dvid/clk_out2
    OLOGIC_X1Y136        ODDR                                         r  video_1/inst_dvid/ODDR2_green/C
  -------------------------------------------------------------------    -------------------
    OLOGIC_X1Y136        ODDR (Prop_oddr_C_Q)         0.411    -2.599 r  video_1/inst_dvid/ODDR2_green/Q
                         net (fo=1, routed)           0.001    -2.598    video_1/green_s
    AA1                  OBUFDS (Prop_obufds_I_OB)    1.777    -0.820 r  video_1/OBUFDS_red/OB
                         net (fo=0)                   0.000    -0.820    tmdsb[1]
    AB1                                                               r  tmdsb[1] (OUT)
  -------------------------------------------------------------------    -------------------

Slack:                    inf
  Source:                 video_1/inst_dvid/ODDR2_red/C
                            (rising edge-triggered cell ODDR clocked by clk_out2_clk_wiz_0  {rise@0.000ns fall@4.000ns period=8.000ns})
  Destination:            tmdsb[2]
                            (output port)
  Path Group:             (none)
  Path Type:              Min at Slow Process Corner
  Data Path Delay:        2.191ns  (logic 2.190ns (99.954%)  route 0.001ns (0.046%))
  Logic Levels:           1  (OBUFDS=1)
  Clock Uncertainty:      0.166ns  ((TSJ^2 + DJ^2)^1/2) / 2 + PE
    Total System Jitter     (TSJ):    0.050ns
    Discrete Jitter          (DJ):    0.125ns
    Phase Error              (PE):    0.099ns

    Location             Delay type                Incr(ns)  Path(ns)    Netlist Resource(s)
  -------------------------------------------------------------------    -------------------
                         (clock clk_out2_clk_wiz_0 rise edge)
                                                      0.000     0.000 r  
    R4                   IBUF                         0.000     0.000 r  clk_IBUF_inst/O
                         net (fo=25, routed)          1.162     1.162    video_1/mmcm_adv_inst_display_clocks/inst/clk_in1
    MMCME2_ADV_X1Y2      MMCME2_ADV (Prop_mmcme2_adv_CLKIN1_CLKOUT1)
                                                     -7.674    -6.512 r  video_1/mmcm_adv_inst_display_clocks/inst/mmcm_adv_inst/CLKOUT1
                         net (fo=1, routed)           1.723    -4.788    video_1/mmcm_adv_inst_display_clocks/inst/clk_out2_clk_wiz_0
    BUFGCTRL_X0Y0        BUFG (Prop_bufg_I_O)         0.091    -4.697 r  video_1/mmcm_adv_inst_display_clocks/inst/clkout2_buf/O
                         net (fo=44, routed)          1.687    -3.011    video_1/inst_dvid/clk_out2
    OLOGIC_X1Y134        ODDR                                         r  video_1/inst_dvid/ODDR2_red/C
  -------------------------------------------------------------------    -------------------
    OLOGIC_X1Y134        ODDR (Prop_oddr_C_Q)         0.411    -2.600 r  video_1/inst_dvid/ODDR2_red/Q
                         net (fo=1, routed)           0.001    -2.599    video_1/red_s
    AB3                  OBUFDS (Prop_obufds_I_OB)    1.779    -0.820 r  video_1/OBUFDS_green/OB
                         net (fo=0)                   0.000    -0.820    tmdsb[2]
    AB2                                                               r  tmdsb[2] (OUT)
  -------------------------------------------------------------------    -------------------





--------------------------------------------------------------------------------------
Path Group:  (none)
From Clock:  clkfbout_clk_wiz_0
  To Clock:  

Max Delay             1 Endpoint
Min Delay             1 Endpoint
--------------------------------------------------------------------------------------


Max Delay Paths
--------------------------------------------------------------------------------------
Slack:                    inf
  Source:                 video_1/mmcm_adv_inst_display_clocks/inst/mmcm_adv_inst/CLKFBOUT
                            (clock source 'clkfbout_clk_wiz_0'  {rise@0.000ns fall@5.000ns period=10.000ns})
  Destination:            video_1/mmcm_adv_inst_display_clocks/inst/mmcm_adv_inst/CLKFBIN
  Path Group:             (none)
  Path Type:              Max at Fast Process Corner
  Data Path Delay:        1.479ns  (logic 0.029ns (1.961%)  route 1.450ns (98.039%))
  Logic Levels:           1  (BUFG=1)
  Clock Uncertainty:      0.148ns  ((TSJ^2 + DJ^2)^1/2) / 2 + PE
    Total System Jitter     (TSJ):    0.050ns
    Discrete Jitter          (DJ):    0.086ns
    Phase Error              (PE):    0.099ns

    Location             Delay type                Incr(ns)  Path(ns)    Netlist Resource(s)
  -------------------------------------------------------------------    -------------------
                         (clock clkfbout_clk_wiz_0 fall edge)
                                                      5.000     5.000 f  
    R4                   IBUF                         0.000     5.000 f  clk_IBUF_inst/O
                         net (fo=25, routed)          0.480     5.480    video_1/mmcm_adv_inst_display_clocks/inst/clk_in1
  -------------------------------------------------------------------    -------------------
    MMCME2_ADV_X1Y2      MMCME2_ADV (Prop_mmcme2_adv_CLKIN1_CLKFBOUT)
                                                     -3.332     2.148 f  video_1/mmcm_adv_inst_display_clocks/inst/mmcm_adv_inst/CLKFBOUT
                         net (fo=1, routed)           0.579     2.727    video_1/mmcm_adv_inst_display_clocks/inst/clkfbout_clk_wiz_0
    BUFGCTRL_X0Y2        BUFG (Prop_bufg_I_O)         0.029     2.756 f  video_1/mmcm_adv_inst_display_clocks/inst/clkf_buf/O
                         net (fo=1, routed)           0.872     3.627    video_1/mmcm_adv_inst_display_clocks/inst/clkfbout_buf_clk_wiz_0
    MMCME2_ADV_X1Y2      MMCME2_ADV                                   f  video_1/mmcm_adv_inst_display_clocks/inst/mmcm_adv_inst/CLKFBIN
  -------------------------------------------------------------------    -------------------





Min Delay Paths
--------------------------------------------------------------------------------------
Slack:                    inf
  Source:                 video_1/mmcm_adv_inst_display_clocks/inst/mmcm_adv_inst/CLKFBOUT
                            (clock source 'clkfbout_clk_wiz_0'  {rise@0.000ns fall@5.000ns period=10.000ns})
  Destination:            video_1/mmcm_adv_inst_display_clocks/inst/mmcm_adv_inst/CLKFBIN
  Path Group:             (none)
  Path Type:              Min at Slow Process Corner
  Data Path Delay:        3.438ns  (logic 0.091ns (2.647%)  route 3.348ns (97.354%))
  Logic Levels:           1  (BUFG=1)
  Clock Uncertainty:      0.148ns  ((TSJ^2 + DJ^2)^1/2) / 2 + PE
    Total System Jitter     (TSJ):    0.050ns
    Discrete Jitter          (DJ):    0.086ns
    Phase Error              (PE):    0.099ns

    Location             Delay type                Incr(ns)  Path(ns)    Netlist Resource(s)
  -------------------------------------------------------------------    -------------------
                         (clock clkfbout_clk_wiz_0 rise edge)
                                                      0.000     0.000 r  
    R4                   IBUF                         0.000     0.000 r  clk_IBUF_inst/O
                         net (fo=25, routed)          1.162     1.162    video_1/mmcm_adv_inst_display_clocks/inst/clk_in1
  -------------------------------------------------------------------    -------------------
    MMCME2_ADV_X1Y2      MMCME2_ADV (Prop_mmcme2_adv_CLKIN1_CLKFBOUT)
                                                     -7.674    -6.512 r  video_1/mmcm_adv_inst_display_clocks/inst/mmcm_adv_inst/CLKFBOUT
                         net (fo=1, routed)           1.723    -4.788    video_1/mmcm_adv_inst_display_clocks/inst/clkfbout_clk_wiz_0
    BUFGCTRL_X0Y2        BUFG (Prop_bufg_I_O)         0.091    -4.697 r  video_1/mmcm_adv_inst_display_clocks/inst/clkf_buf/O
                         net (fo=1, routed)           1.624    -3.073    video_1/mmcm_adv_inst_display_clocks/inst/clkfbout_buf_clk_wiz_0
    MMCME2_ADV_X1Y2      MMCME2_ADV                                   r  video_1/mmcm_adv_inst_display_clocks/inst/mmcm_adv_inst/CLKFBIN
  -------------------------------------------------------------------    -------------------





--------------------------------------------------------------------------------------
Path Group:  (none)
From Clock:  
  To Clock:  clk_out1_clk_wiz_0

Max Delay            43 Endpoints
Min Delay            43 Endpoints
--------------------------------------------------------------------------------------


Max Delay Paths
--------------------------------------------------------------------------------------
Slack:                    inf
  Source:                 num_step_v/process_q_reg[1]/C
                            (rising edge-triggered cell FDRE)
  Destination:            video_1/inst_dvid/TDMS_encoder_blue/encoded_reg[2]/D
                            (rising edge-triggered cell FDRE clocked by clk_out1_clk_wiz_0  {rise@0.000ns fall@20.000ns period=40.000ns})
  Path Group:             (none)
  Path Type:              Setup (Max at Slow Process Corner)
  Data Path Delay:        13.226ns  (logic 3.508ns (26.524%)  route 9.718ns (73.476%))
  Logic Levels:           14  (CARRY4=2 FDRE=1 LUT2=2 LUT3=1 LUT4=1 LUT5=2 LUT6=5)
  Clock Uncertainty:      0.190ns  ((TSJ^2 + DJ^2)^1/2) / 2 + PE
    Total System Jitter     (TSJ):    0.050ns
    Discrete Jitter          (DJ):    0.175ns
    Phase Error              (PE):    0.099ns

    Location             Delay type                Incr(ns)  Path(ns)    Netlist Resource(s)
  -------------------------------------------------------------------    -------------------
    SLICE_X153Y136       FDRE                         0.000     0.000 r  num_step_v/process_q_reg[1]/C
    SLICE_X153Y136       FDRE (Prop_fdre_C_Q)         0.456     0.456 r  num_step_v/process_q_reg[1]/Q
                         net (fo=4, routed)           1.078     1.534    video_1/Inst_vga/vga_sig_gen/vertical_counter/is_trigger_volt1_carry_i_10_0[0]
    SLICE_X157Y135       LUT2 (Prop_lut2_I1_O)        0.124     1.658 r  video_1/Inst_vga/vga_sig_gen/vertical_counter/is_trigger_volt1_carry_i_31/O
                         net (fo=1, routed)           0.000     1.658    video_1/Inst_vga/vga_sig_gen/vertical_counter/is_trigger_volt1_carry_i_31_n_0
    SLICE_X157Y135       CARRY4 (Prop_carry4_S[1]_O[2])
                                                      0.580     2.238 f  video_1/Inst_vga/vga_sig_gen/vertical_counter/is_trigger_volt1_carry_i_19/O[2]
                         net (fo=4, routed)           0.997     3.235    video_1/Inst_vga/vga_sig_gen/vertical_counter/is_trigger_volt1_carry_i_19_n_5
    SLICE_X158Y137       LUT6 (Prop_lut6_I1_O)        0.302     3.537 r  video_1/Inst_vga/vga_sig_gen/vertical_counter/is_trigger_volt1_carry_i_12/O
                         net (fo=4, routed)           0.704     4.241    video_1/Inst_vga/vga_sig_gen/vertical_counter/is_trigger_volt1_carry_i_12_n_0
    SLICE_X158Y137       LUT3 (Prop_lut3_I1_O)        0.124     4.365 r  video_1/Inst_vga/vga_sig_gen/vertical_counter/is_trigger_volt1_carry__0_i_4/O
                         net (fo=2, routed)           0.683     5.048    video_1/Inst_vga/vga_sig_gen/vertical_counter/is_trigger_volt1_carry__0_i_4_n_0
    SLICE_X158Y137       LUT6 (Prop_lut6_I2_O)        0.124     5.172 r  video_1/Inst_vga/vga_sig_gen/vertical_counter/is_trigger_volt1_carry__0_i_1/O
                         net (fo=1, routed)           0.538     5.710    video_1/Inst_vga/color_mapper_1/dc_bias[2]_i_8[0]
    SLICE_X156Y137       CARRY4 (Prop_carry4_DI[0]_CO[1])
                                                      0.465     6.175 f  video_1/Inst_vga/color_mapper_1/is_trigger_volt1_carry__0/CO[1]
                         net (fo=1, routed)           0.961     7.136    video_1/Inst_vga/vga_sig_gen/horizontal_counter/dc_bias[2]_i_7_0[0]
    SLICE_X160Y135       LUT6 (Prop_lut6_I0_O)        0.329     7.465 r  video_1/Inst_vga/vga_sig_gen/horizontal_counter/dc_bias[2]_i_8/O
                         net (fo=1, routed)           0.444     7.909    video_1/Inst_vga/vga_sig_gen/horizontal_counter/dc_bias[2]_i_8_n_0
    SLICE_X160Y135       LUT6 (Prop_lut6_I2_O)        0.124     8.033 f  video_1/Inst_vga/vga_sig_gen/horizontal_counter/dc_bias[2]_i_7/O
                         net (fo=1, routed)           0.977     9.009    video_1/Inst_vga/vga_sig_gen/vertical_counter/dc_bias[1]_i_2_1
    SLICE_X158Y132       LUT6 (Prop_lut6_I5_O)        0.124     9.133 f  video_1/Inst_vga/vga_sig_gen/vertical_counter/dc_bias[2]_i_4/O
                         net (fo=5, routed)           1.031    10.165    video_1/Inst_vga/vga_sig_gen/vertical_counter/dc_bias[2]_i_4_n_0
    SLICE_X161Y136       LUT4 (Prop_lut4_I3_O)        0.152    10.317 r  video_1/Inst_vga/vga_sig_gen/vertical_counter/dc_bias[3]_i_7/O
                         net (fo=3, routed)           0.756    11.073    video_1/Inst_vga/vga_sig_gen/vertical_counter/dc_bias[3]_i_7_n_0
    SLICE_X160Y138       LUT5 (Prop_lut5_I0_O)        0.326    11.399 r  video_1/Inst_vga/vga_sig_gen/vertical_counter/dc_bias[2]_i_2__0/O
                         net (fo=10, routed)          0.713    12.112    video_1/inst_dvid/TDMS_encoder_blue/dc_bias_reg[1]_0
    SLICE_X159Y139       LUT2 (Prop_lut2_I1_O)        0.124    12.236 r  video_1/inst_dvid/TDMS_encoder_blue/dc_bias[0]_i_2/O
                         net (fo=4, routed)           0.836    13.072    video_1/Inst_vga/vga_sig_gen/vertical_counter/encoded_reg[9]_1
    SLICE_X160Y139       LUT5 (Prop_lut5_I4_O)        0.154    13.226 r  video_1/Inst_vga/vga_sig_gen/vertical_counter/encoded[2]_i_1/O
                         net (fo=1, routed)           0.000    13.226    video_1/inst_dvid/TDMS_encoder_blue/encoded_reg[2]_0
    SLICE_X160Y139       FDRE                                         r  video_1/inst_dvid/TDMS_encoder_blue/encoded_reg[2]/D
  -------------------------------------------------------------------    -------------------

                         (clock clk_out1_clk_wiz_0 rise edge)
                                                      0.000     0.000 r  
    R4                   IBUF                         0.000     0.000 r  clk_IBUF_inst/O
                         net (fo=25, routed)          1.162     1.162    video_1/mmcm_adv_inst_display_clocks/inst/clk_in1
    MMCME2_ADV_X1Y2      MMCME2_ADV (Prop_mmcme2_adv_CLKIN1_CLKOUT0)
                                                     -7.674    -6.512 r  video_1/mmcm_adv_inst_display_clocks/inst/mmcm_adv_inst/CLKOUT0
                         net (fo=1, routed)           1.723    -4.788    video_1/mmcm_adv_inst_display_clocks/inst/clk_out1_clk_wiz_0
    BUFGCTRL_X0Y1        BUFG (Prop_bufg_I_O)         0.091    -4.697 r  video_1/mmcm_adv_inst_display_clocks/inst/clkout1_buf/O
                         net (fo=63, routed)          1.711    -2.986    video_1/inst_dvid/TDMS_encoder_blue/CLK
    SLICE_X160Y139       FDRE                                         r  video_1/inst_dvid/TDMS_encoder_blue/encoded_reg[2]/C

Slack:                    inf
  Source:                 num_step_v/process_q_reg[1]/C
                            (rising edge-triggered cell FDRE)
  Destination:            video_1/inst_dvid/TDMS_encoder_blue/encoded_reg[0]/D
                            (rising edge-triggered cell FDRE clocked by clk_out1_clk_wiz_0  {rise@0.000ns fall@20.000ns period=40.000ns})
  Path Group:             (none)
  Path Type:              Setup (Max at Slow Process Corner)
  Data Path Delay:        13.196ns  (logic 3.478ns (26.357%)  route 9.718ns (73.643%))
  Logic Levels:           14  (CARRY4=2 FDRE=1 LUT2=2 LUT3=1 LUT4=1 LUT5=2 LUT6=5)
  Clock Uncertainty:      0.190ns  ((TSJ^2 + DJ^2)^1/2) / 2 + PE
    Total System Jitter     (TSJ):    0.050ns
    Discrete Jitter          (DJ):    0.175ns
    Phase Error              (PE):    0.099ns

    Location             Delay type                Incr(ns)  Path(ns)    Netlist Resource(s)
  -------------------------------------------------------------------    -------------------
    SLICE_X153Y136       FDRE                         0.000     0.000 r  num_step_v/process_q_reg[1]/C
    SLICE_X153Y136       FDRE (Prop_fdre_C_Q)         0.456     0.456 r  num_step_v/process_q_reg[1]/Q
                         net (fo=4, routed)           1.078     1.534    video_1/Inst_vga/vga_sig_gen/vertical_counter/is_trigger_volt1_carry_i_10_0[0]
    SLICE_X157Y135       LUT2 (Prop_lut2_I1_O)        0.124     1.658 r  video_1/Inst_vga/vga_sig_gen/vertical_counter/is_trigger_volt1_carry_i_31/O
                         net (fo=1, routed)           0.000     1.658    video_1/Inst_vga/vga_sig_gen/vertical_counter/is_trigger_volt1_carry_i_31_n_0
    SLICE_X157Y135       CARRY4 (Prop_carry4_S[1]_O[2])
                                                      0.580     2.238 f  video_1/Inst_vga/vga_sig_gen/vertical_counter/is_trigger_volt1_carry_i_19/O[2]
                         net (fo=4, routed)           0.997     3.235    video_1/Inst_vga/vga_sig_gen/vertical_counter/is_trigger_volt1_carry_i_19_n_5
    SLICE_X158Y137       LUT6 (Prop_lut6_I1_O)        0.302     3.537 r  video_1/Inst_vga/vga_sig_gen/vertical_counter/is_trigger_volt1_carry_i_12/O
                         net (fo=4, routed)           0.704     4.241    video_1/Inst_vga/vga_sig_gen/vertical_counter/is_trigger_volt1_carry_i_12_n_0
    SLICE_X158Y137       LUT3 (Prop_lut3_I1_O)        0.124     4.365 r  video_1/Inst_vga/vga_sig_gen/vertical_counter/is_trigger_volt1_carry__0_i_4/O
                         net (fo=2, routed)           0.683     5.048    video_1/Inst_vga/vga_sig_gen/vertical_counter/is_trigger_volt1_carry__0_i_4_n_0
    SLICE_X158Y137       LUT6 (Prop_lut6_I2_O)        0.124     5.172 r  video_1/Inst_vga/vga_sig_gen/vertical_counter/is_trigger_volt1_carry__0_i_1/O
                         net (fo=1, routed)           0.538     5.710    video_1/Inst_vga/color_mapper_1/dc_bias[2]_i_8[0]
    SLICE_X156Y137       CARRY4 (Prop_carry4_DI[0]_CO[1])
                                                      0.465     6.175 f  video_1/Inst_vga/color_mapper_1/is_trigger_volt1_carry__0/CO[1]
                         net (fo=1, routed)           0.961     7.136    video_1/Inst_vga/vga_sig_gen/horizontal_counter/dc_bias[2]_i_7_0[0]
    SLICE_X160Y135       LUT6 (Prop_lut6_I0_O)        0.329     7.465 r  video_1/Inst_vga/vga_sig_gen/horizontal_counter/dc_bias[2]_i_8/O
                         net (fo=1, routed)           0.444     7.909    video_1/Inst_vga/vga_sig_gen/horizontal_counter/dc_bias[2]_i_8_n_0
    SLICE_X160Y135       LUT6 (Prop_lut6_I2_O)        0.124     8.033 f  video_1/Inst_vga/vga_sig_gen/horizontal_counter/dc_bias[2]_i_7/O
                         net (fo=1, routed)           0.977     9.009    video_1/Inst_vga/vga_sig_gen/vertical_counter/dc_bias[1]_i_2_1
    SLICE_X158Y132       LUT6 (Prop_lut6_I5_O)        0.124     9.133 f  video_1/Inst_vga/vga_sig_gen/vertical_counter/dc_bias[2]_i_4/O
                         net (fo=5, routed)           1.031    10.165    video_1/Inst_vga/vga_sig_gen/vertical_counter/dc_bias[2]_i_4_n_0
    SLICE_X161Y136       LUT4 (Prop_lut4_I3_O)        0.152    10.317 r  video_1/Inst_vga/vga_sig_gen/vertical_counter/dc_bias[3]_i_7/O
                         net (fo=3, routed)           0.756    11.073    video_1/Inst_vga/vga_sig_gen/vertical_counter/dc_bias[3]_i_7_n_0
    SLICE_X160Y138       LUT5 (Prop_lut5_I0_O)        0.326    11.399 r  video_1/Inst_vga/vga_sig_gen/vertical_counter/dc_bias[2]_i_2__0/O
                         net (fo=10, routed)          0.713    12.112    video_1/inst_dvid/TDMS_encoder_blue/dc_bias_reg[1]_0
    SLICE_X159Y139       LUT2 (Prop_lut2_I1_O)        0.124    12.236 r  video_1/inst_dvid/TDMS_encoder_blue/dc_bias[0]_i_2/O
                         net (fo=4, routed)           0.836    13.072    video_1/Inst_vga/vga_sig_gen/vertical_counter/encoded_reg[9]_1
    SLICE_X160Y139       LUT5 (Prop_lut5_I4_O)        0.124    13.196 r  video_1/Inst_vga/vga_sig_gen/vertical_counter/encoded[0]_i_1/O
                         net (fo=1, routed)           0.000    13.196    video_1/inst_dvid/TDMS_encoder_blue/encoded_reg[0]_0
    SLICE_X160Y139       FDRE                                         r  video_1/inst_dvid/TDMS_encoder_blue/encoded_reg[0]/D
  -------------------------------------------------------------------    -------------------

                         (clock clk_out1_clk_wiz_0 rise edge)
                                                      0.000     0.000 r  
    R4                   IBUF                         0.000     0.000 r  clk_IBUF_inst/O
                         net (fo=25, routed)          1.162     1.162    video_1/mmcm_adv_inst_display_clocks/inst/clk_in1
    MMCME2_ADV_X1Y2      MMCME2_ADV (Prop_mmcme2_adv_CLKIN1_CLKOUT0)
                                                     -7.674    -6.512 r  video_1/mmcm_adv_inst_display_clocks/inst/mmcm_adv_inst/CLKOUT0
                         net (fo=1, routed)           1.723    -4.788    video_1/mmcm_adv_inst_display_clocks/inst/clk_out1_clk_wiz_0
    BUFGCTRL_X0Y1        BUFG (Prop_bufg_I_O)         0.091    -4.697 r  video_1/mmcm_adv_inst_display_clocks/inst/clkout1_buf/O
                         net (fo=63, routed)          1.711    -2.986    video_1/inst_dvid/TDMS_encoder_blue/CLK
    SLICE_X160Y139       FDRE                                         r  video_1/inst_dvid/TDMS_encoder_blue/encoded_reg[0]/C

Slack:                    inf
  Source:                 num_step_v/process_q_reg[1]/C
                            (rising edge-triggered cell FDRE)
  Destination:            video_1/inst_dvid/TDMS_encoder_green/dc_bias_reg[3]/D
                            (rising edge-triggered cell FDRE clocked by clk_out1_clk_wiz_0  {rise@0.000ns fall@20.000ns period=40.000ns})
  Path Group:             (none)
  Path Type:              Setup (Max at Slow Process Corner)
  Data Path Delay:        13.053ns  (logic 3.478ns (26.646%)  route 9.575ns (73.354%))
  Logic Levels:           14  (CARRY4=2 FDRE=1 LUT2=1 LUT3=2 LUT4=1 LUT6=7)
  Clock Uncertainty:      0.190ns  ((TSJ^2 + DJ^2)^1/2) / 2 + PE
    Total System Jitter     (TSJ):    0.050ns
    Discrete Jitter          (DJ):    0.175ns
    Phase Error              (PE):    0.099ns

    Location             Delay type                Incr(ns)  Path(ns)    Netlist Resource(s)
  -------------------------------------------------------------------    -------------------
    SLICE_X153Y136       FDRE                         0.000     0.000 r  num_step_v/process_q_reg[1]/C
    SLICE_X153Y136       FDRE (Prop_fdre_C_Q)         0.456     0.456 r  num_step_v/process_q_reg[1]/Q
                         net (fo=4, routed)           1.078     1.534    video_1/Inst_vga/vga_sig_gen/vertical_counter/is_trigger_volt1_carry_i_10_0[0]
    SLICE_X157Y135       LUT2 (Prop_lut2_I1_O)        0.124     1.658 r  video_1/Inst_vga/vga_sig_gen/vertical_counter/is_trigger_volt1_carry_i_31/O
                         net (fo=1, routed)           0.000     1.658    video_1/Inst_vga/vga_sig_gen/vertical_counter/is_trigger_volt1_carry_i_31_n_0
    SLICE_X157Y135       CARRY4 (Prop_carry4_S[1]_O[2])
                                                      0.580     2.238 f  video_1/Inst_vga/vga_sig_gen/vertical_counter/is_trigger_volt1_carry_i_19/O[2]
                         net (fo=4, routed)           0.997     3.235    video_1/Inst_vga/vga_sig_gen/vertical_counter/is_trigger_volt1_carry_i_19_n_5
    SLICE_X158Y137       LUT6 (Prop_lut6_I1_O)        0.302     3.537 r  video_1/Inst_vga/vga_sig_gen/vertical_counter/is_trigger_volt1_carry_i_12/O
                         net (fo=4, routed)           0.704     4.241    video_1/Inst_vga/vga_sig_gen/vertical_counter/is_trigger_volt1_carry_i_12_n_0
    SLICE_X158Y137       LUT3 (Prop_lut3_I1_O)        0.124     4.365 r  video_1/Inst_vga/vga_sig_gen/vertical_counter/is_trigger_volt1_carry__0_i_4/O
                         net (fo=2, routed)           0.683     5.048    video_1/Inst_vga/vga_sig_gen/vertical_counter/is_trigger_volt1_carry__0_i_4_n_0
    SLICE_X158Y137       LUT6 (Prop_lut6_I2_O)        0.124     5.172 r  video_1/Inst_vga/vga_sig_gen/vertical_counter/is_trigger_volt1_carry__0_i_1/O
                         net (fo=1, routed)           0.538     5.710    video_1/Inst_vga/color_mapper_1/dc_bias[2]_i_8[0]
    SLICE_X156Y137       CARRY4 (Prop_carry4_DI[0]_CO[1])
                                                      0.465     6.175 r  video_1/Inst_vga/color_mapper_1/is_trigger_volt1_carry__0/CO[1]
                         net (fo=1, routed)           0.961     7.136    video_1/Inst_vga/vga_sig_gen/horizontal_counter/dc_bias[2]_i_7_0[0]
    SLICE_X160Y135       LUT6 (Prop_lut6_I0_O)        0.329     7.465 f  video_1/Inst_vga/vga_sig_gen/horizontal_counter/dc_bias[2]_i_8/O
                         net (fo=1, routed)           0.444     7.909    video_1/Inst_vga/vga_sig_gen/horizontal_counter/dc_bias[2]_i_8_n_0
    SLICE_X160Y135       LUT6 (Prop_lut6_I2_O)        0.124     8.033 r  video_1/Inst_vga/vga_sig_gen/horizontal_counter/dc_bias[2]_i_7/O
                         net (fo=1, routed)           0.977     9.009    video_1/Inst_vga/vga_sig_gen/vertical_counter/dc_bias[1]_i_2_1
    SLICE_X158Y132       LUT6 (Prop_lut6_I5_O)        0.124     9.133 r  video_1/Inst_vga/vga_sig_gen/vertical_counter/dc_bias[2]_i_4/O
                         net (fo=5, routed)           1.031    10.165    video_1/Inst_vga/vga_sig_gen/vertical_counter/dc_bias[2]_i_4_n_0
    SLICE_X161Y136       LUT4 (Prop_lut4_I3_O)        0.152    10.317 f  video_1/Inst_vga/vga_sig_gen/vertical_counter/dc_bias[3]_i_7/O
                         net (fo=3, routed)           0.745    11.062    video_1/Inst_vga/vga_sig_gen/vertical_counter/dc_bias[3]_i_7_n_0
    SLICE_X160Y138       LUT6 (Prop_lut6_I3_O)        0.326    11.388 f  video_1/Inst_vga/vga_sig_gen/vertical_counter/dc_bias[2]_i_3/O
                         net (fo=3, routed)           0.619    12.007    video_1/inst_dvid/TDMS_encoder_green/dc_bias_reg[2]_1
    SLICE_X158Y138       LUT6 (Prop_lut6_I1_O)        0.124    12.131 r  video_1/inst_dvid/TDMS_encoder_green/dc_bias[3]_i_3__0/O
                         net (fo=1, routed)           0.798    12.929    video_1/inst_dvid/TDMS_encoder_green/dc_bias[3]_i_3__0_n_0
    SLICE_X157Y138       LUT3 (Prop_lut3_I1_O)        0.124    13.053 r  video_1/inst_dvid/TDMS_encoder_green/dc_bias[3]_i_1__0/O
                         net (fo=1, routed)           0.000    13.053    video_1/inst_dvid/TDMS_encoder_green/dc_bias[3]_i_1__0_n_0
    SLICE_X157Y138       FDRE                                         r  video_1/inst_dvid/TDMS_encoder_green/dc_bias_reg[3]/D
  -------------------------------------------------------------------    -------------------

                         (clock clk_out1_clk_wiz_0 rise edge)
                                                      0.000     0.000 r  
    R4                   IBUF                         0.000     0.000 r  clk_IBUF_inst/O
                         net (fo=25, routed)          1.162     1.162    video_1/mmcm_adv_inst_display_clocks/inst/clk_in1
    MMCME2_ADV_X1Y2      MMCME2_ADV (Prop_mmcme2_adv_CLKIN1_CLKOUT0)
                                                     -7.674    -6.512 r  video_1/mmcm_adv_inst_display_clocks/inst/mmcm_adv_inst/CLKOUT0
                         net (fo=1, routed)           1.723    -4.788    video_1/mmcm_adv_inst_display_clocks/inst/clk_out1_clk_wiz_0
    BUFGCTRL_X0Y1        BUFG (Prop_bufg_I_O)         0.091    -4.697 r  video_1/mmcm_adv_inst_display_clocks/inst/clkout1_buf/O
                         net (fo=63, routed)          1.708    -2.989    video_1/inst_dvid/TDMS_encoder_green/CLK
    SLICE_X157Y138       FDRE                                         r  video_1/inst_dvid/TDMS_encoder_green/dc_bias_reg[3]/C

Slack:                    inf
  Source:                 num_step_v/process_q_reg[1]/C
                            (rising edge-triggered cell FDRE)
  Destination:            video_1/inst_dvid/TDMS_encoder_blue/dc_bias_reg[0]/D
                            (rising edge-triggered cell FDRE clocked by clk_out1_clk_wiz_0  {rise@0.000ns fall@20.000ns period=40.000ns})
  Path Group:             (none)
  Path Type:              Setup (Max at Slow Process Corner)
  Data Path Delay:        13.027ns  (logic 3.478ns (26.699%)  route 9.549ns (73.301%))
  Logic Levels:           14  (CARRY4=2 FDRE=1 LUT2=2 LUT3=1 LUT4=1 LUT5=1 LUT6=6)
  Clock Uncertainty:      0.190ns  ((TSJ^2 + DJ^2)^1/2) / 2 + PE
    Total System Jitter     (TSJ):    0.050ns
    Discrete Jitter          (DJ):    0.175ns
    Phase Error              (PE):    0.099ns

    Location             Delay type                Incr(ns)  Path(ns)    Netlist Resource(s)
  -------------------------------------------------------------------    -------------------
    SLICE_X153Y136       FDRE                         0.000     0.000 r  num_step_v/process_q_reg[1]/C
    SLICE_X153Y136       FDRE (Prop_fdre_C_Q)         0.456     0.456 r  num_step_v/process_q_reg[1]/Q
                         net (fo=4, routed)           1.078     1.534    video_1/Inst_vga/vga_sig_gen/vertical_counter/is_trigger_volt1_carry_i_10_0[0]
    SLICE_X157Y135       LUT2 (Prop_lut2_I1_O)        0.124     1.658 r  video_1/Inst_vga/vga_sig_gen/vertical_counter/is_trigger_volt1_carry_i_31/O
                         net (fo=1, routed)           0.000     1.658    video_1/Inst_vga/vga_sig_gen/vertical_counter/is_trigger_volt1_carry_i_31_n_0
    SLICE_X157Y135       CARRY4 (Prop_carry4_S[1]_O[2])
                                                      0.580     2.238 f  video_1/Inst_vga/vga_sig_gen/vertical_counter/is_trigger_volt1_carry_i_19/O[2]
                         net (fo=4, routed)           0.997     3.235    video_1/Inst_vga/vga_sig_gen/vertical_counter/is_trigger_volt1_carry_i_19_n_5
    SLICE_X158Y137       LUT6 (Prop_lut6_I1_O)        0.302     3.537 r  video_1/Inst_vga/vga_sig_gen/vertical_counter/is_trigger_volt1_carry_i_12/O
                         net (fo=4, routed)           0.704     4.241    video_1/Inst_vga/vga_sig_gen/vertical_counter/is_trigger_volt1_carry_i_12_n_0
    SLICE_X158Y137       LUT3 (Prop_lut3_I1_O)        0.124     4.365 r  video_1/Inst_vga/vga_sig_gen/vertical_counter/is_trigger_volt1_carry__0_i_4/O
                         net (fo=2, routed)           0.683     5.048    video_1/Inst_vga/vga_sig_gen/vertical_counter/is_trigger_volt1_carry__0_i_4_n_0
    SLICE_X158Y137       LUT6 (Prop_lut6_I2_O)        0.124     5.172 r  video_1/Inst_vga/vga_sig_gen/vertical_counter/is_trigger_volt1_carry__0_i_1/O
                         net (fo=1, routed)           0.538     5.710    video_1/Inst_vga/color_mapper_1/dc_bias[2]_i_8[0]
    SLICE_X156Y137       CARRY4 (Prop_carry4_DI[0]_CO[1])
                                                      0.465     6.175 f  video_1/Inst_vga/color_mapper_1/is_trigger_volt1_carry__0/CO[1]
                         net (fo=1, routed)           0.961     7.136    video_1/Inst_vga/vga_sig_gen/horizontal_counter/dc_bias[2]_i_7_0[0]
    SLICE_X160Y135       LUT6 (Prop_lut6_I0_O)        0.329     7.465 r  video_1/Inst_vga/vga_sig_gen/horizontal_counter/dc_bias[2]_i_8/O
                         net (fo=1, routed)           0.444     7.909    video_1/Inst_vga/vga_sig_gen/horizontal_counter/dc_bias[2]_i_8_n_0
    SLICE_X160Y135       LUT6 (Prop_lut6_I2_O)        0.124     8.033 f  video_1/Inst_vga/vga_sig_gen/horizontal_counter/dc_bias[2]_i_7/O
                         net (fo=1, routed)           0.977     9.009    video_1/Inst_vga/vga_sig_gen/vertical_counter/dc_bias[1]_i_2_1
    SLICE_X158Y132       LUT6 (Prop_lut6_I5_O)        0.124     9.133 f  video_1/Inst_vga/vga_sig_gen/vertical_counter/dc_bias[2]_i_4/O
                         net (fo=5, routed)           1.031    10.165    video_1/Inst_vga/vga_sig_gen/vertical_counter/dc_bias[2]_i_4_n_0
    SLICE_X161Y136       LUT4 (Prop_lut4_I3_O)        0.152    10.317 r  video_1/Inst_vga/vga_sig_gen/vertical_counter/dc_bias[3]_i_7/O
                         net (fo=3, routed)           0.756    11.073    video_1/Inst_vga/vga_sig_gen/vertical_counter/dc_bias[3]_i_7_n_0
    SLICE_X160Y138       LUT5 (Prop_lut5_I0_O)        0.326    11.399 r  video_1/Inst_vga/vga_sig_gen/vertical_counter/dc_bias[2]_i_2__0/O
                         net (fo=10, routed)          0.713    12.112    video_1/inst_dvid/TDMS_encoder_blue/dc_bias_reg[1]_0
    SLICE_X159Y139       LUT2 (Prop_lut2_I1_O)        0.124    12.236 r  video_1/inst_dvid/TDMS_encoder_blue/dc_bias[0]_i_2/O
                         net (fo=4, routed)           0.667    12.903    video_1/inst_dvid/TDMS_encoder_blue/dc_bias_reg[3]_0
    SLICE_X158Y139       LUT6 (Prop_lut6_I4_O)        0.124    13.027 r  video_1/inst_dvid/TDMS_encoder_blue/dc_bias[0]_i_1__0/O
                         net (fo=1, routed)           0.000    13.027    video_1/inst_dvid/TDMS_encoder_blue/dc_bias[0]_i_1__0_n_0
    SLICE_X158Y139       FDRE                                         r  video_1/inst_dvid/TDMS_encoder_blue/dc_bias_reg[0]/D
  -------------------------------------------------------------------    -------------------

                         (clock clk_out1_clk_wiz_0 rise edge)
                                                      0.000     0.000 r  
    R4                   IBUF                         0.000     0.000 r  clk_IBUF_inst/O
                         net (fo=25, routed)          1.162     1.162    video_1/mmcm_adv_inst_display_clocks/inst/clk_in1
    MMCME2_ADV_X1Y2      MMCME2_ADV (Prop_mmcme2_adv_CLKIN1_CLKOUT0)
                                                     -7.674    -6.512 r  video_1/mmcm_adv_inst_display_clocks/inst/mmcm_adv_inst/CLKOUT0
                         net (fo=1, routed)           1.723    -4.788    video_1/mmcm_adv_inst_display_clocks/inst/clk_out1_clk_wiz_0
    BUFGCTRL_X0Y1        BUFG (Prop_bufg_I_O)         0.091    -4.697 r  video_1/mmcm_adv_inst_display_clocks/inst/clkout1_buf/O
                         net (fo=63, routed)          1.709    -2.988    video_1/inst_dvid/TDMS_encoder_blue/CLK
    SLICE_X158Y139       FDRE                                         r  video_1/inst_dvid/TDMS_encoder_blue/dc_bias_reg[0]/C

Slack:                    inf
  Source:                 num_step_v/process_q_reg[1]/C
                            (rising edge-triggered cell FDRE)
  Destination:            video_1/inst_dvid/TDMS_encoder_blue/encoded_reg[9]/D
                            (rising edge-triggered cell FDRE clocked by clk_out1_clk_wiz_0  {rise@0.000ns fall@20.000ns period=40.000ns})
  Path Group:             (none)
  Path Type:              Setup (Max at Slow Process Corner)
  Data Path Delay:        12.806ns  (logic 3.478ns (27.160%)  route 9.328ns (72.840%))
  Logic Levels:           14  (CARRY4=2 FDRE=1 LUT2=2 LUT3=1 LUT4=1 LUT5=1 LUT6=6)
  Clock Uncertainty:      0.190ns  ((TSJ^2 + DJ^2)^1/2) / 2 + PE
    Total System Jitter     (TSJ):    0.050ns
    Discrete Jitter          (DJ):    0.175ns
    Phase Error              (PE):    0.099ns

    Location             Delay type                Incr(ns)  Path(ns)    Netlist Resource(s)
  -------------------------------------------------------------------    -------------------
    SLICE_X153Y136       FDRE                         0.000     0.000 r  num_step_v/process_q_reg[1]/C
    SLICE_X153Y136       FDRE (Prop_fdre_C_Q)         0.456     0.456 r  num_step_v/process_q_reg[1]/Q
                         net (fo=4, routed)           1.078     1.534    video_1/Inst_vga/vga_sig_gen/vertical_counter/is_trigger_volt1_carry_i_10_0[0]
    SLICE_X157Y135       LUT2 (Prop_lut2_I1_O)        0.124     1.658 r  video_1/Inst_vga/vga_sig_gen/vertical_counter/is_trigger_volt1_carry_i_31/O
                         net (fo=1, routed)           0.000     1.658    video_1/Inst_vga/vga_sig_gen/vertical_counter/is_trigger_volt1_carry_i_31_n_0
    SLICE_X157Y135       CARRY4 (Prop_carry4_S[1]_O[2])
                                                      0.580     2.238 f  video_1/Inst_vga/vga_sig_gen/vertical_counter/is_trigger_volt1_carry_i_19/O[2]
                         net (fo=4, routed)           0.997     3.235    video_1/Inst_vga/vga_sig_gen/vertical_counter/is_trigger_volt1_carry_i_19_n_5
    SLICE_X158Y137       LUT6 (Prop_lut6_I1_O)        0.302     3.537 r  video_1/Inst_vga/vga_sig_gen/vertical_counter/is_trigger_volt1_carry_i_12/O
                         net (fo=4, routed)           0.704     4.241    video_1/Inst_vga/vga_sig_gen/vertical_counter/is_trigger_volt1_carry_i_12_n_0
    SLICE_X158Y137       LUT3 (Prop_lut3_I1_O)        0.124     4.365 r  video_1/Inst_vga/vga_sig_gen/vertical_counter/is_trigger_volt1_carry__0_i_4/O
                         net (fo=2, routed)           0.683     5.048    video_1/Inst_vga/vga_sig_gen/vertical_counter/is_trigger_volt1_carry__0_i_4_n_0
    SLICE_X158Y137       LUT6 (Prop_lut6_I2_O)        0.124     5.172 r  video_1/Inst_vga/vga_sig_gen/vertical_counter/is_trigger_volt1_carry__0_i_1/O
                         net (fo=1, routed)           0.538     5.710    video_1/Inst_vga/color_mapper_1/dc_bias[2]_i_8[0]
    SLICE_X156Y137       CARRY4 (Prop_carry4_DI[0]_CO[1])
                                                      0.465     6.175 f  video_1/Inst_vga/color_mapper_1/is_trigger_volt1_carry__0/CO[1]
                         net (fo=1, routed)           0.961     7.136    video_1/Inst_vga/vga_sig_gen/horizontal_counter/dc_bias[2]_i_7_0[0]
    SLICE_X160Y135       LUT6 (Prop_lut6_I0_O)        0.329     7.465 r  video_1/Inst_vga/vga_sig_gen/horizontal_counter/dc_bias[2]_i_8/O
                         net (fo=1, routed)           0.444     7.909    video_1/Inst_vga/vga_sig_gen/horizontal_counter/dc_bias[2]_i_8_n_0
    SLICE_X160Y135       LUT6 (Prop_lut6_I2_O)        0.124     8.033 f  video_1/Inst_vga/vga_sig_gen/horizontal_counter/dc_bias[2]_i_7/O
                         net (fo=1, routed)           0.977     9.009    video_1/Inst_vga/vga_sig_gen/vertical_counter/dc_bias[1]_i_2_1
    SLICE_X158Y132       LUT6 (Prop_lut6_I5_O)        0.124     9.133 f  video_1/Inst_vga/vga_sig_gen/vertical_counter/dc_bias[2]_i_4/O
                         net (fo=5, routed)           1.031    10.165    video_1/Inst_vga/vga_sig_gen/vertical_counter/dc_bias[2]_i_4_n_0
    SLICE_X161Y136       LUT4 (Prop_lut4_I3_O)        0.152    10.317 r  video_1/Inst_vga/vga_sig_gen/vertical_counter/dc_bias[3]_i_7/O
                         net (fo=3, routed)           0.756    11.073    video_1/Inst_vga/vga_sig_gen/vertical_counter/dc_bias[3]_i_7_n_0
    SLICE_X160Y138       LUT5 (Prop_lut5_I0_O)        0.326    11.399 r  video_1/Inst_vga/vga_sig_gen/vertical_counter/dc_bias[2]_i_2__0/O
                         net (fo=10, routed)          0.713    12.112    video_1/inst_dvid/TDMS_encoder_blue/dc_bias_reg[1]_0
    SLICE_X159Y139       LUT2 (Prop_lut2_I1_O)        0.124    12.236 f  video_1/inst_dvid/TDMS_encoder_blue/dc_bias[0]_i_2/O
                         net (fo=4, routed)           0.446    12.682    video_1/Inst_vga/vga_sig_gen/vertical_counter/encoded_reg[9]_1
    SLICE_X160Y139       LUT6 (Prop_lut6_I0_O)        0.124    12.806 r  video_1/Inst_vga/vga_sig_gen/vertical_counter/TDMS_encoder_blue/encoded[9]_i_1/O
                         net (fo=1, routed)           0.000    12.806    video_1/inst_dvid/TDMS_encoder_blue/encoded_reg[9]_0
    SLICE_X160Y139       FDRE                                         r  video_1/inst_dvid/TDMS_encoder_blue/encoded_reg[9]/D
  -------------------------------------------------------------------    -------------------

                         (clock clk_out1_clk_wiz_0 rise edge)
                                                      0.000     0.000 r  
    R4                   IBUF                         0.000     0.000 r  clk_IBUF_inst/O
                         net (fo=25, routed)          1.162     1.162    video_1/mmcm_adv_inst_display_clocks/inst/clk_in1
    MMCME2_ADV_X1Y2      MMCME2_ADV (Prop_mmcme2_adv_CLKIN1_CLKOUT0)
                                                     -7.674    -6.512 r  video_1/mmcm_adv_inst_display_clocks/inst/mmcm_adv_inst/CLKOUT0
                         net (fo=1, routed)           1.723    -4.788    video_1/mmcm_adv_inst_display_clocks/inst/clk_out1_clk_wiz_0
    BUFGCTRL_X0Y1        BUFG (Prop_bufg_I_O)         0.091    -4.697 r  video_1/mmcm_adv_inst_display_clocks/inst/clkout1_buf/O
                         net (fo=63, routed)          1.711    -2.986    video_1/inst_dvid/TDMS_encoder_blue/CLK
    SLICE_X160Y139       FDRE                                         r  video_1/inst_dvid/TDMS_encoder_blue/encoded_reg[9]/C

Slack:                    inf
  Source:                 num_step_v/process_q_reg[1]/C
                            (rising edge-triggered cell FDRE)
  Destination:            video_1/inst_dvid/TDMS_encoder_red/dc_bias_reg[3]/D
                            (rising edge-triggered cell FDRE clocked by clk_out1_clk_wiz_0  {rise@0.000ns fall@20.000ns period=40.000ns})
  Path Group:             (none)
  Path Type:              Setup (Max at Slow Process Corner)
  Data Path Delay:        12.616ns  (logic 3.610ns (28.615%)  route 9.006ns (71.385%))
  Logic Levels:           13  (CARRY4=2 FDRE=1 LUT2=1 LUT3=1 LUT4=1 LUT5=2 LUT6=5)
  Clock Uncertainty:      0.190ns  ((TSJ^2 + DJ^2)^1/2) / 2 + PE
    Total System Jitter     (TSJ):    0.050ns
    Discrete Jitter          (DJ):    0.175ns
    Phase Error              (PE):    0.099ns

    Location             Delay type                Incr(ns)  Path(ns)    Netlist Resource(s)
  -------------------------------------------------------------------    -------------------
    SLICE_X153Y136       FDRE                         0.000     0.000 r  num_step_v/process_q_reg[1]/C
    SLICE_X153Y136       FDRE (Prop_fdre_C_Q)         0.456     0.456 r  num_step_v/process_q_reg[1]/Q
                         net (fo=4, routed)           1.078     1.534    video_1/Inst_vga/vga_sig_gen/vertical_counter/is_trigger_volt1_carry_i_10_0[0]
    SLICE_X157Y135       LUT2 (Prop_lut2_I1_O)        0.124     1.658 r  video_1/Inst_vga/vga_sig_gen/vertical_counter/is_trigger_volt1_carry_i_31/O
                         net (fo=1, routed)           0.000     1.658    video_1/Inst_vga/vga_sig_gen/vertical_counter/is_trigger_volt1_carry_i_31_n_0
    SLICE_X157Y135       CARRY4 (Prop_carry4_S[1]_O[2])
                                                      0.580     2.238 f  video_1/Inst_vga/vga_sig_gen/vertical_counter/is_trigger_volt1_carry_i_19/O[2]
                         net (fo=4, routed)           0.997     3.235    video_1/Inst_vga/vga_sig_gen/vertical_counter/is_trigger_volt1_carry_i_19_n_5
    SLICE_X158Y137       LUT6 (Prop_lut6_I1_O)        0.302     3.537 r  video_1/Inst_vga/vga_sig_gen/vertical_counter/is_trigger_volt1_carry_i_12/O
                         net (fo=4, routed)           0.704     4.241    video_1/Inst_vga/vga_sig_gen/vertical_counter/is_trigger_volt1_carry_i_12_n_0
    SLICE_X158Y137       LUT3 (Prop_lut3_I1_O)        0.124     4.365 r  video_1/Inst_vga/vga_sig_gen/vertical_counter/is_trigger_volt1_carry__0_i_4/O
                         net (fo=2, routed)           0.683     5.048    video_1/Inst_vga/vga_sig_gen/vertical_counter/is_trigger_volt1_carry__0_i_4_n_0
    SLICE_X158Y137       LUT6 (Prop_lut6_I2_O)        0.124     5.172 r  video_1/Inst_vga/vga_sig_gen/vertical_counter/is_trigger_volt1_carry__0_i_1/O
                         net (fo=1, routed)           0.538     5.710    video_1/Inst_vga/color_mapper_1/dc_bias[2]_i_8[0]
    SLICE_X156Y137       CARRY4 (Prop_carry4_DI[0]_CO[1])
                                                      0.465     6.175 r  video_1/Inst_vga/color_mapper_1/is_trigger_volt1_carry__0/CO[1]
                         net (fo=1, routed)           0.961     7.136    video_1/Inst_vga/vga_sig_gen/horizontal_counter/dc_bias[2]_i_7_0[0]
    SLICE_X160Y135       LUT6 (Prop_lut6_I0_O)        0.329     7.465 f  video_1/Inst_vga/vga_sig_gen/horizontal_counter/dc_bias[2]_i_8/O
                         net (fo=1, routed)           0.444     7.909    video_1/Inst_vga/vga_sig_gen/horizontal_counter/dc_bias[2]_i_8_n_0
    SLICE_X160Y135       LUT6 (Prop_lut6_I2_O)        0.124     8.033 r  video_1/Inst_vga/vga_sig_gen/horizontal_counter/dc_bias[2]_i_7/O
                         net (fo=1, routed)           0.977     9.009    video_1/Inst_vga/vga_sig_gen/vertical_counter/dc_bias[1]_i_2_1
    SLICE_X158Y132       LUT6 (Prop_lut6_I5_O)        0.124     9.133 r  video_1/Inst_vga/vga_sig_gen/vertical_counter/dc_bias[2]_i_4/O
                         net (fo=5, routed)           1.031    10.165    video_1/Inst_vga/vga_sig_gen/vertical_counter/dc_bias[2]_i_4_n_0
    SLICE_X161Y136       LUT4 (Prop_lut4_I3_O)        0.152    10.317 f  video_1/Inst_vga/vga_sig_gen/vertical_counter/dc_bias[3]_i_7/O
                         net (fo=3, routed)           0.756    11.073    video_1/Inst_vga/vga_sig_gen/vertical_counter/dc_bias[3]_i_7_n_0
    SLICE_X160Y138       LUT5 (Prop_lut5_I4_O)        0.352    11.425 r  video_1/Inst_vga/vga_sig_gen/vertical_counter/dc_bias[3]_i_2__1/O
                         net (fo=3, routed)           0.837    12.262    video_1/inst_dvid/TDMS_encoder_red/dc_bias_reg[3]_0
    SLICE_X160Y137       LUT5 (Prop_lut5_I1_O)        0.354    12.616 r  video_1/inst_dvid/TDMS_encoder_red/dc_bias[3]_i_1__1/O
                         net (fo=1, routed)           0.000    12.616    video_1/inst_dvid/TDMS_encoder_red/dc_bias[3]_i_1__1_n_0
    SLICE_X160Y137       FDRE                                         r  video_1/inst_dvid/TDMS_encoder_red/dc_bias_reg[3]/D
  -------------------------------------------------------------------    -------------------

                         (clock clk_out1_clk_wiz_0 rise edge)
                                                      0.000     0.000 r  
    R4                   IBUF                         0.000     0.000 r  clk_IBUF_inst/O
                         net (fo=25, routed)          1.162     1.162    video_1/mmcm_adv_inst_display_clocks/inst/clk_in1
    MMCME2_ADV_X1Y2      MMCME2_ADV (Prop_mmcme2_adv_CLKIN1_CLKOUT0)
                                                     -7.674    -6.512 r  video_1/mmcm_adv_inst_display_clocks/inst/mmcm_adv_inst/CLKOUT0
                         net (fo=1, routed)           1.723    -4.788    video_1/mmcm_adv_inst_display_clocks/inst/clk_out1_clk_wiz_0
    BUFGCTRL_X0Y1        BUFG (Prop_bufg_I_O)         0.091    -4.697 r  video_1/mmcm_adv_inst_display_clocks/inst/clkout1_buf/O
                         net (fo=63, routed)          1.709    -2.988    video_1/inst_dvid/TDMS_encoder_red/CLK
    SLICE_X160Y137       FDRE                                         r  video_1/inst_dvid/TDMS_encoder_red/dc_bias_reg[3]/C

Slack:                    inf
  Source:                 num_step_v/process_q_reg[1]/C
                            (rising edge-triggered cell FDRE)
  Destination:            video_1/inst_dvid/TDMS_encoder_blue/dc_bias_reg[3]/D
                            (rising edge-triggered cell FDRE clocked by clk_out1_clk_wiz_0  {rise@0.000ns fall@20.000ns period=40.000ns})
  Path Group:             (none)
  Path Type:              Setup (Max at Slow Process Corner)
  Data Path Delay:        12.396ns  (logic 3.582ns (28.897%)  route 8.814ns (71.103%))
  Logic Levels:           13  (CARRY4=2 FDRE=1 LUT2=1 LUT3=1 LUT4=1 LUT5=1 LUT6=6)
  Clock Uncertainty:      0.190ns  ((TSJ^2 + DJ^2)^1/2) / 2 + PE
    Total System Jitter     (TSJ):    0.050ns
    Discrete Jitter          (DJ):    0.175ns
    Phase Error              (PE):    0.099ns

    Location             Delay type                Incr(ns)  Path(ns)    Netlist Resource(s)
  -------------------------------------------------------------------    -------------------
    SLICE_X153Y136       FDRE                         0.000     0.000 r  num_step_v/process_q_reg[1]/C
    SLICE_X153Y136       FDRE (Prop_fdre_C_Q)         0.456     0.456 r  num_step_v/process_q_reg[1]/Q
                         net (fo=4, routed)           1.078     1.534    video_1/Inst_vga/vga_sig_gen/vertical_counter/is_trigger_volt1_carry_i_10_0[0]
    SLICE_X157Y135       LUT2 (Prop_lut2_I1_O)        0.124     1.658 r  video_1/Inst_vga/vga_sig_gen/vertical_counter/is_trigger_volt1_carry_i_31/O
                         net (fo=1, routed)           0.000     1.658    video_1/Inst_vga/vga_sig_gen/vertical_counter/is_trigger_volt1_carry_i_31_n_0
    SLICE_X157Y135       CARRY4 (Prop_carry4_S[1]_O[2])
                                                      0.580     2.238 f  video_1/Inst_vga/vga_sig_gen/vertical_counter/is_trigger_volt1_carry_i_19/O[2]
                         net (fo=4, routed)           0.997     3.235    video_1/Inst_vga/vga_sig_gen/vertical_counter/is_trigger_volt1_carry_i_19_n_5
    SLICE_X158Y137       LUT6 (Prop_lut6_I1_O)        0.302     3.537 r  video_1/Inst_vga/vga_sig_gen/vertical_counter/is_trigger_volt1_carry_i_12/O
                         net (fo=4, routed)           0.704     4.241    video_1/Inst_vga/vga_sig_gen/vertical_counter/is_trigger_volt1_carry_i_12_n_0
    SLICE_X158Y137       LUT3 (Prop_lut3_I1_O)        0.124     4.365 r  video_1/Inst_vga/vga_sig_gen/vertical_counter/is_trigger_volt1_carry__0_i_4/O
                         net (fo=2, routed)           0.683     5.048    video_1/Inst_vga/vga_sig_gen/vertical_counter/is_trigger_volt1_carry__0_i_4_n_0
    SLICE_X158Y137       LUT6 (Prop_lut6_I2_O)        0.124     5.172 r  video_1/Inst_vga/vga_sig_gen/vertical_counter/is_trigger_volt1_carry__0_i_1/O
                         net (fo=1, routed)           0.538     5.710    video_1/Inst_vga/color_mapper_1/dc_bias[2]_i_8[0]
    SLICE_X156Y137       CARRY4 (Prop_carry4_DI[0]_CO[1])
                                                      0.465     6.175 r  video_1/Inst_vga/color_mapper_1/is_trigger_volt1_carry__0/CO[1]
                         net (fo=1, routed)           0.961     7.136    video_1/Inst_vga/vga_sig_gen/horizontal_counter/dc_bias[2]_i_7_0[0]
    SLICE_X160Y135       LUT6 (Prop_lut6_I0_O)        0.329     7.465 f  video_1/Inst_vga/vga_sig_gen/horizontal_counter/dc_bias[2]_i_8/O
                         net (fo=1, routed)           0.444     7.909    video_1/Inst_vga/vga_sig_gen/horizontal_counter/dc_bias[2]_i_8_n_0
    SLICE_X160Y135       LUT6 (Prop_lut6_I2_O)        0.124     8.033 r  video_1/Inst_vga/vga_sig_gen/horizontal_counter/dc_bias[2]_i_7/O
                         net (fo=1, routed)           0.977     9.009    video_1/Inst_vga/vga_sig_gen/vertical_counter/dc_bias[1]_i_2_1
    SLICE_X158Y132       LUT6 (Prop_lut6_I5_O)        0.124     9.133 r  video_1/Inst_vga/vga_sig_gen/vertical_counter/dc_bias[2]_i_4/O
                         net (fo=5, routed)           1.031    10.165    video_1/Inst_vga/vga_sig_gen/vertical_counter/dc_bias[2]_i_4_n_0
    SLICE_X161Y136       LUT4 (Prop_lut4_I3_O)        0.152    10.317 f  video_1/Inst_vga/vga_sig_gen/vertical_counter/dc_bias[3]_i_7/O
                         net (fo=3, routed)           0.756    11.073    video_1/Inst_vga/vga_sig_gen/vertical_counter/dc_bias[3]_i_7_n_0
    SLICE_X160Y138       LUT5 (Prop_lut5_I4_O)        0.352    11.425 r  video_1/Inst_vga/vga_sig_gen/vertical_counter/dc_bias[3]_i_2__1/O
                         net (fo=3, routed)           0.645    12.070    video_1/inst_dvid/TDMS_encoder_blue/dc_bias_reg[3]_3
    SLICE_X158Y139       LUT6 (Prop_lut6_I4_O)        0.326    12.396 r  video_1/inst_dvid/TDMS_encoder_blue/dc_bias[3]_i_1/O
                         net (fo=1, routed)           0.000    12.396    video_1/inst_dvid/TDMS_encoder_blue/dc_bias[3]_i_1_n_0
    SLICE_X158Y139       FDRE                                         r  video_1/inst_dvid/TDMS_encoder_blue/dc_bias_reg[3]/D
  -------------------------------------------------------------------    -------------------

                         (clock clk_out1_clk_wiz_0 rise edge)
                                                      0.000     0.000 r  
    R4                   IBUF                         0.000     0.000 r  clk_IBUF_inst/O
                         net (fo=25, routed)          1.162     1.162    video_1/mmcm_adv_inst_display_clocks/inst/clk_in1
    MMCME2_ADV_X1Y2      MMCME2_ADV (Prop_mmcme2_adv_CLKIN1_CLKOUT0)
                                                     -7.674    -6.512 r  video_1/mmcm_adv_inst_display_clocks/inst/mmcm_adv_inst/CLKOUT0
                         net (fo=1, routed)           1.723    -4.788    video_1/mmcm_adv_inst_display_clocks/inst/clk_out1_clk_wiz_0
    BUFGCTRL_X0Y1        BUFG (Prop_bufg_I_O)         0.091    -4.697 r  video_1/mmcm_adv_inst_display_clocks/inst/clkout1_buf/O
                         net (fo=63, routed)          1.709    -2.988    video_1/inst_dvid/TDMS_encoder_blue/CLK
    SLICE_X158Y139       FDRE                                         r  video_1/inst_dvid/TDMS_encoder_blue/dc_bias_reg[3]/C

Slack:                    inf
  Source:                 num_step_v/process_q_reg[1]/C
                            (rising edge-triggered cell FDRE)
  Destination:            video_1/inst_dvid/TDMS_encoder_blue/encoded_reg[4]/D
                            (rising edge-triggered cell FDRE clocked by clk_out1_clk_wiz_0  {rise@0.000ns fall@20.000ns period=40.000ns})
  Path Group:             (none)
  Path Type:              Setup (Max at Slow Process Corner)
  Data Path Delay:        12.329ns  (logic 3.378ns (27.399%)  route 8.951ns (72.601%))
  Logic Levels:           13  (CARRY4=2 FDRE=1 LUT2=1 LUT3=1 LUT4=1 LUT5=1 LUT6=6)
  Clock Uncertainty:      0.190ns  ((TSJ^2 + DJ^2)^1/2) / 2 + PE
    Total System Jitter     (TSJ):    0.050ns
    Discrete Jitter          (DJ):    0.175ns
    Phase Error              (PE):    0.099ns

    Location             Delay type                Incr(ns)  Path(ns)    Netlist Resource(s)
  -------------------------------------------------------------------    -------------------
    SLICE_X153Y136       FDRE                         0.000     0.000 r  num_step_v/process_q_reg[1]/C
    SLICE_X153Y136       FDRE (Prop_fdre_C_Q)         0.456     0.456 r  num_step_v/process_q_reg[1]/Q
                         net (fo=4, routed)           1.078     1.534    video_1/Inst_vga/vga_sig_gen/vertical_counter/is_trigger_volt1_carry_i_10_0[0]
    SLICE_X157Y135       LUT2 (Prop_lut2_I1_O)        0.124     1.658 r  video_1/Inst_vga/vga_sig_gen/vertical_counter/is_trigger_volt1_carry_i_31/O
                         net (fo=1, routed)           0.000     1.658    video_1/Inst_vga/vga_sig_gen/vertical_counter/is_trigger_volt1_carry_i_31_n_0
    SLICE_X157Y135       CARRY4 (Prop_carry4_S[1]_O[2])
                                                      0.580     2.238 f  video_1/Inst_vga/vga_sig_gen/vertical_counter/is_trigger_volt1_carry_i_19/O[2]
                         net (fo=4, routed)           0.997     3.235    video_1/Inst_vga/vga_sig_gen/vertical_counter/is_trigger_volt1_carry_i_19_n_5
    SLICE_X158Y137       LUT6 (Prop_lut6_I1_O)        0.302     3.537 r  video_1/Inst_vga/vga_sig_gen/vertical_counter/is_trigger_volt1_carry_i_12/O
                         net (fo=4, routed)           0.704     4.241    video_1/Inst_vga/vga_sig_gen/vertical_counter/is_trigger_volt1_carry_i_12_n_0
    SLICE_X158Y137       LUT3 (Prop_lut3_I1_O)        0.124     4.365 r  video_1/Inst_vga/vga_sig_gen/vertical_counter/is_trigger_volt1_carry__0_i_4/O
                         net (fo=2, routed)           0.683     5.048    video_1/Inst_vga/vga_sig_gen/vertical_counter/is_trigger_volt1_carry__0_i_4_n_0
    SLICE_X158Y137       LUT6 (Prop_lut6_I2_O)        0.124     5.172 r  video_1/Inst_vga/vga_sig_gen/vertical_counter/is_trigger_volt1_carry__0_i_1/O
                         net (fo=1, routed)           0.538     5.710    video_1/Inst_vga/color_mapper_1/dc_bias[2]_i_8[0]
    SLICE_X156Y137       CARRY4 (Prop_carry4_DI[0]_CO[1])
                                                      0.465     6.175 r  video_1/Inst_vga/color_mapper_1/is_trigger_volt1_carry__0/CO[1]
                         net (fo=1, routed)           0.961     7.136    video_1/Inst_vga/vga_sig_gen/horizontal_counter/dc_bias[2]_i_7_0[0]
    SLICE_X160Y135       LUT6 (Prop_lut6_I0_O)        0.329     7.465 f  video_1/Inst_vga/vga_sig_gen/horizontal_counter/dc_bias[2]_i_8/O
                         net (fo=1, routed)           0.444     7.909    video_1/Inst_vga/vga_sig_gen/horizontal_counter/dc_bias[2]_i_8_n_0
    SLICE_X160Y135       LUT6 (Prop_lut6_I2_O)        0.124     8.033 r  video_1/Inst_vga/vga_sig_gen/horizontal_counter/dc_bias[2]_i_7/O
                         net (fo=1, routed)           0.977     9.009    video_1/Inst_vga/vga_sig_gen/vertical_counter/dc_bias[1]_i_2_1
    SLICE_X158Y132       LUT6 (Prop_lut6_I5_O)        0.124     9.133 r  video_1/Inst_vga/vga_sig_gen/vertical_counter/dc_bias[2]_i_4/O
                         net (fo=5, routed)           1.033    10.167    video_1/Inst_vga/vga_sig_gen/vertical_counter/dc_bias[2]_i_4_n_0
    SLICE_X161Y136       LUT6 (Prop_lut6_I1_O)        0.124    10.291 r  video_1/Inst_vga/vga_sig_gen/vertical_counter/dc_bias[1]_i_2/O
                         net (fo=3, routed)           0.943    11.233    video_1/inst_dvid/TDMS_encoder_blue/dc_bias_reg[1]_1
    SLICE_X159Y139       LUT5 (Prop_lut5_I0_O)        0.150    11.383 r  video_1/inst_dvid/TDMS_encoder_blue/encoded[4]_i_2/O
                         net (fo=2, routed)           0.594    11.977    video_1/Inst_vga/vga_sig_gen/encoded_reg[4]
    SLICE_X160Y139       LUT4 (Prop_lut4_I3_O)        0.352    12.329 r  video_1/Inst_vga/vga_sig_gen/encoded[4]_i_1/O
                         net (fo=1, routed)           0.000    12.329    video_1/inst_dvid/TDMS_encoder_blue/encoded_reg[4]_0
    SLICE_X160Y139       FDRE                                         r  video_1/inst_dvid/TDMS_encoder_blue/encoded_reg[4]/D
  -------------------------------------------------------------------    -------------------

                         (clock clk_out1_clk_wiz_0 rise edge)
                                                      0.000     0.000 r  
    R4                   IBUF                         0.000     0.000 r  clk_IBUF_inst/O
                         net (fo=25, routed)          1.162     1.162    video_1/mmcm_adv_inst_display_clocks/inst/clk_in1
    MMCME2_ADV_X1Y2      MMCME2_ADV (Prop_mmcme2_adv_CLKIN1_CLKOUT0)
                                                     -7.674    -6.512 r  video_1/mmcm_adv_inst_display_clocks/inst/mmcm_adv_inst/CLKOUT0
                         net (fo=1, routed)           1.723    -4.788    video_1/mmcm_adv_inst_display_clocks/inst/clk_out1_clk_wiz_0
    BUFGCTRL_X0Y1        BUFG (Prop_bufg_I_O)         0.091    -4.697 r  video_1/mmcm_adv_inst_display_clocks/inst/clkout1_buf/O
                         net (fo=63, routed)          1.711    -2.986    video_1/inst_dvid/TDMS_encoder_blue/CLK
    SLICE_X160Y139       FDRE                                         r  video_1/inst_dvid/TDMS_encoder_blue/encoded_reg[4]/C

Slack:                    inf
  Source:                 num_step_v/process_q_reg[1]/C
                            (rising edge-triggered cell FDRE)
  Destination:            video_1/inst_dvid/TDMS_encoder_red/encoded_reg[9]/D
                            (rising edge-triggered cell FDRE clocked by clk_out1_clk_wiz_0  {rise@0.000ns fall@20.000ns period=40.000ns})
  Path Group:             (none)
  Path Type:              Setup (Max at Slow Process Corner)
  Data Path Delay:        12.327ns  (logic 3.380ns (27.420%)  route 8.947ns (72.580%))
  Logic Levels:           13  (CARRY4=2 FDRE=1 LUT2=1 LUT3=2 LUT4=1 LUT5=1 LUT6=5)
  Clock Uncertainty:      0.190ns  ((TSJ^2 + DJ^2)^1/2) / 2 + PE
    Total System Jitter     (TSJ):    0.050ns
    Discrete Jitter          (DJ):    0.175ns
    Phase Error              (PE):    0.099ns

    Location             Delay type                Incr(ns)  Path(ns)    Netlist Resource(s)
  -------------------------------------------------------------------    -------------------
    SLICE_X153Y136       FDRE                         0.000     0.000 r  num_step_v/process_q_reg[1]/C
    SLICE_X153Y136       FDRE (Prop_fdre_C_Q)         0.456     0.456 r  num_step_v/process_q_reg[1]/Q
                         net (fo=4, routed)           1.078     1.534    video_1/Inst_vga/vga_sig_gen/vertical_counter/is_trigger_volt1_carry_i_10_0[0]
    SLICE_X157Y135       LUT2 (Prop_lut2_I1_O)        0.124     1.658 r  video_1/Inst_vga/vga_sig_gen/vertical_counter/is_trigger_volt1_carry_i_31/O
                         net (fo=1, routed)           0.000     1.658    video_1/Inst_vga/vga_sig_gen/vertical_counter/is_trigger_volt1_carry_i_31_n_0
    SLICE_X157Y135       CARRY4 (Prop_carry4_S[1]_O[2])
                                                      0.580     2.238 f  video_1/Inst_vga/vga_sig_gen/vertical_counter/is_trigger_volt1_carry_i_19/O[2]
                         net (fo=4, routed)           0.997     3.235    video_1/Inst_vga/vga_sig_gen/vertical_counter/is_trigger_volt1_carry_i_19_n_5
    SLICE_X158Y137       LUT6 (Prop_lut6_I1_O)        0.302     3.537 r  video_1/Inst_vga/vga_sig_gen/vertical_counter/is_trigger_volt1_carry_i_12/O
                         net (fo=4, routed)           0.704     4.241    video_1/Inst_vga/vga_sig_gen/vertical_counter/is_trigger_volt1_carry_i_12_n_0
    SLICE_X158Y137       LUT3 (Prop_lut3_I1_O)        0.124     4.365 r  video_1/Inst_vga/vga_sig_gen/vertical_counter/is_trigger_volt1_carry__0_i_4/O
                         net (fo=2, routed)           0.683     5.048    video_1/Inst_vga/vga_sig_gen/vertical_counter/is_trigger_volt1_carry__0_i_4_n_0
    SLICE_X158Y137       LUT6 (Prop_lut6_I2_O)        0.124     5.172 r  video_1/Inst_vga/vga_sig_gen/vertical_counter/is_trigger_volt1_carry__0_i_1/O
                         net (fo=1, routed)           0.538     5.710    video_1/Inst_vga/color_mapper_1/dc_bias[2]_i_8[0]
    SLICE_X156Y137       CARRY4 (Prop_carry4_DI[0]_CO[1])
                                                      0.465     6.175 f  video_1/Inst_vga/color_mapper_1/is_trigger_volt1_carry__0/CO[1]
                         net (fo=1, routed)           0.961     7.136    video_1/Inst_vga/vga_sig_gen/horizontal_counter/dc_bias[2]_i_7_0[0]
    SLICE_X160Y135       LUT6 (Prop_lut6_I0_O)        0.329     7.465 r  video_1/Inst_vga/vga_sig_gen/horizontal_counter/dc_bias[2]_i_8/O
                         net (fo=1, routed)           0.444     7.909    video_1/Inst_vga/vga_sig_gen/horizontal_counter/dc_bias[2]_i_8_n_0
    SLICE_X160Y135       LUT6 (Prop_lut6_I2_O)        0.124     8.033 f  video_1/Inst_vga/vga_sig_gen/horizontal_counter/dc_bias[2]_i_7/O
                         net (fo=1, routed)           0.977     9.009    video_1/Inst_vga/vga_sig_gen/vertical_counter/dc_bias[1]_i_2_1
    SLICE_X158Y132       LUT6 (Prop_lut6_I5_O)        0.124     9.133 f  video_1/Inst_vga/vga_sig_gen/vertical_counter/dc_bias[2]_i_4/O
                         net (fo=5, routed)           1.031    10.165    video_1/Inst_vga/vga_sig_gen/vertical_counter/dc_bias[2]_i_4_n_0
    SLICE_X161Y136       LUT4 (Prop_lut4_I3_O)        0.152    10.317 r  video_1/Inst_vga/vga_sig_gen/vertical_counter/dc_bias[3]_i_7/O
                         net (fo=3, routed)           0.756    11.073    video_1/Inst_vga/vga_sig_gen/vertical_counter/dc_bias[3]_i_7_n_0
    SLICE_X160Y138       LUT5 (Prop_lut5_I0_O)        0.326    11.399 r  video_1/Inst_vga/vga_sig_gen/vertical_counter/dc_bias[2]_i_2__0/O
                         net (fo=10, routed)          0.778    12.177    video_1/Inst_vga/vga_sig_gen/vertical_counter/processQ_reg[9]_5
    SLICE_X160Y136       LUT3 (Prop_lut3_I2_O)        0.150    12.327 r  video_1/Inst_vga/vga_sig_gen/vertical_counter/TDMS_encoder_red/encoded[9]_i_1/O
                         net (fo=1, routed)           0.000    12.327    video_1/inst_dvid/TDMS_encoder_red/encoded_reg[9]_0
    SLICE_X160Y136       FDRE                                         r  video_1/inst_dvid/TDMS_encoder_red/encoded_reg[9]/D
  -------------------------------------------------------------------    -------------------

                         (clock clk_out1_clk_wiz_0 rise edge)
                                                      0.000     0.000 r  
    R4                   IBUF                         0.000     0.000 r  clk_IBUF_inst/O
                         net (fo=25, routed)          1.162     1.162    video_1/mmcm_adv_inst_display_clocks/inst/clk_in1
    MMCME2_ADV_X1Y2      MMCME2_ADV (Prop_mmcme2_adv_CLKIN1_CLKOUT0)
                                                     -7.674    -6.512 r  video_1/mmcm_adv_inst_display_clocks/inst/mmcm_adv_inst/CLKOUT0
                         net (fo=1, routed)           1.723    -4.788    video_1/mmcm_adv_inst_display_clocks/inst/clk_out1_clk_wiz_0
    BUFGCTRL_X0Y1        BUFG (Prop_bufg_I_O)         0.091    -4.697 r  video_1/mmcm_adv_inst_display_clocks/inst/clkout1_buf/O
                         net (fo=63, routed)          1.708    -2.989    video_1/inst_dvid/TDMS_encoder_red/CLK
    SLICE_X160Y136       FDRE                                         r  video_1/inst_dvid/TDMS_encoder_red/encoded_reg[9]/C

Slack:                    inf
  Source:                 num_step_v/process_q_reg[1]/C
                            (rising edge-triggered cell FDRE)
  Destination:            video_1/inst_dvid/TDMS_encoder_blue/encoded_reg[1]/D
                            (rising edge-triggered cell FDRE clocked by clk_out1_clk_wiz_0  {rise@0.000ns fall@20.000ns period=40.000ns})
  Path Group:             (none)
  Path Type:              Setup (Max at Slow Process Corner)
  Data Path Delay:        12.303ns  (logic 3.352ns (27.245%)  route 8.951ns (72.755%))
  Logic Levels:           13  (CARRY4=2 FDRE=1 LUT2=1 LUT3=1 LUT4=1 LUT5=1 LUT6=6)
  Clock Uncertainty:      0.190ns  ((TSJ^2 + DJ^2)^1/2) / 2 + PE
    Total System Jitter     (TSJ):    0.050ns
    Discrete Jitter          (DJ):    0.175ns
    Phase Error              (PE):    0.099ns

    Location             Delay type                Incr(ns)  Path(ns)    Netlist Resource(s)
  -------------------------------------------------------------------    -------------------
    SLICE_X153Y136       FDRE                         0.000     0.000 r  num_step_v/process_q_reg[1]/C
    SLICE_X153Y136       FDRE (Prop_fdre_C_Q)         0.456     0.456 r  num_step_v/process_q_reg[1]/Q
                         net (fo=4, routed)           1.078     1.534    video_1/Inst_vga/vga_sig_gen/vertical_counter/is_trigger_volt1_carry_i_10_0[0]
    SLICE_X157Y135       LUT2 (Prop_lut2_I1_O)        0.124     1.658 r  video_1/Inst_vga/vga_sig_gen/vertical_counter/is_trigger_volt1_carry_i_31/O
                         net (fo=1, routed)           0.000     1.658    video_1/Inst_vga/vga_sig_gen/vertical_counter/is_trigger_volt1_carry_i_31_n_0
    SLICE_X157Y135       CARRY4 (Prop_carry4_S[1]_O[2])
                                                      0.580     2.238 f  video_1/Inst_vga/vga_sig_gen/vertical_counter/is_trigger_volt1_carry_i_19/O[2]
                         net (fo=4, routed)           0.997     3.235    video_1/Inst_vga/vga_sig_gen/vertical_counter/is_trigger_volt1_carry_i_19_n_5
    SLICE_X158Y137       LUT6 (Prop_lut6_I1_O)        0.302     3.537 r  video_1/Inst_vga/vga_sig_gen/vertical_counter/is_trigger_volt1_carry_i_12/O
                         net (fo=4, routed)           0.704     4.241    video_1/Inst_vga/vga_sig_gen/vertical_counter/is_trigger_volt1_carry_i_12_n_0
    SLICE_X158Y137       LUT3 (Prop_lut3_I1_O)        0.124     4.365 r  video_1/Inst_vga/vga_sig_gen/vertical_counter/is_trigger_volt1_carry__0_i_4/O
                         net (fo=2, routed)           0.683     5.048    video_1/Inst_vga/vga_sig_gen/vertical_counter/is_trigger_volt1_carry__0_i_4_n_0
    SLICE_X158Y137       LUT6 (Prop_lut6_I2_O)        0.124     5.172 r  video_1/Inst_vga/vga_sig_gen/vertical_counter/is_trigger_volt1_carry__0_i_1/O
                         net (fo=1, routed)           0.538     5.710    video_1/Inst_vga/color_mapper_1/dc_bias[2]_i_8[0]
    SLICE_X156Y137       CARRY4 (Prop_carry4_DI[0]_CO[1])
                                                      0.465     6.175 r  video_1/Inst_vga/color_mapper_1/is_trigger_volt1_carry__0/CO[1]
                         net (fo=1, routed)           0.961     7.136    video_1/Inst_vga/vga_sig_gen/horizontal_counter/dc_bias[2]_i_7_0[0]
    SLICE_X160Y135       LUT6 (Prop_lut6_I0_O)        0.329     7.465 f  video_1/Inst_vga/vga_sig_gen/horizontal_counter/dc_bias[2]_i_8/O
                         net (fo=1, routed)           0.444     7.909    video_1/Inst_vga/vga_sig_gen/horizontal_counter/dc_bias[2]_i_8_n_0
    SLICE_X160Y135       LUT6 (Prop_lut6_I2_O)        0.124     8.033 r  video_1/Inst_vga/vga_sig_gen/horizontal_counter/dc_bias[2]_i_7/O
                         net (fo=1, routed)           0.977     9.009    video_1/Inst_vga/vga_sig_gen/vertical_counter/dc_bias[1]_i_2_1
    SLICE_X158Y132       LUT6 (Prop_lut6_I5_O)        0.124     9.133 r  video_1/Inst_vga/vga_sig_gen/vertical_counter/dc_bias[2]_i_4/O
                         net (fo=5, routed)           1.033    10.167    video_1/Inst_vga/vga_sig_gen/vertical_counter/dc_bias[2]_i_4_n_0
    SLICE_X161Y136       LUT6 (Prop_lut6_I1_O)        0.124    10.291 r  video_1/Inst_vga/vga_sig_gen/vertical_counter/dc_bias[1]_i_2/O
                         net (fo=3, routed)           0.943    11.233    video_1/inst_dvid/TDMS_encoder_blue/dc_bias_reg[1]_1
    SLICE_X159Y139       LUT5 (Prop_lut5_I0_O)        0.150    11.383 r  video_1/inst_dvid/TDMS_encoder_blue/encoded[4]_i_2/O
                         net (fo=2, routed)           0.594    11.977    video_1/Inst_vga/vga_sig_gen/encoded_reg[4]
    SLICE_X160Y139       LUT4 (Prop_lut4_I3_O)        0.326    12.303 r  video_1/Inst_vga/vga_sig_gen/encoded[1]_i_1/O
                         net (fo=1, routed)           0.000    12.303    video_1/inst_dvid/TDMS_encoder_blue/encoded_reg[1]_0
    SLICE_X160Y139       FDRE                                         r  video_1/inst_dvid/TDMS_encoder_blue/encoded_reg[1]/D
  -------------------------------------------------------------------    -------------------

                         (clock clk_out1_clk_wiz_0 rise edge)
                                                      0.000     0.000 r  
    R4                   IBUF                         0.000     0.000 r  clk_IBUF_inst/O
                         net (fo=25, routed)          1.162     1.162    video_1/mmcm_adv_inst_display_clocks/inst/clk_in1
    MMCME2_ADV_X1Y2      MMCME2_ADV (Prop_mmcme2_adv_CLKIN1_CLKOUT0)
                                                     -7.674    -6.512 r  video_1/mmcm_adv_inst_display_clocks/inst/mmcm_adv_inst/CLKOUT0
                         net (fo=1, routed)           1.723    -4.788    video_1/mmcm_adv_inst_display_clocks/inst/clk_out1_clk_wiz_0
    BUFGCTRL_X0Y1        BUFG (Prop_bufg_I_O)         0.091    -4.697 r  video_1/mmcm_adv_inst_display_clocks/inst/clkout1_buf/O
                         net (fo=63, routed)          1.711    -2.986    video_1/inst_dvid/TDMS_encoder_blue/CLK
    SLICE_X160Y139       FDRE                                         r  video_1/inst_dvid/TDMS_encoder_blue/encoded_reg[1]/C





Min Delay Paths
--------------------------------------------------------------------------------------
Slack:                    inf
  Source:                 reset_n
                            (input port)
  Destination:            video_1/Inst_vga/vga_sig_gen/horizontal_counter/processQ_reg[0]/R
                            (rising edge-triggered cell FDRE clocked by clk_out1_clk_wiz_0  {rise@0.000ns fall@20.000ns period=40.000ns})
  Path Group:             (none)
  Path Type:              Hold (Min at Fast Process Corner)
  Data Path Delay:        1.716ns  (logic 0.231ns (13.459%)  route 1.485ns (86.541%))
  Logic Levels:           2  (IBUF=1 LUT2=1)
  Clock Path Skew:        -1.335ns (DCD - SCD - CPR)
    Destination Clock Delay (DCD):    -1.335ns
    Source Clock Delay      (SCD):    0.000ns
    Clock Pessimism Removal (CPR):    -0.000ns

    Location             Delay type                Incr(ns)  Path(ns)    Netlist Resource(s)
  -------------------------------------------------------------------    -------------------
    G4                                                0.000     0.000 f  reset_n (IN)
                         net (fo=0)                   0.000     0.000    reset_n
    G4                   IBUF (Prop_ibuf_I_O)         0.186     0.186 f  reset_n_IBUF_inst/O
                         net (fo=8, routed)           1.296     1.482    video_1/Inst_vga/vga_sig_gen/horizontal_counter/reset_n_IBUF
    SLICE_X160Y128       LUT2 (Prop_lut2_I1_O)        0.045     1.527 r  video_1/Inst_vga/vga_sig_gen/horizontal_counter/processQ[9]_i_1/O
                         net (fo=10, routed)          0.188     1.716    video_1/Inst_vga/vga_sig_gen/horizontal_counter/processQ[9]_i_1_n_0
    SLICE_X163Y129       FDRE                                         r  video_1/Inst_vga/vga_sig_gen/horizontal_counter/processQ_reg[0]/R
  -------------------------------------------------------------------    -------------------

                         (clock clk_out1_clk_wiz_0 rise edge)
                                                      0.000     0.000 r  
    R4                   IBUF                         0.000     0.000 r  clk_IBUF_inst/O
                         net (fo=25, routed)          0.480     0.480    video_1/mmcm_adv_inst_display_clocks/inst/clk_in1
    MMCME2_ADV_X1Y2      MMCME2_ADV (Prop_mmcme2_adv_CLKIN1_CLKOUT0)
                                                     -3.332    -2.852 r  video_1/mmcm_adv_inst_display_clocks/inst/mmcm_adv_inst/CLKOUT0
                         net (fo=1, routed)           0.579    -2.274    video_1/mmcm_adv_inst_display_clocks/inst/clk_out1_clk_wiz_0
    BUFGCTRL_X0Y1        BUFG (Prop_bufg_I_O)         0.029    -2.245 r  video_1/mmcm_adv_inst_display_clocks/inst/clkout1_buf/O
                         net (fo=63, routed)          0.910    -1.335    video_1/Inst_vga/vga_sig_gen/horizontal_counter/CLK
    SLICE_X163Y129       FDRE                                         r  video_1/Inst_vga/vga_sig_gen/horizontal_counter/processQ_reg[0]/C

Slack:                    inf
  Source:                 reset_n
                            (input port)
  Destination:            video_1/Inst_vga/vga_sig_gen/horizontal_counter/processQ_reg[1]/R
                            (rising edge-triggered cell FDRE clocked by clk_out1_clk_wiz_0  {rise@0.000ns fall@20.000ns period=40.000ns})
  Path Group:             (none)
  Path Type:              Hold (Min at Fast Process Corner)
  Data Path Delay:        1.716ns  (logic 0.231ns (13.459%)  route 1.485ns (86.541%))
  Logic Levels:           2  (IBUF=1 LUT2=1)
  Clock Path Skew:        -1.335ns (DCD - SCD - CPR)
    Destination Clock Delay (DCD):    -1.335ns
    Source Clock Delay      (SCD):    0.000ns
    Clock Pessimism Removal (CPR):    -0.000ns

    Location             Delay type                Incr(ns)  Path(ns)    Netlist Resource(s)
  -------------------------------------------------------------------    -------------------
    G4                                                0.000     0.000 f  reset_n (IN)
                         net (fo=0)                   0.000     0.000    reset_n
    G4                   IBUF (Prop_ibuf_I_O)         0.186     0.186 f  reset_n_IBUF_inst/O
                         net (fo=8, routed)           1.296     1.482    video_1/Inst_vga/vga_sig_gen/horizontal_counter/reset_n_IBUF
    SLICE_X160Y128       LUT2 (Prop_lut2_I1_O)        0.045     1.527 r  video_1/Inst_vga/vga_sig_gen/horizontal_counter/processQ[9]_i_1/O
                         net (fo=10, routed)          0.188     1.716    video_1/Inst_vga/vga_sig_gen/horizontal_counter/processQ[9]_i_1_n_0
    SLICE_X162Y129       FDRE                                         r  video_1/Inst_vga/vga_sig_gen/horizontal_counter/processQ_reg[1]/R
  -------------------------------------------------------------------    -------------------

                         (clock clk_out1_clk_wiz_0 rise edge)
                                                      0.000     0.000 r  
    R4                   IBUF                         0.000     0.000 r  clk_IBUF_inst/O
                         net (fo=25, routed)          0.480     0.480    video_1/mmcm_adv_inst_display_clocks/inst/clk_in1
    MMCME2_ADV_X1Y2      MMCME2_ADV (Prop_mmcme2_adv_CLKIN1_CLKOUT0)
                                                     -3.332    -2.852 r  video_1/mmcm_adv_inst_display_clocks/inst/mmcm_adv_inst/CLKOUT0
                         net (fo=1, routed)           0.579    -2.274    video_1/mmcm_adv_inst_display_clocks/inst/clk_out1_clk_wiz_0
    BUFGCTRL_X0Y1        BUFG (Prop_bufg_I_O)         0.029    -2.245 r  video_1/mmcm_adv_inst_display_clocks/inst/clkout1_buf/O
                         net (fo=63, routed)          0.910    -1.335    video_1/Inst_vga/vga_sig_gen/horizontal_counter/CLK
    SLICE_X162Y129       FDRE                                         r  video_1/Inst_vga/vga_sig_gen/horizontal_counter/processQ_reg[1]/C

Slack:                    inf
  Source:                 reset_n
                            (input port)
  Destination:            video_1/Inst_vga/vga_sig_gen/horizontal_counter/processQ_reg[2]/R
                            (rising edge-triggered cell FDRE clocked by clk_out1_clk_wiz_0  {rise@0.000ns fall@20.000ns period=40.000ns})
  Path Group:             (none)
  Path Type:              Hold (Min at Fast Process Corner)
  Data Path Delay:        1.716ns  (logic 0.231ns (13.459%)  route 1.485ns (86.541%))
  Logic Levels:           2  (IBUF=1 LUT2=1)
  Clock Path Skew:        -1.335ns (DCD - SCD - CPR)
    Destination Clock Delay (DCD):    -1.335ns
    Source Clock Delay      (SCD):    0.000ns
    Clock Pessimism Removal (CPR):    -0.000ns

    Location             Delay type                Incr(ns)  Path(ns)    Netlist Resource(s)
  -------------------------------------------------------------------    -------------------
    G4                                                0.000     0.000 f  reset_n (IN)
                         net (fo=0)                   0.000     0.000    reset_n
    G4                   IBUF (Prop_ibuf_I_O)         0.186     0.186 f  reset_n_IBUF_inst/O
                         net (fo=8, routed)           1.296     1.482    video_1/Inst_vga/vga_sig_gen/horizontal_counter/reset_n_IBUF
    SLICE_X160Y128       LUT2 (Prop_lut2_I1_O)        0.045     1.527 r  video_1/Inst_vga/vga_sig_gen/horizontal_counter/processQ[9]_i_1/O
                         net (fo=10, routed)          0.188     1.716    video_1/Inst_vga/vga_sig_gen/horizontal_counter/processQ[9]_i_1_n_0
    SLICE_X163Y129       FDRE                                         r  video_1/Inst_vga/vga_sig_gen/horizontal_counter/processQ_reg[2]/R
  -------------------------------------------------------------------    -------------------

                         (clock clk_out1_clk_wiz_0 rise edge)
                                                      0.000     0.000 r  
    R4                   IBUF                         0.000     0.000 r  clk_IBUF_inst/O
                         net (fo=25, routed)          0.480     0.480    video_1/mmcm_adv_inst_display_clocks/inst/clk_in1
    MMCME2_ADV_X1Y2      MMCME2_ADV (Prop_mmcme2_adv_CLKIN1_CLKOUT0)
                                                     -3.332    -2.852 r  video_1/mmcm_adv_inst_display_clocks/inst/mmcm_adv_inst/CLKOUT0
                         net (fo=1, routed)           0.579    -2.274    video_1/mmcm_adv_inst_display_clocks/inst/clk_out1_clk_wiz_0
    BUFGCTRL_X0Y1        BUFG (Prop_bufg_I_O)         0.029    -2.245 r  video_1/mmcm_adv_inst_display_clocks/inst/clkout1_buf/O
                         net (fo=63, routed)          0.910    -1.335    video_1/Inst_vga/vga_sig_gen/horizontal_counter/CLK
    SLICE_X163Y129       FDRE                                         r  video_1/Inst_vga/vga_sig_gen/horizontal_counter/processQ_reg[2]/C

Slack:                    inf
  Source:                 reset_n
                            (input port)
  Destination:            video_1/Inst_vga/vga_sig_gen/horizontal_counter/processQ_reg[3]/R
                            (rising edge-triggered cell FDRE clocked by clk_out1_clk_wiz_0  {rise@0.000ns fall@20.000ns period=40.000ns})
  Path Group:             (none)
  Path Type:              Hold (Min at Fast Process Corner)
  Data Path Delay:        1.716ns  (logic 0.231ns (13.459%)  route 1.485ns (86.541%))
  Logic Levels:           2  (IBUF=1 LUT2=1)
  Clock Path Skew:        -1.335ns (DCD - SCD - CPR)
    Destination Clock Delay (DCD):    -1.335ns
    Source Clock Delay      (SCD):    0.000ns
    Clock Pessimism Removal (CPR):    -0.000ns

    Location             Delay type                Incr(ns)  Path(ns)    Netlist Resource(s)
  -------------------------------------------------------------------    -------------------
    G4                                                0.000     0.000 f  reset_n (IN)
                         net (fo=0)                   0.000     0.000    reset_n
    G4                   IBUF (Prop_ibuf_I_O)         0.186     0.186 f  reset_n_IBUF_inst/O
                         net (fo=8, routed)           1.296     1.482    video_1/Inst_vga/vga_sig_gen/horizontal_counter/reset_n_IBUF
    SLICE_X160Y128       LUT2 (Prop_lut2_I1_O)        0.045     1.527 r  video_1/Inst_vga/vga_sig_gen/horizontal_counter/processQ[9]_i_1/O
                         net (fo=10, routed)          0.188     1.716    video_1/Inst_vga/vga_sig_gen/horizontal_counter/processQ[9]_i_1_n_0
    SLICE_X163Y129       FDRE                                         r  video_1/Inst_vga/vga_sig_gen/horizontal_counter/processQ_reg[3]/R
  -------------------------------------------------------------------    -------------------

                         (clock clk_out1_clk_wiz_0 rise edge)
                                                      0.000     0.000 r  
    R4                   IBUF                         0.000     0.000 r  clk_IBUF_inst/O
                         net (fo=25, routed)          0.480     0.480    video_1/mmcm_adv_inst_display_clocks/inst/clk_in1
    MMCME2_ADV_X1Y2      MMCME2_ADV (Prop_mmcme2_adv_CLKIN1_CLKOUT0)
                                                     -3.332    -2.852 r  video_1/mmcm_adv_inst_display_clocks/inst/mmcm_adv_inst/CLKOUT0
                         net (fo=1, routed)           0.579    -2.274    video_1/mmcm_adv_inst_display_clocks/inst/clk_out1_clk_wiz_0
    BUFGCTRL_X0Y1        BUFG (Prop_bufg_I_O)         0.029    -2.245 r  video_1/mmcm_adv_inst_display_clocks/inst/clkout1_buf/O
                         net (fo=63, routed)          0.910    -1.335    video_1/Inst_vga/vga_sig_gen/horizontal_counter/CLK
    SLICE_X163Y129       FDRE                                         r  video_1/Inst_vga/vga_sig_gen/horizontal_counter/processQ_reg[3]/C

Slack:                    inf
  Source:                 reset_n
                            (input port)
  Destination:            video_1/Inst_vga/vga_sig_gen/horizontal_counter/processQ_reg[5]/R
                            (rising edge-triggered cell FDRE clocked by clk_out1_clk_wiz_0  {rise@0.000ns fall@20.000ns period=40.000ns})
  Path Group:             (none)
  Path Type:              Hold (Min at Fast Process Corner)
  Data Path Delay:        1.716ns  (logic 0.231ns (13.459%)  route 1.485ns (86.541%))
  Logic Levels:           2  (IBUF=1 LUT2=1)
  Clock Path Skew:        -1.335ns (DCD - SCD - CPR)
    Destination Clock Delay (DCD):    -1.335ns
    Source Clock Delay      (SCD):    0.000ns
    Clock Pessimism Removal (CPR):    -0.000ns

    Location             Delay type                Incr(ns)  Path(ns)    Netlist Resource(s)
  -------------------------------------------------------------------    -------------------
    G4                                                0.000     0.000 f  reset_n (IN)
                         net (fo=0)                   0.000     0.000    reset_n
    G4                   IBUF (Prop_ibuf_I_O)         0.186     0.186 f  reset_n_IBUF_inst/O
                         net (fo=8, routed)           1.296     1.482    video_1/Inst_vga/vga_sig_gen/horizontal_counter/reset_n_IBUF
    SLICE_X160Y128       LUT2 (Prop_lut2_I1_O)        0.045     1.527 r  video_1/Inst_vga/vga_sig_gen/horizontal_counter/processQ[9]_i_1/O
                         net (fo=10, routed)          0.188     1.716    video_1/Inst_vga/vga_sig_gen/horizontal_counter/processQ[9]_i_1_n_0
    SLICE_X163Y129       FDRE                                         r  video_1/Inst_vga/vga_sig_gen/horizontal_counter/processQ_reg[5]/R
  -------------------------------------------------------------------    -------------------

                         (clock clk_out1_clk_wiz_0 rise edge)
                                                      0.000     0.000 r  
    R4                   IBUF                         0.000     0.000 r  clk_IBUF_inst/O
                         net (fo=25, routed)          0.480     0.480    video_1/mmcm_adv_inst_display_clocks/inst/clk_in1
    MMCME2_ADV_X1Y2      MMCME2_ADV (Prop_mmcme2_adv_CLKIN1_CLKOUT0)
                                                     -3.332    -2.852 r  video_1/mmcm_adv_inst_display_clocks/inst/mmcm_adv_inst/CLKOUT0
                         net (fo=1, routed)           0.579    -2.274    video_1/mmcm_adv_inst_display_clocks/inst/clk_out1_clk_wiz_0
    BUFGCTRL_X0Y1        BUFG (Prop_bufg_I_O)         0.029    -2.245 r  video_1/mmcm_adv_inst_display_clocks/inst/clkout1_buf/O
                         net (fo=63, routed)          0.910    -1.335    video_1/Inst_vga/vga_sig_gen/horizontal_counter/CLK
    SLICE_X163Y129       FDRE                                         r  video_1/Inst_vga/vga_sig_gen/horizontal_counter/processQ_reg[5]/C

Slack:                    inf
  Source:                 reset_n
                            (input port)
  Destination:            video_1/Inst_vga/vga_sig_gen/horizontal_counter/processQ_reg[7]/R
                            (rising edge-triggered cell FDRE clocked by clk_out1_clk_wiz_0  {rise@0.000ns fall@20.000ns period=40.000ns})
  Path Group:             (none)
  Path Type:              Hold (Min at Fast Process Corner)
  Data Path Delay:        1.716ns  (logic 0.231ns (13.459%)  route 1.485ns (86.541%))
  Logic Levels:           2  (IBUF=1 LUT2=1)
  Clock Path Skew:        -1.335ns (DCD - SCD - CPR)
    Destination Clock Delay (DCD):    -1.335ns
    Source Clock Delay      (SCD):    0.000ns
    Clock Pessimism Removal (CPR):    -0.000ns

    Location             Delay type                Incr(ns)  Path(ns)    Netlist Resource(s)
  -------------------------------------------------------------------    -------------------
    G4                                                0.000     0.000 f  reset_n (IN)
                         net (fo=0)                   0.000     0.000    reset_n
    G4                   IBUF (Prop_ibuf_I_O)         0.186     0.186 f  reset_n_IBUF_inst/O
                         net (fo=8, routed)           1.296     1.482    video_1/Inst_vga/vga_sig_gen/horizontal_counter/reset_n_IBUF
    SLICE_X160Y128       LUT2 (Prop_lut2_I1_O)        0.045     1.527 r  video_1/Inst_vga/vga_sig_gen/horizontal_counter/processQ[9]_i_1/O
                         net (fo=10, routed)          0.188     1.716    video_1/Inst_vga/vga_sig_gen/horizontal_counter/processQ[9]_i_1_n_0
    SLICE_X162Y129       FDRE                                         r  video_1/Inst_vga/vga_sig_gen/horizontal_counter/processQ_reg[7]/R
  -------------------------------------------------------------------    -------------------

                         (clock clk_out1_clk_wiz_0 rise edge)
                                                      0.000     0.000 r  
    R4                   IBUF                         0.000     0.000 r  clk_IBUF_inst/O
                         net (fo=25, routed)          0.480     0.480    video_1/mmcm_adv_inst_display_clocks/inst/clk_in1
    MMCME2_ADV_X1Y2      MMCME2_ADV (Prop_mmcme2_adv_CLKIN1_CLKOUT0)
                                                     -3.332    -2.852 r  video_1/mmcm_adv_inst_display_clocks/inst/mmcm_adv_inst/CLKOUT0
                         net (fo=1, routed)           0.579    -2.274    video_1/mmcm_adv_inst_display_clocks/inst/clk_out1_clk_wiz_0
    BUFGCTRL_X0Y1        BUFG (Prop_bufg_I_O)         0.029    -2.245 r  video_1/mmcm_adv_inst_display_clocks/inst/clkout1_buf/O
                         net (fo=63, routed)          0.910    -1.335    video_1/Inst_vga/vga_sig_gen/horizontal_counter/CLK
    SLICE_X162Y129       FDRE                                         r  video_1/Inst_vga/vga_sig_gen/horizontal_counter/processQ_reg[7]/C

Slack:                    inf
  Source:                 reset_n
                            (input port)
  Destination:            video_1/Inst_vga/vga_sig_gen/horizontal_counter/processQ_reg[8]/R
                            (rising edge-triggered cell FDRE clocked by clk_out1_clk_wiz_0  {rise@0.000ns fall@20.000ns period=40.000ns})
  Path Group:             (none)
  Path Type:              Hold (Min at Fast Process Corner)
  Data Path Delay:        1.716ns  (logic 0.231ns (13.459%)  route 1.485ns (86.541%))
  Logic Levels:           2  (IBUF=1 LUT2=1)
  Clock Path Skew:        -1.335ns (DCD - SCD - CPR)
    Destination Clock Delay (DCD):    -1.335ns
    Source Clock Delay      (SCD):    0.000ns
    Clock Pessimism Removal (CPR):    -0.000ns

    Location             Delay type                Incr(ns)  Path(ns)    Netlist Resource(s)
  -------------------------------------------------------------------    -------------------
    G4                                                0.000     0.000 f  reset_n (IN)
                         net (fo=0)                   0.000     0.000    reset_n
    G4                   IBUF (Prop_ibuf_I_O)         0.186     0.186 f  reset_n_IBUF_inst/O
                         net (fo=8, routed)           1.296     1.482    video_1/Inst_vga/vga_sig_gen/horizontal_counter/reset_n_IBUF
    SLICE_X160Y128       LUT2 (Prop_lut2_I1_O)        0.045     1.527 r  video_1/Inst_vga/vga_sig_gen/horizontal_counter/processQ[9]_i_1/O
                         net (fo=10, routed)          0.188     1.716    video_1/Inst_vga/vga_sig_gen/horizontal_counter/processQ[9]_i_1_n_0
    SLICE_X162Y129       FDRE                                         r  video_1/Inst_vga/vga_sig_gen/horizontal_counter/processQ_reg[8]/R
  -------------------------------------------------------------------    -------------------

                         (clock clk_out1_clk_wiz_0 rise edge)
                                                      0.000     0.000 r  
    R4                   IBUF                         0.000     0.000 r  clk_IBUF_inst/O
                         net (fo=25, routed)          0.480     0.480    video_1/mmcm_adv_inst_display_clocks/inst/clk_in1
    MMCME2_ADV_X1Y2      MMCME2_ADV (Prop_mmcme2_adv_CLKIN1_CLKOUT0)
                                                     -3.332    -2.852 r  video_1/mmcm_adv_inst_display_clocks/inst/mmcm_adv_inst/CLKOUT0
                         net (fo=1, routed)           0.579    -2.274    video_1/mmcm_adv_inst_display_clocks/inst/clk_out1_clk_wiz_0
    BUFGCTRL_X0Y1        BUFG (Prop_bufg_I_O)         0.029    -2.245 r  video_1/mmcm_adv_inst_display_clocks/inst/clkout1_buf/O
                         net (fo=63, routed)          0.910    -1.335    video_1/Inst_vga/vga_sig_gen/horizontal_counter/CLK
    SLICE_X162Y129       FDRE                                         r  video_1/Inst_vga/vga_sig_gen/horizontal_counter/processQ_reg[8]/C

Slack:                    inf
  Source:                 reset_n
                            (input port)
  Destination:            video_1/Inst_vga/vga_sig_gen/horizontal_counter/processQ_reg[6]/R
                            (rising edge-triggered cell FDRE clocked by clk_out1_clk_wiz_0  {rise@0.000ns fall@20.000ns period=40.000ns})
  Path Group:             (none)
  Path Type:              Hold (Min at Fast Process Corner)
  Data Path Delay:        1.769ns  (logic 0.231ns (13.052%)  route 1.538ns (86.948%))
  Logic Levels:           2  (IBUF=1 LUT2=1)
  Clock Path Skew:        -1.334ns (DCD - SCD - CPR)
    Destination Clock Delay (DCD):    -1.334ns
    Source Clock Delay      (SCD):    0.000ns
    Clock Pessimism Removal (CPR):    -0.000ns

    Location             Delay type                Incr(ns)  Path(ns)    Netlist Resource(s)
  -------------------------------------------------------------------    -------------------
    G4                                                0.000     0.000 f  reset_n (IN)
                         net (fo=0)                   0.000     0.000    reset_n
    G4                   IBUF (Prop_ibuf_I_O)         0.186     0.186 f  reset_n_IBUF_inst/O
                         net (fo=8, routed)           1.296     1.482    video_1/Inst_vga/vga_sig_gen/horizontal_counter/reset_n_IBUF
    SLICE_X160Y128       LUT2 (Prop_lut2_I1_O)        0.045     1.527 r  video_1/Inst_vga/vga_sig_gen/horizontal_counter/processQ[9]_i_1/O
                         net (fo=10, routed)          0.242     1.769    video_1/Inst_vga/vga_sig_gen/horizontal_counter/processQ[9]_i_1_n_0
    SLICE_X162Y130       FDRE                                         r  video_1/Inst_vga/vga_sig_gen/horizontal_counter/processQ_reg[6]/R
  -------------------------------------------------------------------    -------------------

                         (clock clk_out1_clk_wiz_0 rise edge)
                                                      0.000     0.000 r  
    R4                   IBUF                         0.000     0.000 r  clk_IBUF_inst/O
                         net (fo=25, routed)          0.480     0.480    video_1/mmcm_adv_inst_display_clocks/inst/clk_in1
    MMCME2_ADV_X1Y2      MMCME2_ADV (Prop_mmcme2_adv_CLKIN1_CLKOUT0)
                                                     -3.332    -2.852 r  video_1/mmcm_adv_inst_display_clocks/inst/mmcm_adv_inst/CLKOUT0
                         net (fo=1, routed)           0.579    -2.274    video_1/mmcm_adv_inst_display_clocks/inst/clk_out1_clk_wiz_0
    BUFGCTRL_X0Y1        BUFG (Prop_bufg_I_O)         0.029    -2.245 r  video_1/mmcm_adv_inst_display_clocks/inst/clkout1_buf/O
                         net (fo=63, routed)          0.911    -1.334    video_1/Inst_vga/vga_sig_gen/horizontal_counter/CLK
    SLICE_X162Y130       FDRE                                         r  video_1/Inst_vga/vga_sig_gen/horizontal_counter/processQ_reg[6]/C

Slack:                    inf
  Source:                 reset_n
                            (input port)
  Destination:            video_1/Inst_vga/vga_sig_gen/vertical_counter/processQ_reg[2]/R
                            (rising edge-triggered cell FDRE clocked by clk_out1_clk_wiz_0  {rise@0.000ns fall@20.000ns period=40.000ns})
  Path Group:             (none)
  Path Type:              Hold (Min at Fast Process Corner)
  Data Path Delay:        1.770ns  (logic 0.235ns (13.268%)  route 1.536ns (86.732%))
  Logic Levels:           2  (IBUF=1 LUT3=1)
  Clock Path Skew:        -1.336ns (DCD - SCD - CPR)
    Destination Clock Delay (DCD):    -1.336ns
    Source Clock Delay      (SCD):    0.000ns
    Clock Pessimism Removal (CPR):    -0.000ns

    Location             Delay type                Incr(ns)  Path(ns)    Netlist Resource(s)
  -------------------------------------------------------------------    -------------------
    G4                                                0.000     0.000 f  reset_n (IN)
                         net (fo=0)                   0.000     0.000    reset_n
    G4                   IBUF (Prop_ibuf_I_O)         0.186     0.186 f  reset_n_IBUF_inst/O
                         net (fo=8, routed)           1.296     1.482    video_1/Inst_vga/vga_sig_gen/vertical_counter/reset_n_IBUF
    SLICE_X160Y128       LUT3 (Prop_lut3_I2_O)        0.049     1.531 r  video_1/Inst_vga/vga_sig_gen/vertical_counter/processQ[9]_i_1__0/O
                         net (fo=10, routed)          0.239     1.770    video_1/Inst_vga/vga_sig_gen/vertical_counter/processQ[9]_i_1__0_n_0
    SLICE_X161Y128       FDRE                                         r  video_1/Inst_vga/vga_sig_gen/vertical_counter/processQ_reg[2]/R
  -------------------------------------------------------------------    -------------------

                         (clock clk_out1_clk_wiz_0 rise edge)
                                                      0.000     0.000 r  
    R4                   IBUF                         0.000     0.000 r  clk_IBUF_inst/O
                         net (fo=25, routed)          0.480     0.480    video_1/mmcm_adv_inst_display_clocks/inst/clk_in1
    MMCME2_ADV_X1Y2      MMCME2_ADV (Prop_mmcme2_adv_CLKIN1_CLKOUT0)
                                                     -3.332    -2.852 r  video_1/mmcm_adv_inst_display_clocks/inst/mmcm_adv_inst/CLKOUT0
                         net (fo=1, routed)           0.579    -2.274    video_1/mmcm_adv_inst_display_clocks/inst/clk_out1_clk_wiz_0
    BUFGCTRL_X0Y1        BUFG (Prop_bufg_I_O)         0.029    -2.245 r  video_1/mmcm_adv_inst_display_clocks/inst/clkout1_buf/O
                         net (fo=63, routed)          0.909    -1.336    video_1/Inst_vga/vga_sig_gen/vertical_counter/CLK
    SLICE_X161Y128       FDRE                                         r  video_1/Inst_vga/vga_sig_gen/vertical_counter/processQ_reg[2]/C

Slack:                    inf
  Source:                 reset_n
                            (input port)
  Destination:            video_1/Inst_vga/vga_sig_gen/vertical_counter/processQ_reg[4]/R
                            (rising edge-triggered cell FDRE clocked by clk_out1_clk_wiz_0  {rise@0.000ns fall@20.000ns period=40.000ns})
  Path Group:             (none)
  Path Type:              Hold (Min at Fast Process Corner)
  Data Path Delay:        1.770ns  (logic 0.235ns (13.268%)  route 1.536ns (86.732%))
  Logic Levels:           2  (IBUF=1 LUT3=1)
  Clock Path Skew:        -1.336ns (DCD - SCD - CPR)
    Destination Clock Delay (DCD):    -1.336ns
    Source Clock Delay      (SCD):    0.000ns
    Clock Pessimism Removal (CPR):    -0.000ns

    Location             Delay type                Incr(ns)  Path(ns)    Netlist Resource(s)
  -------------------------------------------------------------------    -------------------
    G4                                                0.000     0.000 f  reset_n (IN)
                         net (fo=0)                   0.000     0.000    reset_n
    G4                   IBUF (Prop_ibuf_I_O)         0.186     0.186 f  reset_n_IBUF_inst/O
                         net (fo=8, routed)           1.296     1.482    video_1/Inst_vga/vga_sig_gen/vertical_counter/reset_n_IBUF
    SLICE_X160Y128       LUT3 (Prop_lut3_I2_O)        0.049     1.531 r  video_1/Inst_vga/vga_sig_gen/vertical_counter/processQ[9]_i_1__0/O
                         net (fo=10, routed)          0.239     1.770    video_1/Inst_vga/vga_sig_gen/vertical_counter/processQ[9]_i_1__0_n_0
    SLICE_X161Y128       FDRE                                         r  video_1/Inst_vga/vga_sig_gen/vertical_counter/processQ_reg[4]/R
  -------------------------------------------------------------------    -------------------

                         (clock clk_out1_clk_wiz_0 rise edge)
                                                      0.000     0.000 r  
    R4                   IBUF                         0.000     0.000 r  clk_IBUF_inst/O
                         net (fo=25, routed)          0.480     0.480    video_1/mmcm_adv_inst_display_clocks/inst/clk_in1
    MMCME2_ADV_X1Y2      MMCME2_ADV (Prop_mmcme2_adv_CLKIN1_CLKOUT0)
                                                     -3.332    -2.852 r  video_1/mmcm_adv_inst_display_clocks/inst/mmcm_adv_inst/CLKOUT0
                         net (fo=1, routed)           0.579    -2.274    video_1/mmcm_adv_inst_display_clocks/inst/clk_out1_clk_wiz_0
    BUFGCTRL_X0Y1        BUFG (Prop_bufg_I_O)         0.029    -2.245 r  video_1/mmcm_adv_inst_display_clocks/inst/clkout1_buf/O
                         net (fo=63, routed)          0.909    -1.336    video_1/Inst_vga/vga_sig_gen/vertical_counter/CLK
    SLICE_X161Y128       FDRE                                         r  video_1/Inst_vga/vga_sig_gen/vertical_counter/processQ_reg[4]/C





