10:14:09 DEBUG : Logs will be stored at 'C:/Users/C27Bradford.Hurt/ece383_wksp/final_project/IDE.log'.
10:14:15 INFO  : Launching XSCT server: xsct.bat -n  -interactive C:\Users\C27Bradford.Hurt\ece383_wksp\final_project\temp_xsdb_launch_script.tcl
10:14:15 INFO  : Platform repository initialization has completed.
10:14:15 INFO  : Registering command handlers for Vitis TCF services
10:14:24 INFO  : XSCT server has started successfully.
10:14:24 INFO  : plnx-install-location is set to ''
10:14:24 INFO  : Successfully done setting XSCT server connection channel  
10:14:33 INFO  : Successfully done setting workspace for the tool. 
10:14:33 INFO  : Successfully done query RDI_DATADIR 
10:15:43 DEBUG : Logs will be stored at 'C:/Users/C27Bradford.Hurt/ece383_wksp/final_project/IDE.log'.
10:15:47 INFO  : Launching XSCT server: xsct.bat -n  -interactive C:\Users\C27Bradford.Hurt\ece383_wksp\final_project\temp_xsdb_launch_script.tcl
10:15:47 INFO  : Platform repository initialization has completed.
10:15:48 INFO  : Registering command handlers for Vitis TCF services
10:15:51 INFO  : XSCT server has started successfully.
10:15:51 INFO  : Successfully done setting XSCT server connection channel  
10:15:51 INFO  : plnx-install-location is set to ''
10:15:51 INFO  : Successfully done setting workspace for the tool. 
10:15:51 INFO  : Successfully done query RDI_DATADIR 
10:17:10 DEBUG : Logs will be stored at 'C:/Users/C27Bradford.Hurt/ece383_wksp/final_project/IDE.log'.
10:17:13 INFO  : Launching XSCT server: xsct.bat -n  -interactive C:\Users\C27Bradford.Hurt\ece383_wksp\final_project\temp_xsdb_launch_script.tcl
10:17:14 INFO  : Platform repository initialization has completed.
10:17:15 INFO  : Registering command handlers for Vitis TCF services
10:17:17 INFO  : XSCT server has started successfully.
10:17:17 INFO  : plnx-install-location is set to ''
10:17:17 INFO  : Successfully done setting XSCT server connection channel  
10:17:18 INFO  : Successfully done setting workspace for the tool. 
10:17:18 INFO  : Successfully done query RDI_DATADIR 
10:24:05 INFO  : Result from executing command 'getProjects': design_1_wrapper
10:24:05 INFO  : Result from executing command 'getPlatforms': 
10:24:06 WARN  : An unexpected exception occurred in the module 'platform project logging'
10:24:06 INFO  : Platform 'design_1_wrapper' is added to custom repositories.
10:24:10 INFO  : Platform 'design_1_wrapper' is added to custom repositories.
10:25:50 INFO  : Result from executing command 'getProjects': design_1_wrapper
10:25:50 INFO  : Result from executing command 'getPlatforms': design_1_wrapper|C:/Users/C27Bradford.Hurt/ece383_wksp/final_project/design_1_wrapper/export/design_1_wrapper/design_1_wrapper.xpfm
10:25:50 INFO  : Checking for BSP changes to sync application flags for project 'final_project'...
11:01:53 INFO  : Checking for BSP changes to sync application flags for project 'final_project'...
11:05:42 INFO  : Checking for BSP changes to sync application flags for project 'final_project'...
11:06:03 INFO  : Checking for BSP changes to sync application flags for project 'final_project'...
11:06:37 INFO  : Checking for BSP changes to sync application flags for project 'final_project'...
11:09:03 INFO  : Connected to target on host '127.0.0.1' and port '3121'.
11:09:10 INFO  : Jtag cable 'Digilent Nexys Video 210276B7D0EDB' is selected.
11:09:12 INFO  : 'jtag frequency' command is executed.
11:09:15 INFO  : 'targets -set -filter {jtag_cable_name =~ "Digilent Nexys Video 210276B7D0EDB" && level==0 && jtag_device_ctx=="jsn-Nexys Video-210276B7D0EDB-13636093-0"}' command is executed.
11:09:20 INFO  : Device configured successfully with "C:/Users/C27Bradford.Hurt/ece383_wksp/final_project/final_project/_ide/bitstream/design_1_wrapper.bit"
11:09:20 INFO  : Context for processor 'microblaze_0' is selected.
11:09:21 INFO  : Hardware design and registers information is loaded from 'C:/Users/C27Bradford.Hurt/ece383_wksp/final_project/design_1_wrapper/export/design_1_wrapper/hw/design_1_wrapper.xsa'.
11:09:21 INFO  : 'configparams mdm-detect-bscan-mask 2' command is executed.
11:09:21 INFO  : Context for processor 'microblaze_0' is selected.
11:09:21 INFO  : System reset is completed.
11:09:24 INFO  : 'after 3000' command is executed.
11:09:24 INFO  : Context for processor 'microblaze_0' is selected.
11:09:24 INFO  : The application 'C:/Users/C27Bradford.Hurt/ece383_wksp/final_project/final_project/Debug/final_project.elf' is downloaded to processor 'microblaze_0'.
11:09:24 INFO  : ----------------XSDB Script----------------
connect -url tcp:127.0.0.1:3121
targets -set -filter {jtag_cable_name =~ "Digilent Nexys Video 210276B7D0EDB" && level==0 && jtag_device_ctx=="jsn-Nexys Video-210276B7D0EDB-13636093-0"}
fpga -file C:/Users/C27Bradford.Hurt/ece383_wksp/final_project/final_project/_ide/bitstream/design_1_wrapper.bit
targets -set -nocase -filter {name =~ "*microblaze*#0" && bscan=="USER2" }
loadhw -hw C:/Users/C27Bradford.Hurt/ece383_wksp/final_project/design_1_wrapper/export/design_1_wrapper/hw/design_1_wrapper.xsa -regs
configparams mdm-detect-bscan-mask 2
targets -set -nocase -filter {name =~ "*microblaze*#0" && bscan=="USER2" }
rst -system
after 3000
targets -set -nocase -filter {name =~ "*microblaze*#0" && bscan=="USER2" }
dow C:/Users/C27Bradford.Hurt/ece383_wksp/final_project/final_project/Debug/final_project.elf
----------------End of Script----------------

11:09:24 INFO  : Context for processor 'microblaze_0' is selected.
11:09:24 INFO  : 'con' command is executed.
11:09:24 INFO  : ----------------XSDB Script (After Launch)----------------
targets -set -nocase -filter {name =~ "*microblaze*#0" && bscan=="USER2" }
con
----------------End of Script----------------

11:09:24 INFO  : Launch script is exported to file 'C:\Users\C27Bradford.Hurt\ece383_wksp\final_project\final_project_system\_ide\scripts\debugger_final_project-default.tcl'
11:10:22 INFO  : Disconnected from the channel tcfchan#2.
11:13:49 DEBUG : Logs will be stored at 'C:/Users/C27Bradford.Hurt/ece383_wksp/final_project/IDE.log'.
11:13:50 INFO  : Launching XSCT server: xsct.bat -n  -interactive C:\Users\C27Bradford.Hurt\ece383_wksp\final_project\temp_xsdb_launch_script.tcl
11:13:57 INFO  : Platform repository initialization has completed.
11:13:58 INFO  : Registering command handlers for Vitis TCF services
11:13:58 INFO  : XSCT server has started successfully.
11:14:12 INFO  : Successfully done setting XSCT server connection channel  
11:14:12 INFO  : plnx-install-location is set to ''
11:14:12 INFO  : Successfully done query RDI_DATADIR 
11:14:12 INFO  : Successfully done setting workspace for the tool. 
11:16:11 INFO  : Connected to target on host '127.0.0.1' and port '3121'.
11:16:18 INFO  : Jtag cable 'Digilent Nexys Video 210276B7D0EDB' is selected.
11:16:20 INFO  : 'jtag frequency' command is executed.
11:16:23 INFO  : 'targets -set -filter {jtag_cable_name =~ "Digilent Nexys Video 210276B7D0EDB" && level==0 && jtag_device_ctx=="jsn-Nexys Video-210276B7D0EDB-13636093-0"}' command is executed.
11:16:28 INFO  : Device configured successfully with "C:/Users/C27Bradford.Hurt/ece383_wksp/final_project/final_project/_ide/bitstream/design_1_wrapper.bit"
11:16:28 INFO  : Context for processor 'microblaze_0' is selected.
11:16:28 INFO  : Hardware design and registers information is loaded from 'C:/Users/C27Bradford.Hurt/ece383_wksp/final_project/design_1_wrapper/export/design_1_wrapper/hw/design_1_wrapper.xsa'.
11:16:28 INFO  : 'configparams mdm-detect-bscan-mask 2' command is executed.
11:16:29 INFO  : Context for processor 'microblaze_0' is selected.
11:16:29 INFO  : System reset is completed.
11:16:32 INFO  : 'after 3000' command is executed.
11:16:32 INFO  : Context for processor 'microblaze_0' is selected.
11:16:32 INFO  : The application 'C:/Users/C27Bradford.Hurt/ece383_wksp/final_project/final_project/Debug/final_project.elf' is downloaded to processor 'microblaze_0'.
11:16:32 INFO  : ----------------XSDB Script----------------
connect -url tcp:127.0.0.1:3121
targets -set -filter {jtag_cable_name =~ "Digilent Nexys Video 210276B7D0EDB" && level==0 && jtag_device_ctx=="jsn-Nexys Video-210276B7D0EDB-13636093-0"}
fpga -file C:/Users/C27Bradford.Hurt/ece383_wksp/final_project/final_project/_ide/bitstream/design_1_wrapper.bit
targets -set -nocase -filter {name =~ "*microblaze*#0" && bscan=="USER2" }
loadhw -hw C:/Users/C27Bradford.Hurt/ece383_wksp/final_project/design_1_wrapper/export/design_1_wrapper/hw/design_1_wrapper.xsa -regs
configparams mdm-detect-bscan-mask 2
targets -set -nocase -filter {name =~ "*microblaze*#0" && bscan=="USER2" }
rst -system
after 3000
targets -set -nocase -filter {name =~ "*microblaze*#0" && bscan=="USER2" }
dow C:/Users/C27Bradford.Hurt/ece383_wksp/final_project/final_project/Debug/final_project.elf
----------------End of Script----------------

11:16:32 INFO  : Context for processor 'microblaze_0' is selected.
11:16:32 INFO  : 'con' command is executed.
11:16:32 INFO  : ----------------XSDB Script (After Launch)----------------
targets -set -nocase -filter {name =~ "*microblaze*#0" && bscan=="USER2" }
con
----------------End of Script----------------

11:16:32 INFO  : Launch script is exported to file 'C:\Users\C27Bradford.Hurt\ece383_wksp\final_project\final_project_system\_ide\scripts\debugger_final_project-default.tcl'
11:23:24 INFO  : Disconnected from the channel tcfchan#1.
11:59:29 DEBUG : Logs will be stored at 'C:/Users/C27Bradford.Hurt/ece383_wksp/final_project/IDE.log'.
11:59:32 INFO  : Launching XSCT server: xsct.bat -n  -interactive C:\Users\C27Bradford.Hurt\ece383_wksp\final_project\temp_xsdb_launch_script.tcl
11:59:47 INFO  : Platform repository initialization has completed.
11:59:47 INFO  : XSCT server has started successfully.
11:59:48 INFO  : Registering command handlers for Vitis TCF services
12:00:10 INFO  : Successfully done setting XSCT server connection channel  
12:00:10 INFO  : plnx-install-location is set to ''
12:00:10 INFO  : Successfully done query RDI_DATADIR 
12:00:10 INFO  : Successfully done setting workspace for the tool. 
07:41:54 DEBUG : Logs will be stored at 'C:/Users/C27Bradford.Hurt/ece383_wksp/final_project/IDE.log'.
07:41:55 INFO  : Launching XSCT server: xsct.bat -n  -interactive C:\Users\C27Bradford.Hurt\ece383_wksp\final_project\temp_xsdb_launch_script.tcl
07:42:02 INFO  : Registering command handlers for Vitis TCF services
07:42:02 INFO  : Platform repository initialization has completed.
07:42:03 INFO  : XSCT server has started successfully.
07:42:03 INFO  : plnx-install-location is set to ''
07:42:03 INFO  : Successfully done setting XSCT server connection channel  
07:42:11 INFO  : Successfully done setting workspace for the tool. 
07:42:11 INFO  : Successfully done query RDI_DATADIR 
07:44:15 INFO  : Result from executing command 'getProjects': design_1_wrapper;design_1_wrapper_1
07:44:15 INFO  : Result from executing command 'getPlatforms': design_1_wrapper|C:/Users/C27Bradford.Hurt/ece383_wksp/final_project/design_1_wrapper/export/design_1_wrapper/design_1_wrapper.xpfm
07:44:15 WARN  : An unexpected exception occurred in the module 'platform project logging'
07:44:16 INFO  : Platform 'design_1_wrapper_1' is added to custom repositories.
07:44:19 INFO  : Platform 'design_1_wrapper_1' is added to custom repositories.
07:49:07 INFO  : Checking for BSP changes to sync application flags for project 'final_project_1'...
07:49:07 INFO  : Result from executing command 'getProjects': RemoteSystemsTempFiles;design_1_wrapper_1;final_project_1;final_project_1_system
07:49:07 WARN  : Failed to closehw "C:/Users/C27Bradford.Hurt/ece383_wksp/final_project/design_1_wrapper_1/export/design_1_wrapper_1/hw/design_1_wrapper.xsa"
Reason: C:/Users/C27Bradford.Hurt/ece383_wksp/final_project/design_1_wrapper_1/export/design_1_wrapper_1/hw/design_1_wrapper.xsa is not available in the current workspace
use 'getprojects' command to see list of available projects in current workspace
07:49:07 INFO  : Result from executing command 'getProjects': RemoteSystemsTempFiles;design_1_wrapper_1;final_project_1;final_project_1_system
07:49:07 ERROR : Failed to openhw "C:/Users/C27Bradford.Hurt/ece383_wksp/final_project/design_1_wrapper_1/export/design_1_wrapper_1/hw/design_1_wrapper.xsa"
Reason: C:/Users/C27Bradford.Hurt/ece383_wksp/final_project/design_1_wrapper_1/export/design_1_wrapper_1/hw/design_1_wrapper.xsa is not available in the current workspace
use 'getprojects' command to see list of available projects in current workspace
07:49:07 ERROR : Failed to update application flags from BSP for 'final_project_1'. Reason: null
java.lang.NullPointerException: null
	at com.xilinx.sdx.sw.internal.SDxSwPlatform.<init>(SDxSwPlatform.java:305) ~[com.xilinx.sdx.sw_1.0.0.202411031917.jar:?]
	at com.xilinx.sdx.sw.internal.SDxSwPlatform.create(SDxSwPlatform.java:214) ~[com.xilinx.sdx.sw_1.0.0.202411031917.jar:?]
	at com.xilinx.sdx.sdk.core.util.SdkPlatformHelper.getSwPlatform(SdkPlatformHelper.java:64) ~[com.xilinx.sdx.sdk.core_1.0.0.202411031917.jar:?]
	at com.xilinx.sdx.sdk.core.build.SdkMakefileGenerationListener.getSwPlatform(SdkMakefileGenerationListener.java:160) ~[com.xilinx.sdx.sdk.core_1.0.0.202411031917.jar:?]
	at com.xilinx.sdx.sdk.core.build.SdkMakefileGenerationListener.syncAppFlags(SdkMakefileGenerationListener.java:78) [com.xilinx.sdx.sdk.core_1.0.0.202411031917.jar:?]
	at com.xilinx.sdx.sdk.core.build.SdkMakefileGenerationListener.preMakefileGeneration(SdkMakefileGenerationListener.java:48) [com.xilinx.sdx.sdk.core_1.0.0.202411031917.jar:?]
	at com.xilinx.sdk.managedbuilder.XilinxGnuMakefileGenerator.notifyPreMakefileGenerationListeners(XilinxGnuMakefileGenerator.java:91) [com.xilinx.sdk.managedbuilder_1.0.0.202411031917.jar:?]
	at com.xilinx.sdk.managedbuilder.XilinxGnuMakefileGenerator.regenerateMakefiles(XilinxGnuMakefileGenerator.java:75) [com.xilinx.sdk.managedbuilder_1.0.0.202411031917.jar:?]
	at org.eclipse.cdt.managedbuilder.internal.core.CommonBuilder.performMakefileGeneration(CommonBuilder.java:1006) [org.eclipse.cdt.managedbuilder.core_8.6.0.201802261533.jar:?]
	at org.eclipse.cdt.managedbuilder.internal.core.CommonBuilder.performPrebuildGeneration(CommonBuilder.java:873) [org.eclipse.cdt.managedbuilder.core_8.6.0.201802261533.jar:?]
	at org.eclipse.cdt.managedbuilder.internal.core.CommonBuilder.build(CommonBuilder.java:748) [org.eclipse.cdt.managedbuilder.core_8.6.0.201802261533.jar:?]
	at org.eclipse.cdt.managedbuilder.internal.core.CommonBuilder.build(CommonBuilder.java:513) [org.eclipse.cdt.managedbuilder.core_8.6.0.201802261533.jar:?]
	at org.eclipse.cdt.managedbuilder.internal.core.CommonBuilder.build(CommonBuilder.java:459) [org.eclipse.cdt.managedbuilder.core_8.6.0.201802261533.jar:?]
	at org.eclipse.core.internal.events.BuildManager$2.run(BuildManager.java:832) [org.eclipse.core.resources_3.13.700.v20200209-1624.jar:?]
	at org.eclipse.core.runtime.SafeRunner.run(SafeRunner.java:45) [org.eclipse.equinox.common_3.11.0.v20200206-0817.jar:?]
	at org.eclipse.core.internal.events.BuildManager.basicBuild(BuildManager.java:220) [org.eclipse.core.resources_3.13.700.v20200209-1624.jar:?]
	at org.eclipse.core.internal.events.BuildManager.basicBuild(BuildManager.java:263) [org.eclipse.core.resources_3.13.700.v20200209-1624.jar:?]
	at org.eclipse.core.internal.events.BuildManager$1.run(BuildManager.java:316) [org.eclipse.core.resources_3.13.700.v20200209-1624.jar:?]
	at org.eclipse.core.runtime.SafeRunner.run(SafeRunner.java:45) [org.eclipse.equinox.common_3.11.0.v20200206-0817.jar:?]
	at org.eclipse.core.internal.events.BuildManager.basicBuild(BuildManager.java:319) [org.eclipse.core.resources_3.13.700.v20200209-1624.jar:?]
	at org.eclipse.core.internal.events.BuildManager.basicBuildLoop(BuildManager.java:371) [org.eclipse.core.resources_3.13.700.v20200209-1624.jar:?]
	at org.eclipse.core.internal.events.BuildManager.build(BuildManager.java:392) [org.eclipse.core.resources_3.13.700.v20200209-1624.jar:?]
	at org.eclipse.core.internal.resources.Workspace.buildInternal(Workspace.java:515) [org.eclipse.core.resources_3.13.700.v20200209-1624.jar:?]
	at org.eclipse.core.internal.resources.Workspace.build(Workspace.java:412) [org.eclipse.core.resources_3.13.700.v20200209-1624.jar:?]
	at org.eclipse.ui.actions.BuildAction$1.runInWorkspace(BuildAction.java:291) [org.eclipse.ui.ide_3.17.0.v20200217-1511.jar:?]
	at org.eclipse.core.internal.resources.InternalWorkspaceJob.run(InternalWorkspaceJob.java:42) [org.eclipse.core.resources_3.13.700.v20200209-1624.jar:?]
	at org.eclipse.core.internal.jobs.Worker.run(Worker.java:63) [org.eclipse.core.jobs_3.10.700.v20200106-1020.jar:?]
07:52:50 INFO  : Checking for BSP changes to sync application flags for project 'final_project_1'...
07:52:50 INFO  : Result from executing command 'getProjects': RemoteSystemsTempFiles;design_1_wrapper_1;final_project_1;final_project_1_system
07:52:50 ERROR : Failed to openhw "C:/Users/C27Bradford.Hurt/ece383_wksp/final_project/design_1_wrapper_1/export/design_1_wrapper_1/hw/design_1_wrapper.xsa"
Reason: C:/Users/C27Bradford.Hurt/ece383_wksp/final_project/design_1_wrapper_1/export/design_1_wrapper_1/hw/design_1_wrapper.xsa is not available in the current workspace
use 'getprojects' command to see list of available projects in current workspace
07:52:50 ERROR : Failed to update application flags from BSP for 'final_project_1'. Reason: null
java.lang.NullPointerException: null
	at com.xilinx.sdx.sw.internal.SDxSwPlatform.<init>(SDxSwPlatform.java:305) ~[com.xilinx.sdx.sw_1.0.0.202411031917.jar:?]
	at com.xilinx.sdx.sw.internal.SDxSwPlatform.create(SDxSwPlatform.java:214) ~[com.xilinx.sdx.sw_1.0.0.202411031917.jar:?]
	at com.xilinx.sdx.sdk.core.util.SdkPlatformHelper.getSwPlatform(SdkPlatformHelper.java:64) ~[com.xilinx.sdx.sdk.core_1.0.0.202411031917.jar:?]
	at com.xilinx.sdx.sdk.core.build.SdkMakefileGenerationListener.getSwPlatform(SdkMakefileGenerationListener.java:160) ~[com.xilinx.sdx.sdk.core_1.0.0.202411031917.jar:?]
	at com.xilinx.sdx.sdk.core.build.SdkMakefileGenerationListener.syncAppFlags(SdkMakefileGenerationListener.java:78) [com.xilinx.sdx.sdk.core_1.0.0.202411031917.jar:?]
	at com.xilinx.sdx.sdk.core.build.SdkMakefileGenerationListener.preMakefileGeneration(SdkMakefileGenerationListener.java:48) [com.xilinx.sdx.sdk.core_1.0.0.202411031917.jar:?]
	at com.xilinx.sdk.managedbuilder.XilinxGnuMakefileGenerator.notifyPreMakefileGenerationListeners(XilinxGnuMakefileGenerator.java:91) [com.xilinx.sdk.managedbuilder_1.0.0.202411031917.jar:?]
	at com.xilinx.sdk.managedbuilder.XilinxGnuMakefileGenerator.generateMakefiles(XilinxGnuMakefileGenerator.java:40) [com.xilinx.sdk.managedbuilder_1.0.0.202411031917.jar:?]
	at org.eclipse.cdt.managedbuilder.internal.core.CommonBuilder.performMakefileGeneration(CommonBuilder.java:1008) [org.eclipse.cdt.managedbuilder.core_8.6.0.201802261533.jar:?]
	at org.eclipse.cdt.managedbuilder.internal.core.CommonBuilder.performPrebuildGeneration(CommonBuilder.java:873) [org.eclipse.cdt.managedbuilder.core_8.6.0.201802261533.jar:?]
	at org.eclipse.cdt.managedbuilder.internal.core.CommonBuilder.build(CommonBuilder.java:748) [org.eclipse.cdt.managedbuilder.core_8.6.0.201802261533.jar:?]
	at org.eclipse.cdt.managedbuilder.internal.core.CommonBuilder.build(CommonBuilder.java:510) [org.eclipse.cdt.managedbuilder.core_8.6.0.201802261533.jar:?]
	at org.eclipse.cdt.managedbuilder.internal.core.CommonBuilder.build(CommonBuilder.java:459) [org.eclipse.cdt.managedbuilder.core_8.6.0.201802261533.jar:?]
	at org.eclipse.core.internal.events.BuildManager$2.run(BuildManager.java:832) [org.eclipse.core.resources_3.13.700.v20200209-1624.jar:?]
	at org.eclipse.core.runtime.SafeRunner.run(SafeRunner.java:45) [org.eclipse.equinox.common_3.11.0.v20200206-0817.jar:?]
	at org.eclipse.core.internal.events.BuildManager.basicBuild(BuildManager.java:220) [org.eclipse.core.resources_3.13.700.v20200209-1624.jar:?]
	at org.eclipse.core.internal.events.BuildManager.basicBuild(BuildManager.java:263) [org.eclipse.core.resources_3.13.700.v20200209-1624.jar:?]
	at org.eclipse.core.internal.events.BuildManager$1.run(BuildManager.java:316) [org.eclipse.core.resources_3.13.700.v20200209-1624.jar:?]
	at org.eclipse.core.runtime.SafeRunner.run(SafeRunner.java:45) [org.eclipse.equinox.common_3.11.0.v20200206-0817.jar:?]
	at org.eclipse.core.internal.events.BuildManager.basicBuild(BuildManager.java:319) [org.eclipse.core.resources_3.13.700.v20200209-1624.jar:?]
	at org.eclipse.core.internal.events.BuildManager.basicBuildLoop(BuildManager.java:371) [org.eclipse.core.resources_3.13.700.v20200209-1624.jar:?]
	at org.eclipse.core.internal.events.BuildManager.build(BuildManager.java:392) [org.eclipse.core.resources_3.13.700.v20200209-1624.jar:?]
	at org.eclipse.core.internal.resources.Workspace.buildInternal(Workspace.java:515) [org.eclipse.core.resources_3.13.700.v20200209-1624.jar:?]
	at org.eclipse.core.internal.resources.Workspace.build(Workspace.java:412) [org.eclipse.core.resources_3.13.700.v20200209-1624.jar:?]
	at org.eclipse.ui.actions.BuildAction$1.runInWorkspace(BuildAction.java:291) [org.eclipse.ui.ide_3.17.0.v20200217-1511.jar:?]
	at org.eclipse.core.internal.resources.InternalWorkspaceJob.run(InternalWorkspaceJob.java:42) [org.eclipse.core.resources_3.13.700.v20200209-1624.jar:?]
	at org.eclipse.core.internal.jobs.Worker.run(Worker.java:63) [org.eclipse.core.jobs_3.10.700.v20200106-1020.jar:?]
07:55:28 INFO  : Result from executing command 'getProjects': design_1_wrapper_1
07:55:28 INFO  : Result from executing command 'getPlatforms': design_1_wrapper_1|C:/Users/C27Bradford.Hurt/ece383_wksp/final_project/design_1_wrapper_1/export/design_1_wrapper_1/design_1_wrapper_1.xpfm;design_1_wrapper|C:/Users/C27Bradford.Hurt/ece383_wksp/final_project/design_1_wrapper/export/design_1_wrapper/design_1_wrapper.xpfm
07:55:28 INFO  : Checking for BSP changes to sync application flags for project 'final_project_1'...
08:16:47 INFO  : Connected to target on host '127.0.0.1' and port '3121'.
08:17:08 INFO  : ----------------XSDB Script----------------
connect -url tcp:127.0.0.1:3121
----------------End of Script----------------

08:17:08 ERROR : Could not find FPGA device on the board for connection 'Local'.


Troubleshooting hints:
1. Check whether board is connected to system properly.
2. In case of zynq board, check whether Digilent/Xilinx cable switch settings are correct.
3. If you are using Xilinx Platform Cable USB, ensure that status LED is green.
08:17:14 INFO  : Connected to target on host '127.0.0.1' and port '3121'.
08:17:15 INFO  : Jtag cable 'Digilent Nexys Video 210276BA015EB' is selected.
08:17:17 INFO  : 'jtag frequency' command is executed.
08:17:21 INFO  : 'targets -set -filter {jtag_cable_name =~ "Digilent Nexys Video 210276BA015EB" && level==0 && jtag_device_ctx=="jsn-Nexys Video-210276BA015EB-13636093-0"}' command is executed.
08:17:27 INFO  : Device configured successfully with "C:/Users/C27Bradford.Hurt/ece383_wksp/final_project/final_project_1/_ide/bitstream/design_1_wrapper.bit"
08:17:27 INFO  : Context for processor 'microblaze_0' is selected.
08:17:27 INFO  : Hardware design and registers information is loaded from 'C:/Users/C27Bradford.Hurt/ece383_wksp/final_project/design_1_wrapper_1/export/design_1_wrapper_1/hw/design_1_wrapper.xsa'.
08:17:27 INFO  : 'configparams mdm-detect-bscan-mask 2' command is executed.
08:17:27 INFO  : Context for processor 'microblaze_0' is selected.
08:17:27 INFO  : System reset is completed.
08:17:30 INFO  : 'after 3000' command is executed.
08:17:30 INFO  : Context for processor 'microblaze_0' is selected.
08:17:30 INFO  : The application 'C:/Users/C27Bradford.Hurt/ece383_wksp/final_project/final_project_1/Debug/final_project_1.elf' is downloaded to processor 'microblaze_0'.
08:17:30 INFO  : ----------------XSDB Script----------------
connect -url tcp:127.0.0.1:3121
targets -set -filter {jtag_cable_name =~ "Digilent Nexys Video 210276BA015EB" && level==0 && jtag_device_ctx=="jsn-Nexys Video-210276BA015EB-13636093-0"}
fpga -file C:/Users/C27Bradford.Hurt/ece383_wksp/final_project/final_project_1/_ide/bitstream/design_1_wrapper.bit
targets -set -nocase -filter {name =~ "*microblaze*#0" && bscan=="USER2" }
loadhw -hw C:/Users/C27Bradford.Hurt/ece383_wksp/final_project/design_1_wrapper_1/export/design_1_wrapper_1/hw/design_1_wrapper.xsa -regs
configparams mdm-detect-bscan-mask 2
targets -set -nocase -filter {name =~ "*microblaze*#0" && bscan=="USER2" }
rst -system
after 3000
targets -set -nocase -filter {name =~ "*microblaze*#0" && bscan=="USER2" }
dow C:/Users/C27Bradford.Hurt/ece383_wksp/final_project/final_project_1/Debug/final_project_1.elf
----------------End of Script----------------

08:17:30 INFO  : Context for processor 'microblaze_0' is selected.
08:17:30 INFO  : 'con' command is executed.
08:17:30 INFO  : ----------------XSDB Script (After Launch)----------------
targets -set -nocase -filter {name =~ "*microblaze*#0" && bscan=="USER2" }
con
----------------End of Script----------------

08:17:30 INFO  : Launch script is exported to file 'C:\Users\C27Bradford.Hurt\ece383_wksp\final_project\final_project_1_system\_ide\scripts\debugger_final_project_1-default.tcl'
08:18:55 INFO  : Disconnected from the channel tcfchan#4.
08:18:56 INFO  : Connected to target on host '127.0.0.1' and port '3121'.
08:18:57 INFO  : Jtag cable 'Digilent Nexys Video 210276BA015EB' is selected.
08:18:57 INFO  : 'jtag frequency' command is executed.
08:18:57 INFO  : 'targets -set -filter {jtag_cable_name =~ "Digilent Nexys Video 210276BA015EB" && level==0 && jtag_device_ctx=="jsn-Nexys Video-210276BA015EB-13636093-0"}' command is executed.
08:19:02 INFO  : Device configured successfully with "C:/Users/C27Bradford.Hurt/ece383_wksp/final_project/final_project_1/_ide/bitstream/design_1_wrapper.bit"
08:19:02 INFO  : Context for processor 'microblaze_0' is selected.
08:19:02 INFO  : Hardware design and registers information is loaded from 'C:/Users/C27Bradford.Hurt/ece383_wksp/final_project/design_1_wrapper_1/export/design_1_wrapper_1/hw/design_1_wrapper.xsa'.
08:19:02 INFO  : 'configparams mdm-detect-bscan-mask 2' command is executed.
08:19:02 INFO  : Context for processor 'microblaze_0' is selected.
08:19:02 INFO  : System reset is completed.
08:19:05 INFO  : 'after 3000' command is executed.
08:19:05 INFO  : Context for processor 'microblaze_0' is selected.
08:19:05 INFO  : The application 'C:/Users/C27Bradford.Hurt/ece383_wksp/final_project/final_project_1/Debug/final_project_1.elf' is downloaded to processor 'microblaze_0'.
08:19:05 INFO  : ----------------XSDB Script----------------
connect -url tcp:127.0.0.1:3121
targets -set -filter {jtag_cable_name =~ "Digilent Nexys Video 210276BA015EB" && level==0 && jtag_device_ctx=="jsn-Nexys Video-210276BA015EB-13636093-0"}
fpga -file C:/Users/C27Bradford.Hurt/ece383_wksp/final_project/final_project_1/_ide/bitstream/design_1_wrapper.bit
targets -set -nocase -filter {name =~ "*microblaze*#0" && bscan=="USER2" }
loadhw -hw C:/Users/C27Bradford.Hurt/ece383_wksp/final_project/design_1_wrapper_1/export/design_1_wrapper_1/hw/design_1_wrapper.xsa -regs
configparams mdm-detect-bscan-mask 2
targets -set -nocase -filter {name =~ "*microblaze*#0" && bscan=="USER2" }
rst -system
after 3000
targets -set -nocase -filter {name =~ "*microblaze*#0" && bscan=="USER2" }
dow C:/Users/C27Bradford.Hurt/ece383_wksp/final_project/final_project_1/Debug/final_project_1.elf
----------------End of Script----------------

08:19:06 INFO  : Context for processor 'microblaze_0' is selected.
08:19:06 INFO  : 'con' command is executed.
08:19:06 INFO  : ----------------XSDB Script (After Launch)----------------
targets -set -nocase -filter {name =~ "*microblaze*#0" && bscan=="USER2" }
con
----------------End of Script----------------

08:19:06 INFO  : Launch script is exported to file 'C:\Users\C27Bradford.Hurt\ece383_wksp\final_project\final_project_1_system\_ide\scripts\debugger_final_project_1-default.tcl'
08:28:01 INFO  : Disconnected from the channel tcfchan#5.
08:28:02 INFO  : Connected to target on host '127.0.0.1' and port '3121'.
08:28:02 INFO  : Jtag cable 'Digilent Nexys Video 210276BA015EB' is selected.
08:28:02 INFO  : 'jtag frequency' command is executed.
08:28:02 INFO  : 'targets -set -filter {jtag_cable_name =~ "Digilent Nexys Video 210276BA015EB" && level==0 && jtag_device_ctx=="jsn-Nexys Video-210276BA015EB-13636093-0"}' command is executed.
08:28:08 INFO  : Device configured successfully with "C:/Users/C27Bradford.Hurt/ece383_wksp/final_project/final_project_1/_ide/bitstream/design_1_wrapper.bit"
08:28:08 INFO  : Context for processor 'microblaze_0' is selected.
08:28:08 INFO  : Hardware design and registers information is loaded from 'C:/Users/C27Bradford.Hurt/ece383_wksp/final_project/design_1_wrapper_1/export/design_1_wrapper_1/hw/design_1_wrapper.xsa'.
08:28:08 INFO  : 'configparams mdm-detect-bscan-mask 2' command is executed.
08:28:08 INFO  : Context for processor 'microblaze_0' is selected.
08:28:08 INFO  : System reset is completed.
08:28:11 INFO  : 'after 3000' command is executed.
08:28:11 INFO  : Context for processor 'microblaze_0' is selected.
08:28:11 INFO  : The application 'C:/Users/C27Bradford.Hurt/ece383_wksp/final_project/final_project_1/Debug/final_project_1.elf' is downloaded to processor 'microblaze_0'.
08:28:11 INFO  : ----------------XSDB Script----------------
connect -url tcp:127.0.0.1:3121
targets -set -filter {jtag_cable_name =~ "Digilent Nexys Video 210276BA015EB" && level==0 && jtag_device_ctx=="jsn-Nexys Video-210276BA015EB-13636093-0"}
fpga -file C:/Users/C27Bradford.Hurt/ece383_wksp/final_project/final_project_1/_ide/bitstream/design_1_wrapper.bit
targets -set -nocase -filter {name =~ "*microblaze*#0" && bscan=="USER2" }
loadhw -hw C:/Users/C27Bradford.Hurt/ece383_wksp/final_project/design_1_wrapper_1/export/design_1_wrapper_1/hw/design_1_wrapper.xsa -regs
configparams mdm-detect-bscan-mask 2
targets -set -nocase -filter {name =~ "*microblaze*#0" && bscan=="USER2" }
rst -system
after 3000
targets -set -nocase -filter {name =~ "*microblaze*#0" && bscan=="USER2" }
dow C:/Users/C27Bradford.Hurt/ece383_wksp/final_project/final_project_1/Debug/final_project_1.elf
----------------End of Script----------------

08:28:11 INFO  : Context for processor 'microblaze_0' is selected.
08:28:11 INFO  : 'con' command is executed.
08:28:11 INFO  : ----------------XSDB Script (After Launch)----------------
targets -set -nocase -filter {name =~ "*microblaze*#0" && bscan=="USER2" }
con
----------------End of Script----------------

08:28:11 INFO  : Launch script is exported to file 'C:\Users\C27Bradford.Hurt\ece383_wksp\final_project\final_project_1_system\_ide\scripts\debugger_final_project_1-default.tcl'
08:30:03 INFO  : Disconnected from the channel tcfchan#6.
08:30:04 INFO  : Connected to target on host '127.0.0.1' and port '3121'.
08:30:04 INFO  : Jtag cable 'Digilent Nexys Video 210276BA015EB' is selected.
08:30:04 INFO  : 'jtag frequency' command is executed.
08:30:04 INFO  : 'targets -set -filter {jtag_cable_name =~ "Digilent Nexys Video 210276BA015EB" && level==0 && jtag_device_ctx=="jsn-Nexys Video-210276BA015EB-13636093-0"}' command is executed.
08:30:10 INFO  : Device configured successfully with "C:/Users/C27Bradford.Hurt/ece383_wksp/final_project/final_project_1/_ide/bitstream/design_1_wrapper.bit"
08:30:10 INFO  : Context for processor 'microblaze_0' is selected.
08:30:10 INFO  : Hardware design and registers information is loaded from 'C:/Users/C27Bradford.Hurt/ece383_wksp/final_project/design_1_wrapper_1/export/design_1_wrapper_1/hw/design_1_wrapper.xsa'.
08:30:10 INFO  : 'configparams mdm-detect-bscan-mask 2' command is executed.
08:30:10 INFO  : Context for processor 'microblaze_0' is selected.
08:30:10 INFO  : System reset is completed.
08:30:13 INFO  : 'after 3000' command is executed.
08:30:13 INFO  : Context for processor 'microblaze_0' is selected.
08:30:13 INFO  : The application 'C:/Users/C27Bradford.Hurt/ece383_wksp/final_project/final_project_1/Debug/final_project_1.elf' is downloaded to processor 'microblaze_0'.
08:30:13 INFO  : ----------------XSDB Script----------------
connect -url tcp:127.0.0.1:3121
targets -set -filter {jtag_cable_name =~ "Digilent Nexys Video 210276BA015EB" && level==0 && jtag_device_ctx=="jsn-Nexys Video-210276BA015EB-13636093-0"}
fpga -file C:/Users/C27Bradford.Hurt/ece383_wksp/final_project/final_project_1/_ide/bitstream/design_1_wrapper.bit
targets -set -nocase -filter {name =~ "*microblaze*#0" && bscan=="USER2" }
loadhw -hw C:/Users/C27Bradford.Hurt/ece383_wksp/final_project/design_1_wrapper_1/export/design_1_wrapper_1/hw/design_1_wrapper.xsa -regs
configparams mdm-detect-bscan-mask 2
targets -set -nocase -filter {name =~ "*microblaze*#0" && bscan=="USER2" }
rst -system
after 3000
targets -set -nocase -filter {name =~ "*microblaze*#0" && bscan=="USER2" }
dow C:/Users/C27Bradford.Hurt/ece383_wksp/final_project/final_project_1/Debug/final_project_1.elf
----------------End of Script----------------

08:30:13 INFO  : Context for processor 'microblaze_0' is selected.
08:30:13 INFO  : 'con' command is executed.
08:30:13 INFO  : ----------------XSDB Script (After Launch)----------------
targets -set -nocase -filter {name =~ "*microblaze*#0" && bscan=="USER2" }
con
----------------End of Script----------------

08:30:13 INFO  : Launch script is exported to file 'C:\Users\C27Bradford.Hurt\ece383_wksp\final_project\final_project_1_system\_ide\scripts\debugger_final_project_1-default.tcl'
08:30:29 INFO  : Disconnected from the channel tcfchan#7.
08:30:30 INFO  : Connected to target on host '127.0.0.1' and port '3121'.
08:30:30 INFO  : Jtag cable 'Digilent Nexys Video 210276BA015EB' is selected.
08:30:30 INFO  : 'jtag frequency' command is executed.
08:30:30 INFO  : 'targets -set -filter {jtag_cable_name =~ "Digilent Nexys Video 210276BA015EB" && level==0 && jtag_device_ctx=="jsn-Nexys Video-210276BA015EB-13636093-0"}' command is executed.
08:30:36 INFO  : Device configured successfully with "C:/Users/C27Bradford.Hurt/ece383_wksp/final_project/final_project_1/_ide/bitstream/design_1_wrapper.bit"
08:30:36 INFO  : Context for processor 'microblaze_0' is selected.
08:30:36 INFO  : Hardware design and registers information is loaded from 'C:/Users/C27Bradford.Hurt/ece383_wksp/final_project/design_1_wrapper_1/export/design_1_wrapper_1/hw/design_1_wrapper.xsa'.
08:30:36 INFO  : 'configparams mdm-detect-bscan-mask 2' command is executed.
08:30:36 INFO  : Context for processor 'microblaze_0' is selected.
08:30:36 INFO  : System reset is completed.
08:30:39 INFO  : 'after 3000' command is executed.
08:30:39 INFO  : Context for processor 'microblaze_0' is selected.
08:30:39 INFO  : The application 'C:/Users/C27Bradford.Hurt/ece383_wksp/final_project/final_project_1/Debug/final_project_1.elf' is downloaded to processor 'microblaze_0'.
08:30:39 INFO  : ----------------XSDB Script----------------
connect -url tcp:127.0.0.1:3121
targets -set -filter {jtag_cable_name =~ "Digilent Nexys Video 210276BA015EB" && level==0 && jtag_device_ctx=="jsn-Nexys Video-210276BA015EB-13636093-0"}
fpga -file C:/Users/C27Bradford.Hurt/ece383_wksp/final_project/final_project_1/_ide/bitstream/design_1_wrapper.bit
targets -set -nocase -filter {name =~ "*microblaze*#0" && bscan=="USER2" }
loadhw -hw C:/Users/C27Bradford.Hurt/ece383_wksp/final_project/design_1_wrapper_1/export/design_1_wrapper_1/hw/design_1_wrapper.xsa -regs
configparams mdm-detect-bscan-mask 2
targets -set -nocase -filter {name =~ "*microblaze*#0" && bscan=="USER2" }
rst -system
after 3000
targets -set -nocase -filter {name =~ "*microblaze*#0" && bscan=="USER2" }
dow C:/Users/C27Bradford.Hurt/ece383_wksp/final_project/final_project_1/Debug/final_project_1.elf
----------------End of Script----------------

08:30:39 INFO  : Context for processor 'microblaze_0' is selected.
08:30:39 INFO  : 'con' command is executed.
08:30:39 INFO  : ----------------XSDB Script (After Launch)----------------
targets -set -nocase -filter {name =~ "*microblaze*#0" && bscan=="USER2" }
con
----------------End of Script----------------

08:30:39 INFO  : Launch script is exported to file 'C:\Users\C27Bradford.Hurt\ece383_wksp\final_project\final_project_1_system\_ide\scripts\debugger_final_project_1-default.tcl'
09:06:48 INFO  : Result from executing command 'getProjects': design_1_wrapper;design_1_wrapper_1
09:06:48 INFO  : Result from executing command 'getPlatforms': design_1_wrapper_1|C:/Users/C27Bradford.Hurt/ece383_wksp/final_project/design_1_wrapper_1/export/design_1_wrapper_1/design_1_wrapper_1.xpfm;design_1_wrapper|C:/Users/C27Bradford.Hurt/ece383_wksp/final_project/design_1_wrapper/export/design_1_wrapper/design_1_wrapper.xpfm
09:06:48 INFO  : Platform 'design_1_wrapper' is added to custom repositories.
09:06:51 INFO  : Platform 'design_1_wrapper' is added to custom repositories.
09:11:23 INFO  : Result from executing command 'getProjects': design_1_wrapper;design_1_wrapper_1
09:11:23 INFO  : Result from executing command 'getPlatforms': design_1_wrapper_1|C:/Users/C27Bradford.Hurt/ece383_wksp/final_project/design_1_wrapper_1/export/design_1_wrapper_1/design_1_wrapper_1.xpfm;design_1_wrapper|C:/Users/C27Bradford.Hurt/ece383_wksp/final_project/design_1_wrapper/export/design_1_wrapper/design_1_wrapper.xpfm
09:11:24 INFO  : Checking for BSP changes to sync application flags for project 'final_project_2'...
09:12:21 INFO  : Connected to target on host '127.0.0.1' and port '3121'.
09:12:22 INFO  : Jtag cable 'Digilent Nexys Video 210276BA015EB' is selected.
09:12:22 INFO  : 'jtag frequency' command is executed.
09:12:22 INFO  : 'targets -set -filter {jtag_cable_name =~ "Digilent Nexys Video 210276BA015EB" && level==0 && jtag_device_ctx=="jsn-Nexys Video-210276BA015EB-13636093-0"}' command is executed.
09:12:27 INFO  : Device configured successfully with "C:/Users/C27Bradford.Hurt/ece383_wksp/final_project/final_project_2/_ide/bitstream/design_1_wrapper.bit"
09:12:27 INFO  : Context for processor 'microblaze_0' is selected.
09:12:27 INFO  : Hardware design and registers information is loaded from 'C:/Users/C27Bradford.Hurt/ece383_wksp/final_project/design_1_wrapper/export/design_1_wrapper/hw/design_1_wrapper.xsa'.
09:12:27 INFO  : 'configparams mdm-detect-bscan-mask 2' command is executed.
09:12:27 INFO  : Context for processor 'microblaze_0' is selected.
09:12:27 INFO  : System reset is completed.
09:12:30 INFO  : 'after 3000' command is executed.
09:12:30 INFO  : Context for processor 'microblaze_0' is selected.
09:12:30 INFO  : The application 'C:/Users/C27Bradford.Hurt/ece383_wksp/final_project/final_project_2/Debug/final_project_2.elf' is downloaded to processor 'microblaze_0'.
09:12:30 INFO  : ----------------XSDB Script----------------
connect -url tcp:127.0.0.1:3121
targets -set -filter {jtag_cable_name =~ "Digilent Nexys Video 210276BA015EB" && level==0 && jtag_device_ctx=="jsn-Nexys Video-210276BA015EB-13636093-0"}
fpga -file C:/Users/C27Bradford.Hurt/ece383_wksp/final_project/final_project_2/_ide/bitstream/design_1_wrapper.bit
targets -set -nocase -filter {name =~ "*microblaze*#0" && bscan=="USER2" }
loadhw -hw C:/Users/C27Bradford.Hurt/ece383_wksp/final_project/design_1_wrapper/export/design_1_wrapper/hw/design_1_wrapper.xsa -regs
configparams mdm-detect-bscan-mask 2
targets -set -nocase -filter {name =~ "*microblaze*#0" && bscan=="USER2" }
rst -system
after 3000
targets -set -nocase -filter {name =~ "*microblaze*#0" && bscan=="USER2" }
dow C:/Users/C27Bradford.Hurt/ece383_wksp/final_project/final_project_2/Debug/final_project_2.elf
----------------End of Script----------------

09:12:31 INFO  : Context for processor 'microblaze_0' is selected.
09:12:31 INFO  : 'con' command is executed.
09:12:31 INFO  : ----------------XSDB Script (After Launch)----------------
targets -set -nocase -filter {name =~ "*microblaze*#0" && bscan=="USER2" }
con
----------------End of Script----------------

09:12:31 INFO  : Launch script is exported to file 'C:\Users\C27Bradford.Hurt\ece383_wksp\final_project\final_project_2_system\_ide\scripts\debugger_final_project_2-default.tcl'
11:35:52 INFO  : Result from executing command 'getProjects': design_1_wrapper;design_1_wrapper_1
11:35:52 INFO  : Result from executing command 'getPlatforms': design_1_wrapper|C:/Users/C27Bradford.Hurt/ece383_wksp/final_project/design_1_wrapper/export/design_1_wrapper/design_1_wrapper.xpfm
11:35:52 INFO  : Platform 'design_1_wrapper_1' is added to custom repositories.
11:35:57 INFO  : Platform 'design_1_wrapper_1' is added to custom repositories.
11:37:17 ERROR : An unexpected exception occurred in the module 'reading platform'
11:38:12 INFO  : Result from executing command 'getProjects': design_1_wrapper_1
11:38:14 INFO  : Result from executing command 'getPlatforms': design_1_wrapper_1|C:/Users/C27Bradford.Hurt/ece383_wksp/final_project/design_1_wrapper_1/export/design_1_wrapper_1/design_1_wrapper_1.xpfm
11:38:15 INFO  : Checking for BSP changes to sync application flags for project 'final_project_1'...
11:38:30 INFO  : Connected to target on host '127.0.0.1' and port '3121'.
11:38:30 INFO  : Jtag cable 'Digilent Nexys Video 210276BA015EB' is selected.
11:38:30 INFO  : 'jtag frequency' command is executed.
11:38:30 INFO  : 'targets -set -filter {jtag_cable_name =~ "Digilent Nexys Video 210276BA015EB" && level==0 && jtag_device_ctx=="jsn-Nexys Video-210276BA015EB-13636093-0"}' command is executed.
11:38:36 INFO  : Device configured successfully with "C:/Users/C27Bradford.Hurt/ece383_wksp/final_project/final_project_1/_ide/bitstream/design_1_wrapper.bit"
11:38:36 INFO  : Context for processor 'microblaze_0' is selected.
11:38:36 INFO  : Hardware design and registers information is loaded from 'C:/Users/C27Bradford.Hurt/ece383_wksp/final_project/design_1_wrapper_1/export/design_1_wrapper_1/hw/design_1_wrapper.xsa'.
11:38:36 INFO  : 'configparams mdm-detect-bscan-mask 2' command is executed.
11:38:36 INFO  : Context for processor 'microblaze_0' is selected.
11:38:36 INFO  : System reset is completed.
11:38:39 INFO  : 'after 3000' command is executed.
11:38:39 INFO  : Context for processor 'microblaze_0' is selected.
11:38:39 INFO  : The application 'C:/Users/C27Bradford.Hurt/ece383_wksp/final_project/final_project_1/Debug/final_project_1.elf' is downloaded to processor 'microblaze_0'.
11:38:39 INFO  : ----------------XSDB Script----------------
connect -url tcp:127.0.0.1:3121
targets -set -filter {jtag_cable_name =~ "Digilent Nexys Video 210276BA015EB" && level==0 && jtag_device_ctx=="jsn-Nexys Video-210276BA015EB-13636093-0"}
fpga -file C:/Users/C27Bradford.Hurt/ece383_wksp/final_project/final_project_1/_ide/bitstream/design_1_wrapper.bit
targets -set -nocase -filter {name =~ "*microblaze*#0" && bscan=="USER2" }
loadhw -hw C:/Users/C27Bradford.Hurt/ece383_wksp/final_project/design_1_wrapper_1/export/design_1_wrapper_1/hw/design_1_wrapper.xsa -regs
configparams mdm-detect-bscan-mask 2
targets -set -nocase -filter {name =~ "*microblaze*#0" && bscan=="USER2" }
rst -system
after 3000
targets -set -nocase -filter {name =~ "*microblaze*#0" && bscan=="USER2" }
dow C:/Users/C27Bradford.Hurt/ece383_wksp/final_project/final_project_1/Debug/final_project_1.elf
----------------End of Script----------------

11:38:39 INFO  : Context for processor 'microblaze_0' is selected.
11:38:39 INFO  : 'con' command is executed.
11:38:39 INFO  : ----------------XSDB Script (After Launch)----------------
targets -set -nocase -filter {name =~ "*microblaze*#0" && bscan=="USER2" }
con
----------------End of Script----------------

11:38:39 INFO  : Launch script is exported to file 'C:\Users\C27Bradford.Hurt\ece383_wksp\final_project\final_project_1_system\_ide\scripts\debugger_final_project_1-default.tcl'
12:41:27 INFO  : Disconnected from the channel tcfchan#8.
12:41:28 INFO  : Connected to target on host '127.0.0.1' and port '3121'.
12:41:29 INFO  : Jtag cable 'Digilent Nexys Video 210276BA015EB' is selected.
12:41:29 INFO  : 'jtag frequency' command is executed.
12:41:29 INFO  : 'targets -set -filter {jtag_cable_name =~ "Digilent Nexys Video 210276BA015EB" && level==0 && jtag_device_ctx=="jsn-Nexys Video-210276BA015EB-13636093-0"}' command is executed.
12:41:34 INFO  : Device configured successfully with "C:/Users/C27Bradford.Hurt/ece383_wksp/final_project/final_project_1/_ide/bitstream/design_1_wrapper.bit"
12:41:34 INFO  : Context for processor 'microblaze_0' is selected.
12:41:35 INFO  : Hardware design and registers information is loaded from 'C:/Users/C27Bradford.Hurt/ece383_wksp/final_project/design_1_wrapper_1/export/design_1_wrapper_1/hw/design_1_wrapper.xsa'.
12:41:35 INFO  : 'configparams mdm-detect-bscan-mask 2' command is executed.
12:41:35 INFO  : Context for processor 'microblaze_0' is selected.
12:41:35 INFO  : System reset is completed.
12:41:38 INFO  : 'after 3000' command is executed.
12:41:38 INFO  : Context for processor 'microblaze_0' is selected.
12:41:38 INFO  : The application 'C:/Users/C27Bradford.Hurt/ece383_wksp/final_project/final_project_1/Debug/final_project_1.elf' is downloaded to processor 'microblaze_0'.
12:41:38 INFO  : ----------------XSDB Script----------------
connect -url tcp:127.0.0.1:3121
targets -set -filter {jtag_cable_name =~ "Digilent Nexys Video 210276BA015EB" && level==0 && jtag_device_ctx=="jsn-Nexys Video-210276BA015EB-13636093-0"}
fpga -file C:/Users/C27Bradford.Hurt/ece383_wksp/final_project/final_project_1/_ide/bitstream/design_1_wrapper.bit
targets -set -nocase -filter {name =~ "*microblaze*#0" && bscan=="USER2" }
loadhw -hw C:/Users/C27Bradford.Hurt/ece383_wksp/final_project/design_1_wrapper_1/export/design_1_wrapper_1/hw/design_1_wrapper.xsa -regs
configparams mdm-detect-bscan-mask 2
targets -set -nocase -filter {name =~ "*microblaze*#0" && bscan=="USER2" }
rst -system
after 3000
targets -set -nocase -filter {name =~ "*microblaze*#0" && bscan=="USER2" }
dow C:/Users/C27Bradford.Hurt/ece383_wksp/final_project/final_project_1/Debug/final_project_1.elf
----------------End of Script----------------

12:41:38 INFO  : Context for processor 'microblaze_0' is selected.
12:41:38 INFO  : 'con' command is executed.
12:41:38 INFO  : ----------------XSDB Script (After Launch)----------------
targets -set -nocase -filter {name =~ "*microblaze*#0" && bscan=="USER2" }
con
----------------End of Script----------------

12:41:38 INFO  : Launch script is exported to file 'C:\Users\C27Bradford.Hurt\ece383_wksp\final_project\final_project_1_system\_ide\scripts\debugger_final_project_1-default.tcl'
12:47:08 INFO  : Disconnected from the channel tcfchan#11.
12:47:11 INFO  : Connected to target on host '127.0.0.1' and port '3121'.
12:47:14 INFO  : Jtag cable 'Digilent Nexys Video 210276BA015EB' is selected.
12:47:14 INFO  : 'jtag frequency' command is executed.
12:47:14 INFO  : 'targets -set -filter {jtag_cable_name =~ "Digilent Nexys Video 210276BA015EB" && level==0 && jtag_device_ctx=="jsn-Nexys Video-210276BA015EB-13636093-0"}' command is executed.
12:47:20 INFO  : Device configured successfully with "C:/Users/C27Bradford.Hurt/ece383_wksp/final_project/final_project_1/_ide/bitstream/design_1_wrapper.bit"
12:47:20 INFO  : Context for processor 'microblaze_0' is selected.
12:47:20 INFO  : Hardware design and registers information is loaded from 'C:/Users/C27Bradford.Hurt/ece383_wksp/final_project/design_1_wrapper_1/export/design_1_wrapper_1/hw/design_1_wrapper.xsa'.
12:47:20 INFO  : 'configparams mdm-detect-bscan-mask 2' command is executed.
12:47:20 INFO  : Context for processor 'microblaze_0' is selected.
12:47:20 INFO  : System reset is completed.
12:47:23 INFO  : 'after 3000' command is executed.
12:47:23 INFO  : Context for processor 'microblaze_0' is selected.
12:47:23 INFO  : The application 'C:/Users/C27Bradford.Hurt/ece383_wksp/final_project/final_project_1/Debug/final_project_1.elf' is downloaded to processor 'microblaze_0'.
12:47:23 INFO  : ----------------XSDB Script----------------
connect -url tcp:127.0.0.1:3121
targets -set -filter {jtag_cable_name =~ "Digilent Nexys Video 210276BA015EB" && level==0 && jtag_device_ctx=="jsn-Nexys Video-210276BA015EB-13636093-0"}
fpga -file C:/Users/C27Bradford.Hurt/ece383_wksp/final_project/final_project_1/_ide/bitstream/design_1_wrapper.bit
targets -set -nocase -filter {name =~ "*microblaze*#0" && bscan=="USER2" }
loadhw -hw C:/Users/C27Bradford.Hurt/ece383_wksp/final_project/design_1_wrapper_1/export/design_1_wrapper_1/hw/design_1_wrapper.xsa -regs
configparams mdm-detect-bscan-mask 2
targets -set -nocase -filter {name =~ "*microblaze*#0" && bscan=="USER2" }
rst -system
after 3000
targets -set -nocase -filter {name =~ "*microblaze*#0" && bscan=="USER2" }
dow C:/Users/C27Bradford.Hurt/ece383_wksp/final_project/final_project_1/Debug/final_project_1.elf
----------------End of Script----------------

12:47:23 INFO  : Context for processor 'microblaze_0' is selected.
12:47:23 INFO  : 'con' command is executed.
12:47:23 INFO  : ----------------XSDB Script (After Launch)----------------
targets -set -nocase -filter {name =~ "*microblaze*#0" && bscan=="USER2" }
con
----------------End of Script----------------

12:47:23 INFO  : Launch script is exported to file 'C:\Users\C27Bradford.Hurt\ece383_wksp\final_project\final_project_1_system\_ide\scripts\debugger_final_project_1-default.tcl'
12:55:16 INFO  : Disconnected from the channel tcfchan#12.
12:55:17 INFO  : Connected to target on host '127.0.0.1' and port '3121'.
12:55:18 INFO  : Jtag cable 'Digilent Nexys Video 210276BA015EB' is selected.
12:55:18 INFO  : 'jtag frequency' command is executed.
12:55:18 INFO  : 'targets -set -filter {jtag_cable_name =~ "Digilent Nexys Video 210276BA015EB" && level==0 && jtag_device_ctx=="jsn-Nexys Video-210276BA015EB-13636093-0"}' command is executed.
12:55:23 INFO  : Device configured successfully with "C:/Users/C27Bradford.Hurt/ece383_wksp/final_project/final_project_1/_ide/bitstream/design_1_wrapper.bit"
12:55:23 INFO  : Context for processor 'microblaze_0' is selected.
12:55:23 INFO  : Hardware design and registers information is loaded from 'C:/Users/C27Bradford.Hurt/ece383_wksp/final_project/design_1_wrapper_1/export/design_1_wrapper_1/hw/design_1_wrapper.xsa'.
12:55:23 INFO  : 'configparams mdm-detect-bscan-mask 2' command is executed.
12:55:23 INFO  : Context for processor 'microblaze_0' is selected.
12:55:23 INFO  : System reset is completed.
12:55:26 INFO  : 'after 3000' command is executed.
12:55:27 INFO  : Context for processor 'microblaze_0' is selected.
12:55:27 INFO  : The application 'C:/Users/C27Bradford.Hurt/ece383_wksp/final_project/final_project_1/Debug/final_project_1.elf' is downloaded to processor 'microblaze_0'.
12:55:27 INFO  : ----------------XSDB Script----------------
connect -url tcp:127.0.0.1:3121
targets -set -filter {jtag_cable_name =~ "Digilent Nexys Video 210276BA015EB" && level==0 && jtag_device_ctx=="jsn-Nexys Video-210276BA015EB-13636093-0"}
fpga -file C:/Users/C27Bradford.Hurt/ece383_wksp/final_project/final_project_1/_ide/bitstream/design_1_wrapper.bit
targets -set -nocase -filter {name =~ "*microblaze*#0" && bscan=="USER2" }
loadhw -hw C:/Users/C27Bradford.Hurt/ece383_wksp/final_project/design_1_wrapper_1/export/design_1_wrapper_1/hw/design_1_wrapper.xsa -regs
configparams mdm-detect-bscan-mask 2
targets -set -nocase -filter {name =~ "*microblaze*#0" && bscan=="USER2" }
rst -system
after 3000
targets -set -nocase -filter {name =~ "*microblaze*#0" && bscan=="USER2" }
dow C:/Users/C27Bradford.Hurt/ece383_wksp/final_project/final_project_1/Debug/final_project_1.elf
----------------End of Script----------------

12:55:27 INFO  : Context for processor 'microblaze_0' is selected.
12:55:27 INFO  : 'con' command is executed.
12:55:27 INFO  : ----------------XSDB Script (After Launch)----------------
targets -set -nocase -filter {name =~ "*microblaze*#0" && bscan=="USER2" }
con
----------------End of Script----------------

12:55:27 INFO  : Launch script is exported to file 'C:\Users\C27Bradford.Hurt\ece383_wksp\final_project\final_project_1_system\_ide\scripts\debugger_final_project_1-default.tcl'
13:42:37 INFO  : Result from executing command 'getProjects': design_1_wrapper;design_1_wrapper_1
13:42:37 INFO  : Result from executing command 'getPlatforms': 
13:42:38 INFO  : Platform 'design_1_wrapper' is added to custom repositories.
13:42:38 WARN  : Failed to closehw "C:/Users/C27Bradford.Hurt/ece383_wksp/final_project/design_1_wrapper/export/design_1_wrapper/hw/design_1_wrapper.xsa"
Reason: Cannot close hw design 'C:/Users/C27Bradford.Hurt/ece383_wksp/final_project/design_1_wrapper/export/design_1_wrapper/hw/design_1_wrapper.xsa'.
Design is not opened in the current session.

13:42:41 INFO  : Platform 'design_1_wrapper' is added to custom repositories.
13:42:57 ERROR : An unexpected exception occurred in the module 'reading platform'
13:44:47 INFO  : Result from executing command 'getProjects': design_1_wrapper
13:44:47 INFO  : Result from executing command 'getPlatforms': 
13:44:47 INFO  : Checking for BSP changes to sync application flags for project 'final_project_2'...
13:45:27 INFO  : Connected to target on host '127.0.0.1' and port '3121'.
13:45:28 INFO  : Jtag cable 'Digilent Nexys Video 210276BA015EB' is selected.
13:45:28 INFO  : 'jtag frequency' command is executed.
13:45:28 INFO  : 'targets -set -filter {jtag_cable_name =~ "Digilent Nexys Video 210276BA015EB" && level==0 && jtag_device_ctx=="jsn-Nexys Video-210276BA015EB-13636093-0"}' command is executed.
13:45:34 INFO  : Device configured successfully with "C:/Users/C27Bradford.Hurt/ece383_wksp/final_project/final_project_2/_ide/bitstream/design_1_wrapper.bit"
13:45:34 INFO  : Context for processor 'microblaze_0' is selected.
13:45:34 INFO  : Hardware design and registers information is loaded from 'C:/Users/C27Bradford.Hurt/ece383_wksp/final_project/design_1_wrapper/export/design_1_wrapper/hw/design_1_wrapper.xsa'.
13:45:34 INFO  : 'configparams mdm-detect-bscan-mask 2' command is executed.
13:45:34 INFO  : Context for processor 'microblaze_0' is selected.
13:45:34 INFO  : System reset is completed.
13:45:37 INFO  : 'after 3000' command is executed.
13:45:37 INFO  : Context for processor 'microblaze_0' is selected.
13:45:37 INFO  : The application 'C:/Users/C27Bradford.Hurt/ece383_wksp/final_project/final_project_2/Debug/final_project_2.elf' is downloaded to processor 'microblaze_0'.
13:45:37 INFO  : ----------------XSDB Script----------------
connect -url tcp:127.0.0.1:3121
targets -set -filter {jtag_cable_name =~ "Digilent Nexys Video 210276BA015EB" && level==0 && jtag_device_ctx=="jsn-Nexys Video-210276BA015EB-13636093-0"}
fpga -file C:/Users/C27Bradford.Hurt/ece383_wksp/final_project/final_project_2/_ide/bitstream/design_1_wrapper.bit
targets -set -nocase -filter {name =~ "*microblaze*#0" && bscan=="USER2" }
loadhw -hw C:/Users/C27Bradford.Hurt/ece383_wksp/final_project/design_1_wrapper/export/design_1_wrapper/hw/design_1_wrapper.xsa -regs
configparams mdm-detect-bscan-mask 2
targets -set -nocase -filter {name =~ "*microblaze*#0" && bscan=="USER2" }
rst -system
after 3000
targets -set -nocase -filter {name =~ "*microblaze*#0" && bscan=="USER2" }
dow C:/Users/C27Bradford.Hurt/ece383_wksp/final_project/final_project_2/Debug/final_project_2.elf
----------------End of Script----------------

13:45:37 INFO  : Context for processor 'microblaze_0' is selected.
13:45:37 INFO  : 'con' command is executed.
13:45:37 INFO  : ----------------XSDB Script (After Launch)----------------
targets -set -nocase -filter {name =~ "*microblaze*#0" && bscan=="USER2" }
con
----------------End of Script----------------

13:45:37 INFO  : Launch script is exported to file 'C:\Users\C27Bradford.Hurt\ece383_wksp\final_project\final_project_2_system\_ide\scripts\debugger_final_project_2-default.tcl'
13:48:23 INFO  : Disconnected from the channel tcfchan#13.
13:48:24 INFO  : Connected to target on host '127.0.0.1' and port '3121'.
13:48:24 INFO  : Jtag cable 'Digilent Nexys Video 210276BA015EB' is selected.
13:48:24 INFO  : 'jtag frequency' command is executed.
13:48:25 INFO  : 'targets -set -filter {jtag_cable_name =~ "Digilent Nexys Video 210276BA015EB" && level==0 && jtag_device_ctx=="jsn-Nexys Video-210276BA015EB-13636093-0"}' command is executed.
13:48:30 INFO  : Device configured successfully with "C:/Users/C27Bradford.Hurt/ece383_wksp/final_project/final_project_2/_ide/bitstream/design_1_wrapper.bit"
13:48:30 INFO  : Context for processor 'microblaze_0' is selected.
13:48:30 INFO  : Hardware design and registers information is loaded from 'C:/Users/C27Bradford.Hurt/ece383_wksp/final_project/design_1_wrapper/export/design_1_wrapper/hw/design_1_wrapper.xsa'.
13:48:30 INFO  : 'configparams mdm-detect-bscan-mask 2' command is executed.
13:48:30 INFO  : Context for processor 'microblaze_0' is selected.
13:48:30 INFO  : System reset is completed.
13:48:33 INFO  : 'after 3000' command is executed.
13:48:33 INFO  : Context for processor 'microblaze_0' is selected.
13:48:33 INFO  : The application 'C:/Users/C27Bradford.Hurt/ece383_wksp/final_project/final_project_2/Debug/final_project_2.elf' is downloaded to processor 'microblaze_0'.
13:48:33 INFO  : ----------------XSDB Script----------------
connect -url tcp:127.0.0.1:3121
targets -set -filter {jtag_cable_name =~ "Digilent Nexys Video 210276BA015EB" && level==0 && jtag_device_ctx=="jsn-Nexys Video-210276BA015EB-13636093-0"}
fpga -file C:/Users/C27Bradford.Hurt/ece383_wksp/final_project/final_project_2/_ide/bitstream/design_1_wrapper.bit
targets -set -nocase -filter {name =~ "*microblaze*#0" && bscan=="USER2" }
loadhw -hw C:/Users/C27Bradford.Hurt/ece383_wksp/final_project/design_1_wrapper/export/design_1_wrapper/hw/design_1_wrapper.xsa -regs
configparams mdm-detect-bscan-mask 2
targets -set -nocase -filter {name =~ "*microblaze*#0" && bscan=="USER2" }
rst -system
after 3000
targets -set -nocase -filter {name =~ "*microblaze*#0" && bscan=="USER2" }
dow C:/Users/C27Bradford.Hurt/ece383_wksp/final_project/final_project_2/Debug/final_project_2.elf
----------------End of Script----------------

13:48:33 INFO  : Context for processor 'microblaze_0' is selected.
13:48:34 INFO  : 'con' command is executed.
13:48:34 INFO  : ----------------XSDB Script (After Launch)----------------
targets -set -nocase -filter {name =~ "*microblaze*#0" && bscan=="USER2" }
con
----------------End of Script----------------

13:48:34 INFO  : Launch script is exported to file 'C:\Users\C27Bradford.Hurt\ece383_wksp\final_project\final_project_2_system\_ide\scripts\debugger_final_project_2-default.tcl'
14:01:52 INFO  : Disconnected from the channel tcfchan#15.
14:01:53 INFO  : Connected to target on host '127.0.0.1' and port '3121'.
14:01:53 INFO  : Jtag cable 'Digilent Nexys Video 210276BA015EB' is selected.
14:01:53 INFO  : 'jtag frequency' command is executed.
14:01:53 INFO  : 'targets -set -filter {jtag_cable_name =~ "Digilent Nexys Video 210276BA015EB" && level==0 && jtag_device_ctx=="jsn-Nexys Video-210276BA015EB-13636093-0"}' command is executed.
14:01:55 ERROR : 'fpga -file C:/Users/C27Bradford.Hurt/ece383_wksp/final_project/final_project_2/_ide/bitstream/design_1_wrapper.bit' is cancelled.
14:01:55 ERROR : Exception occured while running Program Device.
java.lang.RuntimeException: 'fpga -file C:/Users/C27Bradford.Hurt/ece383_wksp/final_project/final_project_2/_ide/bitstream/design_1_wrapper.bit' is cancelled.
14:01:55 INFO  : ----------------XSDB Script----------------
connect -url tcp:127.0.0.1:3121
----------------End of Script----------------

14:01:55 ERROR : 'fpga -file C:/Users/C27Bradford.Hurt/ece383_wksp/final_project/final_project_2/_ide/bitstream/design_1_wrapper.bit' is cancelled.
14:01:59 INFO  : Checking for BSP changes to sync application flags for project 'final_project_2'...
14:06:25 INFO  : Connected to target on host '127.0.0.1' and port '3121'.
14:06:25 INFO  : Jtag cable 'Digilent Nexys Video 210276BA015EB' is selected.
14:06:25 INFO  : 'jtag frequency' command is executed.
14:06:25 INFO  : 'targets -set -filter {jtag_cable_name =~ "Digilent Nexys Video 210276BA015EB" && level==0 && jtag_device_ctx=="jsn-Nexys Video-210276BA015EB-13636093-0"}' command is executed.
14:06:30 INFO  : Device configured successfully with "C:/Users/C27Bradford.Hurt/ece383_wksp/final_project/final_project_2/_ide/bitstream/design_1_wrapper.bit"
14:06:30 INFO  : Context for processor 'microblaze_0' is selected.
14:06:30 INFO  : Hardware design and registers information is loaded from 'C:/Users/C27Bradford.Hurt/ece383_wksp/final_project/design_1_wrapper/export/design_1_wrapper/hw/design_1_wrapper.xsa'.
14:06:30 INFO  : 'configparams mdm-detect-bscan-mask 2' command is executed.
14:06:30 INFO  : Context for processor 'microblaze_0' is selected.
14:06:30 INFO  : System reset is completed.
14:06:33 INFO  : 'after 3000' command is executed.
14:06:34 INFO  : Context for processor 'microblaze_0' is selected.
14:06:34 INFO  : The application 'C:/Users/C27Bradford.Hurt/ece383_wksp/final_project/final_project_2/Debug/final_project_2.elf' is downloaded to processor 'microblaze_0'.
14:06:34 INFO  : ----------------XSDB Script----------------
connect -url tcp:127.0.0.1:3121
targets -set -filter {jtag_cable_name =~ "Digilent Nexys Video 210276BA015EB" && level==0 && jtag_device_ctx=="jsn-Nexys Video-210276BA015EB-13636093-0"}
fpga -file C:/Users/C27Bradford.Hurt/ece383_wksp/final_project/final_project_2/_ide/bitstream/design_1_wrapper.bit
targets -set -nocase -filter {name =~ "*microblaze*#0" && bscan=="USER2" }
loadhw -hw C:/Users/C27Bradford.Hurt/ece383_wksp/final_project/design_1_wrapper/export/design_1_wrapper/hw/design_1_wrapper.xsa -regs
configparams mdm-detect-bscan-mask 2
targets -set -nocase -filter {name =~ "*microblaze*#0" && bscan=="USER2" }
rst -system
after 3000
targets -set -nocase -filter {name =~ "*microblaze*#0" && bscan=="USER2" }
dow C:/Users/C27Bradford.Hurt/ece383_wksp/final_project/final_project_2/Debug/final_project_2.elf
----------------End of Script----------------

14:06:34 INFO  : Context for processor 'microblaze_0' is selected.
14:06:34 INFO  : 'con' command is executed.
14:06:34 INFO  : ----------------XSDB Script (After Launch)----------------
targets -set -nocase -filter {name =~ "*microblaze*#0" && bscan=="USER2" }
con
----------------End of Script----------------

14:06:34 INFO  : Launch script is exported to file 'C:\Users\C27Bradford.Hurt\ece383_wksp\final_project\final_project_2_system\_ide\scripts\debugger_final_project_2-default.tcl'
19:24:30 INFO  : Result from executing command 'getProjects': design_1_wrapper;design_1_wrapper_1
19:24:30 INFO  : Result from executing command 'getPlatforms': 
19:24:30 INFO  : Platform 'design_1_wrapper_1' is added to custom repositories.
19:24:33 INFO  : Platform 'design_1_wrapper_1' is added to custom repositories.
19:26:01 INFO  : Result from executing command 'getProjects': design_1_wrapper_1
19:26:01 INFO  : Result from executing command 'getPlatforms': design_1_wrapper_1|C:/Users/C27Bradford.Hurt/ece383_wksp/final_project/design_1_wrapper_1/export/design_1_wrapper_1/design_1_wrapper_1.xpfm
19:26:01 INFO  : Checking for BSP changes to sync application flags for project 'final_project_3'...
19:26:29 INFO  : Connected to target on host '127.0.0.1' and port '3121'.
19:26:29 INFO  : Jtag cable 'Digilent Nexys Video 210276BA015EB' is selected.
19:26:29 INFO  : 'jtag frequency' command is executed.
19:26:35 INFO  : 'targets -set -filter {jtag_cable_name =~ "Digilent Nexys Video 210276BA015EB" && level==0 && jtag_device_ctx=="jsn-Nexys Video-210276BA015EB-13636093-0"}' command is executed.
19:26:42 INFO  : Device configured successfully with "C:/Users/C27Bradford.Hurt/ece383_wksp/final_project/final_project_3/_ide/bitstream/design_1_wrapper.bit"
19:26:43 INFO  : Context for processor 'microblaze_0' is selected.
19:26:43 INFO  : Hardware design and registers information is loaded from 'C:/Users/C27Bradford.Hurt/ece383_wksp/final_project/design_1_wrapper_1/export/design_1_wrapper_1/hw/design_1_wrapper.xsa'.
19:26:43 INFO  : 'configparams mdm-detect-bscan-mask 2' command is executed.
19:26:43 INFO  : Context for processor 'microblaze_0' is selected.
19:26:43 INFO  : System reset is completed.
19:26:46 INFO  : 'after 3000' command is executed.
19:26:46 INFO  : Context for processor 'microblaze_0' is selected.
19:26:46 INFO  : The application 'C:/Users/C27Bradford.Hurt/ece383_wksp/final_project/final_project_3/Debug/final_project_3.elf' is downloaded to processor 'microblaze_0'.
19:26:46 INFO  : ----------------XSDB Script----------------
connect -url tcp:127.0.0.1:3121
targets -set -filter {jtag_cable_name =~ "Digilent Nexys Video 210276BA015EB" && level==0 && jtag_device_ctx=="jsn-Nexys Video-210276BA015EB-13636093-0"}
fpga -file C:/Users/C27Bradford.Hurt/ece383_wksp/final_project/final_project_3/_ide/bitstream/design_1_wrapper.bit
targets -set -nocase -filter {name =~ "*microblaze*#0" && bscan=="USER2" }
loadhw -hw C:/Users/C27Bradford.Hurt/ece383_wksp/final_project/design_1_wrapper_1/export/design_1_wrapper_1/hw/design_1_wrapper.xsa -regs
configparams mdm-detect-bscan-mask 2
targets -set -nocase -filter {name =~ "*microblaze*#0" && bscan=="USER2" }
rst -system
after 3000
targets -set -nocase -filter {name =~ "*microblaze*#0" && bscan=="USER2" }
dow C:/Users/C27Bradford.Hurt/ece383_wksp/final_project/final_project_3/Debug/final_project_3.elf
----------------End of Script----------------

19:26:46 INFO  : Context for processor 'microblaze_0' is selected.
19:26:46 INFO  : 'con' command is executed.
19:26:46 INFO  : ----------------XSDB Script (After Launch)----------------
targets -set -nocase -filter {name =~ "*microblaze*#0" && bscan=="USER2" }
con
----------------End of Script----------------

19:26:46 INFO  : Launch script is exported to file 'C:\Users\C27Bradford.Hurt\ece383_wksp\final_project\final_project_3_system\_ide\scripts\debugger_final_project_3-default.tcl'
22:37:32 INFO  : Disconnected from the channel tcfchan#16.
22:37:33 INFO  : Connected to target on host '127.0.0.1' and port '3121'.
22:37:33 INFO  : Jtag cable 'Digilent Nexys Video 210276BA015EB' is selected.
22:37:33 INFO  : 'jtag frequency' command is executed.
22:37:33 INFO  : 'targets -set -filter {jtag_cable_name =~ "Digilent Nexys Video 210276BA015EB" && level==0 && jtag_device_ctx=="jsn-Nexys Video-210276BA015EB-13636093-0"}' command is executed.
22:37:39 INFO  : Device configured successfully with "C:/Users/C27Bradford.Hurt/ece383_wksp/final_project/final_project_3/_ide/bitstream/design_1_wrapper.bit"
22:37:39 INFO  : Context for processor 'microblaze_0' is selected.
22:37:39 INFO  : Hardware design and registers information is loaded from 'C:/Users/C27Bradford.Hurt/ece383_wksp/final_project/design_1_wrapper_1/export/design_1_wrapper_1/hw/design_1_wrapper.xsa'.
22:37:39 INFO  : 'configparams mdm-detect-bscan-mask 2' command is executed.
22:37:39 INFO  : Context for processor 'microblaze_0' is selected.
22:37:39 INFO  : System reset is completed.
22:37:42 INFO  : 'after 3000' command is executed.
22:37:42 INFO  : Context for processor 'microblaze_0' is selected.
22:37:42 INFO  : The application 'C:/Users/C27Bradford.Hurt/ece383_wksp/final_project/final_project_3/Debug/final_project_3.elf' is downloaded to processor 'microblaze_0'.
22:37:42 INFO  : ----------------XSDB Script----------------
connect -url tcp:127.0.0.1:3121
targets -set -filter {jtag_cable_name =~ "Digilent Nexys Video 210276BA015EB" && level==0 && jtag_device_ctx=="jsn-Nexys Video-210276BA015EB-13636093-0"}
fpga -file C:/Users/C27Bradford.Hurt/ece383_wksp/final_project/final_project_3/_ide/bitstream/design_1_wrapper.bit
targets -set -nocase -filter {name =~ "*microblaze*#0" && bscan=="USER2" }
loadhw -hw C:/Users/C27Bradford.Hurt/ece383_wksp/final_project/design_1_wrapper_1/export/design_1_wrapper_1/hw/design_1_wrapper.xsa -regs
configparams mdm-detect-bscan-mask 2
targets -set -nocase -filter {name =~ "*microblaze*#0" && bscan=="USER2" }
rst -system
after 3000
targets -set -nocase -filter {name =~ "*microblaze*#0" && bscan=="USER2" }
dow C:/Users/C27Bradford.Hurt/ece383_wksp/final_project/final_project_3/Debug/final_project_3.elf
----------------End of Script----------------

22:37:42 INFO  : Context for processor 'microblaze_0' is selected.
22:37:42 INFO  : 'con' command is executed.
22:37:42 INFO  : ----------------XSDB Script (After Launch)----------------
targets -set -nocase -filter {name =~ "*microblaze*#0" && bscan=="USER2" }
con
----------------End of Script----------------

22:37:42 INFO  : Launch script is exported to file 'C:\Users\C27Bradford.Hurt\ece383_wksp\final_project\final_project_3_system\_ide\scripts\debugger_final_project_3-default.tcl'
22:46:38 INFO  : Disconnected from the channel tcfchan#18.
22:46:40 INFO  : Connected to target on host '127.0.0.1' and port '3121'.
22:46:45 INFO  : Jtag cable 'Digilent Nexys Video 210276BA015EB' is selected.
22:46:45 INFO  : 'jtag frequency' command is executed.
22:46:45 INFO  : 'targets -set -filter {jtag_cable_name =~ "Digilent Nexys Video 210276BA015EB" && level==0 && jtag_device_ctx=="jsn-Nexys Video-210276BA015EB-13636093-0"}' command is executed.
22:46:50 INFO  : Device configured successfully with "C:/Users/C27Bradford.Hurt/ece383_wksp/final_project/final_project_3/_ide/bitstream/design_1_wrapper.bit"
22:46:53 INFO  : Context for processor 'microblaze_0' is selected.
22:46:53 INFO  : Hardware design and registers information is loaded from 'C:/Users/C27Bradford.Hurt/ece383_wksp/final_project/design_1_wrapper_1/export/design_1_wrapper_1/hw/design_1_wrapper.xsa'.
22:46:53 INFO  : 'configparams mdm-detect-bscan-mask 2' command is executed.
22:46:53 INFO  : Context for processor 'microblaze_0' is selected.
22:46:53 INFO  : System reset is completed.
22:46:56 INFO  : 'after 3000' command is executed.
22:46:56 INFO  : Context for processor 'microblaze_0' is selected.
22:46:57 INFO  : The application 'C:/Users/C27Bradford.Hurt/ece383_wksp/final_project/final_project_3/Debug/final_project_3.elf' is downloaded to processor 'microblaze_0'.
22:46:57 INFO  : ----------------XSDB Script----------------
connect -url tcp:127.0.0.1:3121
targets -set -filter {jtag_cable_name =~ "Digilent Nexys Video 210276BA015EB" && level==0 && jtag_device_ctx=="jsn-Nexys Video-210276BA015EB-13636093-0"}
fpga -file C:/Users/C27Bradford.Hurt/ece383_wksp/final_project/final_project_3/_ide/bitstream/design_1_wrapper.bit
targets -set -nocase -filter {name =~ "*microblaze*#0" && bscan=="USER2" }
loadhw -hw C:/Users/C27Bradford.Hurt/ece383_wksp/final_project/design_1_wrapper_1/export/design_1_wrapper_1/hw/design_1_wrapper.xsa -regs
configparams mdm-detect-bscan-mask 2
targets -set -nocase -filter {name =~ "*microblaze*#0" && bscan=="USER2" }
rst -system
after 3000
targets -set -nocase -filter {name =~ "*microblaze*#0" && bscan=="USER2" }
dow C:/Users/C27Bradford.Hurt/ece383_wksp/final_project/final_project_3/Debug/final_project_3.elf
----------------End of Script----------------

22:46:57 INFO  : Context for processor 'microblaze_0' is selected.
22:46:57 INFO  : 'con' command is executed.
22:46:57 INFO  : ----------------XSDB Script (After Launch)----------------
targets -set -nocase -filter {name =~ "*microblaze*#0" && bscan=="USER2" }
con
----------------End of Script----------------

22:46:57 INFO  : Launch script is exported to file 'C:\Users\C27Bradford.Hurt\ece383_wksp\final_project\final_project_3_system\_ide\scripts\debugger_final_project_3-default.tcl'
23:39:14 INFO  : Result from executing command 'getProjects': design_1_wrapper;design_1_wrapper_1
23:39:14 INFO  : Result from executing command 'getPlatforms': design_1_wrapper_1|C:/Users/C27Bradford.Hurt/ece383_wksp/final_project/design_1_wrapper_1/export/design_1_wrapper_1/design_1_wrapper_1.xpfm
23:39:15 INFO  : Platform 'design_1_wrapper' is added to custom repositories.
23:39:18 INFO  : Platform 'design_1_wrapper' is added to custom repositories.
23:41:27 INFO  : Result from executing command 'getProjects': design_1_wrapper
23:41:28 INFO  : Result from executing command 'getPlatforms': design_1_wrapper|C:/Users/C27Bradford.Hurt/ece383_wksp/final_project/design_1_wrapper/export/design_1_wrapper/design_1_wrapper.xpfm
23:41:28 INFO  : Checking for BSP changes to sync application flags for project 'final_project_4'...
23:42:08 INFO  : Checking for BSP changes to sync application flags for project 'final_project_4'...
23:42:16 INFO  : Connected to target on host '127.0.0.1' and port '3121'.
23:42:17 INFO  : Jtag cable 'Digilent Nexys Video 210276BA015EB' is selected.
23:42:17 INFO  : 'jtag frequency' command is executed.
23:42:17 INFO  : 'targets -set -filter {jtag_cable_name =~ "Digilent Nexys Video 210276BA015EB" && level==0 && jtag_device_ctx=="jsn-Nexys Video-210276BA015EB-13636093-0"}' command is executed.
23:42:22 INFO  : Device configured successfully with "C:/Users/C27Bradford.Hurt/ece383_wksp/final_project/final_project_4/_ide/bitstream/design_1_wrapper.bit"
23:42:22 INFO  : Context for processor 'microblaze_0' is selected.
23:42:22 INFO  : Hardware design and registers information is loaded from 'C:/Users/C27Bradford.Hurt/ece383_wksp/final_project/design_1_wrapper/export/design_1_wrapper/hw/design_1_wrapper.xsa'.
23:42:22 INFO  : 'configparams mdm-detect-bscan-mask 2' command is executed.
23:42:22 INFO  : Context for processor 'microblaze_0' is selected.
23:42:22 INFO  : System reset is completed.
23:42:25 INFO  : 'after 3000' command is executed.
23:42:25 INFO  : Context for processor 'microblaze_0' is selected.
23:42:26 INFO  : The application 'C:/Users/C27Bradford.Hurt/ece383_wksp/final_project/final_project_4/Debug/final_project_4.elf' is downloaded to processor 'microblaze_0'.
23:42:26 INFO  : ----------------XSDB Script----------------
connect -url tcp:127.0.0.1:3121
targets -set -filter {jtag_cable_name =~ "Digilent Nexys Video 210276BA015EB" && level==0 && jtag_device_ctx=="jsn-Nexys Video-210276BA015EB-13636093-0"}
fpga -file C:/Users/C27Bradford.Hurt/ece383_wksp/final_project/final_project_4/_ide/bitstream/design_1_wrapper.bit
targets -set -nocase -filter {name =~ "*microblaze*#0" && bscan=="USER2" }
loadhw -hw C:/Users/C27Bradford.Hurt/ece383_wksp/final_project/design_1_wrapper/export/design_1_wrapper/hw/design_1_wrapper.xsa -regs
configparams mdm-detect-bscan-mask 2
targets -set -nocase -filter {name =~ "*microblaze*#0" && bscan=="USER2" }
rst -system
after 3000
targets -set -nocase -filter {name =~ "*microblaze*#0" && bscan=="USER2" }
dow C:/Users/C27Bradford.Hurt/ece383_wksp/final_project/final_project_4/Debug/final_project_4.elf
----------------End of Script----------------

23:42:26 INFO  : Context for processor 'microblaze_0' is selected.
23:42:26 INFO  : 'con' command is executed.
23:42:26 INFO  : ----------------XSDB Script (After Launch)----------------
targets -set -nocase -filter {name =~ "*microblaze*#0" && bscan=="USER2" }
con
----------------End of Script----------------

23:42:26 INFO  : Launch script is exported to file 'C:\Users\C27Bradford.Hurt\ece383_wksp\final_project\final_project_4_system\_ide\scripts\debugger_final_project_4-default.tcl'
23:46:15 INFO  : Checking for BSP changes to sync application flags for project 'final_project_4'...
23:46:25 INFO  : Disconnected from the channel tcfchan#19.
23:46:26 INFO  : Connected to target on host '127.0.0.1' and port '3121'.
23:46:26 INFO  : Jtag cable 'Digilent Nexys Video 210276BA015EB' is selected.
23:46:26 INFO  : 'jtag frequency' command is executed.
23:46:26 INFO  : 'targets -set -filter {jtag_cable_name =~ "Digilent Nexys Video 210276BA015EB" && level==0 && jtag_device_ctx=="jsn-Nexys Video-210276BA015EB-13636093-0"}' command is executed.
23:46:32 INFO  : Device configured successfully with "C:/Users/C27Bradford.Hurt/ece383_wksp/final_project/final_project_4/_ide/bitstream/design_1_wrapper.bit"
23:46:32 INFO  : Context for processor 'microblaze_0' is selected.
23:46:32 INFO  : Hardware design and registers information is loaded from 'C:/Users/C27Bradford.Hurt/ece383_wksp/final_project/design_1_wrapper/export/design_1_wrapper/hw/design_1_wrapper.xsa'.
23:46:32 INFO  : 'configparams mdm-detect-bscan-mask 2' command is executed.
23:46:32 INFO  : Context for processor 'microblaze_0' is selected.
23:46:32 INFO  : System reset is completed.
23:46:35 INFO  : 'after 3000' command is executed.
23:46:35 INFO  : Context for processor 'microblaze_0' is selected.
23:46:35 INFO  : The application 'C:/Users/C27Bradford.Hurt/ece383_wksp/final_project/final_project_4/Debug/final_project_4.elf' is downloaded to processor 'microblaze_0'.
23:46:35 INFO  : ----------------XSDB Script----------------
connect -url tcp:127.0.0.1:3121
targets -set -filter {jtag_cable_name =~ "Digilent Nexys Video 210276BA015EB" && level==0 && jtag_device_ctx=="jsn-Nexys Video-210276BA015EB-13636093-0"}
fpga -file C:/Users/C27Bradford.Hurt/ece383_wksp/final_project/final_project_4/_ide/bitstream/design_1_wrapper.bit
targets -set -nocase -filter {name =~ "*microblaze*#0" && bscan=="USER2" }
loadhw -hw C:/Users/C27Bradford.Hurt/ece383_wksp/final_project/design_1_wrapper/export/design_1_wrapper/hw/design_1_wrapper.xsa -regs
configparams mdm-detect-bscan-mask 2
targets -set -nocase -filter {name =~ "*microblaze*#0" && bscan=="USER2" }
rst -system
after 3000
targets -set -nocase -filter {name =~ "*microblaze*#0" && bscan=="USER2" }
dow C:/Users/C27Bradford.Hurt/ece383_wksp/final_project/final_project_4/Debug/final_project_4.elf
----------------End of Script----------------

23:46:35 INFO  : Context for processor 'microblaze_0' is selected.
23:46:35 INFO  : 'con' command is executed.
23:46:35 INFO  : ----------------XSDB Script (After Launch)----------------
targets -set -nocase -filter {name =~ "*microblaze*#0" && bscan=="USER2" }
con
----------------End of Script----------------

23:46:35 INFO  : Launch script is exported to file 'C:\Users\C27Bradford.Hurt\ece383_wksp\final_project\final_project_4_system\_ide\scripts\debugger_final_project_4-default.tcl'
23:52:46 INFO  : Checking for BSP changes to sync application flags for project 'final_project_4'...
23:53:27 INFO  : Checking for BSP changes to sync application flags for project 'final_project_4'...
23:54:52 INFO  : Checking for BSP changes to sync application flags for project 'final_project_4'...
23:55:25 INFO  : Checking for BSP changes to sync application flags for project 'final_project_4'...
00:04:02 INFO  : Disconnected from the channel tcfchan#21.
00:04:03 INFO  : Connected to target on host '127.0.0.1' and port '3121'.
00:04:03 INFO  : Jtag cable 'Digilent Nexys Video 210276BA015EB' is selected.
00:04:03 INFO  : 'jtag frequency' command is executed.
00:04:03 INFO  : 'targets -set -filter {jtag_cable_name =~ "Digilent Nexys Video 210276BA015EB" && level==0 && jtag_device_ctx=="jsn-Nexys Video-210276BA015EB-13636093-0"}' command is executed.
00:04:09 INFO  : Device configured successfully with "C:/Users/C27Bradford.Hurt/ece383_wksp/final_project/final_project_4/_ide/bitstream/design_1_wrapper.bit"
00:04:09 INFO  : Context for processor 'microblaze_0' is selected.
00:04:09 INFO  : Hardware design and registers information is loaded from 'C:/Users/C27Bradford.Hurt/ece383_wksp/final_project/design_1_wrapper/export/design_1_wrapper/hw/design_1_wrapper.xsa'.
00:04:09 INFO  : 'configparams mdm-detect-bscan-mask 2' command is executed.
00:04:09 INFO  : Context for processor 'microblaze_0' is selected.
00:04:09 INFO  : System reset is completed.
00:04:12 INFO  : 'after 3000' command is executed.
00:04:12 INFO  : Context for processor 'microblaze_0' is selected.
00:04:12 INFO  : The application 'C:/Users/C27Bradford.Hurt/ece383_wksp/final_project/final_project_4/Debug/final_project_4.elf' is downloaded to processor 'microblaze_0'.
00:04:12 INFO  : ----------------XSDB Script----------------
connect -url tcp:127.0.0.1:3121
targets -set -filter {jtag_cable_name =~ "Digilent Nexys Video 210276BA015EB" && level==0 && jtag_device_ctx=="jsn-Nexys Video-210276BA015EB-13636093-0"}
fpga -file C:/Users/C27Bradford.Hurt/ece383_wksp/final_project/final_project_4/_ide/bitstream/design_1_wrapper.bit
targets -set -nocase -filter {name =~ "*microblaze*#0" && bscan=="USER2" }
loadhw -hw C:/Users/C27Bradford.Hurt/ece383_wksp/final_project/design_1_wrapper/export/design_1_wrapper/hw/design_1_wrapper.xsa -regs
configparams mdm-detect-bscan-mask 2
targets -set -nocase -filter {name =~ "*microblaze*#0" && bscan=="USER2" }
rst -system
after 3000
targets -set -nocase -filter {name =~ "*microblaze*#0" && bscan=="USER2" }
dow C:/Users/C27Bradford.Hurt/ece383_wksp/final_project/final_project_4/Debug/final_project_4.elf
----------------End of Script----------------

00:04:12 INFO  : Context for processor 'microblaze_0' is selected.
00:04:12 INFO  : 'con' command is executed.
00:04:12 INFO  : ----------------XSDB Script (After Launch)----------------
targets -set -nocase -filter {name =~ "*microblaze*#0" && bscan=="USER2" }
con
----------------End of Script----------------

00:04:12 INFO  : Launch script is exported to file 'C:\Users\C27Bradford.Hurt\ece383_wksp\final_project\final_project_4_system\_ide\scripts\debugger_final_project_4-default.tcl'
00:20:25 INFO  : Checking for BSP changes to sync application flags for project 'final_project_4'...
00:20:35 INFO  : Disconnected from the channel tcfchan#22.
00:20:37 INFO  : Connected to target on host '127.0.0.1' and port '3121'.
00:20:39 INFO  : Jtag cable 'Digilent Nexys Video 210276BA015EB' is selected.
00:20:39 INFO  : 'jtag frequency' command is executed.
00:20:40 INFO  : 'targets -set -filter {jtag_cable_name =~ "Digilent Nexys Video 210276BA015EB" && level==0 && jtag_device_ctx=="jsn-Nexys Video-210276BA015EB-13636093-0"}' command is executed.
00:20:45 INFO  : Device configured successfully with "C:/Users/C27Bradford.Hurt/ece383_wksp/final_project/final_project_4/_ide/bitstream/design_1_wrapper.bit"
00:20:45 INFO  : Context for processor 'microblaze_0' is selected.
00:20:45 INFO  : Hardware design and registers information is loaded from 'C:/Users/C27Bradford.Hurt/ece383_wksp/final_project/design_1_wrapper/export/design_1_wrapper/hw/design_1_wrapper.xsa'.
00:20:45 INFO  : 'configparams mdm-detect-bscan-mask 2' command is executed.
00:20:45 INFO  : Context for processor 'microblaze_0' is selected.
00:20:45 INFO  : System reset is completed.
00:20:48 INFO  : 'after 3000' command is executed.
00:20:48 INFO  : Context for processor 'microblaze_0' is selected.
00:20:48 INFO  : The application 'C:/Users/C27Bradford.Hurt/ece383_wksp/final_project/final_project_4/Debug/final_project_4.elf' is downloaded to processor 'microblaze_0'.
00:20:48 INFO  : ----------------XSDB Script----------------
connect -url tcp:127.0.0.1:3121
targets -set -filter {jtag_cable_name =~ "Digilent Nexys Video 210276BA015EB" && level==0 && jtag_device_ctx=="jsn-Nexys Video-210276BA015EB-13636093-0"}
fpga -file C:/Users/C27Bradford.Hurt/ece383_wksp/final_project/final_project_4/_ide/bitstream/design_1_wrapper.bit
targets -set -nocase -filter {name =~ "*microblaze*#0" && bscan=="USER2" }
loadhw -hw C:/Users/C27Bradford.Hurt/ece383_wksp/final_project/design_1_wrapper/export/design_1_wrapper/hw/design_1_wrapper.xsa -regs
configparams mdm-detect-bscan-mask 2
targets -set -nocase -filter {name =~ "*microblaze*#0" && bscan=="USER2" }
rst -system
after 3000
targets -set -nocase -filter {name =~ "*microblaze*#0" && bscan=="USER2" }
dow C:/Users/C27Bradford.Hurt/ece383_wksp/final_project/final_project_4/Debug/final_project_4.elf
----------------End of Script----------------

00:20:49 INFO  : Context for processor 'microblaze_0' is selected.
00:20:49 INFO  : 'con' command is executed.
00:20:49 INFO  : ----------------XSDB Script (After Launch)----------------
targets -set -nocase -filter {name =~ "*microblaze*#0" && bscan=="USER2" }
con
----------------End of Script----------------

00:20:49 INFO  : Launch script is exported to file 'C:\Users\C27Bradford.Hurt\ece383_wksp\final_project\final_project_4_system\_ide\scripts\debugger_final_project_4-default.tcl'
00:26:14 INFO  : Checking for BSP changes to sync application flags for project 'final_project_4'...
00:26:27 INFO  : Disconnected from the channel tcfchan#23.
00:26:28 INFO  : Connected to target on host '127.0.0.1' and port '3121'.
00:26:28 INFO  : Jtag cable 'Digilent Nexys Video 210276BA015EB' is selected.
00:26:28 INFO  : 'jtag frequency' command is executed.
00:26:28 INFO  : 'targets -set -filter {jtag_cable_name =~ "Digilent Nexys Video 210276BA015EB" && level==0 && jtag_device_ctx=="jsn-Nexys Video-210276BA015EB-13636093-0"}' command is executed.
00:26:34 INFO  : Device configured successfully with "C:/Users/C27Bradford.Hurt/ece383_wksp/final_project/final_project_4/_ide/bitstream/design_1_wrapper.bit"
00:26:34 INFO  : Context for processor 'microblaze_0' is selected.
00:26:34 INFO  : Hardware design and registers information is loaded from 'C:/Users/C27Bradford.Hurt/ece383_wksp/final_project/design_1_wrapper/export/design_1_wrapper/hw/design_1_wrapper.xsa'.
00:26:34 INFO  : 'configparams mdm-detect-bscan-mask 2' command is executed.
00:26:34 INFO  : Context for processor 'microblaze_0' is selected.
00:26:34 INFO  : System reset is completed.
00:26:37 INFO  : 'after 3000' command is executed.
00:26:37 INFO  : Context for processor 'microblaze_0' is selected.
00:26:37 INFO  : The application 'C:/Users/C27Bradford.Hurt/ece383_wksp/final_project/final_project_4/Debug/final_project_4.elf' is downloaded to processor 'microblaze_0'.
00:26:37 INFO  : ----------------XSDB Script----------------
connect -url tcp:127.0.0.1:3121
targets -set -filter {jtag_cable_name =~ "Digilent Nexys Video 210276BA015EB" && level==0 && jtag_device_ctx=="jsn-Nexys Video-210276BA015EB-13636093-0"}
fpga -file C:/Users/C27Bradford.Hurt/ece383_wksp/final_project/final_project_4/_ide/bitstream/design_1_wrapper.bit
targets -set -nocase -filter {name =~ "*microblaze*#0" && bscan=="USER2" }
loadhw -hw C:/Users/C27Bradford.Hurt/ece383_wksp/final_project/design_1_wrapper/export/design_1_wrapper/hw/design_1_wrapper.xsa -regs
configparams mdm-detect-bscan-mask 2
targets -set -nocase -filter {name =~ "*microblaze*#0" && bscan=="USER2" }
rst -system
after 3000
targets -set -nocase -filter {name =~ "*microblaze*#0" && bscan=="USER2" }
dow C:/Users/C27Bradford.Hurt/ece383_wksp/final_project/final_project_4/Debug/final_project_4.elf
----------------End of Script----------------

00:26:37 INFO  : Context for processor 'microblaze_0' is selected.
00:26:37 INFO  : 'con' command is executed.
00:26:37 INFO  : ----------------XSDB Script (After Launch)----------------
targets -set -nocase -filter {name =~ "*microblaze*#0" && bscan=="USER2" }
con
----------------End of Script----------------

00:26:37 INFO  : Launch script is exported to file 'C:\Users\C27Bradford.Hurt\ece383_wksp\final_project\final_project_4_system\_ide\scripts\debugger_final_project_4-default.tcl'
01:12:39 WARN  : channel "tcfchan#8" closed
01:12:39 WARN  : channel "tcfchan#8" closed
01:12:39 WARN  : channel "tcfchan#13" closed
01:12:39 INFO  : Disconnected from the channel tcfchan#24.
01:12:39 WARN  : channel "tcfchan#16" closed
01:12:39 WARN  : channel "tcfchan#19" closed
11:38:27 DEBUG : Logs will be stored at 'C:/Users/C27Bradford.Hurt/ece383_wksp/final_project/IDE.log'.
11:38:30 INFO  : Launching XSCT server: xsct.bat -n  -interactive C:\Users\C27Bradford.Hurt\ece383_wksp\final_project\temp_xsdb_launch_script.tcl
11:38:40 INFO  : Platform repository initialization has completed.
11:38:42 INFO  : XSCT server has started successfully.
11:38:42 INFO  : plnx-install-location is set to ''
11:38:42 INFO  : Registering command handlers for Vitis TCF services
11:38:56 INFO  : Successfully done setting XSCT server connection channel  
11:38:57 INFO  : Successfully done query RDI_DATADIR 
11:38:57 INFO  : Successfully done setting workspace for the tool. 
11:39:01 INFO  : Connected to target on host '127.0.0.1' and port '3121'.
11:39:09 INFO  : Jtag cable 'Digilent Nexys Video 210276BA015EB' is selected.
11:39:09 INFO  : 'jtag frequency' command is executed.
11:39:11 INFO  : 'targets -set -filter {jtag_cable_name =~ "Digilent Nexys Video 210276BA015EB" && level==0 && jtag_device_ctx=="jsn-Nexys Video-210276BA015EB-13636093-0"}' command is executed.
11:39:17 INFO  : Device configured successfully with "C:/Users/C27Bradford.Hurt/ece383_wksp/final_project/final_project_4/_ide/bitstream/design_1_wrapper.bit"
11:39:17 INFO  : Context for processor 'microblaze_0' is selected.
11:39:17 INFO  : Hardware design and registers information is loaded from 'C:/Users/C27Bradford.Hurt/ece383_wksp/final_project/design_1_wrapper/export/design_1_wrapper/hw/design_1_wrapper.xsa'.
11:39:17 INFO  : 'configparams mdm-detect-bscan-mask 2' command is executed.
11:39:17 INFO  : Context for processor 'microblaze_0' is selected.
11:39:17 INFO  : System reset is completed.
11:39:20 INFO  : 'after 3000' command is executed.
11:39:20 INFO  : Context for processor 'microblaze_0' is selected.
11:39:20 INFO  : The application 'C:/Users/C27Bradford.Hurt/ece383_wksp/final_project/final_project_4/Debug/final_project_4.elf' is downloaded to processor 'microblaze_0'.
11:39:20 INFO  : ----------------XSDB Script----------------
connect -url tcp:127.0.0.1:3121
targets -set -filter {jtag_cable_name =~ "Digilent Nexys Video 210276BA015EB" && level==0 && jtag_device_ctx=="jsn-Nexys Video-210276BA015EB-13636093-0"}
fpga -file C:/Users/C27Bradford.Hurt/ece383_wksp/final_project/final_project_4/_ide/bitstream/design_1_wrapper.bit
targets -set -nocase -filter {name =~ "*microblaze*#0" && bscan=="USER2" }
loadhw -hw C:/Users/C27Bradford.Hurt/ece383_wksp/final_project/design_1_wrapper/export/design_1_wrapper/hw/design_1_wrapper.xsa -regs
configparams mdm-detect-bscan-mask 2
targets -set -nocase -filter {name =~ "*microblaze*#0" && bscan=="USER2" }
rst -system
after 3000
targets -set -nocase -filter {name =~ "*microblaze*#0" && bscan=="USER2" }
dow C:/Users/C27Bradford.Hurt/ece383_wksp/final_project/final_project_4/Debug/final_project_4.elf
----------------End of Script----------------

11:39:20 INFO  : Context for processor 'microblaze_0' is selected.
11:39:20 INFO  : 'con' command is executed.
11:39:20 INFO  : ----------------XSDB Script (After Launch)----------------
targets -set -nocase -filter {name =~ "*microblaze*#0" && bscan=="USER2" }
con
----------------End of Script----------------

11:39:20 INFO  : Launch script is exported to file 'C:\Users\C27Bradford.Hurt\ece383_wksp\final_project\final_project_4_system\_ide\scripts\debugger_final_project_4-default.tcl'
13:37:21 INFO  : Disconnected from the channel tcfchan#1.
13:37:22 INFO  : Connected to target on host '127.0.0.1' and port '3121'.
13:37:31 INFO  : ----------------XSDB Script----------------
connect -url tcp:127.0.0.1:3121
----------------End of Script----------------

13:37:31 ERROR : Could not find FPGA device on the board for connection 'Local'.


Troubleshooting hints:
1. Check whether board is connected to system properly.
2. In case of zynq board, check whether Digilent/Xilinx cable switch settings are correct.
3. If you are using Xilinx Platform Cable USB, ensure that status LED is green.
13:37:50 INFO  : Connected to target on host '127.0.0.1' and port '3121'.
13:37:51 INFO  : Jtag cable 'Digilent Nexys Video 210276BA015EB' is selected.
13:37:51 INFO  : 'jtag frequency' command is executed.
13:37:51 INFO  : 'targets -set -filter {jtag_cable_name =~ "Digilent Nexys Video 210276BA015EB" && level==0 && jtag_device_ctx=="jsn-Nexys Video-210276BA015EB-13636093-0"}' command is executed.
13:37:56 INFO  : Device configured successfully with "C:/Users/C27Bradford.Hurt/ece383_wksp/final_project/final_project_4/_ide/bitstream/design_1_wrapper.bit"
13:37:56 INFO  : Context for processor 'microblaze_0' is selected.
13:37:57 INFO  : Hardware design and registers information is loaded from 'C:/Users/C27Bradford.Hurt/ece383_wksp/final_project/design_1_wrapper/export/design_1_wrapper/hw/design_1_wrapper.xsa'.
13:37:57 INFO  : 'configparams mdm-detect-bscan-mask 2' command is executed.
13:37:57 INFO  : Context for processor 'microblaze_0' is selected.
13:37:57 INFO  : System reset is completed.
13:38:00 INFO  : 'after 3000' command is executed.
13:38:00 INFO  : Context for processor 'microblaze_0' is selected.
13:38:00 INFO  : The application 'C:/Users/C27Bradford.Hurt/ece383_wksp/final_project/final_project_4/Debug/final_project_4.elf' is downloaded to processor 'microblaze_0'.
13:38:00 INFO  : ----------------XSDB Script----------------
connect -url tcp:127.0.0.1:3121
targets -set -filter {jtag_cable_name =~ "Digilent Nexys Video 210276BA015EB" && level==0 && jtag_device_ctx=="jsn-Nexys Video-210276BA015EB-13636093-0"}
fpga -file C:/Users/C27Bradford.Hurt/ece383_wksp/final_project/final_project_4/_ide/bitstream/design_1_wrapper.bit
targets -set -nocase -filter {name =~ "*microblaze*#0" && bscan=="USER2" }
loadhw -hw C:/Users/C27Bradford.Hurt/ece383_wksp/final_project/design_1_wrapper/export/design_1_wrapper/hw/design_1_wrapper.xsa -regs
configparams mdm-detect-bscan-mask 2
targets -set -nocase -filter {name =~ "*microblaze*#0" && bscan=="USER2" }
rst -system
after 3000
targets -set -nocase -filter {name =~ "*microblaze*#0" && bscan=="USER2" }
dow C:/Users/C27Bradford.Hurt/ece383_wksp/final_project/final_project_4/Debug/final_project_4.elf
----------------End of Script----------------

13:38:00 INFO  : Context for processor 'microblaze_0' is selected.
13:38:00 INFO  : 'con' command is executed.
13:38:00 INFO  : ----------------XSDB Script (After Launch)----------------
targets -set -nocase -filter {name =~ "*microblaze*#0" && bscan=="USER2" }
con
----------------End of Script----------------

13:38:00 INFO  : Launch script is exported to file 'C:\Users\C27Bradford.Hurt\ece383_wksp\final_project\final_project_4_system\_ide\scripts\debugger_final_project_4-default.tcl'
20:29:40 INFO  : Disconnected from the channel tcfchan#2.
12:24:06 DEBUG : Logs will be stored at 'C:/Users/C27Bradford.Hurt/ece383_wksp/final_project/IDE.log'.
12:24:07 INFO  : Launching XSCT server: xsct.bat -n  -interactive C:\Users\C27Bradford.Hurt\ece383_wksp\final_project\temp_xsdb_launch_script.tcl
12:24:16 INFO  : Platform repository initialization has completed.
12:24:18 INFO  : XSCT server has started successfully.
12:24:18 INFO  : Registering command handlers for Vitis TCF services
12:24:28 INFO  : plnx-install-location is set to ''
12:24:28 INFO  : Successfully done setting XSCT server connection channel  
12:24:28 INFO  : Successfully done query RDI_DATADIR 
12:24:28 INFO  : Successfully done setting workspace for the tool. 
12:34:24 INFO  : Result from executing command 'getProjects': design_1_wrapper;design_1_wrapper_1
12:34:24 INFO  : Result from executing command 'getPlatforms': design_1_wrapper|C:/Users/C27Bradford.Hurt/ece383_wksp/final_project/design_1_wrapper/export/design_1_wrapper/design_1_wrapper.xpfm
12:34:25 WARN  : An unexpected exception occurred in the module 'platform project logging'
12:34:25 INFO  : Platform 'design_1_wrapper_1' is added to custom repositories.
12:34:29 INFO  : Platform 'design_1_wrapper_1' is added to custom repositories.
12:40:18 INFO  : Result from executing command 'getProjects': design_1_wrapper_1
12:40:18 INFO  : Result from executing command 'getPlatforms': design_1_wrapper_1|C:/Users/C27Bradford.Hurt/ece383_wksp/final_project/design_1_wrapper_1/export/design_1_wrapper_1/design_1_wrapper_1.xpfm
12:40:18 INFO  : Checking for BSP changes to sync application flags for project 'final_project_2'...
13:13:16 INFO  : Checking for BSP changes to sync application flags for project 'final_project_2'...
13:16:21 INFO  : Connected to target on host '127.0.0.1' and port '3121'.
13:16:30 INFO  : Jtag cable 'Digilent Nexys Video 210276BA015EB' is selected.
13:16:32 INFO  : 'jtag frequency' command is executed.
13:16:33 INFO  : 'targets -set -filter {jtag_cable_name =~ "Digilent Nexys Video 210276BA015EB" && level==0 && jtag_device_ctx=="jsn-Nexys Video-210276BA015EB-13636093-0"}' command is executed.
13:16:41 INFO  : Device configured successfully with "C:/Users/C27Bradford.Hurt/ece383_wksp/final_project/final_project_2/_ide/bitstream/design_1_wrapper.bit"
13:16:46 INFO  : Context for processor 'microblaze_0' is selected.
13:16:46 INFO  : Hardware design and registers information is loaded from 'C:/Users/C27Bradford.Hurt/ece383_wksp/final_project/design_1_wrapper_1/export/design_1_wrapper_1/hw/design_1_wrapper.xsa'.
13:16:46 INFO  : 'configparams mdm-detect-bscan-mask 2' command is executed.
13:16:49 INFO  : Context for processor 'microblaze_0' is selected.
13:16:49 INFO  : System reset is completed.
13:16:52 INFO  : 'after 3000' command is executed.
13:16:52 INFO  : Context for processor 'microblaze_0' is selected.
13:16:53 INFO  : The application 'C:/Users/C27Bradford.Hurt/ece383_wksp/final_project/final_project_2/Debug/final_project_2.elf' is downloaded to processor 'microblaze_0'.
13:16:53 INFO  : ----------------XSDB Script----------------
connect -url tcp:127.0.0.1:3121
targets -set -filter {jtag_cable_name =~ "Digilent Nexys Video 210276BA015EB" && level==0 && jtag_device_ctx=="jsn-Nexys Video-210276BA015EB-13636093-0"}
fpga -file C:/Users/C27Bradford.Hurt/ece383_wksp/final_project/final_project_2/_ide/bitstream/design_1_wrapper.bit
targets -set -nocase -filter {name =~ "*microblaze*#0" && bscan=="USER2" }
loadhw -hw C:/Users/C27Bradford.Hurt/ece383_wksp/final_project/design_1_wrapper_1/export/design_1_wrapper_1/hw/design_1_wrapper.xsa -regs
configparams mdm-detect-bscan-mask 2
targets -set -nocase -filter {name =~ "*microblaze*#0" && bscan=="USER2" }
rst -system
after 3000
targets -set -nocase -filter {name =~ "*microblaze*#0" && bscan=="USER2" }
dow C:/Users/C27Bradford.Hurt/ece383_wksp/final_project/final_project_2/Debug/final_project_2.elf
----------------End of Script----------------

13:16:53 INFO  : Context for processor 'microblaze_0' is selected.
13:16:53 INFO  : 'con' command is executed.
13:16:53 INFO  : ----------------XSDB Script (After Launch)----------------
targets -set -nocase -filter {name =~ "*microblaze*#0" && bscan=="USER2" }
con
----------------End of Script----------------

13:16:53 INFO  : Launch script is exported to file 'C:\Users\C27Bradford.Hurt\ece383_wksp\final_project\final_project_2_system\_ide\scripts\debugger_final_project_2-default.tcl'
13:22:37 INFO  : Disconnected from the channel tcfchan#2.
13:22:38 INFO  : Connected to target on host '127.0.0.1' and port '3121'.
13:22:39 INFO  : Jtag cable 'Digilent Nexys Video 210276BA015EB' is selected.
13:22:39 INFO  : 'jtag frequency' command is executed.
13:22:39 INFO  : 'targets -set -filter {jtag_cable_name =~ "Digilent Nexys Video 210276BA015EB" && level==0 && jtag_device_ctx=="jsn-Nexys Video-210276BA015EB-13636093-0"}' command is executed.
13:22:44 INFO  : Device configured successfully with "C:/Users/C27Bradford.Hurt/ece383_wksp/final_project/final_project_2/_ide/bitstream/design_1_wrapper.bit"
13:22:45 INFO  : Context for processor 'microblaze_0' is selected.
13:22:45 INFO  : Hardware design and registers information is loaded from 'C:/Users/C27Bradford.Hurt/ece383_wksp/final_project/design_1_wrapper_1/export/design_1_wrapper_1/hw/design_1_wrapper.xsa'.
13:22:45 INFO  : 'configparams mdm-detect-bscan-mask 2' command is executed.
13:22:45 INFO  : Context for processor 'microblaze_0' is selected.
13:22:45 INFO  : System reset is completed.
13:22:48 INFO  : 'after 3000' command is executed.
13:22:48 INFO  : Context for processor 'microblaze_0' is selected.
13:22:48 INFO  : The application 'C:/Users/C27Bradford.Hurt/ece383_wksp/final_project/final_project_2/Debug/final_project_2.elf' is downloaded to processor 'microblaze_0'.
13:22:48 INFO  : ----------------XSDB Script----------------
connect -url tcp:127.0.0.1:3121
targets -set -filter {jtag_cable_name =~ "Digilent Nexys Video 210276BA015EB" && level==0 && jtag_device_ctx=="jsn-Nexys Video-210276BA015EB-13636093-0"}
fpga -file C:/Users/C27Bradford.Hurt/ece383_wksp/final_project/final_project_2/_ide/bitstream/design_1_wrapper.bit
targets -set -nocase -filter {name =~ "*microblaze*#0" && bscan=="USER2" }
loadhw -hw C:/Users/C27Bradford.Hurt/ece383_wksp/final_project/design_1_wrapper_1/export/design_1_wrapper_1/hw/design_1_wrapper.xsa -regs
configparams mdm-detect-bscan-mask 2
targets -set -nocase -filter {name =~ "*microblaze*#0" && bscan=="USER2" }
rst -system
after 3000
targets -set -nocase -filter {name =~ "*microblaze*#0" && bscan=="USER2" }
dow C:/Users/C27Bradford.Hurt/ece383_wksp/final_project/final_project_2/Debug/final_project_2.elf
----------------End of Script----------------

13:22:48 INFO  : Context for processor 'microblaze_0' is selected.
13:22:48 INFO  : 'con' command is executed.
13:22:48 INFO  : ----------------XSDB Script (After Launch)----------------
targets -set -nocase -filter {name =~ "*microblaze*#0" && bscan=="USER2" }
con
----------------End of Script----------------

13:22:48 INFO  : Launch script is exported to file 'C:\Users\C27Bradford.Hurt\ece383_wksp\final_project\final_project_2_system\_ide\scripts\debugger_final_project_2-default.tcl'
13:42:33 INFO  : Checking for BSP changes to sync application flags for project 'final_project_2'...
13:42:44 INFO  : Disconnected from the channel tcfchan#3.
13:42:45 INFO  : Connected to target on host '127.0.0.1' and port '3121'.
13:42:54 INFO  : ----------------XSDB Script----------------
connect -url tcp:127.0.0.1:3121
----------------End of Script----------------

13:42:54 ERROR : Could not find FPGA device on the board for connection 'Local'.


Troubleshooting hints:
1. Check whether board is connected to system properly.
2. In case of zynq board, check whether Digilent/Xilinx cable switch settings are correct.
3. If you are using Xilinx Platform Cable USB, ensure that status LED is green.
13:43:08 INFO  : Connected to target on host '127.0.0.1' and port '3121'.
13:43:08 INFO  : Jtag cable 'Digilent Nexys Video 210276BA015EB' is selected.
13:43:08 INFO  : 'jtag frequency' command is executed.
13:43:08 INFO  : 'targets -set -filter {jtag_cable_name =~ "Digilent Nexys Video 210276BA015EB" && level==0 && jtag_device_ctx=="jsn-Nexys Video-210276BA015EB-13636093-0"}' command is executed.
13:43:14 INFO  : Device configured successfully with "C:/Users/C27Bradford.Hurt/ece383_wksp/final_project/final_project_2/_ide/bitstream/design_1_wrapper.bit"
13:43:14 INFO  : Context for processor 'microblaze_0' is selected.
13:43:14 INFO  : Hardware design and registers information is loaded from 'C:/Users/C27Bradford.Hurt/ece383_wksp/final_project/design_1_wrapper_1/export/design_1_wrapper_1/hw/design_1_wrapper.xsa'.
13:43:14 INFO  : 'configparams mdm-detect-bscan-mask 2' command is executed.
13:43:14 INFO  : Context for processor 'microblaze_0' is selected.
13:43:14 INFO  : System reset is completed.
13:43:17 INFO  : 'after 3000' command is executed.
13:43:17 INFO  : Context for processor 'microblaze_0' is selected.
13:43:17 INFO  : The application 'C:/Users/C27Bradford.Hurt/ece383_wksp/final_project/final_project_2/Debug/final_project_2.elf' is downloaded to processor 'microblaze_0'.
13:43:17 INFO  : ----------------XSDB Script----------------
connect -url tcp:127.0.0.1:3121
targets -set -filter {jtag_cable_name =~ "Digilent Nexys Video 210276BA015EB" && level==0 && jtag_device_ctx=="jsn-Nexys Video-210276BA015EB-13636093-0"}
fpga -file C:/Users/C27Bradford.Hurt/ece383_wksp/final_project/final_project_2/_ide/bitstream/design_1_wrapper.bit
targets -set -nocase -filter {name =~ "*microblaze*#0" && bscan=="USER2" }
loadhw -hw C:/Users/C27Bradford.Hurt/ece383_wksp/final_project/design_1_wrapper_1/export/design_1_wrapper_1/hw/design_1_wrapper.xsa -regs
configparams mdm-detect-bscan-mask 2
targets -set -nocase -filter {name =~ "*microblaze*#0" && bscan=="USER2" }
rst -system
after 3000
targets -set -nocase -filter {name =~ "*microblaze*#0" && bscan=="USER2" }
dow C:/Users/C27Bradford.Hurt/ece383_wksp/final_project/final_project_2/Debug/final_project_2.elf
----------------End of Script----------------

13:43:17 INFO  : Context for processor 'microblaze_0' is selected.
13:43:17 INFO  : 'con' command is executed.
13:43:17 INFO  : ----------------XSDB Script (After Launch)----------------
targets -set -nocase -filter {name =~ "*microblaze*#0" && bscan=="USER2" }
con
----------------End of Script----------------

13:43:17 INFO  : Launch script is exported to file 'C:\Users\C27Bradford.Hurt\ece383_wksp\final_project\final_project_2_system\_ide\scripts\debugger_final_project_2-default.tcl'
13:49:41 INFO  : Checking for BSP changes to sync application flags for project 'final_project_2'...
13:51:41 INFO  : Checking for BSP changes to sync application flags for project 'final_project_2'...
13:51:54 INFO  : Disconnected from the channel tcfchan#4.
13:51:55 INFO  : Connected to target on host '127.0.0.1' and port '3121'.
13:51:56 INFO  : Jtag cable 'Digilent Nexys Video 210276BA015EB' is selected.
13:51:56 INFO  : 'jtag frequency' command is executed.
13:51:56 INFO  : 'targets -set -filter {jtag_cable_name =~ "Digilent Nexys Video 210276BA015EB" && level==0 && jtag_device_ctx=="jsn-Nexys Video-210276BA015EB-13636093-0"}' command is executed.
13:52:01 INFO  : Device configured successfully with "C:/Users/C27Bradford.Hurt/ece383_wksp/final_project/final_project_2/_ide/bitstream/design_1_wrapper.bit"
13:52:01 INFO  : Context for processor 'microblaze_0' is selected.
13:52:01 INFO  : Hardware design and registers information is loaded from 'C:/Users/C27Bradford.Hurt/ece383_wksp/final_project/design_1_wrapper_1/export/design_1_wrapper_1/hw/design_1_wrapper.xsa'.
13:52:01 INFO  : 'configparams mdm-detect-bscan-mask 2' command is executed.
13:52:02 INFO  : Context for processor 'microblaze_0' is selected.
13:52:02 INFO  : System reset is completed.
13:52:05 INFO  : 'after 3000' command is executed.
13:52:05 INFO  : Context for processor 'microblaze_0' is selected.
13:52:05 INFO  : The application 'C:/Users/C27Bradford.Hurt/ece383_wksp/final_project/final_project_2/Debug/final_project_2.elf' is downloaded to processor 'microblaze_0'.
13:52:05 INFO  : ----------------XSDB Script----------------
connect -url tcp:127.0.0.1:3121
targets -set -filter {jtag_cable_name =~ "Digilent Nexys Video 210276BA015EB" && level==0 && jtag_device_ctx=="jsn-Nexys Video-210276BA015EB-13636093-0"}
fpga -file C:/Users/C27Bradford.Hurt/ece383_wksp/final_project/final_project_2/_ide/bitstream/design_1_wrapper.bit
targets -set -nocase -filter {name =~ "*microblaze*#0" && bscan=="USER2" }
loadhw -hw C:/Users/C27Bradford.Hurt/ece383_wksp/final_project/design_1_wrapper_1/export/design_1_wrapper_1/hw/design_1_wrapper.xsa -regs
configparams mdm-detect-bscan-mask 2
targets -set -nocase -filter {name =~ "*microblaze*#0" && bscan=="USER2" }
rst -system
after 3000
targets -set -nocase -filter {name =~ "*microblaze*#0" && bscan=="USER2" }
dow C:/Users/C27Bradford.Hurt/ece383_wksp/final_project/final_project_2/Debug/final_project_2.elf
----------------End of Script----------------

13:52:05 INFO  : Context for processor 'microblaze_0' is selected.
13:52:05 INFO  : 'con' command is executed.
13:52:05 INFO  : ----------------XSDB Script (After Launch)----------------
targets -set -nocase -filter {name =~ "*microblaze*#0" && bscan=="USER2" }
con
----------------End of Script----------------

13:52:05 INFO  : Launch script is exported to file 'C:\Users\C27Bradford.Hurt\ece383_wksp\final_project\final_project_2_system\_ide\scripts\debugger_final_project_2-default.tcl'
13:58:13 INFO  : Checking for BSP changes to sync application flags for project 'final_project_2'...
13:58:44 INFO  : Checking for BSP changes to sync application flags for project 'final_project_2'...
13:59:06 INFO  : Checking for BSP changes to sync application flags for project 'final_project_2'...
13:59:17 INFO  : Disconnected from the channel tcfchan#5.
13:59:18 INFO  : Connected to target on host '127.0.0.1' and port '3121'.
13:59:18 INFO  : Jtag cable 'Digilent Nexys Video 210276BA015EB' is selected.
13:59:18 INFO  : 'jtag frequency' command is executed.
13:59:18 INFO  : 'targets -set -filter {jtag_cable_name =~ "Digilent Nexys Video 210276BA015EB" && level==0 && jtag_device_ctx=="jsn-Nexys Video-210276BA015EB-13636093-0"}' command is executed.
13:59:24 INFO  : Device configured successfully with "C:/Users/C27Bradford.Hurt/ece383_wksp/final_project/final_project_2/_ide/bitstream/design_1_wrapper.bit"
13:59:24 INFO  : Context for processor 'microblaze_0' is selected.
13:59:24 INFO  : Hardware design and registers information is loaded from 'C:/Users/C27Bradford.Hurt/ece383_wksp/final_project/design_1_wrapper_1/export/design_1_wrapper_1/hw/design_1_wrapper.xsa'.
13:59:24 INFO  : 'configparams mdm-detect-bscan-mask 2' command is executed.
13:59:24 INFO  : Context for processor 'microblaze_0' is selected.
13:59:24 INFO  : System reset is completed.
13:59:27 INFO  : 'after 3000' command is executed.
13:59:27 INFO  : Context for processor 'microblaze_0' is selected.
13:59:27 INFO  : The application 'C:/Users/C27Bradford.Hurt/ece383_wksp/final_project/final_project_2/Debug/final_project_2.elf' is downloaded to processor 'microblaze_0'.
13:59:27 INFO  : ----------------XSDB Script----------------
connect -url tcp:127.0.0.1:3121
targets -set -filter {jtag_cable_name =~ "Digilent Nexys Video 210276BA015EB" && level==0 && jtag_device_ctx=="jsn-Nexys Video-210276BA015EB-13636093-0"}
fpga -file C:/Users/C27Bradford.Hurt/ece383_wksp/final_project/final_project_2/_ide/bitstream/design_1_wrapper.bit
targets -set -nocase -filter {name =~ "*microblaze*#0" && bscan=="USER2" }
loadhw -hw C:/Users/C27Bradford.Hurt/ece383_wksp/final_project/design_1_wrapper_1/export/design_1_wrapper_1/hw/design_1_wrapper.xsa -regs
configparams mdm-detect-bscan-mask 2
targets -set -nocase -filter {name =~ "*microblaze*#0" && bscan=="USER2" }
rst -system
after 3000
targets -set -nocase -filter {name =~ "*microblaze*#0" && bscan=="USER2" }
dow C:/Users/C27Bradford.Hurt/ece383_wksp/final_project/final_project_2/Debug/final_project_2.elf
----------------End of Script----------------

13:59:28 INFO  : Context for processor 'microblaze_0' is selected.
13:59:28 INFO  : 'con' command is executed.
13:59:28 INFO  : ----------------XSDB Script (After Launch)----------------
targets -set -nocase -filter {name =~ "*microblaze*#0" && bscan=="USER2" }
con
----------------End of Script----------------

13:59:28 INFO  : Launch script is exported to file 'C:\Users\C27Bradford.Hurt\ece383_wksp\final_project\final_project_2_system\_ide\scripts\debugger_final_project_2-default.tcl'
14:00:47 INFO  : Checking for BSP changes to sync application flags for project 'final_project_2'...
14:01:24 INFO  : Checking for BSP changes to sync application flags for project 'final_project_2'...
14:01:36 INFO  : Disconnected from the channel tcfchan#6.
14:01:37 INFO  : Connected to target on host '127.0.0.1' and port '3121'.
14:01:37 INFO  : Jtag cable 'Digilent Nexys Video 210276BA015EB' is selected.
14:01:37 INFO  : 'jtag frequency' command is executed.
14:01:37 INFO  : 'targets -set -filter {jtag_cable_name =~ "Digilent Nexys Video 210276BA015EB" && level==0 && jtag_device_ctx=="jsn-Nexys Video-210276BA015EB-13636093-0"}' command is executed.
14:01:43 INFO  : Device configured successfully with "C:/Users/C27Bradford.Hurt/ece383_wksp/final_project/final_project_2/_ide/bitstream/design_1_wrapper.bit"
14:01:43 INFO  : Context for processor 'microblaze_0' is selected.
14:01:43 INFO  : Hardware design and registers information is loaded from 'C:/Users/C27Bradford.Hurt/ece383_wksp/final_project/design_1_wrapper_1/export/design_1_wrapper_1/hw/design_1_wrapper.xsa'.
14:01:43 INFO  : 'configparams mdm-detect-bscan-mask 2' command is executed.
14:01:43 INFO  : Context for processor 'microblaze_0' is selected.
14:01:43 INFO  : System reset is completed.
14:01:46 INFO  : 'after 3000' command is executed.
14:01:46 INFO  : Context for processor 'microblaze_0' is selected.
14:01:46 INFO  : The application 'C:/Users/C27Bradford.Hurt/ece383_wksp/final_project/final_project_2/Debug/final_project_2.elf' is downloaded to processor 'microblaze_0'.
14:01:46 INFO  : ----------------XSDB Script----------------
connect -url tcp:127.0.0.1:3121
targets -set -filter {jtag_cable_name =~ "Digilent Nexys Video 210276BA015EB" && level==0 && jtag_device_ctx=="jsn-Nexys Video-210276BA015EB-13636093-0"}
fpga -file C:/Users/C27Bradford.Hurt/ece383_wksp/final_project/final_project_2/_ide/bitstream/design_1_wrapper.bit
targets -set -nocase -filter {name =~ "*microblaze*#0" && bscan=="USER2" }
loadhw -hw C:/Users/C27Bradford.Hurt/ece383_wksp/final_project/design_1_wrapper_1/export/design_1_wrapper_1/hw/design_1_wrapper.xsa -regs
configparams mdm-detect-bscan-mask 2
targets -set -nocase -filter {name =~ "*microblaze*#0" && bscan=="USER2" }
rst -system
after 3000
targets -set -nocase -filter {name =~ "*microblaze*#0" && bscan=="USER2" }
dow C:/Users/C27Bradford.Hurt/ece383_wksp/final_project/final_project_2/Debug/final_project_2.elf
----------------End of Script----------------

14:01:46 INFO  : Context for processor 'microblaze_0' is selected.
14:01:46 INFO  : 'con' command is executed.
14:01:46 INFO  : ----------------XSDB Script (After Launch)----------------
targets -set -nocase -filter {name =~ "*microblaze*#0" && bscan=="USER2" }
con
----------------End of Script----------------

14:01:46 INFO  : Launch script is exported to file 'C:\Users\C27Bradford.Hurt\ece383_wksp\final_project\final_project_2_system\_ide\scripts\debugger_final_project_2-default.tcl'
14:57:39 INFO  : Result from executing command 'getProjects': design_1_wrapper;design_1_wrapper_1
14:57:39 INFO  : Result from executing command 'getPlatforms': design_1_wrapper_1|C:/Users/C27Bradford.Hurt/ece383_wksp/final_project/design_1_wrapper_1/export/design_1_wrapper_1/design_1_wrapper_1.xpfm
14:57:39 INFO  : Platform 'design_1_wrapper' is added to custom repositories.
14:57:43 INFO  : Platform 'design_1_wrapper' is added to custom repositories.
14:59:21 ERROR : An unexpected exception occurred in the module 'reading platform'
15:00:13 INFO  : Result from executing command 'getProjects': design_1_wrapper
15:00:13 INFO  : Result from executing command 'getPlatforms': design_1_wrapper|C:/Users/C27Bradford.Hurt/ece383_wksp/final_project/design_1_wrapper/export/design_1_wrapper/design_1_wrapper.xpfm
15:00:13 INFO  : Checking for BSP changes to sync application flags for project 'final_project_3'...
15:00:27 INFO  : Connected to target on host '127.0.0.1' and port '3121'.
15:00:27 INFO  : Jtag cable 'Digilent Nexys Video 210276BA015EB' is selected.
15:00:27 INFO  : 'jtag frequency' command is executed.
15:00:27 INFO  : 'targets -set -filter {jtag_cable_name =~ "Digilent Nexys Video 210276BA015EB" && level==0 && jtag_device_ctx=="jsn-Nexys Video-210276BA015EB-13636093-0"}' command is executed.
15:00:33 INFO  : Device configured successfully with "C:/Users/C27Bradford.Hurt/ece383_wksp/final_project/final_project_3/_ide/bitstream/design_1_wrapper.bit"
15:00:33 INFO  : Context for processor 'microblaze_0' is selected.
15:00:33 INFO  : Hardware design and registers information is loaded from 'C:/Users/C27Bradford.Hurt/ece383_wksp/final_project/design_1_wrapper/export/design_1_wrapper/hw/design_1_wrapper.xsa'.
15:00:33 INFO  : 'configparams mdm-detect-bscan-mask 2' command is executed.
15:00:33 INFO  : Context for processor 'microblaze_0' is selected.
15:00:33 INFO  : System reset is completed.
15:00:36 INFO  : 'after 3000' command is executed.
15:00:36 INFO  : Context for processor 'microblaze_0' is selected.
15:00:36 INFO  : The application 'C:/Users/C27Bradford.Hurt/ece383_wksp/final_project/final_project_3/Debug/final_project_3.elf' is downloaded to processor 'microblaze_0'.
15:00:36 INFO  : ----------------XSDB Script----------------
connect -url tcp:127.0.0.1:3121
targets -set -filter {jtag_cable_name =~ "Digilent Nexys Video 210276BA015EB" && level==0 && jtag_device_ctx=="jsn-Nexys Video-210276BA015EB-13636093-0"}
fpga -file C:/Users/C27Bradford.Hurt/ece383_wksp/final_project/final_project_3/_ide/bitstream/design_1_wrapper.bit
targets -set -nocase -filter {name =~ "*microblaze*#0" && bscan=="USER2" }
loadhw -hw C:/Users/C27Bradford.Hurt/ece383_wksp/final_project/design_1_wrapper/export/design_1_wrapper/hw/design_1_wrapper.xsa -regs
configparams mdm-detect-bscan-mask 2
targets -set -nocase -filter {name =~ "*microblaze*#0" && bscan=="USER2" }
rst -system
after 3000
targets -set -nocase -filter {name =~ "*microblaze*#0" && bscan=="USER2" }
dow C:/Users/C27Bradford.Hurt/ece383_wksp/final_project/final_project_3/Debug/final_project_3.elf
----------------End of Script----------------

15:00:36 INFO  : Context for processor 'microblaze_0' is selected.
15:00:36 INFO  : 'con' command is executed.
15:00:36 INFO  : ----------------XSDB Script (After Launch)----------------
targets -set -nocase -filter {name =~ "*microblaze*#0" && bscan=="USER2" }
con
----------------End of Script----------------

15:00:36 INFO  : Launch script is exported to file 'C:\Users\C27Bradford.Hurt\ece383_wksp\final_project\final_project_3_system\_ide\scripts\debugger_final_project_3-default.tcl'
15:36:58 INFO  : Disconnected from the channel tcfchan#7.
15:36:59 INFO  : Connected to target on host '127.0.0.1' and port '3121'.
15:36:59 INFO  : Jtag cable 'Digilent Nexys Video 210276BA015EB' is selected.
15:36:59 INFO  : 'jtag frequency' command is executed.
15:36:59 INFO  : 'targets -set -filter {jtag_cable_name =~ "Digilent Nexys Video 210276BA015EB" && level==0 && jtag_device_ctx=="jsn-Nexys Video-210276BA015EB-13636093-0"}' command is executed.
15:37:05 INFO  : Device configured successfully with "C:/Users/C27Bradford.Hurt/ece383_wksp/final_project/final_project_3/_ide/bitstream/design_1_wrapper.bit"
15:37:05 INFO  : Context for processor 'microblaze_0' is selected.
15:37:05 INFO  : Hardware design and registers information is loaded from 'C:/Users/C27Bradford.Hurt/ece383_wksp/final_project/design_1_wrapper/export/design_1_wrapper/hw/design_1_wrapper.xsa'.
15:37:05 INFO  : 'configparams mdm-detect-bscan-mask 2' command is executed.
15:37:05 INFO  : Context for processor 'microblaze_0' is selected.
15:37:05 INFO  : System reset is completed.
15:37:08 INFO  : 'after 3000' command is executed.
15:37:08 INFO  : Context for processor 'microblaze_0' is selected.
15:37:08 INFO  : The application 'C:/Users/C27Bradford.Hurt/ece383_wksp/final_project/final_project_3/Debug/final_project_3.elf' is downloaded to processor 'microblaze_0'.
15:37:08 INFO  : ----------------XSDB Script----------------
connect -url tcp:127.0.0.1:3121
targets -set -filter {jtag_cable_name =~ "Digilent Nexys Video 210276BA015EB" && level==0 && jtag_device_ctx=="jsn-Nexys Video-210276BA015EB-13636093-0"}
fpga -file C:/Users/C27Bradford.Hurt/ece383_wksp/final_project/final_project_3/_ide/bitstream/design_1_wrapper.bit
targets -set -nocase -filter {name =~ "*microblaze*#0" && bscan=="USER2" }
loadhw -hw C:/Users/C27Bradford.Hurt/ece383_wksp/final_project/design_1_wrapper/export/design_1_wrapper/hw/design_1_wrapper.xsa -regs
configparams mdm-detect-bscan-mask 2
targets -set -nocase -filter {name =~ "*microblaze*#0" && bscan=="USER2" }
rst -system
after 3000
targets -set -nocase -filter {name =~ "*microblaze*#0" && bscan=="USER2" }
dow C:/Users/C27Bradford.Hurt/ece383_wksp/final_project/final_project_3/Debug/final_project_3.elf
----------------End of Script----------------

15:37:08 INFO  : Context for processor 'microblaze_0' is selected.
15:37:08 INFO  : 'con' command is executed.
15:37:08 INFO  : ----------------XSDB Script (After Launch)----------------
targets -set -nocase -filter {name =~ "*microblaze*#0" && bscan=="USER2" }
con
----------------End of Script----------------

15:37:08 INFO  : Launch script is exported to file 'C:\Users\C27Bradford.Hurt\ece383_wksp\final_project\final_project_3_system\_ide\scripts\debugger_final_project_3-default.tcl'
16:09:48 INFO  : Disconnected from the channel tcfchan#9.
16:09:49 INFO  : Connected to target on host '127.0.0.1' and port '3121'.
16:09:49 INFO  : Jtag cable 'Digilent Nexys Video 210276BA015EB' is selected.
16:09:49 INFO  : 'jtag frequency' command is executed.
16:09:50 INFO  : 'targets -set -filter {jtag_cable_name =~ "Digilent Nexys Video 210276BA015EB" && level==0 && jtag_device_ctx=="jsn-Nexys Video-210276BA015EB-13636093-0"}' command is executed.
16:09:55 INFO  : Device configured successfully with "C:/Users/C27Bradford.Hurt/ece383_wksp/final_project/final_project_3/_ide/bitstream/design_1_wrapper.bit"
16:09:55 INFO  : Context for processor 'microblaze_0' is selected.
16:09:55 INFO  : Hardware design and registers information is loaded from 'C:/Users/C27Bradford.Hurt/ece383_wksp/final_project/design_1_wrapper/export/design_1_wrapper/hw/design_1_wrapper.xsa'.
16:09:55 INFO  : 'configparams mdm-detect-bscan-mask 2' command is executed.
16:09:55 INFO  : Context for processor 'microblaze_0' is selected.
16:09:55 INFO  : System reset is completed.
16:09:58 INFO  : 'after 3000' command is executed.
16:09:58 INFO  : Context for processor 'microblaze_0' is selected.
16:09:58 INFO  : The application 'C:/Users/C27Bradford.Hurt/ece383_wksp/final_project/final_project_3/Debug/final_project_3.elf' is downloaded to processor 'microblaze_0'.
16:09:58 INFO  : ----------------XSDB Script----------------
connect -url tcp:127.0.0.1:3121
targets -set -filter {jtag_cable_name =~ "Digilent Nexys Video 210276BA015EB" && level==0 && jtag_device_ctx=="jsn-Nexys Video-210276BA015EB-13636093-0"}
fpga -file C:/Users/C27Bradford.Hurt/ece383_wksp/final_project/final_project_3/_ide/bitstream/design_1_wrapper.bit
targets -set -nocase -filter {name =~ "*microblaze*#0" && bscan=="USER2" }
loadhw -hw C:/Users/C27Bradford.Hurt/ece383_wksp/final_project/design_1_wrapper/export/design_1_wrapper/hw/design_1_wrapper.xsa -regs
configparams mdm-detect-bscan-mask 2
targets -set -nocase -filter {name =~ "*microblaze*#0" && bscan=="USER2" }
rst -system
after 3000
targets -set -nocase -filter {name =~ "*microblaze*#0" && bscan=="USER2" }
dow C:/Users/C27Bradford.Hurt/ece383_wksp/final_project/final_project_3/Debug/final_project_3.elf
----------------End of Script----------------

16:09:59 INFO  : Context for processor 'microblaze_0' is selected.
16:09:59 INFO  : 'con' command is executed.
16:09:59 INFO  : ----------------XSDB Script (After Launch)----------------
targets -set -nocase -filter {name =~ "*microblaze*#0" && bscan=="USER2" }
con
----------------End of Script----------------

16:09:59 INFO  : Launch script is exported to file 'C:\Users\C27Bradford.Hurt\ece383_wksp\final_project\final_project_3_system\_ide\scripts\debugger_final_project_3-default.tcl'
16:37:05 INFO  : Disconnected from the channel tcfchan#10.
16:37:07 INFO  : Connected to target on host '127.0.0.1' and port '3121'.
16:37:07 INFO  : Jtag cable 'Digilent Nexys Video 210276BA015EB' is selected.
16:37:07 INFO  : 'jtag frequency' command is executed.
16:37:08 INFO  : 'targets -set -filter {jtag_cable_name =~ "Digilent Nexys Video 210276BA015EB" && level==0 && jtag_device_ctx=="jsn-Nexys Video-210276BA015EB-13636093-0"}' command is executed.
16:37:13 INFO  : Device configured successfully with "C:/Users/C27Bradford.Hurt/ece383_wksp/final_project/final_project_3/_ide/bitstream/design_1_wrapper.bit"
16:37:13 INFO  : Context for processor 'microblaze_0' is selected.
16:37:13 INFO  : Hardware design and registers information is loaded from 'C:/Users/C27Bradford.Hurt/ece383_wksp/final_project/design_1_wrapper/export/design_1_wrapper/hw/design_1_wrapper.xsa'.
16:37:13 INFO  : 'configparams mdm-detect-bscan-mask 2' command is executed.
16:37:13 INFO  : Context for processor 'microblaze_0' is selected.
16:37:13 INFO  : System reset is completed.
16:37:16 INFO  : 'after 3000' command is executed.
16:37:16 INFO  : Context for processor 'microblaze_0' is selected.
16:37:16 INFO  : The application 'C:/Users/C27Bradford.Hurt/ece383_wksp/final_project/final_project_3/Debug/final_project_3.elf' is downloaded to processor 'microblaze_0'.
16:37:16 INFO  : ----------------XSDB Script----------------
connect -url tcp:127.0.0.1:3121
targets -set -filter {jtag_cable_name =~ "Digilent Nexys Video 210276BA015EB" && level==0 && jtag_device_ctx=="jsn-Nexys Video-210276BA015EB-13636093-0"}
fpga -file C:/Users/C27Bradford.Hurt/ece383_wksp/final_project/final_project_3/_ide/bitstream/design_1_wrapper.bit
targets -set -nocase -filter {name =~ "*microblaze*#0" && bscan=="USER2" }
loadhw -hw C:/Users/C27Bradford.Hurt/ece383_wksp/final_project/design_1_wrapper/export/design_1_wrapper/hw/design_1_wrapper.xsa -regs
configparams mdm-detect-bscan-mask 2
targets -set -nocase -filter {name =~ "*microblaze*#0" && bscan=="USER2" }
rst -system
after 3000
targets -set -nocase -filter {name =~ "*microblaze*#0" && bscan=="USER2" }
dow C:/Users/C27Bradford.Hurt/ece383_wksp/final_project/final_project_3/Debug/final_project_3.elf
----------------End of Script----------------

16:37:17 INFO  : Context for processor 'microblaze_0' is selected.
16:37:17 INFO  : 'con' command is executed.
16:37:17 INFO  : ----------------XSDB Script (After Launch)----------------
targets -set -nocase -filter {name =~ "*microblaze*#0" && bscan=="USER2" }
con
----------------End of Script----------------

16:37:17 INFO  : Launch script is exported to file 'C:\Users\C27Bradford.Hurt\ece383_wksp\final_project\final_project_3_system\_ide\scripts\debugger_final_project_3-default.tcl'
18:43:44 INFO  : Result from executing command 'getProjects': design_1_wrapper;design_1_wrapper_1
18:43:44 INFO  : Result from executing command 'getPlatforms': design_1_wrapper|C:/Users/C27Bradford.Hurt/ece383_wksp/final_project/design_1_wrapper/export/design_1_wrapper/design_1_wrapper.xpfm
18:43:44 INFO  : Platform 'design_1_wrapper_1' is added to custom repositories.
18:43:48 INFO  : Platform 'design_1_wrapper_1' is added to custom repositories.
18:44:47 ERROR : An unexpected exception occurred in the module 'reading platform'
18:45:29 INFO  : Result from executing command 'getProjects': design_1_wrapper_1
18:45:29 INFO  : Result from executing command 'getPlatforms': design_1_wrapper_1|C:/Users/C27Bradford.Hurt/ece383_wksp/final_project/design_1_wrapper_1/export/design_1_wrapper_1/design_1_wrapper_1.xpfm
18:45:29 INFO  : Checking for BSP changes to sync application flags for project 'design_project_2'...
18:47:10 INFO  : Connected to target on host '127.0.0.1' and port '3121'.
18:47:10 INFO  : Jtag cable 'Digilent Nexys Video 210276BA015EB' is selected.
18:47:10 INFO  : 'jtag frequency' command is executed.
18:47:10 INFO  : 'targets -set -filter {jtag_cable_name =~ "Digilent Nexys Video 210276BA015EB" && level==0 && jtag_device_ctx=="jsn-Nexys Video-210276BA015EB-13636093-0"}' command is executed.
18:47:16 INFO  : Device configured successfully with "C:/Users/C27Bradford.Hurt/ece383_wksp/final_project/design_project_2/_ide/bitstream/design_1_wrapper.bit"
18:47:16 INFO  : Context for processor 'microblaze_0' is selected.
18:47:16 INFO  : Hardware design and registers information is loaded from 'C:/Users/C27Bradford.Hurt/ece383_wksp/final_project/design_1_wrapper_1/export/design_1_wrapper_1/hw/design_1_wrapper.xsa'.
18:47:16 INFO  : 'configparams mdm-detect-bscan-mask 2' command is executed.
18:47:16 INFO  : Context for processor 'microblaze_0' is selected.
18:47:16 INFO  : System reset is completed.
18:47:19 INFO  : 'after 3000' command is executed.
18:47:19 INFO  : Context for processor 'microblaze_0' is selected.
18:47:19 INFO  : The application 'C:/Users/C27Bradford.Hurt/ece383_wksp/final_project/design_project_2/Debug/design_project_2.elf' is downloaded to processor 'microblaze_0'.
18:47:19 INFO  : ----------------XSDB Script----------------
connect -url tcp:127.0.0.1:3121
targets -set -filter {jtag_cable_name =~ "Digilent Nexys Video 210276BA015EB" && level==0 && jtag_device_ctx=="jsn-Nexys Video-210276BA015EB-13636093-0"}
fpga -file C:/Users/C27Bradford.Hurt/ece383_wksp/final_project/design_project_2/_ide/bitstream/design_1_wrapper.bit
targets -set -nocase -filter {name =~ "*microblaze*#0" && bscan=="USER2" }
loadhw -hw C:/Users/C27Bradford.Hurt/ece383_wksp/final_project/design_1_wrapper_1/export/design_1_wrapper_1/hw/design_1_wrapper.xsa -regs
configparams mdm-detect-bscan-mask 2
targets -set -nocase -filter {name =~ "*microblaze*#0" && bscan=="USER2" }
rst -system
after 3000
targets -set -nocase -filter {name =~ "*microblaze*#0" && bscan=="USER2" }
dow C:/Users/C27Bradford.Hurt/ece383_wksp/final_project/design_project_2/Debug/design_project_2.elf
----------------End of Script----------------

18:47:19 INFO  : Context for processor 'microblaze_0' is selected.
18:47:19 INFO  : 'con' command is executed.
18:47:19 INFO  : ----------------XSDB Script (After Launch)----------------
targets -set -nocase -filter {name =~ "*microblaze*#0" && bscan=="USER2" }
con
----------------End of Script----------------

18:47:19 INFO  : Launch script is exported to file 'C:\Users\C27Bradford.Hurt\ece383_wksp\final_project\design_project_2_system\_ide\scripts\debugger_design_project_2-default.tcl'
19:19:21 INFO  : Disconnected from the channel tcfchan#11.
19:19:22 INFO  : Connected to target on host '127.0.0.1' and port '3121'.
19:19:22 INFO  : Jtag cable 'Digilent Nexys Video 210276BA015EB' is selected.
19:19:22 INFO  : 'jtag frequency' command is executed.
19:19:22 INFO  : 'targets -set -filter {jtag_cable_name =~ "Digilent Nexys Video 210276BA015EB" && level==0 && jtag_device_ctx=="jsn-Nexys Video-210276BA015EB-13636093-0"}' command is executed.
19:19:28 INFO  : Device configured successfully with "C:/Users/C27Bradford.Hurt/ece383_wksp/final_project/design_project_2/_ide/bitstream/design_1_wrapper.bit"
19:19:28 INFO  : Context for processor 'microblaze_0' is selected.
19:19:28 INFO  : Hardware design and registers information is loaded from 'C:/Users/C27Bradford.Hurt/ece383_wksp/final_project/design_1_wrapper_1/export/design_1_wrapper_1/hw/design_1_wrapper.xsa'.
19:19:28 INFO  : 'configparams mdm-detect-bscan-mask 2' command is executed.
19:19:28 INFO  : Context for processor 'microblaze_0' is selected.
19:19:28 INFO  : System reset is completed.
19:19:31 INFO  : 'after 3000' command is executed.
19:19:31 INFO  : Context for processor 'microblaze_0' is selected.
19:19:31 INFO  : The application 'C:/Users/C27Bradford.Hurt/ece383_wksp/final_project/design_project_2/Debug/design_project_2.elf' is downloaded to processor 'microblaze_0'.
19:19:31 INFO  : ----------------XSDB Script----------------
connect -url tcp:127.0.0.1:3121
targets -set -filter {jtag_cable_name =~ "Digilent Nexys Video 210276BA015EB" && level==0 && jtag_device_ctx=="jsn-Nexys Video-210276BA015EB-13636093-0"}
fpga -file C:/Users/C27Bradford.Hurt/ece383_wksp/final_project/design_project_2/_ide/bitstream/design_1_wrapper.bit
targets -set -nocase -filter {name =~ "*microblaze*#0" && bscan=="USER2" }
loadhw -hw C:/Users/C27Bradford.Hurt/ece383_wksp/final_project/design_1_wrapper_1/export/design_1_wrapper_1/hw/design_1_wrapper.xsa -regs
configparams mdm-detect-bscan-mask 2
targets -set -nocase -filter {name =~ "*microblaze*#0" && bscan=="USER2" }
rst -system
after 3000
targets -set -nocase -filter {name =~ "*microblaze*#0" && bscan=="USER2" }
dow C:/Users/C27Bradford.Hurt/ece383_wksp/final_project/design_project_2/Debug/design_project_2.elf
----------------End of Script----------------

19:19:31 INFO  : Context for processor 'microblaze_0' is selected.
19:19:31 INFO  : 'con' command is executed.
19:19:31 INFO  : ----------------XSDB Script (After Launch)----------------
targets -set -nocase -filter {name =~ "*microblaze*#0" && bscan=="USER2" }
con
----------------End of Script----------------

19:19:31 INFO  : Launch script is exported to file 'C:\Users\C27Bradford.Hurt\ece383_wksp\final_project\design_project_2_system\_ide\scripts\debugger_design_project_2-default.tcl'
