Copyright 1986-2022 Xilinx, Inc. All Rights Reserved. Copyright 2022-2024 Advanced Micro Devices, Inc. All Rights Reserved.
---------------------------------------------------------------------------------------------------------------------------------------------------------------------------------------------------------
| Tool Version : Vivado v.2024.2 (win64) Build 5239630 Fri Nov 08 22:35:27 MST 2024
| Date         : Wed Feb 18 23:11:13 2026
| Host         : C27-5CG3121FGH running 64-bit major release  (build 9200)
| Command      : report_timing_summary -max_paths 10 -report_unconstrained -file lab2_timing_summary_routed.rpt -pb lab2_timing_summary_routed.pb -rpx lab2_timing_summary_routed.rpx -warn_on_violation
| Design       : lab2
| Device       : 7a200t-sbg484
| Speed File   : -1  PRODUCTION 1.23 2018-06-13
| Design State : Routed
---------------------------------------------------------------------------------------------------------------------------------------------------------------------------------------------------------

Timing Summary Report

------------------------------------------------------------------------------------------------
| Timer Settings
| --------------
------------------------------------------------------------------------------------------------

  Enable Multi Corner Analysis               :  Yes
  Enable Pessimism Removal                   :  Yes
  Pessimism Removal Resolution               :  Nearest Common Node
  Enable Input Delay Default Clock           :  No
  Enable Preset / Clear Arcs                 :  No
  Disable Flight Delays                      :  No
  Ignore I/O Paths                           :  No
  Timing Early Launch at Borrowing Latches   :  No
  Borrow Time for Max Delay Exceptions       :  Yes
  Merge Timing Exceptions                    :  Yes
  Inter-SLR Compensation                     :  Conservative

  Corner  Analyze    Analyze    
  Name    Max Paths  Min Paths  
  ------  ---------  ---------  
  Slow    Yes        Yes        
  Fast    Yes        Yes        


------------------------------------------------------------------------------------------------
| Report Methodology
| ------------------
------------------------------------------------------------------------------------------------

Rule       Severity          Description                                        Violations  
---------  ----------------  -------------------------------------------------  ----------  
TIMING-17  Critical Warning  Non-clocked sequential cell                        230         
TIMING-27  Critical Warning  Invalid primary clock on hierarchical pin          2           
LUTAR-1    Warning           LUT drives async reset alert                       2           
TIMING-20  Warning           Non-clocked latch                                  2           
XDCC-2     Warning           Scoped Non-Timing constraint/property overwritten  1           
LATCH-1    Advisory          Existing latches in the design                     1           

Note: This report is based on the most recent report_methodology run and may not be up-to-date. Run report_methodology on the current design for the latest report.



check_timing report

Table of Contents
-----------------
1. checking no_clock (235)
2. checking constant_clock (0)
3. checking pulse_width_clock (0)
4. checking unconstrained_internal_endpoints (683)
5. checking no_input_delay (12)
6. checking no_output_delay (9)
7. checking multiple_clock (0)
8. checking generated_clocks (0)
9. checking loops (0)
10. checking partial_input_delay (0)
11. checking partial_output_delay (0)
12. checking latch_loops (0)

1. checking no_clock (235)
--------------------------
 There are 230 register/latch pins with no clock driven by root clock pin: clk (HIGH)

 There are 2 register/latch pins with no clock driven by root clock pin: control/FSM_sequential_state_reg[0]/Q (HIGH)

 There are 2 register/latch pins with no clock driven by root clock pin: control/FSM_sequential_state_reg[1]/Q (HIGH)

 There is 1 register/latch pin with no clock driven by root clock pin: control/FSM_sequential_state_reg[2]/Q (HIGH)


2. checking constant_clock (0)
------------------------------
 There are 0 register/latch pins with constant_clock.


3. checking pulse_width_clock (0)
---------------------------------
 There are 0 register/latch pins which need pulse_width check


4. checking unconstrained_internal_endpoints (683)
--------------------------------------------------
 There are 683 pins that are not constrained for maximum delay. (HIGH)

 There are 0 pins that are not constrained for maximum delay due to constant clock.


5. checking no_input_delay (12)
-------------------------------
 There are 12 input ports with no input delay specified. (HIGH)

 There are 0 input ports with no input delay but user has a false path constraint.


6. checking no_output_delay (9)
-------------------------------
 There are 9 ports with no output delay specified. (HIGH)

 There are 0 ports with no output delay but user has a false path constraint

 There are 0 ports with no output delay but with a timing clock defined on it or propagating through it


7. checking multiple_clock (0)
------------------------------
 There are 0 register/latch pins with multiple clocks.


8. checking generated_clocks (0)
--------------------------------
 There are 0 generated clocks that are not connected to a clock source.


9. checking loops (0)
---------------------
 There are 0 combinational loops in the design.


10. checking partial_input_delay (0)
------------------------------------
 There are 0 input ports with partial input delay specified.


11. checking partial_output_delay (0)
-------------------------------------
 There are 0 ports with partial output delay specified.


12. checking latch_loops (0)
----------------------------
 There are 0 combinational latch loops in the design through latch input



------------------------------------------------------------------------------------------------
| Design Timing Summary
| ---------------------
------------------------------------------------------------------------------------------------

    WNS(ns)      TNS(ns)  TNS Failing Endpoints  TNS Total Endpoints      WHS(ns)      THS(ns)  THS Failing Endpoints  THS Total Endpoints     WPWS(ns)     TPWS(ns)  TPWS Failing Endpoints  TPWS Total Endpoints  
    -------      -------  ---------------------  -------------------      -------      -------  ---------------------  -------------------     --------     --------  ----------------------  --------------------  
      3.353        0.000                      0                  383        0.152        0.000                      0                  383        3.000        0.000                       0                   238  


All user specified timing constraints are met.


------------------------------------------------------------------------------------------------
| Clock Summary
| -------------
------------------------------------------------------------------------------------------------

Clock                                                          Waveform(ns)         Period(ns)      Frequency(MHz)
-----                                                          ------------         ----------      --------------
datapath/Audio_Codec/audiocodec_master_clock/inst/clk_in1      {0.000 5.000}        10.000          100.000         
  clk_out1_clk_wiz_1                                           {0.000 40.687}       81.375          12.289          
  clk_out2_clk_wiz_1                                           {0.000 10.000}       20.000          50.000          
  clkfbout_clk_wiz_1                                           {0.000 5.000}        10.000          100.000         
datapath/video_inst/mmcm_adv_inst_display_clocks/inst/clk_in1  {0.000 5.000}        10.000          100.000         
  clk_out1_clk_wiz_0                                           {0.000 20.000}       40.000          25.000          
  clk_out2_clk_wiz_0                                           {0.000 4.000}        8.000           125.000         
  clkfbout_clk_wiz_0                                           {0.000 5.000}        10.000          100.000         


------------------------------------------------------------------------------------------------
| Intra Clock Table
| -----------------
------------------------------------------------------------------------------------------------

Clock                                                              WNS(ns)      TNS(ns)  TNS Failing Endpoints  TNS Total Endpoints      WHS(ns)      THS(ns)  THS Failing Endpoints  THS Total Endpoints     WPWS(ns)     TPWS(ns)  TPWS Failing Endpoints  TPWS Total Endpoints  
-----                                                              -------      -------  ---------------------  -------------------      -------      -------  ---------------------  -------------------     --------     --------  ----------------------  --------------------  
datapath/Audio_Codec/audiocodec_master_clock/inst/clk_in1                                                                                                                                                        3.000        0.000                       0                     1  
  clk_out1_clk_wiz_1                                                                                                                                                                                            79.220        0.000                       0                     2  
  clk_out2_clk_wiz_1                                                14.706        0.000                      0                  207        0.152        0.000                      0                  207        9.500        0.000                       0                   117  
  clkfbout_clk_wiz_1                                                                                                                                                                                             7.845        0.000                       0                     3  
datapath/video_inst/mmcm_adv_inst_display_clocks/inst/clk_in1                                                                                                                                                    3.000        0.000                       0                     1  
  clk_out1_clk_wiz_0                                                25.373        0.000                      0                  117        0.190        0.000                      0                  117       19.500        0.000                       0                    65  
  clk_out2_clk_wiz_0                                                 3.353        0.000                      0                   53        0.175        0.000                      0                   53        3.500        0.000                       0                    46  
  clkfbout_clk_wiz_0                                                                                                                                                                                             7.845        0.000                       0                     3  


------------------------------------------------------------------------------------------------
| Inter Clock Table
| -----------------
------------------------------------------------------------------------------------------------

From Clock          To Clock                WNS(ns)      TNS(ns)  TNS Failing Endpoints  TNS Total Endpoints      WHS(ns)      THS(ns)  THS Failing Endpoints  THS Total Endpoints  
----------          --------                -------      -------  ---------------------  -------------------      -------      -------  ---------------------  -------------------  
clk_out1_clk_wiz_0  clk_out2_clk_wiz_0        4.059        0.000                      0                   30        0.167        0.000                      0                   30  


------------------------------------------------------------------------------------------------
| Other Path Groups Table
| -----------------------
------------------------------------------------------------------------------------------------

Path Group    From Clock    To Clock          WNS(ns)      TNS(ns)  TNS Failing Endpoints  TNS Total Endpoints      WHS(ns)      THS(ns)  THS Failing Endpoints  THS Total Endpoints  
----------    ----------    --------          -------      -------  ---------------------  -------------------      -------      -------  ---------------------  -------------------  


------------------------------------------------------------------------------------------------
| User Ignored Path Table
| -----------------------
------------------------------------------------------------------------------------------------

Path Group    From Clock    To Clock    
----------    ----------    --------    


------------------------------------------------------------------------------------------------
| Unconstrained Path Table
| ------------------------
------------------------------------------------------------------------------------------------

Path Group          From Clock          To Clock          
----------          ----------          --------          
(none)                                                      
(none)              clk_out1_clk_wiz_0                      
(none)              clk_out1_clk_wiz_1                      
(none)              clk_out2_clk_wiz_0                      
(none)              clk_out2_clk_wiz_1                      
(none)              clkfbout_clk_wiz_0                      
(none)              clkfbout_clk_wiz_1                      
(none)                                  clk_out1_clk_wiz_0  
(none)                                  clk_out2_clk_wiz_1  


------------------------------------------------------------------------------------------------
| Timing Details
| --------------
------------------------------------------------------------------------------------------------


---------------------------------------------------------------------------------------------------
From Clock:  datapath/Audio_Codec/audiocodec_master_clock/inst/clk_in1
  To Clock:  datapath/Audio_Codec/audiocodec_master_clock/inst/clk_in1

Setup :           NA  Failing Endpoints,  Worst Slack           NA  ,  Total Violation           NA
Hold  :           NA  Failing Endpoints,  Worst Slack           NA  ,  Total Violation           NA
PW    :            0  Failing Endpoints,  Worst Slack        3.000ns,  Total Violation        0.000ns
---------------------------------------------------------------------------------------------------


Pulse Width Checks
--------------------------------------------------------------------------------------
Clock Name:         datapath/Audio_Codec/audiocodec_master_clock/inst/clk_in1
Waveform(ns):       { 0.000 5.000 }
Period(ns):         10.000
Sources:            { datapath/Audio_Codec/audiocodec_master_clock/inst/clk_in1 }

Check Type        Corner  Lib Pin            Reference Pin  Required(ns)  Actual(ns)  Slack(ns)  Location         Pin
Min Period        n/a     MMCME2_ADV/CLKIN1  n/a            1.249         10.000      8.751      MMCME2_ADV_X0Y2  datapath/Audio_Codec/audiocodec_master_clock/inst/mmcm_adv_inst/CLKIN1
Max Period        n/a     MMCME2_ADV/CLKIN1  n/a            100.000       10.000      90.000     MMCME2_ADV_X0Y2  datapath/Audio_Codec/audiocodec_master_clock/inst/mmcm_adv_inst/CLKIN1
Low Pulse Width   Slow    MMCME2_ADV/CLKIN1  n/a            2.000         5.000       3.000      MMCME2_ADV_X0Y2  datapath/Audio_Codec/audiocodec_master_clock/inst/mmcm_adv_inst/CLKIN1
Low Pulse Width   Fast    MMCME2_ADV/CLKIN1  n/a            2.000         5.000       3.000      MMCME2_ADV_X0Y2  datapath/Audio_Codec/audiocodec_master_clock/inst/mmcm_adv_inst/CLKIN1
High Pulse Width  Slow    MMCME2_ADV/CLKIN1  n/a            2.000         5.000       3.000      MMCME2_ADV_X0Y2  datapath/Audio_Codec/audiocodec_master_clock/inst/mmcm_adv_inst/CLKIN1
High Pulse Width  Fast    MMCME2_ADV/CLKIN1  n/a            2.000         5.000       3.000      MMCME2_ADV_X0Y2  datapath/Audio_Codec/audiocodec_master_clock/inst/mmcm_adv_inst/CLKIN1



---------------------------------------------------------------------------------------------------
From Clock:  clk_out1_clk_wiz_1
  To Clock:  clk_out1_clk_wiz_1

Setup :           NA  Failing Endpoints,  Worst Slack           NA  ,  Total Violation           NA
Hold  :           NA  Failing Endpoints,  Worst Slack           NA  ,  Total Violation           NA
PW    :            0  Failing Endpoints,  Worst Slack       79.220ns,  Total Violation        0.000ns
---------------------------------------------------------------------------------------------------


Pulse Width Checks
--------------------------------------------------------------------------------------
Clock Name:         clk_out1_clk_wiz_1
Waveform(ns):       { 0.000 40.688 }
Period(ns):         81.375
Sources:            { datapath/Audio_Codec/audiocodec_master_clock/inst/mmcm_adv_inst/CLKOUT0 }

Check Type  Corner  Lib Pin             Reference Pin  Required(ns)  Actual(ns)  Slack(ns)  Location         Pin
Min Period  n/a     BUFG/I              n/a            2.155         81.375      79.220     BUFGCTRL_X0Y1    datapath/Audio_Codec/audiocodec_master_clock/inst/clkout1_buf/I
Min Period  n/a     MMCME2_ADV/CLKOUT0  n/a            1.249         81.375      80.126     MMCME2_ADV_X0Y2  datapath/Audio_Codec/audiocodec_master_clock/inst/mmcm_adv_inst/CLKOUT0
Max Period  n/a     MMCME2_ADV/CLKOUT0  n/a            213.360       81.375      131.985    MMCME2_ADV_X0Y2  datapath/Audio_Codec/audiocodec_master_clock/inst/mmcm_adv_inst/CLKOUT0



---------------------------------------------------------------------------------------------------
From Clock:  clk_out2_clk_wiz_1
  To Clock:  clk_out2_clk_wiz_1

Setup :            0  Failing Endpoints,  Worst Slack       14.706ns,  Total Violation        0.000ns
Hold  :            0  Failing Endpoints,  Worst Slack        0.152ns,  Total Violation        0.000ns
PW    :            0  Failing Endpoints,  Worst Slack        9.500ns,  Total Violation        0.000ns
---------------------------------------------------------------------------------------------------


Max Delay Paths
--------------------------------------------------------------------------------------
Slack (MET) :             14.706ns  (required time - arrival time)
  Source:                 datapath/Audio_Codec/initialize_audio/delaycnt_reg[30]/C
                            (rising edge-triggered cell FDRE clocked by clk_out2_clk_wiz_1  {rise@0.000ns fall@10.000ns period=20.000ns})
  Destination:            datapath/Audio_Codec/initialize_audio/initA_reg[2]/CE
                            (rising edge-triggered cell FDRE clocked by clk_out2_clk_wiz_1  {rise@0.000ns fall@10.000ns period=20.000ns})
  Path Group:             clk_out2_clk_wiz_1
  Path Type:              Setup (Max at Slow Process Corner)
  Requirement:            20.000ns  (clk_out2_clk_wiz_1 rise@20.000ns - clk_out2_clk_wiz_1 rise@0.000ns)
  Data Path Delay:        4.974ns  (logic 1.076ns (21.631%)  route 3.898ns (78.369%))
  Logic Levels:           5  (LUT4=2 LUT5=1 LUT6=2)
  Clock Path Skew:        -0.031ns (DCD - SCD + CPR)
    Destination Clock Delay (DCD):    1.702ns = ( 21.702 - 20.000 ) 
    Source Clock Delay      (SCD):    1.813ns
    Clock Pessimism Removal (CPR):    0.080ns
  Clock Uncertainty:      0.084ns  ((TSJ^2 + DJ^2)^1/2) / 2 + PE
    Total System Jitter     (TSJ):    0.071ns
    Discrete Jitter          (DJ):    0.152ns
    Phase Error              (PE):    0.000ns

    Location             Delay type                Incr(ns)  Path(ns)    Netlist Resource(s)
  -------------------------------------------------------------------    -------------------
                         (clock clk_out2_clk_wiz_1 rise edge)
                                                      0.000     0.000 r  
    BUFGCTRL_X0Y2        BUFG                         0.000     0.000 r  clk_IBUF_BUFG_inst/O
                         net (fo=232, routed)         1.761     1.761    datapath/Audio_Codec/audiocodec_master_clock/inst/clk_in1
    MMCME2_ADV_X0Y2      MMCME2_ADV (Prop_mmcme2_adv_CLKIN1_CLKOUT1)
                                                     -3.701    -1.939 r  datapath/Audio_Codec/audiocodec_master_clock/inst/mmcm_adv_inst/CLKOUT1
                         net (fo=1, routed)           1.843    -0.096    datapath/Audio_Codec/audiocodec_master_clock/inst/clk_out2_clk_wiz_1
    BUFGCTRL_X0Y3        BUFG (Prop_bufg_I_O)         0.096    -0.000 r  datapath/Audio_Codec/audiocodec_master_clock/inst/clkout2_buf/O
                         net (fo=115, routed)         1.813     1.813    datapath/Audio_Codec/initialize_audio/CLK
    SLICE_X157Y122       FDRE                                         r  datapath/Audio_Codec/initialize_audio/delaycnt_reg[30]/C
  -------------------------------------------------------------------    -------------------
    SLICE_X157Y122       FDRE (Prop_fdre_C_Q)         0.456     2.269 f  datapath/Audio_Codec/initialize_audio/delaycnt_reg[30]/Q
                         net (fo=3, routed)           0.858     3.128    datapath/Audio_Codec/initialize_audio/delaycnt[30]
    SLICE_X156Y122       LUT4 (Prop_lut4_I3_O)        0.124     3.252 f  datapath/Audio_Codec/initialize_audio/state[3]_i_12/O
                         net (fo=1, routed)           0.636     3.888    datapath/Audio_Codec/initialize_audio/state[3]_i_12_n_0
    SLICE_X156Y121       LUT5 (Prop_lut5_I4_O)        0.124     4.012 f  datapath/Audio_Codec/initialize_audio/state[3]_i_8/O
                         net (fo=1, routed)           0.959     4.971    datapath/Audio_Codec/initialize_audio/state[3]_i_8_n_0
    SLICE_X158Y118       LUT4 (Prop_lut4_I2_O)        0.124     5.095 f  datapath/Audio_Codec/initialize_audio/state[3]_i_3/O
                         net (fo=4, routed)           0.323     5.418    datapath/Audio_Codec/initialize_audio/state[3]_i_3_n_0
    SLICE_X159Y119       LUT6 (Prop_lut6_I5_O)        0.124     5.542 r  datapath/Audio_Codec/initialize_audio/initA[6]_i_3/O
                         net (fo=1, routed)           0.289     5.832    datapath/Audio_Codec/initialize_audio/twi_controller/initA_reg[0]
    SLICE_X159Y120       LUT6 (Prop_lut6_I0_O)        0.124     5.956 r  datapath/Audio_Codec/initialize_audio/twi_controller/initA[6]_i_1/O
                         net (fo=7, routed)           0.832     6.788    datapath/Audio_Codec/initialize_audio/twi_controller_n_6
    SLICE_X163Y120       FDRE                                         r  datapath/Audio_Codec/initialize_audio/initA_reg[2]/CE
  -------------------------------------------------------------------    -------------------

                         (clock clk_out2_clk_wiz_1 rise edge)
                                                     20.000    20.000 r  
    BUFGCTRL_X0Y2        BUFG                         0.000    20.000 r  clk_IBUF_BUFG_inst/O
                         net (fo=232, routed)         1.643    21.643    datapath/Audio_Codec/audiocodec_master_clock/inst/clk_in1
    MMCME2_ADV_X0Y2      MMCME2_ADV (Prop_mmcme2_adv_CLKIN1_CLKOUT1)
                                                     -3.494    18.149 r  datapath/Audio_Codec/audiocodec_master_clock/inst/mmcm_adv_inst/CLKOUT1
                         net (fo=1, routed)           1.760    19.909    datapath/Audio_Codec/audiocodec_master_clock/inst/clk_out2_clk_wiz_1
    BUFGCTRL_X0Y3        BUFG (Prop_bufg_I_O)         0.091    20.000 r  datapath/Audio_Codec/audiocodec_master_clock/inst/clkout2_buf/O
                         net (fo=115, routed)         1.702    21.702    datapath/Audio_Codec/initialize_audio/CLK
    SLICE_X163Y120       FDRE                                         r  datapath/Audio_Codec/initialize_audio/initA_reg[2]/C
                         clock pessimism              0.080    21.782    
                         clock uncertainty           -0.084    21.699    
    SLICE_X163Y120       FDRE (Setup_fdre_C_CE)      -0.205    21.494    datapath/Audio_Codec/initialize_audio/initA_reg[2]
  -------------------------------------------------------------------
                         required time                         21.494    
                         arrival time                          -6.788    
  -------------------------------------------------------------------
                         slack                                 14.706    

Slack (MET) :             14.706ns  (required time - arrival time)
  Source:                 datapath/Audio_Codec/initialize_audio/delaycnt_reg[30]/C
                            (rising edge-triggered cell FDRE clocked by clk_out2_clk_wiz_1  {rise@0.000ns fall@10.000ns period=20.000ns})
  Destination:            datapath/Audio_Codec/initialize_audio/initA_reg[3]/CE
                            (rising edge-triggered cell FDRE clocked by clk_out2_clk_wiz_1  {rise@0.000ns fall@10.000ns period=20.000ns})
  Path Group:             clk_out2_clk_wiz_1
  Path Type:              Setup (Max at Slow Process Corner)
  Requirement:            20.000ns  (clk_out2_clk_wiz_1 rise@20.000ns - clk_out2_clk_wiz_1 rise@0.000ns)
  Data Path Delay:        4.974ns  (logic 1.076ns (21.631%)  route 3.898ns (78.369%))
  Logic Levels:           5  (LUT4=2 LUT5=1 LUT6=2)
  Clock Path Skew:        -0.031ns (DCD - SCD + CPR)
    Destination Clock Delay (DCD):    1.702ns = ( 21.702 - 20.000 ) 
    Source Clock Delay      (SCD):    1.813ns
    Clock Pessimism Removal (CPR):    0.080ns
  Clock Uncertainty:      0.084ns  ((TSJ^2 + DJ^2)^1/2) / 2 + PE
    Total System Jitter     (TSJ):    0.071ns
    Discrete Jitter          (DJ):    0.152ns
    Phase Error              (PE):    0.000ns

    Location             Delay type                Incr(ns)  Path(ns)    Netlist Resource(s)
  -------------------------------------------------------------------    -------------------
                         (clock clk_out2_clk_wiz_1 rise edge)
                                                      0.000     0.000 r  
    BUFGCTRL_X0Y2        BUFG                         0.000     0.000 r  clk_IBUF_BUFG_inst/O
                         net (fo=232, routed)         1.761     1.761    datapath/Audio_Codec/audiocodec_master_clock/inst/clk_in1
    MMCME2_ADV_X0Y2      MMCME2_ADV (Prop_mmcme2_adv_CLKIN1_CLKOUT1)
                                                     -3.701    -1.939 r  datapath/Audio_Codec/audiocodec_master_clock/inst/mmcm_adv_inst/CLKOUT1
                         net (fo=1, routed)           1.843    -0.096    datapath/Audio_Codec/audiocodec_master_clock/inst/clk_out2_clk_wiz_1
    BUFGCTRL_X0Y3        BUFG (Prop_bufg_I_O)         0.096    -0.000 r  datapath/Audio_Codec/audiocodec_master_clock/inst/clkout2_buf/O
                         net (fo=115, routed)         1.813     1.813    datapath/Audio_Codec/initialize_audio/CLK
    SLICE_X157Y122       FDRE                                         r  datapath/Audio_Codec/initialize_audio/delaycnt_reg[30]/C
  -------------------------------------------------------------------    -------------------
    SLICE_X157Y122       FDRE (Prop_fdre_C_Q)         0.456     2.269 f  datapath/Audio_Codec/initialize_audio/delaycnt_reg[30]/Q
                         net (fo=3, routed)           0.858     3.128    datapath/Audio_Codec/initialize_audio/delaycnt[30]
    SLICE_X156Y122       LUT4 (Prop_lut4_I3_O)        0.124     3.252 f  datapath/Audio_Codec/initialize_audio/state[3]_i_12/O
                         net (fo=1, routed)           0.636     3.888    datapath/Audio_Codec/initialize_audio/state[3]_i_12_n_0
    SLICE_X156Y121       LUT5 (Prop_lut5_I4_O)        0.124     4.012 f  datapath/Audio_Codec/initialize_audio/state[3]_i_8/O
                         net (fo=1, routed)           0.959     4.971    datapath/Audio_Codec/initialize_audio/state[3]_i_8_n_0
    SLICE_X158Y118       LUT4 (Prop_lut4_I2_O)        0.124     5.095 f  datapath/Audio_Codec/initialize_audio/state[3]_i_3/O
                         net (fo=4, routed)           0.323     5.418    datapath/Audio_Codec/initialize_audio/state[3]_i_3_n_0
    SLICE_X159Y119       LUT6 (Prop_lut6_I5_O)        0.124     5.542 r  datapath/Audio_Codec/initialize_audio/initA[6]_i_3/O
                         net (fo=1, routed)           0.289     5.832    datapath/Audio_Codec/initialize_audio/twi_controller/initA_reg[0]
    SLICE_X159Y120       LUT6 (Prop_lut6_I0_O)        0.124     5.956 r  datapath/Audio_Codec/initialize_audio/twi_controller/initA[6]_i_1/O
                         net (fo=7, routed)           0.832     6.788    datapath/Audio_Codec/initialize_audio/twi_controller_n_6
    SLICE_X163Y120       FDRE                                         r  datapath/Audio_Codec/initialize_audio/initA_reg[3]/CE
  -------------------------------------------------------------------    -------------------

                         (clock clk_out2_clk_wiz_1 rise edge)
                                                     20.000    20.000 r  
    BUFGCTRL_X0Y2        BUFG                         0.000    20.000 r  clk_IBUF_BUFG_inst/O
                         net (fo=232, routed)         1.643    21.643    datapath/Audio_Codec/audiocodec_master_clock/inst/clk_in1
    MMCME2_ADV_X0Y2      MMCME2_ADV (Prop_mmcme2_adv_CLKIN1_CLKOUT1)
                                                     -3.494    18.149 r  datapath/Audio_Codec/audiocodec_master_clock/inst/mmcm_adv_inst/CLKOUT1
                         net (fo=1, routed)           1.760    19.909    datapath/Audio_Codec/audiocodec_master_clock/inst/clk_out2_clk_wiz_1
    BUFGCTRL_X0Y3        BUFG (Prop_bufg_I_O)         0.091    20.000 r  datapath/Audio_Codec/audiocodec_master_clock/inst/clkout2_buf/O
                         net (fo=115, routed)         1.702    21.702    datapath/Audio_Codec/initialize_audio/CLK
    SLICE_X163Y120       FDRE                                         r  datapath/Audio_Codec/initialize_audio/initA_reg[3]/C
                         clock pessimism              0.080    21.782    
                         clock uncertainty           -0.084    21.699    
    SLICE_X163Y120       FDRE (Setup_fdre_C_CE)      -0.205    21.494    datapath/Audio_Codec/initialize_audio/initA_reg[3]
  -------------------------------------------------------------------
                         required time                         21.494    
                         arrival time                          -6.788    
  -------------------------------------------------------------------
                         slack                                 14.706    

Slack (MET) :             14.706ns  (required time - arrival time)
  Source:                 datapath/Audio_Codec/initialize_audio/delaycnt_reg[30]/C
                            (rising edge-triggered cell FDRE clocked by clk_out2_clk_wiz_1  {rise@0.000ns fall@10.000ns period=20.000ns})
  Destination:            datapath/Audio_Codec/initialize_audio/initA_reg[5]/CE
                            (rising edge-triggered cell FDRE clocked by clk_out2_clk_wiz_1  {rise@0.000ns fall@10.000ns period=20.000ns})
  Path Group:             clk_out2_clk_wiz_1
  Path Type:              Setup (Max at Slow Process Corner)
  Requirement:            20.000ns  (clk_out2_clk_wiz_1 rise@20.000ns - clk_out2_clk_wiz_1 rise@0.000ns)
  Data Path Delay:        4.974ns  (logic 1.076ns (21.631%)  route 3.898ns (78.369%))
  Logic Levels:           5  (LUT4=2 LUT5=1 LUT6=2)
  Clock Path Skew:        -0.031ns (DCD - SCD + CPR)
    Destination Clock Delay (DCD):    1.702ns = ( 21.702 - 20.000 ) 
    Source Clock Delay      (SCD):    1.813ns
    Clock Pessimism Removal (CPR):    0.080ns
  Clock Uncertainty:      0.084ns  ((TSJ^2 + DJ^2)^1/2) / 2 + PE
    Total System Jitter     (TSJ):    0.071ns
    Discrete Jitter          (DJ):    0.152ns
    Phase Error              (PE):    0.000ns

    Location             Delay type                Incr(ns)  Path(ns)    Netlist Resource(s)
  -------------------------------------------------------------------    -------------------
                         (clock clk_out2_clk_wiz_1 rise edge)
                                                      0.000     0.000 r  
    BUFGCTRL_X0Y2        BUFG                         0.000     0.000 r  clk_IBUF_BUFG_inst/O
                         net (fo=232, routed)         1.761     1.761    datapath/Audio_Codec/audiocodec_master_clock/inst/clk_in1
    MMCME2_ADV_X0Y2      MMCME2_ADV (Prop_mmcme2_adv_CLKIN1_CLKOUT1)
                                                     -3.701    -1.939 r  datapath/Audio_Codec/audiocodec_master_clock/inst/mmcm_adv_inst/CLKOUT1
                         net (fo=1, routed)           1.843    -0.096    datapath/Audio_Codec/audiocodec_master_clock/inst/clk_out2_clk_wiz_1
    BUFGCTRL_X0Y3        BUFG (Prop_bufg_I_O)         0.096    -0.000 r  datapath/Audio_Codec/audiocodec_master_clock/inst/clkout2_buf/O
                         net (fo=115, routed)         1.813     1.813    datapath/Audio_Codec/initialize_audio/CLK
    SLICE_X157Y122       FDRE                                         r  datapath/Audio_Codec/initialize_audio/delaycnt_reg[30]/C
  -------------------------------------------------------------------    -------------------
    SLICE_X157Y122       FDRE (Prop_fdre_C_Q)         0.456     2.269 f  datapath/Audio_Codec/initialize_audio/delaycnt_reg[30]/Q
                         net (fo=3, routed)           0.858     3.128    datapath/Audio_Codec/initialize_audio/delaycnt[30]
    SLICE_X156Y122       LUT4 (Prop_lut4_I3_O)        0.124     3.252 f  datapath/Audio_Codec/initialize_audio/state[3]_i_12/O
                         net (fo=1, routed)           0.636     3.888    datapath/Audio_Codec/initialize_audio/state[3]_i_12_n_0
    SLICE_X156Y121       LUT5 (Prop_lut5_I4_O)        0.124     4.012 f  datapath/Audio_Codec/initialize_audio/state[3]_i_8/O
                         net (fo=1, routed)           0.959     4.971    datapath/Audio_Codec/initialize_audio/state[3]_i_8_n_0
    SLICE_X158Y118       LUT4 (Prop_lut4_I2_O)        0.124     5.095 f  datapath/Audio_Codec/initialize_audio/state[3]_i_3/O
                         net (fo=4, routed)           0.323     5.418    datapath/Audio_Codec/initialize_audio/state[3]_i_3_n_0
    SLICE_X159Y119       LUT6 (Prop_lut6_I5_O)        0.124     5.542 r  datapath/Audio_Codec/initialize_audio/initA[6]_i_3/O
                         net (fo=1, routed)           0.289     5.832    datapath/Audio_Codec/initialize_audio/twi_controller/initA_reg[0]
    SLICE_X159Y120       LUT6 (Prop_lut6_I0_O)        0.124     5.956 r  datapath/Audio_Codec/initialize_audio/twi_controller/initA[6]_i_1/O
                         net (fo=7, routed)           0.832     6.788    datapath/Audio_Codec/initialize_audio/twi_controller_n_6
    SLICE_X163Y120       FDRE                                         r  datapath/Audio_Codec/initialize_audio/initA_reg[5]/CE
  -------------------------------------------------------------------    -------------------

                         (clock clk_out2_clk_wiz_1 rise edge)
                                                     20.000    20.000 r  
    BUFGCTRL_X0Y2        BUFG                         0.000    20.000 r  clk_IBUF_BUFG_inst/O
                         net (fo=232, routed)         1.643    21.643    datapath/Audio_Codec/audiocodec_master_clock/inst/clk_in1
    MMCME2_ADV_X0Y2      MMCME2_ADV (Prop_mmcme2_adv_CLKIN1_CLKOUT1)
                                                     -3.494    18.149 r  datapath/Audio_Codec/audiocodec_master_clock/inst/mmcm_adv_inst/CLKOUT1
                         net (fo=1, routed)           1.760    19.909    datapath/Audio_Codec/audiocodec_master_clock/inst/clk_out2_clk_wiz_1
    BUFGCTRL_X0Y3        BUFG (Prop_bufg_I_O)         0.091    20.000 r  datapath/Audio_Codec/audiocodec_master_clock/inst/clkout2_buf/O
                         net (fo=115, routed)         1.702    21.702    datapath/Audio_Codec/initialize_audio/CLK
    SLICE_X163Y120       FDRE                                         r  datapath/Audio_Codec/initialize_audio/initA_reg[5]/C
                         clock pessimism              0.080    21.782    
                         clock uncertainty           -0.084    21.699    
    SLICE_X163Y120       FDRE (Setup_fdre_C_CE)      -0.205    21.494    datapath/Audio_Codec/initialize_audio/initA_reg[5]
  -------------------------------------------------------------------
                         required time                         21.494    
                         arrival time                          -6.788    
  -------------------------------------------------------------------
                         slack                                 14.706    

Slack (MET) :             14.706ns  (required time - arrival time)
  Source:                 datapath/Audio_Codec/initialize_audio/delaycnt_reg[30]/C
                            (rising edge-triggered cell FDRE clocked by clk_out2_clk_wiz_1  {rise@0.000ns fall@10.000ns period=20.000ns})
  Destination:            datapath/Audio_Codec/initialize_audio/initA_reg[6]/CE
                            (rising edge-triggered cell FDRE clocked by clk_out2_clk_wiz_1  {rise@0.000ns fall@10.000ns period=20.000ns})
  Path Group:             clk_out2_clk_wiz_1
  Path Type:              Setup (Max at Slow Process Corner)
  Requirement:            20.000ns  (clk_out2_clk_wiz_1 rise@20.000ns - clk_out2_clk_wiz_1 rise@0.000ns)
  Data Path Delay:        4.974ns  (logic 1.076ns (21.631%)  route 3.898ns (78.369%))
  Logic Levels:           5  (LUT4=2 LUT5=1 LUT6=2)
  Clock Path Skew:        -0.031ns (DCD - SCD + CPR)
    Destination Clock Delay (DCD):    1.702ns = ( 21.702 - 20.000 ) 
    Source Clock Delay      (SCD):    1.813ns
    Clock Pessimism Removal (CPR):    0.080ns
  Clock Uncertainty:      0.084ns  ((TSJ^2 + DJ^2)^1/2) / 2 + PE
    Total System Jitter     (TSJ):    0.071ns
    Discrete Jitter          (DJ):    0.152ns
    Phase Error              (PE):    0.000ns

    Location             Delay type                Incr(ns)  Path(ns)    Netlist Resource(s)
  -------------------------------------------------------------------    -------------------
                         (clock clk_out2_clk_wiz_1 rise edge)
                                                      0.000     0.000 r  
    BUFGCTRL_X0Y2        BUFG                         0.000     0.000 r  clk_IBUF_BUFG_inst/O
                         net (fo=232, routed)         1.761     1.761    datapath/Audio_Codec/audiocodec_master_clock/inst/clk_in1
    MMCME2_ADV_X0Y2      MMCME2_ADV (Prop_mmcme2_adv_CLKIN1_CLKOUT1)
                                                     -3.701    -1.939 r  datapath/Audio_Codec/audiocodec_master_clock/inst/mmcm_adv_inst/CLKOUT1
                         net (fo=1, routed)           1.843    -0.096    datapath/Audio_Codec/audiocodec_master_clock/inst/clk_out2_clk_wiz_1
    BUFGCTRL_X0Y3        BUFG (Prop_bufg_I_O)         0.096    -0.000 r  datapath/Audio_Codec/audiocodec_master_clock/inst/clkout2_buf/O
                         net (fo=115, routed)         1.813     1.813    datapath/Audio_Codec/initialize_audio/CLK
    SLICE_X157Y122       FDRE                                         r  datapath/Audio_Codec/initialize_audio/delaycnt_reg[30]/C
  -------------------------------------------------------------------    -------------------
    SLICE_X157Y122       FDRE (Prop_fdre_C_Q)         0.456     2.269 f  datapath/Audio_Codec/initialize_audio/delaycnt_reg[30]/Q
                         net (fo=3, routed)           0.858     3.128    datapath/Audio_Codec/initialize_audio/delaycnt[30]
    SLICE_X156Y122       LUT4 (Prop_lut4_I3_O)        0.124     3.252 f  datapath/Audio_Codec/initialize_audio/state[3]_i_12/O
                         net (fo=1, routed)           0.636     3.888    datapath/Audio_Codec/initialize_audio/state[3]_i_12_n_0
    SLICE_X156Y121       LUT5 (Prop_lut5_I4_O)        0.124     4.012 f  datapath/Audio_Codec/initialize_audio/state[3]_i_8/O
                         net (fo=1, routed)           0.959     4.971    datapath/Audio_Codec/initialize_audio/state[3]_i_8_n_0
    SLICE_X158Y118       LUT4 (Prop_lut4_I2_O)        0.124     5.095 f  datapath/Audio_Codec/initialize_audio/state[3]_i_3/O
                         net (fo=4, routed)           0.323     5.418    datapath/Audio_Codec/initialize_audio/state[3]_i_3_n_0
    SLICE_X159Y119       LUT6 (Prop_lut6_I5_O)        0.124     5.542 r  datapath/Audio_Codec/initialize_audio/initA[6]_i_3/O
                         net (fo=1, routed)           0.289     5.832    datapath/Audio_Codec/initialize_audio/twi_controller/initA_reg[0]
    SLICE_X159Y120       LUT6 (Prop_lut6_I0_O)        0.124     5.956 r  datapath/Audio_Codec/initialize_audio/twi_controller/initA[6]_i_1/O
                         net (fo=7, routed)           0.832     6.788    datapath/Audio_Codec/initialize_audio/twi_controller_n_6
    SLICE_X163Y120       FDRE                                         r  datapath/Audio_Codec/initialize_audio/initA_reg[6]/CE
  -------------------------------------------------------------------    -------------------

                         (clock clk_out2_clk_wiz_1 rise edge)
                                                     20.000    20.000 r  
    BUFGCTRL_X0Y2        BUFG                         0.000    20.000 r  clk_IBUF_BUFG_inst/O
                         net (fo=232, routed)         1.643    21.643    datapath/Audio_Codec/audiocodec_master_clock/inst/clk_in1
    MMCME2_ADV_X0Y2      MMCME2_ADV (Prop_mmcme2_adv_CLKIN1_CLKOUT1)
                                                     -3.494    18.149 r  datapath/Audio_Codec/audiocodec_master_clock/inst/mmcm_adv_inst/CLKOUT1
                         net (fo=1, routed)           1.760    19.909    datapath/Audio_Codec/audiocodec_master_clock/inst/clk_out2_clk_wiz_1
    BUFGCTRL_X0Y3        BUFG (Prop_bufg_I_O)         0.091    20.000 r  datapath/Audio_Codec/audiocodec_master_clock/inst/clkout2_buf/O
                         net (fo=115, routed)         1.702    21.702    datapath/Audio_Codec/initialize_audio/CLK
    SLICE_X163Y120       FDRE                                         r  datapath/Audio_Codec/initialize_audio/initA_reg[6]/C
                         clock pessimism              0.080    21.782    
                         clock uncertainty           -0.084    21.699    
    SLICE_X163Y120       FDRE (Setup_fdre_C_CE)      -0.205    21.494    datapath/Audio_Codec/initialize_audio/initA_reg[6]
  -------------------------------------------------------------------
                         required time                         21.494    
                         arrival time                          -6.788    
  -------------------------------------------------------------------
                         slack                                 14.706    

Slack (MET) :             14.810ns  (required time - arrival time)
  Source:                 datapath/Audio_Codec/initialize_audio/twi_controller/sclCnt_reg[3]/C
                            (rising edge-triggered cell FDSE clocked by clk_out2_clk_wiz_1  {rise@0.000ns fall@10.000ns period=20.000ns})
  Destination:            datapath/Audio_Codec/initialize_audio/twi_controller/dataByte_reg[1]/D
                            (rising edge-triggered cell FDRE clocked by clk_out2_clk_wiz_1  {rise@0.000ns fall@10.000ns period=20.000ns})
  Path Group:             clk_out2_clk_wiz_1
  Path Type:              Setup (Max at Slow Process Corner)
  Requirement:            20.000ns  (clk_out2_clk_wiz_1 rise@20.000ns - clk_out2_clk_wiz_1 rise@0.000ns)
  Data Path Delay:        5.113ns  (logic 1.390ns (27.185%)  route 3.723ns (72.815%))
  Logic Levels:           5  (LUT2=1 LUT3=1 LUT4=1 LUT5=1 LUT6=1)
  Clock Path Skew:        -0.022ns (DCD - SCD + CPR)
    Destination Clock Delay (DCD):    1.705ns = ( 21.705 - 20.000 ) 
    Source Clock Delay      (SCD):    1.821ns
    Clock Pessimism Removal (CPR):    0.094ns
  Clock Uncertainty:      0.084ns  ((TSJ^2 + DJ^2)^1/2) / 2 + PE
    Total System Jitter     (TSJ):    0.071ns
    Discrete Jitter          (DJ):    0.152ns
    Phase Error              (PE):    0.000ns

    Location             Delay type                Incr(ns)  Path(ns)    Netlist Resource(s)
  -------------------------------------------------------------------    -------------------
                         (clock clk_out2_clk_wiz_1 rise edge)
                                                      0.000     0.000 r  
    BUFGCTRL_X0Y2        BUFG                         0.000     0.000 r  clk_IBUF_BUFG_inst/O
                         net (fo=232, routed)         1.761     1.761    datapath/Audio_Codec/audiocodec_master_clock/inst/clk_in1
    MMCME2_ADV_X0Y2      MMCME2_ADV (Prop_mmcme2_adv_CLKIN1_CLKOUT1)
                                                     -3.701    -1.939 r  datapath/Audio_Codec/audiocodec_master_clock/inst/mmcm_adv_inst/CLKOUT1
                         net (fo=1, routed)           1.843    -0.096    datapath/Audio_Codec/audiocodec_master_clock/inst/clk_out2_clk_wiz_1
    BUFGCTRL_X0Y3        BUFG (Prop_bufg_I_O)         0.096    -0.000 r  datapath/Audio_Codec/audiocodec_master_clock/inst/clkout2_buf/O
                         net (fo=115, routed)         1.821     1.821    datapath/Audio_Codec/initialize_audio/twi_controller/CLK
    SLICE_X162Y118       FDSE                                         r  datapath/Audio_Codec/initialize_audio/twi_controller/sclCnt_reg[3]/C
  -------------------------------------------------------------------    -------------------
    SLICE_X162Y118       FDSE (Prop_fdse_C_Q)         0.518     2.339 r  datapath/Audio_Codec/initialize_audio/twi_controller/sclCnt_reg[3]/Q
                         net (fo=4, routed)           0.686     3.026    datapath/Audio_Codec/initialize_audio/twi_controller/sclCnt_reg[3]
    SLICE_X162Y118       LUT6 (Prop_lut6_I4_O)        0.124     3.150 r  datapath/Audio_Codec/initialize_audio/twi_controller/sclCnt[6]_i_4/O
                         net (fo=2, routed)           0.670     3.820    datapath/Audio_Codec/initialize_audio/twi_controller/sclCnt[6]_i_4_n_0
    SLICE_X162Y118       LUT2 (Prop_lut2_I0_O)        0.152     3.972 r  datapath/Audio_Codec/initialize_audio/twi_controller/subState[1]_i_2/O
                         net (fo=10, routed)          1.045     5.017    datapath/Audio_Codec/initialize_audio/twi_controller/subState[1]_i_2_n_0
    SLICE_X162Y116       LUT3 (Prop_lut3_I2_O)        0.348     5.365 r  datapath/Audio_Codec/initialize_audio/twi_controller/FSM_gray_state[3]_i_5/O
                         net (fo=2, routed)           0.299     5.664    datapath/Audio_Codec/initialize_audio/twi_controller/FSM_gray_state[3]_i_5_n_0
    SLICE_X162Y116       LUT5 (Prop_lut5_I0_O)        0.124     5.788 r  datapath/Audio_Codec/initialize_audio/twi_controller/dataByte[7]_i_6/O
                         net (fo=12, routed)          1.023     6.810    datapath/Audio_Codec/initialize_audio/twi_controller/dataByte[7]_i_6_n_0
    SLICE_X160Y117       LUT4 (Prop_lut4_I2_O)        0.124     6.934 r  datapath/Audio_Codec/initialize_audio/twi_controller/dataByte[1]_i_1/O
                         net (fo=1, routed)           0.000     6.934    datapath/Audio_Codec/initialize_audio/twi_controller/p_1_in[1]
    SLICE_X160Y117       FDRE                                         r  datapath/Audio_Codec/initialize_audio/twi_controller/dataByte_reg[1]/D
  -------------------------------------------------------------------    -------------------

                         (clock clk_out2_clk_wiz_1 rise edge)
                                                     20.000    20.000 r  
    BUFGCTRL_X0Y2        BUFG                         0.000    20.000 r  clk_IBUF_BUFG_inst/O
                         net (fo=232, routed)         1.643    21.643    datapath/Audio_Codec/audiocodec_master_clock/inst/clk_in1
    MMCME2_ADV_X0Y2      MMCME2_ADV (Prop_mmcme2_adv_CLKIN1_CLKOUT1)
                                                     -3.494    18.149 r  datapath/Audio_Codec/audiocodec_master_clock/inst/mmcm_adv_inst/CLKOUT1
                         net (fo=1, routed)           1.760    19.909    datapath/Audio_Codec/audiocodec_master_clock/inst/clk_out2_clk_wiz_1
    BUFGCTRL_X0Y3        BUFG (Prop_bufg_I_O)         0.091    20.000 r  datapath/Audio_Codec/audiocodec_master_clock/inst/clkout2_buf/O
                         net (fo=115, routed)         1.705    21.705    datapath/Audio_Codec/initialize_audio/twi_controller/CLK
    SLICE_X160Y117       FDRE                                         r  datapath/Audio_Codec/initialize_audio/twi_controller/dataByte_reg[1]/C
                         clock pessimism              0.094    21.799    
                         clock uncertainty           -0.084    21.716    
    SLICE_X160Y117       FDRE (Setup_fdre_C_D)        0.029    21.745    datapath/Audio_Codec/initialize_audio/twi_controller/dataByte_reg[1]
  -------------------------------------------------------------------
                         required time                         21.745    
                         arrival time                          -6.934    
  -------------------------------------------------------------------
                         slack                                 14.810    

Slack (MET) :             14.813ns  (required time - arrival time)
  Source:                 datapath/Audio_Codec/initialize_audio/twi_controller/sclCnt_reg[3]/C
                            (rising edge-triggered cell FDSE clocked by clk_out2_clk_wiz_1  {rise@0.000ns fall@10.000ns period=20.000ns})
  Destination:            datapath/Audio_Codec/initialize_audio/twi_controller/FSM_gray_state_reg[2]/CE
                            (rising edge-triggered cell FDRE clocked by clk_out2_clk_wiz_1  {rise@0.000ns fall@10.000ns period=20.000ns})
  Path Group:             clk_out2_clk_wiz_1
  Path Type:              Setup (Max at Slow Process Corner)
  Requirement:            20.000ns  (clk_out2_clk_wiz_1 rise@20.000ns - clk_out2_clk_wiz_1 rise@0.000ns)
  Data Path Delay:        4.861ns  (logic 1.266ns (26.042%)  route 3.595ns (73.958%))
  Logic Levels:           4  (LUT2=1 LUT3=1 LUT6=2)
  Clock Path Skew:        -0.037ns (DCD - SCD + CPR)
    Destination Clock Delay (DCD):    1.704ns = ( 21.704 - 20.000 ) 
    Source Clock Delay      (SCD):    1.821ns
    Clock Pessimism Removal (CPR):    0.080ns
  Clock Uncertainty:      0.084ns  ((TSJ^2 + DJ^2)^1/2) / 2 + PE
    Total System Jitter     (TSJ):    0.071ns
    Discrete Jitter          (DJ):    0.152ns
    Phase Error              (PE):    0.000ns

    Location             Delay type                Incr(ns)  Path(ns)    Netlist Resource(s)
  -------------------------------------------------------------------    -------------------
                         (clock clk_out2_clk_wiz_1 rise edge)
                                                      0.000     0.000 r  
    BUFGCTRL_X0Y2        BUFG                         0.000     0.000 r  clk_IBUF_BUFG_inst/O
                         net (fo=232, routed)         1.761     1.761    datapath/Audio_Codec/audiocodec_master_clock/inst/clk_in1
    MMCME2_ADV_X0Y2      MMCME2_ADV (Prop_mmcme2_adv_CLKIN1_CLKOUT1)
                                                     -3.701    -1.939 r  datapath/Audio_Codec/audiocodec_master_clock/inst/mmcm_adv_inst/CLKOUT1
                         net (fo=1, routed)           1.843    -0.096    datapath/Audio_Codec/audiocodec_master_clock/inst/clk_out2_clk_wiz_1
    BUFGCTRL_X0Y3        BUFG (Prop_bufg_I_O)         0.096    -0.000 r  datapath/Audio_Codec/audiocodec_master_clock/inst/clkout2_buf/O
                         net (fo=115, routed)         1.821     1.821    datapath/Audio_Codec/initialize_audio/twi_controller/CLK
    SLICE_X162Y118       FDSE                                         r  datapath/Audio_Codec/initialize_audio/twi_controller/sclCnt_reg[3]/C
  -------------------------------------------------------------------    -------------------
    SLICE_X162Y118       FDSE (Prop_fdse_C_Q)         0.518     2.339 f  datapath/Audio_Codec/initialize_audio/twi_controller/sclCnt_reg[3]/Q
                         net (fo=4, routed)           0.686     3.026    datapath/Audio_Codec/initialize_audio/twi_controller/sclCnt_reg[3]
    SLICE_X162Y118       LUT6 (Prop_lut6_I4_O)        0.124     3.150 f  datapath/Audio_Codec/initialize_audio/twi_controller/sclCnt[6]_i_4/O
                         net (fo=2, routed)           0.670     3.820    datapath/Audio_Codec/initialize_audio/twi_controller/sclCnt[6]_i_4_n_0
    SLICE_X162Y118       LUT2 (Prop_lut2_I0_O)        0.152     3.972 f  datapath/Audio_Codec/initialize_audio/twi_controller/subState[1]_i_2/O
                         net (fo=10, routed)          1.045     5.017    datapath/Audio_Codec/initialize_audio/twi_controller/subState[1]_i_2_n_0
    SLICE_X162Y116       LUT3 (Prop_lut3_I2_O)        0.348     5.365 f  datapath/Audio_Codec/initialize_audio/twi_controller/FSM_gray_state[3]_i_5/O
                         net (fo=2, routed)           0.825     6.190    datapath/Audio_Codec/initialize_audio/twi_controller/FSM_gray_state[3]_i_5_n_0
    SLICE_X161Y115       LUT6 (Prop_lut6_I2_O)        0.124     6.314 r  datapath/Audio_Codec/initialize_audio/twi_controller/FSM_gray_state[3]_i_1/O
                         net (fo=4, routed)           0.369     6.683    datapath/Audio_Codec/initialize_audio/twi_controller/FSM_gray_state[3]_i_1_n_0
    SLICE_X159Y116       FDRE                                         r  datapath/Audio_Codec/initialize_audio/twi_controller/FSM_gray_state_reg[2]/CE
  -------------------------------------------------------------------    -------------------

                         (clock clk_out2_clk_wiz_1 rise edge)
                                                     20.000    20.000 r  
    BUFGCTRL_X0Y2        BUFG                         0.000    20.000 r  clk_IBUF_BUFG_inst/O
                         net (fo=232, routed)         1.643    21.643    datapath/Audio_Codec/audiocodec_master_clock/inst/clk_in1
    MMCME2_ADV_X0Y2      MMCME2_ADV (Prop_mmcme2_adv_CLKIN1_CLKOUT1)
                                                     -3.494    18.149 r  datapath/Audio_Codec/audiocodec_master_clock/inst/mmcm_adv_inst/CLKOUT1
                         net (fo=1, routed)           1.760    19.909    datapath/Audio_Codec/audiocodec_master_clock/inst/clk_out2_clk_wiz_1
    BUFGCTRL_X0Y3        BUFG (Prop_bufg_I_O)         0.091    20.000 r  datapath/Audio_Codec/audiocodec_master_clock/inst/clkout2_buf/O
                         net (fo=115, routed)         1.704    21.704    datapath/Audio_Codec/initialize_audio/twi_controller/CLK
    SLICE_X159Y116       FDRE                                         r  datapath/Audio_Codec/initialize_audio/twi_controller/FSM_gray_state_reg[2]/C
                         clock pessimism              0.080    21.784    
                         clock uncertainty           -0.084    21.701    
    SLICE_X159Y116       FDRE (Setup_fdre_C_CE)      -0.205    21.496    datapath/Audio_Codec/initialize_audio/twi_controller/FSM_gray_state_reg[2]
  -------------------------------------------------------------------
                         required time                         21.496    
                         arrival time                          -6.683    
  -------------------------------------------------------------------
                         slack                                 14.813    

Slack (MET) :             14.813ns  (required time - arrival time)
  Source:                 datapath/Audio_Codec/initialize_audio/twi_controller/sclCnt_reg[3]/C
                            (rising edge-triggered cell FDSE clocked by clk_out2_clk_wiz_1  {rise@0.000ns fall@10.000ns period=20.000ns})
  Destination:            datapath/Audio_Codec/initialize_audio/twi_controller/FSM_gray_state_reg[3]/CE
                            (rising edge-triggered cell FDRE clocked by clk_out2_clk_wiz_1  {rise@0.000ns fall@10.000ns period=20.000ns})
  Path Group:             clk_out2_clk_wiz_1
  Path Type:              Setup (Max at Slow Process Corner)
  Requirement:            20.000ns  (clk_out2_clk_wiz_1 rise@20.000ns - clk_out2_clk_wiz_1 rise@0.000ns)
  Data Path Delay:        4.861ns  (logic 1.266ns (26.042%)  route 3.595ns (73.958%))
  Logic Levels:           4  (LUT2=1 LUT3=1 LUT6=2)
  Clock Path Skew:        -0.037ns (DCD - SCD + CPR)
    Destination Clock Delay (DCD):    1.704ns = ( 21.704 - 20.000 ) 
    Source Clock Delay      (SCD):    1.821ns
    Clock Pessimism Removal (CPR):    0.080ns
  Clock Uncertainty:      0.084ns  ((TSJ^2 + DJ^2)^1/2) / 2 + PE
    Total System Jitter     (TSJ):    0.071ns
    Discrete Jitter          (DJ):    0.152ns
    Phase Error              (PE):    0.000ns

    Location             Delay type                Incr(ns)  Path(ns)    Netlist Resource(s)
  -------------------------------------------------------------------    -------------------
                         (clock clk_out2_clk_wiz_1 rise edge)
                                                      0.000     0.000 r  
    BUFGCTRL_X0Y2        BUFG                         0.000     0.000 r  clk_IBUF_BUFG_inst/O
                         net (fo=232, routed)         1.761     1.761    datapath/Audio_Codec/audiocodec_master_clock/inst/clk_in1
    MMCME2_ADV_X0Y2      MMCME2_ADV (Prop_mmcme2_adv_CLKIN1_CLKOUT1)
                                                     -3.701    -1.939 r  datapath/Audio_Codec/audiocodec_master_clock/inst/mmcm_adv_inst/CLKOUT1
                         net (fo=1, routed)           1.843    -0.096    datapath/Audio_Codec/audiocodec_master_clock/inst/clk_out2_clk_wiz_1
    BUFGCTRL_X0Y3        BUFG (Prop_bufg_I_O)         0.096    -0.000 r  datapath/Audio_Codec/audiocodec_master_clock/inst/clkout2_buf/O
                         net (fo=115, routed)         1.821     1.821    datapath/Audio_Codec/initialize_audio/twi_controller/CLK
    SLICE_X162Y118       FDSE                                         r  datapath/Audio_Codec/initialize_audio/twi_controller/sclCnt_reg[3]/C
  -------------------------------------------------------------------    -------------------
    SLICE_X162Y118       FDSE (Prop_fdse_C_Q)         0.518     2.339 f  datapath/Audio_Codec/initialize_audio/twi_controller/sclCnt_reg[3]/Q
                         net (fo=4, routed)           0.686     3.026    datapath/Audio_Codec/initialize_audio/twi_controller/sclCnt_reg[3]
    SLICE_X162Y118       LUT6 (Prop_lut6_I4_O)        0.124     3.150 f  datapath/Audio_Codec/initialize_audio/twi_controller/sclCnt[6]_i_4/O
                         net (fo=2, routed)           0.670     3.820    datapath/Audio_Codec/initialize_audio/twi_controller/sclCnt[6]_i_4_n_0
    SLICE_X162Y118       LUT2 (Prop_lut2_I0_O)        0.152     3.972 f  datapath/Audio_Codec/initialize_audio/twi_controller/subState[1]_i_2/O
                         net (fo=10, routed)          1.045     5.017    datapath/Audio_Codec/initialize_audio/twi_controller/subState[1]_i_2_n_0
    SLICE_X162Y116       LUT3 (Prop_lut3_I2_O)        0.348     5.365 f  datapath/Audio_Codec/initialize_audio/twi_controller/FSM_gray_state[3]_i_5/O
                         net (fo=2, routed)           0.825     6.190    datapath/Audio_Codec/initialize_audio/twi_controller/FSM_gray_state[3]_i_5_n_0
    SLICE_X161Y115       LUT6 (Prop_lut6_I2_O)        0.124     6.314 r  datapath/Audio_Codec/initialize_audio/twi_controller/FSM_gray_state[3]_i_1/O
                         net (fo=4, routed)           0.369     6.683    datapath/Audio_Codec/initialize_audio/twi_controller/FSM_gray_state[3]_i_1_n_0
    SLICE_X159Y116       FDRE                                         r  datapath/Audio_Codec/initialize_audio/twi_controller/FSM_gray_state_reg[3]/CE
  -------------------------------------------------------------------    -------------------

                         (clock clk_out2_clk_wiz_1 rise edge)
                                                     20.000    20.000 r  
    BUFGCTRL_X0Y2        BUFG                         0.000    20.000 r  clk_IBUF_BUFG_inst/O
                         net (fo=232, routed)         1.643    21.643    datapath/Audio_Codec/audiocodec_master_clock/inst/clk_in1
    MMCME2_ADV_X0Y2      MMCME2_ADV (Prop_mmcme2_adv_CLKIN1_CLKOUT1)
                                                     -3.494    18.149 r  datapath/Audio_Codec/audiocodec_master_clock/inst/mmcm_adv_inst/CLKOUT1
                         net (fo=1, routed)           1.760    19.909    datapath/Audio_Codec/audiocodec_master_clock/inst/clk_out2_clk_wiz_1
    BUFGCTRL_X0Y3        BUFG (Prop_bufg_I_O)         0.091    20.000 r  datapath/Audio_Codec/audiocodec_master_clock/inst/clkout2_buf/O
                         net (fo=115, routed)         1.704    21.704    datapath/Audio_Codec/initialize_audio/twi_controller/CLK
    SLICE_X159Y116       FDRE                                         r  datapath/Audio_Codec/initialize_audio/twi_controller/FSM_gray_state_reg[3]/C
                         clock pessimism              0.080    21.784    
                         clock uncertainty           -0.084    21.701    
    SLICE_X159Y116       FDRE (Setup_fdre_C_CE)      -0.205    21.496    datapath/Audio_Codec/initialize_audio/twi_controller/FSM_gray_state_reg[3]
  -------------------------------------------------------------------
                         required time                         21.496    
                         arrival time                          -6.683    
  -------------------------------------------------------------------
                         slack                                 14.813    

Slack (MET) :             14.854ns  (required time - arrival time)
  Source:                 datapath/Audio_Codec/initialize_audio/twi_controller/sclCnt_reg[3]/C
                            (rising edge-triggered cell FDSE clocked by clk_out2_clk_wiz_1  {rise@0.000ns fall@10.000ns period=20.000ns})
  Destination:            datapath/Audio_Codec/initialize_audio/twi_controller/FSM_gray_state_reg[0]/CE
                            (rising edge-triggered cell FDRE clocked by clk_out2_clk_wiz_1  {rise@0.000ns fall@10.000ns period=20.000ns})
  Path Group:             clk_out2_clk_wiz_1
  Path Type:              Setup (Max at Slow Process Corner)
  Requirement:            20.000ns  (clk_out2_clk_wiz_1 rise@20.000ns - clk_out2_clk_wiz_1 rise@0.000ns)
  Data Path Delay:        4.836ns  (logic 1.266ns (26.177%)  route 3.570ns (73.823%))
  Logic Levels:           4  (LUT2=1 LUT3=1 LUT6=2)
  Clock Path Skew:        -0.021ns (DCD - SCD + CPR)
    Destination Clock Delay (DCD):    1.706ns = ( 21.706 - 20.000 ) 
    Source Clock Delay      (SCD):    1.821ns
    Clock Pessimism Removal (CPR):    0.094ns
  Clock Uncertainty:      0.084ns  ((TSJ^2 + DJ^2)^1/2) / 2 + PE
    Total System Jitter     (TSJ):    0.071ns
    Discrete Jitter          (DJ):    0.152ns
    Phase Error              (PE):    0.000ns

    Location             Delay type                Incr(ns)  Path(ns)    Netlist Resource(s)
  -------------------------------------------------------------------    -------------------
                         (clock clk_out2_clk_wiz_1 rise edge)
                                                      0.000     0.000 r  
    BUFGCTRL_X0Y2        BUFG                         0.000     0.000 r  clk_IBUF_BUFG_inst/O
                         net (fo=232, routed)         1.761     1.761    datapath/Audio_Codec/audiocodec_master_clock/inst/clk_in1
    MMCME2_ADV_X0Y2      MMCME2_ADV (Prop_mmcme2_adv_CLKIN1_CLKOUT1)
                                                     -3.701    -1.939 r  datapath/Audio_Codec/audiocodec_master_clock/inst/mmcm_adv_inst/CLKOUT1
                         net (fo=1, routed)           1.843    -0.096    datapath/Audio_Codec/audiocodec_master_clock/inst/clk_out2_clk_wiz_1
    BUFGCTRL_X0Y3        BUFG (Prop_bufg_I_O)         0.096    -0.000 r  datapath/Audio_Codec/audiocodec_master_clock/inst/clkout2_buf/O
                         net (fo=115, routed)         1.821     1.821    datapath/Audio_Codec/initialize_audio/twi_controller/CLK
    SLICE_X162Y118       FDSE                                         r  datapath/Audio_Codec/initialize_audio/twi_controller/sclCnt_reg[3]/C
  -------------------------------------------------------------------    -------------------
    SLICE_X162Y118       FDSE (Prop_fdse_C_Q)         0.518     2.339 f  datapath/Audio_Codec/initialize_audio/twi_controller/sclCnt_reg[3]/Q
                         net (fo=4, routed)           0.686     3.026    datapath/Audio_Codec/initialize_audio/twi_controller/sclCnt_reg[3]
    SLICE_X162Y118       LUT6 (Prop_lut6_I4_O)        0.124     3.150 f  datapath/Audio_Codec/initialize_audio/twi_controller/sclCnt[6]_i_4/O
                         net (fo=2, routed)           0.670     3.820    datapath/Audio_Codec/initialize_audio/twi_controller/sclCnt[6]_i_4_n_0
    SLICE_X162Y118       LUT2 (Prop_lut2_I0_O)        0.152     3.972 f  datapath/Audio_Codec/initialize_audio/twi_controller/subState[1]_i_2/O
                         net (fo=10, routed)          1.045     5.017    datapath/Audio_Codec/initialize_audio/twi_controller/subState[1]_i_2_n_0
    SLICE_X162Y116       LUT3 (Prop_lut3_I2_O)        0.348     5.365 f  datapath/Audio_Codec/initialize_audio/twi_controller/FSM_gray_state[3]_i_5/O
                         net (fo=2, routed)           0.825     6.190    datapath/Audio_Codec/initialize_audio/twi_controller/FSM_gray_state[3]_i_5_n_0
    SLICE_X161Y115       LUT6 (Prop_lut6_I2_O)        0.124     6.314 r  datapath/Audio_Codec/initialize_audio/twi_controller/FSM_gray_state[3]_i_1/O
                         net (fo=4, routed)           0.344     6.658    datapath/Audio_Codec/initialize_audio/twi_controller/FSM_gray_state[3]_i_1_n_0
    SLICE_X160Y116       FDRE                                         r  datapath/Audio_Codec/initialize_audio/twi_controller/FSM_gray_state_reg[0]/CE
  -------------------------------------------------------------------    -------------------

                         (clock clk_out2_clk_wiz_1 rise edge)
                                                     20.000    20.000 r  
    BUFGCTRL_X0Y2        BUFG                         0.000    20.000 r  clk_IBUF_BUFG_inst/O
                         net (fo=232, routed)         1.643    21.643    datapath/Audio_Codec/audiocodec_master_clock/inst/clk_in1
    MMCME2_ADV_X0Y2      MMCME2_ADV (Prop_mmcme2_adv_CLKIN1_CLKOUT1)
                                                     -3.494    18.149 r  datapath/Audio_Codec/audiocodec_master_clock/inst/mmcm_adv_inst/CLKOUT1
                         net (fo=1, routed)           1.760    19.909    datapath/Audio_Codec/audiocodec_master_clock/inst/clk_out2_clk_wiz_1
    BUFGCTRL_X0Y3        BUFG (Prop_bufg_I_O)         0.091    20.000 r  datapath/Audio_Codec/audiocodec_master_clock/inst/clkout2_buf/O
                         net (fo=115, routed)         1.706    21.706    datapath/Audio_Codec/initialize_audio/twi_controller/CLK
    SLICE_X160Y116       FDRE                                         r  datapath/Audio_Codec/initialize_audio/twi_controller/FSM_gray_state_reg[0]/C
                         clock pessimism              0.094    21.800    
                         clock uncertainty           -0.084    21.717    
    SLICE_X160Y116       FDRE (Setup_fdre_C_CE)      -0.205    21.512    datapath/Audio_Codec/initialize_audio/twi_controller/FSM_gray_state_reg[0]
  -------------------------------------------------------------------
                         required time                         21.512    
                         arrival time                          -6.658    
  -------------------------------------------------------------------
                         slack                                 14.854    

Slack (MET) :             14.854ns  (required time - arrival time)
  Source:                 datapath/Audio_Codec/initialize_audio/twi_controller/sclCnt_reg[3]/C
                            (rising edge-triggered cell FDSE clocked by clk_out2_clk_wiz_1  {rise@0.000ns fall@10.000ns period=20.000ns})
  Destination:            datapath/Audio_Codec/initialize_audio/twi_controller/FSM_gray_state_reg[1]/CE
                            (rising edge-triggered cell FDRE clocked by clk_out2_clk_wiz_1  {rise@0.000ns fall@10.000ns period=20.000ns})
  Path Group:             clk_out2_clk_wiz_1
  Path Type:              Setup (Max at Slow Process Corner)
  Requirement:            20.000ns  (clk_out2_clk_wiz_1 rise@20.000ns - clk_out2_clk_wiz_1 rise@0.000ns)
  Data Path Delay:        4.836ns  (logic 1.266ns (26.177%)  route 3.570ns (73.823%))
  Logic Levels:           4  (LUT2=1 LUT3=1 LUT6=2)
  Clock Path Skew:        -0.021ns (DCD - SCD + CPR)
    Destination Clock Delay (DCD):    1.706ns = ( 21.706 - 20.000 ) 
    Source Clock Delay      (SCD):    1.821ns
    Clock Pessimism Removal (CPR):    0.094ns
  Clock Uncertainty:      0.084ns  ((TSJ^2 + DJ^2)^1/2) / 2 + PE
    Total System Jitter     (TSJ):    0.071ns
    Discrete Jitter          (DJ):    0.152ns
    Phase Error              (PE):    0.000ns

    Location             Delay type                Incr(ns)  Path(ns)    Netlist Resource(s)
  -------------------------------------------------------------------    -------------------
                         (clock clk_out2_clk_wiz_1 rise edge)
                                                      0.000     0.000 r  
    BUFGCTRL_X0Y2        BUFG                         0.000     0.000 r  clk_IBUF_BUFG_inst/O
                         net (fo=232, routed)         1.761     1.761    datapath/Audio_Codec/audiocodec_master_clock/inst/clk_in1
    MMCME2_ADV_X0Y2      MMCME2_ADV (Prop_mmcme2_adv_CLKIN1_CLKOUT1)
                                                     -3.701    -1.939 r  datapath/Audio_Codec/audiocodec_master_clock/inst/mmcm_adv_inst/CLKOUT1
                         net (fo=1, routed)           1.843    -0.096    datapath/Audio_Codec/audiocodec_master_clock/inst/clk_out2_clk_wiz_1
    BUFGCTRL_X0Y3        BUFG (Prop_bufg_I_O)         0.096    -0.000 r  datapath/Audio_Codec/audiocodec_master_clock/inst/clkout2_buf/O
                         net (fo=115, routed)         1.821     1.821    datapath/Audio_Codec/initialize_audio/twi_controller/CLK
    SLICE_X162Y118       FDSE                                         r  datapath/Audio_Codec/initialize_audio/twi_controller/sclCnt_reg[3]/C
  -------------------------------------------------------------------    -------------------
    SLICE_X162Y118       FDSE (Prop_fdse_C_Q)         0.518     2.339 f  datapath/Audio_Codec/initialize_audio/twi_controller/sclCnt_reg[3]/Q
                         net (fo=4, routed)           0.686     3.026    datapath/Audio_Codec/initialize_audio/twi_controller/sclCnt_reg[3]
    SLICE_X162Y118       LUT6 (Prop_lut6_I4_O)        0.124     3.150 f  datapath/Audio_Codec/initialize_audio/twi_controller/sclCnt[6]_i_4/O
                         net (fo=2, routed)           0.670     3.820    datapath/Audio_Codec/initialize_audio/twi_controller/sclCnt[6]_i_4_n_0
    SLICE_X162Y118       LUT2 (Prop_lut2_I0_O)        0.152     3.972 f  datapath/Audio_Codec/initialize_audio/twi_controller/subState[1]_i_2/O
                         net (fo=10, routed)          1.045     5.017    datapath/Audio_Codec/initialize_audio/twi_controller/subState[1]_i_2_n_0
    SLICE_X162Y116       LUT3 (Prop_lut3_I2_O)        0.348     5.365 f  datapath/Audio_Codec/initialize_audio/twi_controller/FSM_gray_state[3]_i_5/O
                         net (fo=2, routed)           0.825     6.190    datapath/Audio_Codec/initialize_audio/twi_controller/FSM_gray_state[3]_i_5_n_0
    SLICE_X161Y115       LUT6 (Prop_lut6_I2_O)        0.124     6.314 r  datapath/Audio_Codec/initialize_audio/twi_controller/FSM_gray_state[3]_i_1/O
                         net (fo=4, routed)           0.344     6.658    datapath/Audio_Codec/initialize_audio/twi_controller/FSM_gray_state[3]_i_1_n_0
    SLICE_X160Y116       FDRE                                         r  datapath/Audio_Codec/initialize_audio/twi_controller/FSM_gray_state_reg[1]/CE
  -------------------------------------------------------------------    -------------------

                         (clock clk_out2_clk_wiz_1 rise edge)
                                                     20.000    20.000 r  
    BUFGCTRL_X0Y2        BUFG                         0.000    20.000 r  clk_IBUF_BUFG_inst/O
                         net (fo=232, routed)         1.643    21.643    datapath/Audio_Codec/audiocodec_master_clock/inst/clk_in1
    MMCME2_ADV_X0Y2      MMCME2_ADV (Prop_mmcme2_adv_CLKIN1_CLKOUT1)
                                                     -3.494    18.149 r  datapath/Audio_Codec/audiocodec_master_clock/inst/mmcm_adv_inst/CLKOUT1
                         net (fo=1, routed)           1.760    19.909    datapath/Audio_Codec/audiocodec_master_clock/inst/clk_out2_clk_wiz_1
    BUFGCTRL_X0Y3        BUFG (Prop_bufg_I_O)         0.091    20.000 r  datapath/Audio_Codec/audiocodec_master_clock/inst/clkout2_buf/O
                         net (fo=115, routed)         1.706    21.706    datapath/Audio_Codec/initialize_audio/twi_controller/CLK
    SLICE_X160Y116       FDRE                                         r  datapath/Audio_Codec/initialize_audio/twi_controller/FSM_gray_state_reg[1]/C
                         clock pessimism              0.094    21.800    
                         clock uncertainty           -0.084    21.717    
    SLICE_X160Y116       FDRE (Setup_fdre_C_CE)      -0.205    21.512    datapath/Audio_Codec/initialize_audio/twi_controller/FSM_gray_state_reg[1]
  -------------------------------------------------------------------
                         required time                         21.512    
                         arrival time                          -6.658    
  -------------------------------------------------------------------
                         slack                                 14.854    

Slack (MET) :             14.875ns  (required time - arrival time)
  Source:                 datapath/Audio_Codec/initialize_audio/twi_controller/sclCnt_reg[3]/C
                            (rising edge-triggered cell FDSE clocked by clk_out2_clk_wiz_1  {rise@0.000ns fall@10.000ns period=20.000ns})
  Destination:            datapath/Audio_Codec/initialize_audio/twi_controller/bitCount_reg[0]/D
                            (rising edge-triggered cell FDRE clocked by clk_out2_clk_wiz_1  {rise@0.000ns fall@10.000ns period=20.000ns})
  Path Group:             clk_out2_clk_wiz_1
  Path Type:              Setup (Max at Slow Process Corner)
  Requirement:            20.000ns  (clk_out2_clk_wiz_1 rise@20.000ns - clk_out2_clk_wiz_1 rise@0.000ns)
  Data Path Delay:        5.098ns  (logic 1.390ns (27.263%)  route 3.708ns (72.737%))
  Logic Levels:           5  (LUT2=1 LUT3=1 LUT4=1 LUT5=1 LUT6=1)
  Clock Path Skew:        -0.020ns (DCD - SCD + CPR)
    Destination Clock Delay (DCD):    1.707ns = ( 21.707 - 20.000 ) 
    Source Clock Delay      (SCD):    1.821ns
    Clock Pessimism Removal (CPR):    0.094ns
  Clock Uncertainty:      0.084ns  ((TSJ^2 + DJ^2)^1/2) / 2 + PE
    Total System Jitter     (TSJ):    0.071ns
    Discrete Jitter          (DJ):    0.152ns
    Phase Error              (PE):    0.000ns

    Location             Delay type                Incr(ns)  Path(ns)    Netlist Resource(s)
  -------------------------------------------------------------------    -------------------
                         (clock clk_out2_clk_wiz_1 rise edge)
                                                      0.000     0.000 r  
    BUFGCTRL_X0Y2        BUFG                         0.000     0.000 r  clk_IBUF_BUFG_inst/O
                         net (fo=232, routed)         1.761     1.761    datapath/Audio_Codec/audiocodec_master_clock/inst/clk_in1
    MMCME2_ADV_X0Y2      MMCME2_ADV (Prop_mmcme2_adv_CLKIN1_CLKOUT1)
                                                     -3.701    -1.939 r  datapath/Audio_Codec/audiocodec_master_clock/inst/mmcm_adv_inst/CLKOUT1
                         net (fo=1, routed)           1.843    -0.096    datapath/Audio_Codec/audiocodec_master_clock/inst/clk_out2_clk_wiz_1
    BUFGCTRL_X0Y3        BUFG (Prop_bufg_I_O)         0.096    -0.000 r  datapath/Audio_Codec/audiocodec_master_clock/inst/clkout2_buf/O
                         net (fo=115, routed)         1.821     1.821    datapath/Audio_Codec/initialize_audio/twi_controller/CLK
    SLICE_X162Y118       FDSE                                         r  datapath/Audio_Codec/initialize_audio/twi_controller/sclCnt_reg[3]/C
  -------------------------------------------------------------------    -------------------
    SLICE_X162Y118       FDSE (Prop_fdse_C_Q)         0.518     2.339 f  datapath/Audio_Codec/initialize_audio/twi_controller/sclCnt_reg[3]/Q
                         net (fo=4, routed)           0.686     3.026    datapath/Audio_Codec/initialize_audio/twi_controller/sclCnt_reg[3]
    SLICE_X162Y118       LUT6 (Prop_lut6_I4_O)        0.124     3.150 f  datapath/Audio_Codec/initialize_audio/twi_controller/sclCnt[6]_i_4/O
                         net (fo=2, routed)           0.670     3.820    datapath/Audio_Codec/initialize_audio/twi_controller/sclCnt[6]_i_4_n_0
    SLICE_X162Y118       LUT2 (Prop_lut2_I0_O)        0.152     3.972 f  datapath/Audio_Codec/initialize_audio/twi_controller/subState[1]_i_2/O
                         net (fo=10, routed)          1.045     5.017    datapath/Audio_Codec/initialize_audio/twi_controller/subState[1]_i_2_n_0
    SLICE_X162Y116       LUT3 (Prop_lut3_I2_O)        0.348     5.365 f  datapath/Audio_Codec/initialize_audio/twi_controller/FSM_gray_state[3]_i_5/O
                         net (fo=2, routed)           0.299     5.664    datapath/Audio_Codec/initialize_audio/twi_controller/FSM_gray_state[3]_i_5_n_0
    SLICE_X162Y116       LUT5 (Prop_lut5_I0_O)        0.124     5.788 f  datapath/Audio_Codec/initialize_audio/twi_controller/dataByte[7]_i_6/O
                         net (fo=12, routed)          1.008     6.796    datapath/Audio_Codec/initialize_audio/twi_controller/dataByte[7]_i_6_n_0
    SLICE_X162Y115       LUT4 (Prop_lut4_I2_O)        0.124     6.920 r  datapath/Audio_Codec/initialize_audio/twi_controller/bitCount[0]_i_1/O
                         net (fo=1, routed)           0.000     6.920    datapath/Audio_Codec/initialize_audio/twi_controller/bitCount[0]_i_1_n_0
    SLICE_X162Y115       FDRE                                         r  datapath/Audio_Codec/initialize_audio/twi_controller/bitCount_reg[0]/D
  -------------------------------------------------------------------    -------------------

                         (clock clk_out2_clk_wiz_1 rise edge)
                                                     20.000    20.000 r  
    BUFGCTRL_X0Y2        BUFG                         0.000    20.000 r  clk_IBUF_BUFG_inst/O
                         net (fo=232, routed)         1.643    21.643    datapath/Audio_Codec/audiocodec_master_clock/inst/clk_in1
    MMCME2_ADV_X0Y2      MMCME2_ADV (Prop_mmcme2_adv_CLKIN1_CLKOUT1)
                                                     -3.494    18.149 r  datapath/Audio_Codec/audiocodec_master_clock/inst/mmcm_adv_inst/CLKOUT1
                         net (fo=1, routed)           1.760    19.909    datapath/Audio_Codec/audiocodec_master_clock/inst/clk_out2_clk_wiz_1
    BUFGCTRL_X0Y3        BUFG (Prop_bufg_I_O)         0.091    20.000 r  datapath/Audio_Codec/audiocodec_master_clock/inst/clkout2_buf/O
                         net (fo=115, routed)         1.707    21.707    datapath/Audio_Codec/initialize_audio/twi_controller/CLK
    SLICE_X162Y115       FDRE                                         r  datapath/Audio_Codec/initialize_audio/twi_controller/bitCount_reg[0]/C
                         clock pessimism              0.094    21.801    
                         clock uncertainty           -0.084    21.718    
    SLICE_X162Y115       FDRE (Setup_fdre_C_D)        0.077    21.795    datapath/Audio_Codec/initialize_audio/twi_controller/bitCount_reg[0]
  -------------------------------------------------------------------
                         required time                         21.795    
                         arrival time                          -6.920    
  -------------------------------------------------------------------
                         slack                                 14.875    





Min Delay Paths
--------------------------------------------------------------------------------------
Slack (MET) :             0.152ns  (arrival time - required time)
  Source:                 datapath/Audio_Codec/initialize_audio/initA_reg[4]/C
                            (rising edge-triggered cell FDRE clocked by clk_out2_clk_wiz_1  {rise@0.000ns fall@10.000ns period=20.000ns})
  Destination:            datapath/Audio_Codec/initialize_audio/initWord_reg[19]/D
                            (rising edge-triggered cell FDRE clocked by clk_out2_clk_wiz_1  {rise@0.000ns fall@10.000ns period=20.000ns})
  Path Group:             clk_out2_clk_wiz_1
  Path Type:              Hold (Min at Fast Process Corner)
  Requirement:            0.000ns  (clk_out2_clk_wiz_1 rise@0.000ns - clk_out2_clk_wiz_1 rise@0.000ns)
  Data Path Delay:        0.286ns  (logic 0.186ns (65.123%)  route 0.100ns (34.877%))
  Logic Levels:           1  (LUT6=1)
  Clock Path Skew:        0.013ns (DCD - SCD - CPR)
    Destination Clock Delay (DCD):    0.909ns
    Source Clock Delay      (SCD):    0.638ns
    Clock Pessimism Removal (CPR):    0.258ns

    Location             Delay type                Incr(ns)  Path(ns)    Netlist Resource(s)
  -------------------------------------------------------------------    -------------------
                         (clock clk_out2_clk_wiz_1 rise edge)
                                                      0.000     0.000 r  
    BUFGCTRL_X0Y2        BUFG                         0.000     0.000 r  clk_IBUF_BUFG_inst/O
                         net (fo=232, routed)         0.610     0.610    datapath/Audio_Codec/audiocodec_master_clock/inst/clk_in1
    MMCME2_ADV_X0Y2      MMCME2_ADV (Prop_mmcme2_adv_CLKIN1_CLKOUT1)
                                                     -1.180    -0.571 r  datapath/Audio_Codec/audiocodec_master_clock/inst/mmcm_adv_inst/CLKOUT1
                         net (fo=1, routed)           0.545    -0.026    datapath/Audio_Codec/audiocodec_master_clock/inst/clk_out2_clk_wiz_1
    BUFGCTRL_X0Y3        BUFG (Prop_bufg_I_O)         0.026     0.000 r  datapath/Audio_Codec/audiocodec_master_clock/inst/clkout2_buf/O
                         net (fo=115, routed)         0.638     0.638    datapath/Audio_Codec/initialize_audio/CLK
    SLICE_X159Y120       FDRE                                         r  datapath/Audio_Codec/initialize_audio/initA_reg[4]/C
  -------------------------------------------------------------------    -------------------
    SLICE_X159Y120       FDRE (Prop_fdre_C_Q)         0.141     0.779 r  datapath/Audio_Codec/initialize_audio/initA_reg[4]/Q
                         net (fo=20, routed)          0.100     0.878    datapath/Audio_Codec/initialize_audio/initA_reg[4]
    SLICE_X158Y120       LUT6 (Prop_lut6_I2_O)        0.045     0.923 r  datapath/Audio_Codec/initialize_audio/initWord[19]_i_1/O
                         net (fo=1, routed)           0.000     0.923    datapath/Audio_Codec/initialize_audio/initWord[19]_i_1_n_0
    SLICE_X158Y120       FDRE                                         r  datapath/Audio_Codec/initialize_audio/initWord_reg[19]/D
  -------------------------------------------------------------------    -------------------

                         (clock clk_out2_clk_wiz_1 rise edge)
                                                      0.000     0.000 r  
    BUFGCTRL_X0Y2        BUFG                         0.000     0.000 r  clk_IBUF_BUFG_inst/O
                         net (fo=232, routed)         0.879     0.879    datapath/Audio_Codec/audiocodec_master_clock/inst/clk_in1
    MMCME2_ADV_X0Y2      MMCME2_ADV (Prop_mmcme2_adv_CLKIN1_CLKOUT1)
                                                     -1.502    -0.624 r  datapath/Audio_Codec/audiocodec_master_clock/inst/mmcm_adv_inst/CLKOUT1
                         net (fo=1, routed)           0.595    -0.029    datapath/Audio_Codec/audiocodec_master_clock/inst/clk_out2_clk_wiz_1
    BUFGCTRL_X0Y3        BUFG (Prop_bufg_I_O)         0.029    -0.000 r  datapath/Audio_Codec/audiocodec_master_clock/inst/clkout2_buf/O
                         net (fo=115, routed)         0.909     0.909    datapath/Audio_Codec/initialize_audio/CLK
    SLICE_X158Y120       FDRE                                         r  datapath/Audio_Codec/initialize_audio/initWord_reg[19]/C
                         clock pessimism             -0.258     0.651    
    SLICE_X158Y120       FDRE (Hold_fdre_C_D)         0.121     0.772    datapath/Audio_Codec/initialize_audio/initWord_reg[19]
  -------------------------------------------------------------------
                         required time                         -0.772    
                         arrival time                           0.923    
  -------------------------------------------------------------------
                         slack                                  0.152    

Slack (MET) :             0.177ns  (arrival time - required time)
  Source:                 datapath/Audio_Codec/initialize_audio/twi_controller/busFreeCnt_reg[1]/C
                            (rising edge-triggered cell FDRE clocked by clk_out2_clk_wiz_1  {rise@0.000ns fall@10.000ns period=20.000ns})
  Destination:            datapath/Audio_Codec/initialize_audio/twi_controller/busFreeCnt_reg[2]/D
                            (rising edge-triggered cell FDSE clocked by clk_out2_clk_wiz_1  {rise@0.000ns fall@10.000ns period=20.000ns})
  Path Group:             clk_out2_clk_wiz_1
  Path Type:              Hold (Min at Fast Process Corner)
  Requirement:            0.000ns  (clk_out2_clk_wiz_1 rise@0.000ns - clk_out2_clk_wiz_1 rise@0.000ns)
  Data Path Delay:        0.321ns  (logic 0.189ns (58.967%)  route 0.132ns (41.033%))
  Logic Levels:           1  (LUT3=1)
  Clock Path Skew:        0.013ns (DCD - SCD - CPR)
    Destination Clock Delay (DCD):    0.914ns
    Source Clock Delay      (SCD):    0.643ns
    Clock Pessimism Removal (CPR):    0.258ns

    Location             Delay type                Incr(ns)  Path(ns)    Netlist Resource(s)
  -------------------------------------------------------------------    -------------------
                         (clock clk_out2_clk_wiz_1 rise edge)
                                                      0.000     0.000 r  
    BUFGCTRL_X0Y2        BUFG                         0.000     0.000 r  clk_IBUF_BUFG_inst/O
                         net (fo=232, routed)         0.610     0.610    datapath/Audio_Codec/audiocodec_master_clock/inst/clk_in1
    MMCME2_ADV_X0Y2      MMCME2_ADV (Prop_mmcme2_adv_CLKIN1_CLKOUT1)
                                                     -1.180    -0.571 r  datapath/Audio_Codec/audiocodec_master_clock/inst/mmcm_adv_inst/CLKOUT1
                         net (fo=1, routed)           0.545    -0.026    datapath/Audio_Codec/audiocodec_master_clock/inst/clk_out2_clk_wiz_1
    BUFGCTRL_X0Y3        BUFG (Prop_bufg_I_O)         0.026     0.000 r  datapath/Audio_Codec/audiocodec_master_clock/inst/clkout2_buf/O
                         net (fo=115, routed)         0.643     0.643    datapath/Audio_Codec/initialize_audio/twi_controller/CLK
    SLICE_X159Y115       FDRE                                         r  datapath/Audio_Codec/initialize_audio/twi_controller/busFreeCnt_reg[1]/C
  -------------------------------------------------------------------    -------------------
    SLICE_X159Y115       FDRE (Prop_fdre_C_Q)         0.141     0.784 r  datapath/Audio_Codec/initialize_audio/twi_controller/busFreeCnt_reg[1]/Q
                         net (fo=6, routed)           0.132     0.915    datapath/Audio_Codec/initialize_audio/twi_controller/busFreeCnt_reg[1]
    SLICE_X158Y115       LUT3 (Prop_lut3_I2_O)        0.048     0.963 r  datapath/Audio_Codec/initialize_audio/twi_controller/busFreeCnt[2]_i_1/O
                         net (fo=1, routed)           0.000     0.963    datapath/Audio_Codec/initialize_audio/twi_controller/busFreeCnt0[2]
    SLICE_X158Y115       FDSE                                         r  datapath/Audio_Codec/initialize_audio/twi_controller/busFreeCnt_reg[2]/D
  -------------------------------------------------------------------    -------------------

                         (clock clk_out2_clk_wiz_1 rise edge)
                                                      0.000     0.000 r  
    BUFGCTRL_X0Y2        BUFG                         0.000     0.000 r  clk_IBUF_BUFG_inst/O
                         net (fo=232, routed)         0.879     0.879    datapath/Audio_Codec/audiocodec_master_clock/inst/clk_in1
    MMCME2_ADV_X0Y2      MMCME2_ADV (Prop_mmcme2_adv_CLKIN1_CLKOUT1)
                                                     -1.502    -0.624 r  datapath/Audio_Codec/audiocodec_master_clock/inst/mmcm_adv_inst/CLKOUT1
                         net (fo=1, routed)           0.595    -0.029    datapath/Audio_Codec/audiocodec_master_clock/inst/clk_out2_clk_wiz_1
    BUFGCTRL_X0Y3        BUFG (Prop_bufg_I_O)         0.029    -0.000 r  datapath/Audio_Codec/audiocodec_master_clock/inst/clkout2_buf/O
                         net (fo=115, routed)         0.914     0.914    datapath/Audio_Codec/initialize_audio/twi_controller/CLK
    SLICE_X158Y115       FDSE                                         r  datapath/Audio_Codec/initialize_audio/twi_controller/busFreeCnt_reg[2]/C
                         clock pessimism             -0.258     0.656    
    SLICE_X158Y115       FDSE (Hold_fdse_C_D)         0.131     0.787    datapath/Audio_Codec/initialize_audio/twi_controller/busFreeCnt_reg[2]
  -------------------------------------------------------------------
                         required time                         -0.787    
                         arrival time                           0.963    
  -------------------------------------------------------------------
                         slack                                  0.177    

Slack (MET) :             0.181ns  (arrival time - required time)
  Source:                 datapath/Audio_Codec/initialize_audio/twi_controller/busFreeCnt_reg[1]/C
                            (rising edge-triggered cell FDRE clocked by clk_out2_clk_wiz_1  {rise@0.000ns fall@10.000ns period=20.000ns})
  Destination:            datapath/Audio_Codec/initialize_audio/twi_controller/busFreeCnt_reg[4]/D
                            (rising edge-triggered cell FDSE clocked by clk_out2_clk_wiz_1  {rise@0.000ns fall@10.000ns period=20.000ns})
  Path Group:             clk_out2_clk_wiz_1
  Path Type:              Hold (Min at Fast Process Corner)
  Requirement:            0.000ns  (clk_out2_clk_wiz_1 rise@0.000ns - clk_out2_clk_wiz_1 rise@0.000ns)
  Data Path Delay:        0.325ns  (logic 0.189ns (58.240%)  route 0.136ns (41.760%))
  Logic Levels:           1  (LUT5=1)
  Clock Path Skew:        0.013ns (DCD - SCD - CPR)
    Destination Clock Delay (DCD):    0.914ns
    Source Clock Delay      (SCD):    0.643ns
    Clock Pessimism Removal (CPR):    0.258ns

    Location             Delay type                Incr(ns)  Path(ns)    Netlist Resource(s)
  -------------------------------------------------------------------    -------------------
                         (clock clk_out2_clk_wiz_1 rise edge)
                                                      0.000     0.000 r  
    BUFGCTRL_X0Y2        BUFG                         0.000     0.000 r  clk_IBUF_BUFG_inst/O
                         net (fo=232, routed)         0.610     0.610    datapath/Audio_Codec/audiocodec_master_clock/inst/clk_in1
    MMCME2_ADV_X0Y2      MMCME2_ADV (Prop_mmcme2_adv_CLKIN1_CLKOUT1)
                                                     -1.180    -0.571 r  datapath/Audio_Codec/audiocodec_master_clock/inst/mmcm_adv_inst/CLKOUT1
                         net (fo=1, routed)           0.545    -0.026    datapath/Audio_Codec/audiocodec_master_clock/inst/clk_out2_clk_wiz_1
    BUFGCTRL_X0Y3        BUFG (Prop_bufg_I_O)         0.026     0.000 r  datapath/Audio_Codec/audiocodec_master_clock/inst/clkout2_buf/O
                         net (fo=115, routed)         0.643     0.643    datapath/Audio_Codec/initialize_audio/twi_controller/CLK
    SLICE_X159Y115       FDRE                                         r  datapath/Audio_Codec/initialize_audio/twi_controller/busFreeCnt_reg[1]/C
  -------------------------------------------------------------------    -------------------
    SLICE_X159Y115       FDRE (Prop_fdre_C_Q)         0.141     0.784 r  datapath/Audio_Codec/initialize_audio/twi_controller/busFreeCnt_reg[1]/Q
                         net (fo=6, routed)           0.136     0.919    datapath/Audio_Codec/initialize_audio/twi_controller/busFreeCnt_reg[1]
    SLICE_X158Y115       LUT5 (Prop_lut5_I3_O)        0.048     0.967 r  datapath/Audio_Codec/initialize_audio/twi_controller/busFreeCnt[4]_i_1/O
                         net (fo=1, routed)           0.000     0.967    datapath/Audio_Codec/initialize_audio/twi_controller/busFreeCnt0[4]
    SLICE_X158Y115       FDSE                                         r  datapath/Audio_Codec/initialize_audio/twi_controller/busFreeCnt_reg[4]/D
  -------------------------------------------------------------------    -------------------

                         (clock clk_out2_clk_wiz_1 rise edge)
                                                      0.000     0.000 r  
    BUFGCTRL_X0Y2        BUFG                         0.000     0.000 r  clk_IBUF_BUFG_inst/O
                         net (fo=232, routed)         0.879     0.879    datapath/Audio_Codec/audiocodec_master_clock/inst/clk_in1
    MMCME2_ADV_X0Y2      MMCME2_ADV (Prop_mmcme2_adv_CLKIN1_CLKOUT1)
                                                     -1.502    -0.624 r  datapath/Audio_Codec/audiocodec_master_clock/inst/mmcm_adv_inst/CLKOUT1
                         net (fo=1, routed)           0.595    -0.029    datapath/Audio_Codec/audiocodec_master_clock/inst/clk_out2_clk_wiz_1
    BUFGCTRL_X0Y3        BUFG (Prop_bufg_I_O)         0.029    -0.000 r  datapath/Audio_Codec/audiocodec_master_clock/inst/clkout2_buf/O
                         net (fo=115, routed)         0.914     0.914    datapath/Audio_Codec/initialize_audio/twi_controller/CLK
    SLICE_X158Y115       FDSE                                         r  datapath/Audio_Codec/initialize_audio/twi_controller/busFreeCnt_reg[4]/C
                         clock pessimism             -0.258     0.656    
    SLICE_X158Y115       FDSE (Hold_fdse_C_D)         0.131     0.787    datapath/Audio_Codec/initialize_audio/twi_controller/busFreeCnt_reg[4]
  -------------------------------------------------------------------
                         required time                         -0.787    
                         arrival time                           0.967    
  -------------------------------------------------------------------
                         slack                                  0.181    

Slack (MET) :             0.188ns  (arrival time - required time)
  Source:                 datapath/Audio_Codec/initialize_audio/twi_controller/busFreeCnt_reg[1]/C
                            (rising edge-triggered cell FDRE clocked by clk_out2_clk_wiz_1  {rise@0.000ns fall@10.000ns period=20.000ns})
  Destination:            datapath/Audio_Codec/initialize_audio/twi_controller/busFreeCnt_reg[3]/D
                            (rising edge-triggered cell FDSE clocked by clk_out2_clk_wiz_1  {rise@0.000ns fall@10.000ns period=20.000ns})
  Path Group:             clk_out2_clk_wiz_1
  Path Type:              Hold (Min at Fast Process Corner)
  Requirement:            0.000ns  (clk_out2_clk_wiz_1 rise@0.000ns - clk_out2_clk_wiz_1 rise@0.000ns)
  Data Path Delay:        0.322ns  (logic 0.186ns (57.850%)  route 0.136ns (42.150%))
  Logic Levels:           1  (LUT4=1)
  Clock Path Skew:        0.013ns (DCD - SCD - CPR)
    Destination Clock Delay (DCD):    0.914ns
    Source Clock Delay      (SCD):    0.643ns
    Clock Pessimism Removal (CPR):    0.258ns

    Location             Delay type                Incr(ns)  Path(ns)    Netlist Resource(s)
  -------------------------------------------------------------------    -------------------
                         (clock clk_out2_clk_wiz_1 rise edge)
                                                      0.000     0.000 r  
    BUFGCTRL_X0Y2        BUFG                         0.000     0.000 r  clk_IBUF_BUFG_inst/O
                         net (fo=232, routed)         0.610     0.610    datapath/Audio_Codec/audiocodec_master_clock/inst/clk_in1
    MMCME2_ADV_X0Y2      MMCME2_ADV (Prop_mmcme2_adv_CLKIN1_CLKOUT1)
                                                     -1.180    -0.571 r  datapath/Audio_Codec/audiocodec_master_clock/inst/mmcm_adv_inst/CLKOUT1
                         net (fo=1, routed)           0.545    -0.026    datapath/Audio_Codec/audiocodec_master_clock/inst/clk_out2_clk_wiz_1
    BUFGCTRL_X0Y3        BUFG (Prop_bufg_I_O)         0.026     0.000 r  datapath/Audio_Codec/audiocodec_master_clock/inst/clkout2_buf/O
                         net (fo=115, routed)         0.643     0.643    datapath/Audio_Codec/initialize_audio/twi_controller/CLK
    SLICE_X159Y115       FDRE                                         r  datapath/Audio_Codec/initialize_audio/twi_controller/busFreeCnt_reg[1]/C
  -------------------------------------------------------------------    -------------------
    SLICE_X159Y115       FDRE (Prop_fdre_C_Q)         0.141     0.784 r  datapath/Audio_Codec/initialize_audio/twi_controller/busFreeCnt_reg[1]/Q
                         net (fo=6, routed)           0.136     0.919    datapath/Audio_Codec/initialize_audio/twi_controller/busFreeCnt_reg[1]
    SLICE_X158Y115       LUT4 (Prop_lut4_I1_O)        0.045     0.964 r  datapath/Audio_Codec/initialize_audio/twi_controller/busFreeCnt[3]_i_1/O
                         net (fo=1, routed)           0.000     0.964    datapath/Audio_Codec/initialize_audio/twi_controller/busFreeCnt0[3]
    SLICE_X158Y115       FDSE                                         r  datapath/Audio_Codec/initialize_audio/twi_controller/busFreeCnt_reg[3]/D
  -------------------------------------------------------------------    -------------------

                         (clock clk_out2_clk_wiz_1 rise edge)
                                                      0.000     0.000 r  
    BUFGCTRL_X0Y2        BUFG                         0.000     0.000 r  clk_IBUF_BUFG_inst/O
                         net (fo=232, routed)         0.879     0.879    datapath/Audio_Codec/audiocodec_master_clock/inst/clk_in1
    MMCME2_ADV_X0Y2      MMCME2_ADV (Prop_mmcme2_adv_CLKIN1_CLKOUT1)
                                                     -1.502    -0.624 r  datapath/Audio_Codec/audiocodec_master_clock/inst/mmcm_adv_inst/CLKOUT1
                         net (fo=1, routed)           0.595    -0.029    datapath/Audio_Codec/audiocodec_master_clock/inst/clk_out2_clk_wiz_1
    BUFGCTRL_X0Y3        BUFG (Prop_bufg_I_O)         0.029    -0.000 r  datapath/Audio_Codec/audiocodec_master_clock/inst/clkout2_buf/O
                         net (fo=115, routed)         0.914     0.914    datapath/Audio_Codec/initialize_audio/twi_controller/CLK
    SLICE_X158Y115       FDSE                                         r  datapath/Audio_Codec/initialize_audio/twi_controller/busFreeCnt_reg[3]/C
                         clock pessimism             -0.258     0.656    
    SLICE_X158Y115       FDSE (Hold_fdse_C_D)         0.121     0.777    datapath/Audio_Codec/initialize_audio/twi_controller/busFreeCnt_reg[3]
  -------------------------------------------------------------------
                         required time                         -0.777    
                         arrival time                           0.964    
  -------------------------------------------------------------------
                         slack                                  0.188    

Slack (MET) :             0.190ns  (arrival time - required time)
  Source:                 datapath/Audio_Codec/initialize_audio/data_i_reg[5]/C
                            (rising edge-triggered cell FDRE clocked by clk_out2_clk_wiz_1  {rise@0.000ns fall@10.000ns period=20.000ns})
  Destination:            datapath/Audio_Codec/initialize_audio/twi_controller/dataByte_reg[5]/D
                            (rising edge-triggered cell FDRE clocked by clk_out2_clk_wiz_1  {rise@0.000ns fall@10.000ns period=20.000ns})
  Path Group:             clk_out2_clk_wiz_1
  Path Type:              Hold (Min at Fast Process Corner)
  Requirement:            0.000ns  (clk_out2_clk_wiz_1 rise@0.000ns - clk_out2_clk_wiz_1 rise@0.000ns)
  Data Path Delay:        0.298ns  (logic 0.186ns (62.330%)  route 0.112ns (37.670%))
  Logic Levels:           1  (LUT4=1)
  Clock Path Skew:        0.016ns (DCD - SCD - CPR)
    Destination Clock Delay (DCD):    0.912ns
    Source Clock Delay      (SCD):    0.639ns
    Clock Pessimism Removal (CPR):    0.257ns

    Location             Delay type                Incr(ns)  Path(ns)    Netlist Resource(s)
  -------------------------------------------------------------------    -------------------
                         (clock clk_out2_clk_wiz_1 rise edge)
                                                      0.000     0.000 r  
    BUFGCTRL_X0Y2        BUFG                         0.000     0.000 r  clk_IBUF_BUFG_inst/O
                         net (fo=232, routed)         0.610     0.610    datapath/Audio_Codec/audiocodec_master_clock/inst/clk_in1
    MMCME2_ADV_X0Y2      MMCME2_ADV (Prop_mmcme2_adv_CLKIN1_CLKOUT1)
                                                     -1.180    -0.571 r  datapath/Audio_Codec/audiocodec_master_clock/inst/mmcm_adv_inst/CLKOUT1
                         net (fo=1, routed)           0.545    -0.026    datapath/Audio_Codec/audiocodec_master_clock/inst/clk_out2_clk_wiz_1
    BUFGCTRL_X0Y3        BUFG (Prop_bufg_I_O)         0.026     0.000 r  datapath/Audio_Codec/audiocodec_master_clock/inst/clkout2_buf/O
                         net (fo=115, routed)         0.639     0.639    datapath/Audio_Codec/initialize_audio/CLK
    SLICE_X161Y120       FDRE                                         r  datapath/Audio_Codec/initialize_audio/data_i_reg[5]/C
  -------------------------------------------------------------------    -------------------
    SLICE_X161Y120       FDRE (Prop_fdre_C_Q)         0.141     0.780 r  datapath/Audio_Codec/initialize_audio/data_i_reg[5]/Q
                         net (fo=1, routed)           0.112     0.892    datapath/Audio_Codec/initialize_audio/twi_controller/Q[5]
    SLICE_X161Y118       LUT4 (Prop_lut4_I3_O)        0.045     0.937 r  datapath/Audio_Codec/initialize_audio/twi_controller/dataByte[5]_i_1/O
                         net (fo=1, routed)           0.000     0.937    datapath/Audio_Codec/initialize_audio/twi_controller/p_1_in[5]
    SLICE_X161Y118       FDRE                                         r  datapath/Audio_Codec/initialize_audio/twi_controller/dataByte_reg[5]/D
  -------------------------------------------------------------------    -------------------

                         (clock clk_out2_clk_wiz_1 rise edge)
                                                      0.000     0.000 r  
    BUFGCTRL_X0Y2        BUFG                         0.000     0.000 r  clk_IBUF_BUFG_inst/O
                         net (fo=232, routed)         0.879     0.879    datapath/Audio_Codec/audiocodec_master_clock/inst/clk_in1
    MMCME2_ADV_X0Y2      MMCME2_ADV (Prop_mmcme2_adv_CLKIN1_CLKOUT1)
                                                     -1.502    -0.624 r  datapath/Audio_Codec/audiocodec_master_clock/inst/mmcm_adv_inst/CLKOUT1
                         net (fo=1, routed)           0.595    -0.029    datapath/Audio_Codec/audiocodec_master_clock/inst/clk_out2_clk_wiz_1
    BUFGCTRL_X0Y3        BUFG (Prop_bufg_I_O)         0.029    -0.000 r  datapath/Audio_Codec/audiocodec_master_clock/inst/clkout2_buf/O
                         net (fo=115, routed)         0.912     0.912    datapath/Audio_Codec/initialize_audio/twi_controller/CLK
    SLICE_X161Y118       FDRE                                         r  datapath/Audio_Codec/initialize_audio/twi_controller/dataByte_reg[5]/C
                         clock pessimism             -0.257     0.655    
    SLICE_X161Y118       FDRE (Hold_fdre_C_D)         0.092     0.747    datapath/Audio_Codec/initialize_audio/twi_controller/dataByte_reg[5]
  -------------------------------------------------------------------
                         required time                         -0.747    
                         arrival time                           0.937    
  -------------------------------------------------------------------
                         slack                                  0.190    

Slack (MET) :             0.196ns  (arrival time - required time)
  Source:                 datapath/Audio_Codec/initialize_audio/initWord_reg[11]/C
                            (rising edge-triggered cell FDRE clocked by clk_out2_clk_wiz_1  {rise@0.000ns fall@10.000ns period=20.000ns})
  Destination:            datapath/Audio_Codec/initialize_audio/data_i_reg[3]/D
                            (rising edge-triggered cell FDRE clocked by clk_out2_clk_wiz_1  {rise@0.000ns fall@10.000ns period=20.000ns})
  Path Group:             clk_out2_clk_wiz_1
  Path Type:              Hold (Min at Fast Process Corner)
  Requirement:            0.000ns  (clk_out2_clk_wiz_1 rise@0.000ns - clk_out2_clk_wiz_1 rise@0.000ns)
  Data Path Delay:        0.303ns  (logic 0.186ns (61.360%)  route 0.117ns (38.640%))
  Logic Levels:           1  (LUT5=1)
  Clock Path Skew:        0.015ns (DCD - SCD - CPR)
    Destination Clock Delay (DCD):    0.910ns
    Source Clock Delay      (SCD):    0.638ns
    Clock Pessimism Removal (CPR):    0.257ns

    Location             Delay type                Incr(ns)  Path(ns)    Netlist Resource(s)
  -------------------------------------------------------------------    -------------------
                         (clock clk_out2_clk_wiz_1 rise edge)
                                                      0.000     0.000 r  
    BUFGCTRL_X0Y2        BUFG                         0.000     0.000 r  clk_IBUF_BUFG_inst/O
                         net (fo=232, routed)         0.610     0.610    datapath/Audio_Codec/audiocodec_master_clock/inst/clk_in1
    MMCME2_ADV_X0Y2      MMCME2_ADV (Prop_mmcme2_adv_CLKIN1_CLKOUT1)
                                                     -1.180    -0.571 r  datapath/Audio_Codec/audiocodec_master_clock/inst/mmcm_adv_inst/CLKOUT1
                         net (fo=1, routed)           0.545    -0.026    datapath/Audio_Codec/audiocodec_master_clock/inst/clk_out2_clk_wiz_1
    BUFGCTRL_X0Y3        BUFG (Prop_bufg_I_O)         0.026     0.000 r  datapath/Audio_Codec/audiocodec_master_clock/inst/clkout2_buf/O
                         net (fo=115, routed)         0.638     0.638    datapath/Audio_Codec/initialize_audio/CLK
    SLICE_X160Y121       FDRE                                         r  datapath/Audio_Codec/initialize_audio/initWord_reg[11]/C
  -------------------------------------------------------------------    -------------------
    SLICE_X160Y121       FDRE (Prop_fdre_C_Q)         0.141     0.779 r  datapath/Audio_Codec/initialize_audio/initWord_reg[11]/Q
                         net (fo=1, routed)           0.117     0.896    datapath/Audio_Codec/initialize_audio/data2[3]
    SLICE_X160Y120       LUT5 (Prop_lut5_I2_O)        0.045     0.941 r  datapath/Audio_Codec/initialize_audio/data_i[3]_i_1/O
                         net (fo=1, routed)           0.000     0.941    datapath/Audio_Codec/initialize_audio/data_i[3]_i_1_n_0
    SLICE_X160Y120       FDRE                                         r  datapath/Audio_Codec/initialize_audio/data_i_reg[3]/D
  -------------------------------------------------------------------    -------------------

                         (clock clk_out2_clk_wiz_1 rise edge)
                                                      0.000     0.000 r  
    BUFGCTRL_X0Y2        BUFG                         0.000     0.000 r  clk_IBUF_BUFG_inst/O
                         net (fo=232, routed)         0.879     0.879    datapath/Audio_Codec/audiocodec_master_clock/inst/clk_in1
    MMCME2_ADV_X0Y2      MMCME2_ADV (Prop_mmcme2_adv_CLKIN1_CLKOUT1)
                                                     -1.502    -0.624 r  datapath/Audio_Codec/audiocodec_master_clock/inst/mmcm_adv_inst/CLKOUT1
                         net (fo=1, routed)           0.595    -0.029    datapath/Audio_Codec/audiocodec_master_clock/inst/clk_out2_clk_wiz_1
    BUFGCTRL_X0Y3        BUFG (Prop_bufg_I_O)         0.029    -0.000 r  datapath/Audio_Codec/audiocodec_master_clock/inst/clkout2_buf/O
                         net (fo=115, routed)         0.910     0.910    datapath/Audio_Codec/initialize_audio/CLK
    SLICE_X160Y120       FDRE                                         r  datapath/Audio_Codec/initialize_audio/data_i_reg[3]/C
                         clock pessimism             -0.257     0.653    
    SLICE_X160Y120       FDRE (Hold_fdre_C_D)         0.092     0.745    datapath/Audio_Codec/initialize_audio/data_i_reg[3]
  -------------------------------------------------------------------
                         required time                         -0.745    
                         arrival time                           0.941    
  -------------------------------------------------------------------
                         slack                                  0.196    

Slack (MET) :             0.205ns  (arrival time - required time)
  Source:                 datapath/Audio_Codec/initialize_audio/initWord_reg[16]/C
                            (rising edge-triggered cell FDRE clocked by clk_out2_clk_wiz_1  {rise@0.000ns fall@10.000ns period=20.000ns})
  Destination:            datapath/Audio_Codec/initialize_audio/state_reg[3]/D
                            (rising edge-triggered cell FDRE clocked by clk_out2_clk_wiz_1  {rise@0.000ns fall@10.000ns period=20.000ns})
  Path Group:             clk_out2_clk_wiz_1
  Path Type:              Hold (Min at Fast Process Corner)
  Requirement:            0.000ns  (clk_out2_clk_wiz_1 rise@0.000ns - clk_out2_clk_wiz_1 rise@0.000ns)
  Data Path Delay:        0.341ns  (logic 0.209ns (61.246%)  route 0.132ns (38.754%))
  Logic Levels:           1  (LUT6=1)
  Clock Path Skew:        0.015ns (DCD - SCD - CPR)
    Destination Clock Delay (DCD):    0.910ns
    Source Clock Delay      (SCD):    0.638ns
    Clock Pessimism Removal (CPR):    0.257ns

    Location             Delay type                Incr(ns)  Path(ns)    Netlist Resource(s)
  -------------------------------------------------------------------    -------------------
                         (clock clk_out2_clk_wiz_1 rise edge)
                                                      0.000     0.000 r  
    BUFGCTRL_X0Y2        BUFG                         0.000     0.000 r  clk_IBUF_BUFG_inst/O
                         net (fo=232, routed)         0.610     0.610    datapath/Audio_Codec/audiocodec_master_clock/inst/clk_in1
    MMCME2_ADV_X0Y2      MMCME2_ADV (Prop_mmcme2_adv_CLKIN1_CLKOUT1)
                                                     -1.180    -0.571 r  datapath/Audio_Codec/audiocodec_master_clock/inst/mmcm_adv_inst/CLKOUT1
                         net (fo=1, routed)           0.545    -0.026    datapath/Audio_Codec/audiocodec_master_clock/inst/clk_out2_clk_wiz_1
    BUFGCTRL_X0Y3        BUFG (Prop_bufg_I_O)         0.026     0.000 r  datapath/Audio_Codec/audiocodec_master_clock/inst/clkout2_buf/O
                         net (fo=115, routed)         0.638     0.638    datapath/Audio_Codec/initialize_audio/CLK
    SLICE_X158Y120       FDRE                                         r  datapath/Audio_Codec/initialize_audio/initWord_reg[16]/C
  -------------------------------------------------------------------    -------------------
    SLICE_X158Y120       FDRE (Prop_fdre_C_Q)         0.164     0.802 f  datapath/Audio_Codec/initialize_audio/initWord_reg[16]/Q
                         net (fo=4, routed)           0.132     0.934    datapath/Audio_Codec/initialize_audio/twi_controller/initA_reg[0]_0[0]
    SLICE_X158Y119       LUT6 (Prop_lut6_I4_O)        0.045     0.979 r  datapath/Audio_Codec/initialize_audio/twi_controller/state[3]_i_2/O
                         net (fo=1, routed)           0.000     0.979    datapath/Audio_Codec/initialize_audio/twi_controller_n_2
    SLICE_X158Y119       FDRE                                         r  datapath/Audio_Codec/initialize_audio/state_reg[3]/D
  -------------------------------------------------------------------    -------------------

                         (clock clk_out2_clk_wiz_1 rise edge)
                                                      0.000     0.000 r  
    BUFGCTRL_X0Y2        BUFG                         0.000     0.000 r  clk_IBUF_BUFG_inst/O
                         net (fo=232, routed)         0.879     0.879    datapath/Audio_Codec/audiocodec_master_clock/inst/clk_in1
    MMCME2_ADV_X0Y2      MMCME2_ADV (Prop_mmcme2_adv_CLKIN1_CLKOUT1)
                                                     -1.502    -0.624 r  datapath/Audio_Codec/audiocodec_master_clock/inst/mmcm_adv_inst/CLKOUT1
                         net (fo=1, routed)           0.595    -0.029    datapath/Audio_Codec/audiocodec_master_clock/inst/clk_out2_clk_wiz_1
    BUFGCTRL_X0Y3        BUFG (Prop_bufg_I_O)         0.029    -0.000 r  datapath/Audio_Codec/audiocodec_master_clock/inst/clkout2_buf/O
                         net (fo=115, routed)         0.910     0.910    datapath/Audio_Codec/initialize_audio/CLK
    SLICE_X158Y119       FDRE                                         r  datapath/Audio_Codec/initialize_audio/state_reg[3]/C
                         clock pessimism             -0.257     0.653    
    SLICE_X158Y119       FDRE (Hold_fdre_C_D)         0.121     0.774    datapath/Audio_Codec/initialize_audio/state_reg[3]
  -------------------------------------------------------------------
                         required time                         -0.774    
                         arrival time                           0.979    
  -------------------------------------------------------------------
                         slack                                  0.205    

Slack (MET) :             0.216ns  (arrival time - required time)
  Source:                 datapath/Audio_Codec/initialize_audio/twi_controller/busState_reg[1]/C
                            (rising edge-triggered cell FDRE clocked by clk_out2_clk_wiz_1  {rise@0.000ns fall@10.000ns period=20.000ns})
  Destination:            datapath/Audio_Codec/initialize_audio/twi_controller/busState_reg[1]/D
                            (rising edge-triggered cell FDRE clocked by clk_out2_clk_wiz_1  {rise@0.000ns fall@10.000ns period=20.000ns})
  Path Group:             clk_out2_clk_wiz_1
  Path Type:              Hold (Min at Fast Process Corner)
  Requirement:            0.000ns  (clk_out2_clk_wiz_1 rise@0.000ns - clk_out2_clk_wiz_1 rise@0.000ns)
  Data Path Delay:        0.308ns  (logic 0.186ns (60.417%)  route 0.122ns (39.583%))
  Logic Levels:           1  (LUT6=1)
  Clock Path Skew:        0.000ns (DCD - SCD - CPR)
    Destination Clock Delay (DCD):    0.914ns
    Source Clock Delay      (SCD):    0.643ns
    Clock Pessimism Removal (CPR):    0.271ns

    Location             Delay type                Incr(ns)  Path(ns)    Netlist Resource(s)
  -------------------------------------------------------------------    -------------------
                         (clock clk_out2_clk_wiz_1 rise edge)
                                                      0.000     0.000 r  
    BUFGCTRL_X0Y2        BUFG                         0.000     0.000 r  clk_IBUF_BUFG_inst/O
                         net (fo=232, routed)         0.610     0.610    datapath/Audio_Codec/audiocodec_master_clock/inst/clk_in1
    MMCME2_ADV_X0Y2      MMCME2_ADV (Prop_mmcme2_adv_CLKIN1_CLKOUT1)
                                                     -1.180    -0.571 r  datapath/Audio_Codec/audiocodec_master_clock/inst/mmcm_adv_inst/CLKOUT1
                         net (fo=1, routed)           0.545    -0.026    datapath/Audio_Codec/audiocodec_master_clock/inst/clk_out2_clk_wiz_1
    BUFGCTRL_X0Y3        BUFG (Prop_bufg_I_O)         0.026     0.000 r  datapath/Audio_Codec/audiocodec_master_clock/inst/clkout2_buf/O
                         net (fo=115, routed)         0.643     0.643    datapath/Audio_Codec/initialize_audio/twi_controller/CLK
    SLICE_X161Y116       FDRE                                         r  datapath/Audio_Codec/initialize_audio/twi_controller/busState_reg[1]/C
  -------------------------------------------------------------------    -------------------
    SLICE_X161Y116       FDRE (Prop_fdre_C_Q)         0.141     0.784 r  datapath/Audio_Codec/initialize_audio/twi_controller/busState_reg[1]/Q
                         net (fo=2, routed)           0.122     0.905    datapath/Audio_Codec/initialize_audio/twi_controller/busState_reg_n_0_[1]
    SLICE_X161Y116       LUT6 (Prop_lut6_I5_O)        0.045     0.950 r  datapath/Audio_Codec/initialize_audio/twi_controller/busState[1]_i_1/O
                         net (fo=1, routed)           0.000     0.950    datapath/Audio_Codec/initialize_audio/twi_controller/busState[1]_i_1_n_0
    SLICE_X161Y116       FDRE                                         r  datapath/Audio_Codec/initialize_audio/twi_controller/busState_reg[1]/D
  -------------------------------------------------------------------    -------------------

                         (clock clk_out2_clk_wiz_1 rise edge)
                                                      0.000     0.000 r  
    BUFGCTRL_X0Y2        BUFG                         0.000     0.000 r  clk_IBUF_BUFG_inst/O
                         net (fo=232, routed)         0.879     0.879    datapath/Audio_Codec/audiocodec_master_clock/inst/clk_in1
    MMCME2_ADV_X0Y2      MMCME2_ADV (Prop_mmcme2_adv_CLKIN1_CLKOUT1)
                                                     -1.502    -0.624 r  datapath/Audio_Codec/audiocodec_master_clock/inst/mmcm_adv_inst/CLKOUT1
                         net (fo=1, routed)           0.595    -0.029    datapath/Audio_Codec/audiocodec_master_clock/inst/clk_out2_clk_wiz_1
    BUFGCTRL_X0Y3        BUFG (Prop_bufg_I_O)         0.029    -0.000 r  datapath/Audio_Codec/audiocodec_master_clock/inst/clkout2_buf/O
                         net (fo=115, routed)         0.914     0.914    datapath/Audio_Codec/initialize_audio/twi_controller/CLK
    SLICE_X161Y116       FDRE                                         r  datapath/Audio_Codec/initialize_audio/twi_controller/busState_reg[1]/C
                         clock pessimism             -0.271     0.643    
    SLICE_X161Y116       FDRE (Hold_fdre_C_D)         0.092     0.735    datapath/Audio_Codec/initialize_audio/twi_controller/busState_reg[1]
  -------------------------------------------------------------------
                         required time                         -0.735    
                         arrival time                           0.950    
  -------------------------------------------------------------------
                         slack                                  0.216    

Slack (MET) :             0.216ns  (arrival time - required time)
  Source:                 datapath/Audio_Codec/initialize_audio/initWord_reg[13]/C
                            (rising edge-triggered cell FDRE clocked by clk_out2_clk_wiz_1  {rise@0.000ns fall@10.000ns period=20.000ns})
  Destination:            datapath/Audio_Codec/initialize_audio/data_i_reg[5]/D
                            (rising edge-triggered cell FDRE clocked by clk_out2_clk_wiz_1  {rise@0.000ns fall@10.000ns period=20.000ns})
  Path Group:             clk_out2_clk_wiz_1
  Path Type:              Hold (Min at Fast Process Corner)
  Requirement:            0.000ns  (clk_out2_clk_wiz_1 rise@0.000ns - clk_out2_clk_wiz_1 rise@0.000ns)
  Data Path Delay:        0.323ns  (logic 0.186ns (57.554%)  route 0.137ns (42.446%))
  Logic Levels:           1  (LUT5=1)
  Clock Path Skew:        0.015ns (DCD - SCD - CPR)
    Destination Clock Delay (DCD):    0.910ns
    Source Clock Delay      (SCD):    0.638ns
    Clock Pessimism Removal (CPR):    0.257ns

    Location             Delay type                Incr(ns)  Path(ns)    Netlist Resource(s)
  -------------------------------------------------------------------    -------------------
                         (clock clk_out2_clk_wiz_1 rise edge)
                                                      0.000     0.000 r  
    BUFGCTRL_X0Y2        BUFG                         0.000     0.000 r  clk_IBUF_BUFG_inst/O
                         net (fo=232, routed)         0.610     0.610    datapath/Audio_Codec/audiocodec_master_clock/inst/clk_in1
    MMCME2_ADV_X0Y2      MMCME2_ADV (Prop_mmcme2_adv_CLKIN1_CLKOUT1)
                                                     -1.180    -0.571 r  datapath/Audio_Codec/audiocodec_master_clock/inst/mmcm_adv_inst/CLKOUT1
                         net (fo=1, routed)           0.545    -0.026    datapath/Audio_Codec/audiocodec_master_clock/inst/clk_out2_clk_wiz_1
    BUFGCTRL_X0Y3        BUFG (Prop_bufg_I_O)         0.026     0.000 r  datapath/Audio_Codec/audiocodec_master_clock/inst/clkout2_buf/O
                         net (fo=115, routed)         0.638     0.638    datapath/Audio_Codec/initialize_audio/CLK
    SLICE_X161Y121       FDRE                                         r  datapath/Audio_Codec/initialize_audio/initWord_reg[13]/C
  -------------------------------------------------------------------    -------------------
    SLICE_X161Y121       FDRE (Prop_fdre_C_Q)         0.141     0.779 r  datapath/Audio_Codec/initialize_audio/initWord_reg[13]/Q
                         net (fo=1, routed)           0.137     0.916    datapath/Audio_Codec/initialize_audio/data2[5]
    SLICE_X161Y120       LUT5 (Prop_lut5_I2_O)        0.045     0.961 r  datapath/Audio_Codec/initialize_audio/data_i[5]_i_1/O
                         net (fo=1, routed)           0.000     0.961    datapath/Audio_Codec/initialize_audio/data_i[5]_i_1_n_0
    SLICE_X161Y120       FDRE                                         r  datapath/Audio_Codec/initialize_audio/data_i_reg[5]/D
  -------------------------------------------------------------------    -------------------

                         (clock clk_out2_clk_wiz_1 rise edge)
                                                      0.000     0.000 r  
    BUFGCTRL_X0Y2        BUFG                         0.000     0.000 r  clk_IBUF_BUFG_inst/O
                         net (fo=232, routed)         0.879     0.879    datapath/Audio_Codec/audiocodec_master_clock/inst/clk_in1
    MMCME2_ADV_X0Y2      MMCME2_ADV (Prop_mmcme2_adv_CLKIN1_CLKOUT1)
                                                     -1.502    -0.624 r  datapath/Audio_Codec/audiocodec_master_clock/inst/mmcm_adv_inst/CLKOUT1
                         net (fo=1, routed)           0.595    -0.029    datapath/Audio_Codec/audiocodec_master_clock/inst/clk_out2_clk_wiz_1
    BUFGCTRL_X0Y3        BUFG (Prop_bufg_I_O)         0.029    -0.000 r  datapath/Audio_Codec/audiocodec_master_clock/inst/clkout2_buf/O
                         net (fo=115, routed)         0.910     0.910    datapath/Audio_Codec/initialize_audio/CLK
    SLICE_X161Y120       FDRE                                         r  datapath/Audio_Codec/initialize_audio/data_i_reg[5]/C
                         clock pessimism             -0.257     0.653    
    SLICE_X161Y120       FDRE (Hold_fdre_C_D)         0.092     0.745    datapath/Audio_Codec/initialize_audio/data_i_reg[5]
  -------------------------------------------------------------------
                         required time                         -0.745    
                         arrival time                           0.961    
  -------------------------------------------------------------------
                         slack                                  0.216    

Slack (MET) :             0.221ns  (arrival time - required time)
  Source:                 datapath/Audio_Codec/initialize_audio/twi_controller/busFreeCnt_reg[0]/C
                            (rising edge-triggered cell FDSE clocked by clk_out2_clk_wiz_1  {rise@0.000ns fall@10.000ns period=20.000ns})
  Destination:            datapath/Audio_Codec/initialize_audio/twi_controller/busFreeCnt_reg[1]/D
                            (rising edge-triggered cell FDRE clocked by clk_out2_clk_wiz_1  {rise@0.000ns fall@10.000ns period=20.000ns})
  Path Group:             clk_out2_clk_wiz_1
  Path Type:              Hold (Min at Fast Process Corner)
  Requirement:            0.000ns  (clk_out2_clk_wiz_1 rise@0.000ns - clk_out2_clk_wiz_1 rise@0.000ns)
  Data Path Delay:        0.325ns  (logic 0.209ns (64.219%)  route 0.116ns (35.781%))
  Logic Levels:           1  (LUT2=1)
  Clock Path Skew:        0.013ns (DCD - SCD - CPR)
    Destination Clock Delay (DCD):    0.914ns
    Source Clock Delay      (SCD):    0.643ns
    Clock Pessimism Removal (CPR):    0.258ns

    Location             Delay type                Incr(ns)  Path(ns)    Netlist Resource(s)
  -------------------------------------------------------------------    -------------------
                         (clock clk_out2_clk_wiz_1 rise edge)
                                                      0.000     0.000 r  
    BUFGCTRL_X0Y2        BUFG                         0.000     0.000 r  clk_IBUF_BUFG_inst/O
                         net (fo=232, routed)         0.610     0.610    datapath/Audio_Codec/audiocodec_master_clock/inst/clk_in1
    MMCME2_ADV_X0Y2      MMCME2_ADV (Prop_mmcme2_adv_CLKIN1_CLKOUT1)
                                                     -1.180    -0.571 r  datapath/Audio_Codec/audiocodec_master_clock/inst/mmcm_adv_inst/CLKOUT1
                         net (fo=1, routed)           0.545    -0.026    datapath/Audio_Codec/audiocodec_master_clock/inst/clk_out2_clk_wiz_1
    BUFGCTRL_X0Y3        BUFG (Prop_bufg_I_O)         0.026     0.000 r  datapath/Audio_Codec/audiocodec_master_clock/inst/clkout2_buf/O
                         net (fo=115, routed)         0.643     0.643    datapath/Audio_Codec/initialize_audio/twi_controller/CLK
    SLICE_X158Y115       FDSE                                         r  datapath/Audio_Codec/initialize_audio/twi_controller/busFreeCnt_reg[0]/C
  -------------------------------------------------------------------    -------------------
    SLICE_X158Y115       FDSE (Prop_fdse_C_Q)         0.164     0.807 r  datapath/Audio_Codec/initialize_audio/twi_controller/busFreeCnt_reg[0]/Q
                         net (fo=7, routed)           0.116     0.923    datapath/Audio_Codec/initialize_audio/twi_controller/busFreeCnt_reg[0]
    SLICE_X159Y115       LUT2 (Prop_lut2_I1_O)        0.045     0.968 r  datapath/Audio_Codec/initialize_audio/twi_controller/busFreeCnt[1]_i_1/O
                         net (fo=1, routed)           0.000     0.968    datapath/Audio_Codec/initialize_audio/twi_controller/busFreeCnt0[1]
    SLICE_X159Y115       FDRE                                         r  datapath/Audio_Codec/initialize_audio/twi_controller/busFreeCnt_reg[1]/D
  -------------------------------------------------------------------    -------------------

                         (clock clk_out2_clk_wiz_1 rise edge)
                                                      0.000     0.000 r  
    BUFGCTRL_X0Y2        BUFG                         0.000     0.000 r  clk_IBUF_BUFG_inst/O
                         net (fo=232, routed)         0.879     0.879    datapath/Audio_Codec/audiocodec_master_clock/inst/clk_in1
    MMCME2_ADV_X0Y2      MMCME2_ADV (Prop_mmcme2_adv_CLKIN1_CLKOUT1)
                                                     -1.502    -0.624 r  datapath/Audio_Codec/audiocodec_master_clock/inst/mmcm_adv_inst/CLKOUT1
                         net (fo=1, routed)           0.595    -0.029    datapath/Audio_Codec/audiocodec_master_clock/inst/clk_out2_clk_wiz_1
    BUFGCTRL_X0Y3        BUFG (Prop_bufg_I_O)         0.029    -0.000 r  datapath/Audio_Codec/audiocodec_master_clock/inst/clkout2_buf/O
                         net (fo=115, routed)         0.914     0.914    datapath/Audio_Codec/initialize_audio/twi_controller/CLK
    SLICE_X159Y115       FDRE                                         r  datapath/Audio_Codec/initialize_audio/twi_controller/busFreeCnt_reg[1]/C
                         clock pessimism             -0.258     0.656    
    SLICE_X159Y115       FDRE (Hold_fdre_C_D)         0.091     0.747    datapath/Audio_Codec/initialize_audio/twi_controller/busFreeCnt_reg[1]
  -------------------------------------------------------------------
                         required time                         -0.747    
                         arrival time                           0.968    
  -------------------------------------------------------------------
                         slack                                  0.221    





Pulse Width Checks
--------------------------------------------------------------------------------------
Clock Name:         clk_out2_clk_wiz_1
Waveform(ns):       { 0.000 10.000 }
Period(ns):         20.000
Sources:            { datapath/Audio_Codec/audiocodec_master_clock/inst/mmcm_adv_inst/CLKOUT1 }

Check Type        Corner  Lib Pin             Reference Pin  Required(ns)  Actual(ns)  Slack(ns)  Location         Pin
Min Period        n/a     BUFG/I              n/a            2.155         20.000      17.845     BUFGCTRL_X0Y3    datapath/Audio_Codec/audiocodec_master_clock/inst/clkout2_buf/I
Min Period        n/a     MMCME2_ADV/CLKOUT1  n/a            1.249         20.000      18.751     MMCME2_ADV_X0Y2  datapath/Audio_Codec/audiocodec_master_clock/inst/mmcm_adv_inst/CLKOUT1
Min Period        n/a     FDRE/C              n/a            1.000         20.000      19.000     SLICE_X162Y119   datapath/Audio_Codec/initialize_audio/data_i_reg[0]/C
Min Period        n/a     FDRE/C              n/a            1.000         20.000      19.000     SLICE_X160Y118   datapath/Audio_Codec/initialize_audio/data_i_reg[1]/C
Min Period        n/a     FDRE/C              n/a            1.000         20.000      19.000     SLICE_X160Y120   datapath/Audio_Codec/initialize_audio/data_i_reg[2]/C
Min Period        n/a     FDRE/C              n/a            1.000         20.000      19.000     SLICE_X160Y120   datapath/Audio_Codec/initialize_audio/data_i_reg[3]/C
Min Period        n/a     FDRE/C              n/a            1.000         20.000      19.000     SLICE_X161Y120   datapath/Audio_Codec/initialize_audio/data_i_reg[4]/C
Min Period        n/a     FDRE/C              n/a            1.000         20.000      19.000     SLICE_X161Y120   datapath/Audio_Codec/initialize_audio/data_i_reg[5]/C
Min Period        n/a     FDRE/C              n/a            1.000         20.000      19.000     SLICE_X160Y119   datapath/Audio_Codec/initialize_audio/data_i_reg[6]/C
Min Period        n/a     FDRE/C              n/a            1.000         20.000      19.000     SLICE_X160Y120   datapath/Audio_Codec/initialize_audio/data_i_reg[7]/C
Max Period        n/a     MMCME2_ADV/CLKOUT1  n/a            213.360       20.000      193.360    MMCME2_ADV_X0Y2  datapath/Audio_Codec/audiocodec_master_clock/inst/mmcm_adv_inst/CLKOUT1
Low Pulse Width   Slow    FDRE/C              n/a            0.500         10.000      9.500      SLICE_X162Y119   datapath/Audio_Codec/initialize_audio/data_i_reg[0]/C
Low Pulse Width   Fast    FDRE/C              n/a            0.500         10.000      9.500      SLICE_X162Y119   datapath/Audio_Codec/initialize_audio/data_i_reg[0]/C
Low Pulse Width   Slow    FDRE/C              n/a            0.500         10.000      9.500      SLICE_X160Y118   datapath/Audio_Codec/initialize_audio/data_i_reg[1]/C
Low Pulse Width   Fast    FDRE/C              n/a            0.500         10.000      9.500      SLICE_X160Y118   datapath/Audio_Codec/initialize_audio/data_i_reg[1]/C
Low Pulse Width   Slow    FDRE/C              n/a            0.500         10.000      9.500      SLICE_X160Y120   datapath/Audio_Codec/initialize_audio/data_i_reg[2]/C
Low Pulse Width   Fast    FDRE/C              n/a            0.500         10.000      9.500      SLICE_X160Y120   datapath/Audio_Codec/initialize_audio/data_i_reg[2]/C
Low Pulse Width   Slow    FDRE/C              n/a            0.500         10.000      9.500      SLICE_X160Y120   datapath/Audio_Codec/initialize_audio/data_i_reg[3]/C
Low Pulse Width   Fast    FDRE/C              n/a            0.500         10.000      9.500      SLICE_X160Y120   datapath/Audio_Codec/initialize_audio/data_i_reg[3]/C
Low Pulse Width   Slow    FDRE/C              n/a            0.500         10.000      9.500      SLICE_X161Y120   datapath/Audio_Codec/initialize_audio/data_i_reg[4]/C
Low Pulse Width   Fast    FDRE/C              n/a            0.500         10.000      9.500      SLICE_X161Y120   datapath/Audio_Codec/initialize_audio/data_i_reg[4]/C
High Pulse Width  Slow    FDRE/C              n/a            0.500         10.000      9.500      SLICE_X162Y119   datapath/Audio_Codec/initialize_audio/data_i_reg[0]/C
High Pulse Width  Fast    FDRE/C              n/a            0.500         10.000      9.500      SLICE_X162Y119   datapath/Audio_Codec/initialize_audio/data_i_reg[0]/C
High Pulse Width  Slow    FDRE/C              n/a            0.500         10.000      9.500      SLICE_X160Y118   datapath/Audio_Codec/initialize_audio/data_i_reg[1]/C
High Pulse Width  Fast    FDRE/C              n/a            0.500         10.000      9.500      SLICE_X160Y118   datapath/Audio_Codec/initialize_audio/data_i_reg[1]/C
High Pulse Width  Slow    FDRE/C              n/a            0.500         10.000      9.500      SLICE_X160Y120   datapath/Audio_Codec/initialize_audio/data_i_reg[2]/C
High Pulse Width  Fast    FDRE/C              n/a            0.500         10.000      9.500      SLICE_X160Y120   datapath/Audio_Codec/initialize_audio/data_i_reg[2]/C
High Pulse Width  Slow    FDRE/C              n/a            0.500         10.000      9.500      SLICE_X160Y120   datapath/Audio_Codec/initialize_audio/data_i_reg[3]/C
High Pulse Width  Fast    FDRE/C              n/a            0.500         10.000      9.500      SLICE_X160Y120   datapath/Audio_Codec/initialize_audio/data_i_reg[3]/C
High Pulse Width  Slow    FDRE/C              n/a            0.500         10.000      9.500      SLICE_X161Y120   datapath/Audio_Codec/initialize_audio/data_i_reg[4]/C
High Pulse Width  Fast    FDRE/C              n/a            0.500         10.000      9.500      SLICE_X161Y120   datapath/Audio_Codec/initialize_audio/data_i_reg[4]/C



---------------------------------------------------------------------------------------------------
From Clock:  clkfbout_clk_wiz_1
  To Clock:  clkfbout_clk_wiz_1

Setup :           NA  Failing Endpoints,  Worst Slack           NA  ,  Total Violation           NA
Hold  :           NA  Failing Endpoints,  Worst Slack           NA  ,  Total Violation           NA
PW    :            0  Failing Endpoints,  Worst Slack        7.845ns,  Total Violation        0.000ns
---------------------------------------------------------------------------------------------------


Pulse Width Checks
--------------------------------------------------------------------------------------
Clock Name:         clkfbout_clk_wiz_1
Waveform(ns):       { 0.000 5.000 }
Period(ns):         10.000
Sources:            { datapath/Audio_Codec/audiocodec_master_clock/inst/mmcm_adv_inst/CLKFBOUT }

Check Type  Corner  Lib Pin              Reference Pin  Required(ns)  Actual(ns)  Slack(ns)  Location         Pin
Min Period  n/a     BUFG/I               n/a            2.155         10.000      7.845      BUFGCTRL_X0Y5    datapath/Audio_Codec/audiocodec_master_clock/inst/clkf_buf/I
Min Period  n/a     MMCME2_ADV/CLKFBOUT  n/a            1.249         10.000      8.751      MMCME2_ADV_X0Y2  datapath/Audio_Codec/audiocodec_master_clock/inst/mmcm_adv_inst/CLKFBOUT
Min Period  n/a     MMCME2_ADV/CLKFBIN   n/a            1.249         10.000      8.751      MMCME2_ADV_X0Y2  datapath/Audio_Codec/audiocodec_master_clock/inst/mmcm_adv_inst/CLKFBIN
Max Period  n/a     MMCME2_ADV/CLKFBIN   n/a            100.000       10.000      90.000     MMCME2_ADV_X0Y2  datapath/Audio_Codec/audiocodec_master_clock/inst/mmcm_adv_inst/CLKFBIN
Max Period  n/a     MMCME2_ADV/CLKFBOUT  n/a            213.360       10.000      203.360    MMCME2_ADV_X0Y2  datapath/Audio_Codec/audiocodec_master_clock/inst/mmcm_adv_inst/CLKFBOUT



---------------------------------------------------------------------------------------------------
From Clock:  datapath/video_inst/mmcm_adv_inst_display_clocks/inst/clk_in1
  To Clock:  datapath/video_inst/mmcm_adv_inst_display_clocks/inst/clk_in1

Setup :           NA  Failing Endpoints,  Worst Slack           NA  ,  Total Violation           NA
Hold  :           NA  Failing Endpoints,  Worst Slack           NA  ,  Total Violation           NA
PW    :            0  Failing Endpoints,  Worst Slack        3.000ns,  Total Violation        0.000ns
---------------------------------------------------------------------------------------------------


Pulse Width Checks
--------------------------------------------------------------------------------------
Clock Name:         datapath/video_inst/mmcm_adv_inst_display_clocks/inst/clk_in1
Waveform(ns):       { 0.000 5.000 }
Period(ns):         10.000
Sources:            { datapath/video_inst/mmcm_adv_inst_display_clocks/inst/clk_in1 }

Check Type        Corner  Lib Pin            Reference Pin  Required(ns)  Actual(ns)  Slack(ns)  Location         Pin
Min Period        n/a     MMCME2_ADV/CLKIN1  n/a            1.249         10.000      8.751      MMCME2_ADV_X1Y0  datapath/video_inst/mmcm_adv_inst_display_clocks/inst/mmcm_adv_inst/CLKIN1
Max Period        n/a     MMCME2_ADV/CLKIN1  n/a            100.000       10.000      90.000     MMCME2_ADV_X1Y0  datapath/video_inst/mmcm_adv_inst_display_clocks/inst/mmcm_adv_inst/CLKIN1
Low Pulse Width   Slow    MMCME2_ADV/CLKIN1  n/a            2.000         5.000       3.000      MMCME2_ADV_X1Y0  datapath/video_inst/mmcm_adv_inst_display_clocks/inst/mmcm_adv_inst/CLKIN1
Low Pulse Width   Fast    MMCME2_ADV/CLKIN1  n/a            2.000         5.000       3.000      MMCME2_ADV_X1Y0  datapath/video_inst/mmcm_adv_inst_display_clocks/inst/mmcm_adv_inst/CLKIN1
High Pulse Width  Slow    MMCME2_ADV/CLKIN1  n/a            2.000         5.000       3.000      MMCME2_ADV_X1Y0  datapath/video_inst/mmcm_adv_inst_display_clocks/inst/mmcm_adv_inst/CLKIN1
High Pulse Width  Fast    MMCME2_ADV/CLKIN1  n/a            2.000         5.000       3.000      MMCME2_ADV_X1Y0  datapath/video_inst/mmcm_adv_inst_display_clocks/inst/mmcm_adv_inst/CLKIN1



---------------------------------------------------------------------------------------------------
From Clock:  clk_out1_clk_wiz_0
  To Clock:  clk_out1_clk_wiz_0

Setup :            0  Failing Endpoints,  Worst Slack       25.373ns,  Total Violation        0.000ns
Hold  :            0  Failing Endpoints,  Worst Slack        0.190ns,  Total Violation        0.000ns
PW    :            0  Failing Endpoints,  Worst Slack       19.500ns,  Total Violation        0.000ns
---------------------------------------------------------------------------------------------------


Max Delay Paths
--------------------------------------------------------------------------------------
Slack (MET) :             25.373ns  (required time - arrival time)
  Source:                 datapath/video_inst/Inst_vga/vga_sig_gen/horizontal_counter/processQ_reg[6]/C
                            (rising edge-triggered cell FDRE clocked by clk_out1_clk_wiz_0  {rise@0.000ns fall@20.000ns period=40.000ns})
  Destination:            datapath/video_inst/inst_dvid/TDMS_encoder_blue/encoded_reg[1]/D
                            (rising edge-triggered cell FDRE clocked by clk_out1_clk_wiz_0  {rise@0.000ns fall@20.000ns period=40.000ns})
  Path Group:             clk_out1_clk_wiz_0
  Path Type:              Setup (Max at Slow Process Corner)
  Requirement:            40.000ns  (clk_out1_clk_wiz_0 rise@40.000ns - clk_out1_clk_wiz_0 rise@0.000ns)
  Data Path Delay:        14.600ns  (logic 5.066ns (34.698%)  route 9.534ns (65.302%))
  Logic Levels:           16  (CARRY4=5 LUT2=1 LUT3=1 LUT4=2 LUT5=3 LUT6=4)
  Clock Path Skew:        0.039ns (DCD - SCD + CPR)
    Destination Clock Delay (DCD):    1.704ns = ( 41.704 - 40.000 ) 
    Source Clock Delay      (SCD):    1.740ns
    Clock Pessimism Removal (CPR):    0.075ns
  Clock Uncertainty:      0.095ns  ((TSJ^2 + DJ^2)^1/2) / 2 + PE
    Total System Jitter     (TSJ):    0.071ns
    Discrete Jitter          (DJ):    0.175ns
    Phase Error              (PE):    0.000ns

    Location             Delay type                Incr(ns)  Path(ns)    Netlist Resource(s)
  -------------------------------------------------------------------    -------------------
                         (clock clk_out1_clk_wiz_0 rise edge)
                                                      0.000     0.000 r  
    BUFGCTRL_X0Y2        BUFG                         0.000     0.000 r  clk_IBUF_BUFG_inst/O
                         net (fo=232, routed)         2.106     2.106    datapath/video_inst/mmcm_adv_inst_display_clocks/inst/clk_in1
    MMCME2_ADV_X1Y0      MMCME2_ADV (Prop_mmcme2_adv_CLKIN1_CLKOUT0)
                                                     -4.900    -2.793 r  datapath/video_inst/mmcm_adv_inst_display_clocks/inst/mmcm_adv_inst/CLKOUT0
                         net (fo=1, routed)           2.697    -0.096    datapath/video_inst/mmcm_adv_inst_display_clocks/inst/clk_out1_clk_wiz_0
    BUFGCTRL_X0Y4        BUFG (Prop_bufg_I_O)         0.096    -0.000 r  datapath/video_inst/mmcm_adv_inst_display_clocks/inst/clkout1_buf/O
                         net (fo=63, routed)          1.740     1.740    datapath/video_inst/Inst_vga/vga_sig_gen/horizontal_counter/CLK
    SLICE_X154Y127       FDRE                                         r  datapath/video_inst/Inst_vga/vga_sig_gen/horizontal_counter/processQ_reg[6]/C
  -------------------------------------------------------------------    -------------------
    SLICE_X154Y127       FDRE (Prop_fdre_C_Q)         0.478     2.218 r  datapath/video_inst/Inst_vga/vga_sig_gen/horizontal_counter/processQ_reg[6]/Q
                         net (fo=36, routed)          0.918     3.137    datapath/video_inst/Inst_vga/vga_sig_gen/horizontal_counter/Q[6]
    SLICE_X154Y126       LUT2 (Prop_lut2_I1_O)        0.329     3.466 r  datapath/video_inst/Inst_vga/vga_sig_gen/horizontal_counter/is_vertical_gridline0__0_carry__1_i_8/O
                         net (fo=1, routed)           0.364     3.830    datapath/video_inst/Inst_vga/vga_sig_gen/horizontal_counter/is_vertical_gridline0__0_carry__1_i_8_n_0
    SLICE_X154Y126       LUT6 (Prop_lut6_I2_O)        0.348     4.178 f  datapath/video_inst/Inst_vga/vga_sig_gen/horizontal_counter/is_vertical_gridline0__0_carry__1_i_1/O
                         net (fo=10, routed)          1.235     5.412    datapath/video_inst/Inst_vga/vga_sig_gen/horizontal_counter/processQ_reg[8]_1
    SLICE_X161Y124       LUT6 (Prop_lut6_I0_O)        0.124     5.536 r  datapath/video_inst/Inst_vga/vga_sig_gen/horizontal_counter/is_vertical_gridline0__0_carry__0_i_1/O
                         net (fo=2, routed)           0.644     6.181    datapath/video_inst/Inst_vga/vga_sig_gen/horizontal_counter/processQ_reg[5]_4[3]
    SLICE_X160Y124       LUT4 (Prop_lut4_I0_O)        0.124     6.305 r  datapath/video_inst/Inst_vga/vga_sig_gen/horizontal_counter/is_vertical_gridline0__0_carry__0_i_5/O
                         net (fo=1, routed)           0.000     6.305    datapath/video_inst/Inst_vga/color_mapper_1/is_vertical_gridline0__0_carry__1_2[3]
    SLICE_X160Y124       CARRY4 (Prop_carry4_S[3]_CO[3])
                                                      0.401     6.706 r  datapath/video_inst/Inst_vga/color_mapper_1/is_vertical_gridline0__0_carry__0/CO[3]
                         net (fo=1, routed)           0.009     6.715    datapath/video_inst/Inst_vga/color_mapper_1/is_vertical_gridline0__0_carry__0_n_0
    SLICE_X160Y125       CARRY4 (Prop_carry4_CI_O[3])
                                                      0.313     7.028 r  datapath/video_inst/Inst_vga/color_mapper_1/is_vertical_gridline0__0_carry__1/O[3]
                         net (fo=7, routed)           1.026     8.054    datapath/video_inst/Inst_vga/vga_sig_gen/horizontal_counter/O[3]
    SLICE_X159Y124       LUT3 (Prop_lut3_I1_O)        0.306     8.360 r  datapath/video_inst/Inst_vga/vga_sig_gen/horizontal_counter/is_vertical_gridline0__26_carry_i_2/O
                         net (fo=1, routed)           0.000     8.360    datapath/video_inst/Inst_vga/color_mapper_1/is_vertical_gridline0__46_carry_i_6_0[2]
    SLICE_X159Y124       CARRY4 (Prop_carry4_S[3]_CO[3])
                                                      0.401     8.761 r  datapath/video_inst/Inst_vga/color_mapper_1/is_vertical_gridline0__26_carry/CO[3]
                         net (fo=1, routed)           0.009     8.770    datapath/video_inst/Inst_vga/color_mapper_1/is_vertical_gridline0__26_carry_n_0
    SLICE_X159Y125       CARRY4 (Prop_carry4_CI_O[1])
                                                      0.334     9.104 r  datapath/video_inst/Inst_vga/color_mapper_1/is_vertical_gridline0__26_carry__0/O[1]
                         net (fo=1, routed)           0.665     9.769    datapath/video_inst/Inst_vga/vga_sig_gen/horizontal_counter/is_vertical_gridline0__46_carry__0[1]
    SLICE_X158Y125       LUT5 (Prop_lut5_I4_O)        0.303    10.072 r  datapath/video_inst/Inst_vga/vga_sig_gen/horizontal_counter/is_vertical_gridline0__46_carry__0_i_6/O
                         net (fo=1, routed)           0.000    10.072    datapath/video_inst/Inst_vga/color_mapper_1/dc_bias[3]_i_32_0[1]
    SLICE_X158Y125       CARRY4 (Prop_carry4_S[1]_O[2])
                                                      0.578    10.650 r  datapath/video_inst/Inst_vga/color_mapper_1/is_vertical_gridline0__46_carry__0/O[2]
                         net (fo=1, routed)           0.688    11.338    datapath/video_inst/Inst_vga/vga_sig_gen/horizontal_counter/dc_bias[3]_i_3[2]
    SLICE_X157Y125       LUT6 (Prop_lut6_I2_O)        0.301    11.639 f  datapath/video_inst/Inst_vga/vga_sig_gen/horizontal_counter/dc_bias[3]_i_13/O
                         net (fo=1, routed)           1.251    12.890    datapath/video_inst/Inst_vga/vga_sig_gen/vertical_counter/dc_bias[2]_i_2_1
    SLICE_X153Y131       LUT5 (Prop_lut5_I4_O)        0.124    13.014 f  datapath/video_inst/Inst_vga/vga_sig_gen/vertical_counter/dc_bias[3]_i_3/O
                         net (fo=7, routed)           1.015    14.029    datapath/video_inst/Inst_vga/vga_sig_gen/vertical_counter/processQ_reg[2]_0
    SLICE_X156Y133       LUT6 (Prop_lut6_I3_O)        0.124    14.153 r  datapath/video_inst/Inst_vga/vga_sig_gen/vertical_counter/dc_bias[0]_i_2/O
                         net (fo=5, routed)           1.112    15.266    datapath/video_inst/inst_dvid/TDMS_encoder_blue/dc_bias_reg[0]_0
    SLICE_X158Y131       LUT5 (Prop_lut5_I0_O)        0.150    15.416 r  datapath/video_inst/inst_dvid/TDMS_encoder_blue/encoded[4]_i_2/O
                         net (fo=2, routed)           0.597    16.013    datapath/video_inst/Inst_vga/vga_sig_gen/encoded_reg[4]
    SLICE_X159Y133       LUT4 (Prop_lut4_I3_O)        0.328    16.341 r  datapath/video_inst/Inst_vga/vga_sig_gen/encoded[1]_i_1/O
                         net (fo=1, routed)           0.000    16.341    datapath/video_inst/inst_dvid/TDMS_encoder_blue/encoded_reg[1]_0
    SLICE_X159Y133       FDRE                                         r  datapath/video_inst/inst_dvid/TDMS_encoder_blue/encoded_reg[1]/D
  -------------------------------------------------------------------    -------------------

                         (clock clk_out1_clk_wiz_0 rise edge)
                                                     40.000    40.000 r  
    BUFGCTRL_X0Y2        BUFG                         0.000    40.000 r  clk_IBUF_BUFG_inst/O
                         net (fo=232, routed)         1.972    41.972    datapath/video_inst/mmcm_adv_inst_display_clocks/inst/clk_in1
    MMCME2_ADV_X1Y0      MMCME2_ADV (Prop_mmcme2_adv_CLKIN1_CLKOUT0)
                                                     -4.637    37.335 r  datapath/video_inst/mmcm_adv_inst_display_clocks/inst/mmcm_adv_inst/CLKOUT0
                         net (fo=1, routed)           2.574    39.909    datapath/video_inst/mmcm_adv_inst_display_clocks/inst/clk_out1_clk_wiz_0
    BUFGCTRL_X0Y4        BUFG (Prop_bufg_I_O)         0.091    40.000 r  datapath/video_inst/mmcm_adv_inst_display_clocks/inst/clkout1_buf/O
                         net (fo=63, routed)          1.704    41.704    datapath/video_inst/inst_dvid/TDMS_encoder_blue/clk_out1
    SLICE_X159Y133       FDRE                                         r  datapath/video_inst/inst_dvid/TDMS_encoder_blue/encoded_reg[1]/C
                         clock pessimism              0.075    41.779    
                         clock uncertainty           -0.095    41.685    
    SLICE_X159Y133       FDRE (Setup_fdre_C_D)        0.029    41.714    datapath/video_inst/inst_dvid/TDMS_encoder_blue/encoded_reg[1]
  -------------------------------------------------------------------
                         required time                         41.714    
                         arrival time                         -16.341    
  -------------------------------------------------------------------
                         slack                                 25.373    

Slack (MET) :             25.425ns  (required time - arrival time)
  Source:                 datapath/video_inst/Inst_vga/vga_sig_gen/horizontal_counter/processQ_reg[6]/C
                            (rising edge-triggered cell FDRE clocked by clk_out1_clk_wiz_0  {rise@0.000ns fall@20.000ns period=40.000ns})
  Destination:            datapath/video_inst/inst_dvid/TDMS_encoder_blue/encoded_reg[4]/D
                            (rising edge-triggered cell FDRE clocked by clk_out1_clk_wiz_0  {rise@0.000ns fall@20.000ns period=40.000ns})
  Path Group:             clk_out1_clk_wiz_0
  Path Type:              Setup (Max at Slow Process Corner)
  Requirement:            40.000ns  (clk_out1_clk_wiz_0 rise@40.000ns - clk_out1_clk_wiz_0 rise@0.000ns)
  Data Path Delay:        14.594ns  (logic 5.060ns (34.671%)  route 9.534ns (65.329%))
  Logic Levels:           16  (CARRY4=5 LUT2=1 LUT3=1 LUT4=2 LUT5=3 LUT6=4)
  Clock Path Skew:        0.039ns (DCD - SCD + CPR)
    Destination Clock Delay (DCD):    1.704ns = ( 41.704 - 40.000 ) 
    Source Clock Delay      (SCD):    1.740ns
    Clock Pessimism Removal (CPR):    0.075ns
  Clock Uncertainty:      0.095ns  ((TSJ^2 + DJ^2)^1/2) / 2 + PE
    Total System Jitter     (TSJ):    0.071ns
    Discrete Jitter          (DJ):    0.175ns
    Phase Error              (PE):    0.000ns

    Location             Delay type                Incr(ns)  Path(ns)    Netlist Resource(s)
  -------------------------------------------------------------------    -------------------
                         (clock clk_out1_clk_wiz_0 rise edge)
                                                      0.000     0.000 r  
    BUFGCTRL_X0Y2        BUFG                         0.000     0.000 r  clk_IBUF_BUFG_inst/O
                         net (fo=232, routed)         2.106     2.106    datapath/video_inst/mmcm_adv_inst_display_clocks/inst/clk_in1
    MMCME2_ADV_X1Y0      MMCME2_ADV (Prop_mmcme2_adv_CLKIN1_CLKOUT0)
                                                     -4.900    -2.793 r  datapath/video_inst/mmcm_adv_inst_display_clocks/inst/mmcm_adv_inst/CLKOUT0
                         net (fo=1, routed)           2.697    -0.096    datapath/video_inst/mmcm_adv_inst_display_clocks/inst/clk_out1_clk_wiz_0
    BUFGCTRL_X0Y4        BUFG (Prop_bufg_I_O)         0.096    -0.000 r  datapath/video_inst/mmcm_adv_inst_display_clocks/inst/clkout1_buf/O
                         net (fo=63, routed)          1.740     1.740    datapath/video_inst/Inst_vga/vga_sig_gen/horizontal_counter/CLK
    SLICE_X154Y127       FDRE                                         r  datapath/video_inst/Inst_vga/vga_sig_gen/horizontal_counter/processQ_reg[6]/C
  -------------------------------------------------------------------    -------------------
    SLICE_X154Y127       FDRE (Prop_fdre_C_Q)         0.478     2.218 r  datapath/video_inst/Inst_vga/vga_sig_gen/horizontal_counter/processQ_reg[6]/Q
                         net (fo=36, routed)          0.918     3.137    datapath/video_inst/Inst_vga/vga_sig_gen/horizontal_counter/Q[6]
    SLICE_X154Y126       LUT2 (Prop_lut2_I1_O)        0.329     3.466 r  datapath/video_inst/Inst_vga/vga_sig_gen/horizontal_counter/is_vertical_gridline0__0_carry__1_i_8/O
                         net (fo=1, routed)           0.364     3.830    datapath/video_inst/Inst_vga/vga_sig_gen/horizontal_counter/is_vertical_gridline0__0_carry__1_i_8_n_0
    SLICE_X154Y126       LUT6 (Prop_lut6_I2_O)        0.348     4.178 f  datapath/video_inst/Inst_vga/vga_sig_gen/horizontal_counter/is_vertical_gridline0__0_carry__1_i_1/O
                         net (fo=10, routed)          1.235     5.412    datapath/video_inst/Inst_vga/vga_sig_gen/horizontal_counter/processQ_reg[8]_1
    SLICE_X161Y124       LUT6 (Prop_lut6_I0_O)        0.124     5.536 r  datapath/video_inst/Inst_vga/vga_sig_gen/horizontal_counter/is_vertical_gridline0__0_carry__0_i_1/O
                         net (fo=2, routed)           0.644     6.181    datapath/video_inst/Inst_vga/vga_sig_gen/horizontal_counter/processQ_reg[5]_4[3]
    SLICE_X160Y124       LUT4 (Prop_lut4_I0_O)        0.124     6.305 r  datapath/video_inst/Inst_vga/vga_sig_gen/horizontal_counter/is_vertical_gridline0__0_carry__0_i_5/O
                         net (fo=1, routed)           0.000     6.305    datapath/video_inst/Inst_vga/color_mapper_1/is_vertical_gridline0__0_carry__1_2[3]
    SLICE_X160Y124       CARRY4 (Prop_carry4_S[3]_CO[3])
                                                      0.401     6.706 r  datapath/video_inst/Inst_vga/color_mapper_1/is_vertical_gridline0__0_carry__0/CO[3]
                         net (fo=1, routed)           0.009     6.715    datapath/video_inst/Inst_vga/color_mapper_1/is_vertical_gridline0__0_carry__0_n_0
    SLICE_X160Y125       CARRY4 (Prop_carry4_CI_O[3])
                                                      0.313     7.028 r  datapath/video_inst/Inst_vga/color_mapper_1/is_vertical_gridline0__0_carry__1/O[3]
                         net (fo=7, routed)           1.026     8.054    datapath/video_inst/Inst_vga/vga_sig_gen/horizontal_counter/O[3]
    SLICE_X159Y124       LUT3 (Prop_lut3_I1_O)        0.306     8.360 r  datapath/video_inst/Inst_vga/vga_sig_gen/horizontal_counter/is_vertical_gridline0__26_carry_i_2/O
                         net (fo=1, routed)           0.000     8.360    datapath/video_inst/Inst_vga/color_mapper_1/is_vertical_gridline0__46_carry_i_6_0[2]
    SLICE_X159Y124       CARRY4 (Prop_carry4_S[3]_CO[3])
                                                      0.401     8.761 r  datapath/video_inst/Inst_vga/color_mapper_1/is_vertical_gridline0__26_carry/CO[3]
                         net (fo=1, routed)           0.009     8.770    datapath/video_inst/Inst_vga/color_mapper_1/is_vertical_gridline0__26_carry_n_0
    SLICE_X159Y125       CARRY4 (Prop_carry4_CI_O[1])
                                                      0.334     9.104 r  datapath/video_inst/Inst_vga/color_mapper_1/is_vertical_gridline0__26_carry__0/O[1]
                         net (fo=1, routed)           0.665     9.769    datapath/video_inst/Inst_vga/vga_sig_gen/horizontal_counter/is_vertical_gridline0__46_carry__0[1]
    SLICE_X158Y125       LUT5 (Prop_lut5_I4_O)        0.303    10.072 r  datapath/video_inst/Inst_vga/vga_sig_gen/horizontal_counter/is_vertical_gridline0__46_carry__0_i_6/O
                         net (fo=1, routed)           0.000    10.072    datapath/video_inst/Inst_vga/color_mapper_1/dc_bias[3]_i_32_0[1]
    SLICE_X158Y125       CARRY4 (Prop_carry4_S[1]_O[2])
                                                      0.578    10.650 r  datapath/video_inst/Inst_vga/color_mapper_1/is_vertical_gridline0__46_carry__0/O[2]
                         net (fo=1, routed)           0.688    11.338    datapath/video_inst/Inst_vga/vga_sig_gen/horizontal_counter/dc_bias[3]_i_3[2]
    SLICE_X157Y125       LUT6 (Prop_lut6_I2_O)        0.301    11.639 f  datapath/video_inst/Inst_vga/vga_sig_gen/horizontal_counter/dc_bias[3]_i_13/O
                         net (fo=1, routed)           1.251    12.890    datapath/video_inst/Inst_vga/vga_sig_gen/vertical_counter/dc_bias[2]_i_2_1
    SLICE_X153Y131       LUT5 (Prop_lut5_I4_O)        0.124    13.014 f  datapath/video_inst/Inst_vga/vga_sig_gen/vertical_counter/dc_bias[3]_i_3/O
                         net (fo=7, routed)           1.015    14.029    datapath/video_inst/Inst_vga/vga_sig_gen/vertical_counter/processQ_reg[2]_0
    SLICE_X156Y133       LUT6 (Prop_lut6_I3_O)        0.124    14.153 r  datapath/video_inst/Inst_vga/vga_sig_gen/vertical_counter/dc_bias[0]_i_2/O
                         net (fo=5, routed)           1.112    15.266    datapath/video_inst/inst_dvid/TDMS_encoder_blue/dc_bias_reg[0]_0
    SLICE_X158Y131       LUT5 (Prop_lut5_I0_O)        0.150    15.416 r  datapath/video_inst/inst_dvid/TDMS_encoder_blue/encoded[4]_i_2/O
                         net (fo=2, routed)           0.597    16.013    datapath/video_inst/Inst_vga/vga_sig_gen/encoded_reg[4]
    SLICE_X159Y133       LUT4 (Prop_lut4_I3_O)        0.322    16.335 r  datapath/video_inst/Inst_vga/vga_sig_gen/encoded[4]_i_1/O
                         net (fo=1, routed)           0.000    16.335    datapath/video_inst/inst_dvid/TDMS_encoder_blue/encoded_reg[4]_0
    SLICE_X159Y133       FDRE                                         r  datapath/video_inst/inst_dvid/TDMS_encoder_blue/encoded_reg[4]/D
  -------------------------------------------------------------------    -------------------

                         (clock clk_out1_clk_wiz_0 rise edge)
                                                     40.000    40.000 r  
    BUFGCTRL_X0Y2        BUFG                         0.000    40.000 r  clk_IBUF_BUFG_inst/O
                         net (fo=232, routed)         1.972    41.972    datapath/video_inst/mmcm_adv_inst_display_clocks/inst/clk_in1
    MMCME2_ADV_X1Y0      MMCME2_ADV (Prop_mmcme2_adv_CLKIN1_CLKOUT0)
                                                     -4.637    37.335 r  datapath/video_inst/mmcm_adv_inst_display_clocks/inst/mmcm_adv_inst/CLKOUT0
                         net (fo=1, routed)           2.574    39.909    datapath/video_inst/mmcm_adv_inst_display_clocks/inst/clk_out1_clk_wiz_0
    BUFGCTRL_X0Y4        BUFG (Prop_bufg_I_O)         0.091    40.000 r  datapath/video_inst/mmcm_adv_inst_display_clocks/inst/clkout1_buf/O
                         net (fo=63, routed)          1.704    41.704    datapath/video_inst/inst_dvid/TDMS_encoder_blue/clk_out1
    SLICE_X159Y133       FDRE                                         r  datapath/video_inst/inst_dvid/TDMS_encoder_blue/encoded_reg[4]/C
                         clock pessimism              0.075    41.779    
                         clock uncertainty           -0.095    41.685    
    SLICE_X159Y133       FDRE (Setup_fdre_C_D)        0.075    41.760    datapath/video_inst/inst_dvid/TDMS_encoder_blue/encoded_reg[4]
  -------------------------------------------------------------------
                         required time                         41.760    
                         arrival time                         -16.335    
  -------------------------------------------------------------------
                         slack                                 25.425    

Slack (MET) :             25.429ns  (required time - arrival time)
  Source:                 datapath/video_inst/Inst_vga/vga_sig_gen/horizontal_counter/processQ_reg[6]/C
                            (rising edge-triggered cell FDRE clocked by clk_out1_clk_wiz_0  {rise@0.000ns fall@20.000ns period=40.000ns})
  Destination:            datapath/video_inst/inst_dvid/TDMS_encoder_blue/encoded_reg[9]/D
                            (rising edge-triggered cell FDRE clocked by clk_out1_clk_wiz_0  {rise@0.000ns fall@20.000ns period=40.000ns})
  Path Group:             clk_out1_clk_wiz_0
  Path Type:              Setup (Max at Slow Process Corner)
  Requirement:            40.000ns  (clk_out1_clk_wiz_0 rise@40.000ns - clk_out1_clk_wiz_0 rise@0.000ns)
  Data Path Delay:        14.543ns  (logic 5.062ns (34.806%)  route 9.481ns (65.193%))
  Logic Levels:           16  (CARRY4=5 LUT2=2 LUT3=1 LUT4=1 LUT5=2 LUT6=5)
  Clock Path Skew:        0.038ns (DCD - SCD + CPR)
    Destination Clock Delay (DCD):    1.703ns = ( 41.703 - 40.000 ) 
    Source Clock Delay      (SCD):    1.740ns
    Clock Pessimism Removal (CPR):    0.075ns
  Clock Uncertainty:      0.095ns  ((TSJ^2 + DJ^2)^1/2) / 2 + PE
    Total System Jitter     (TSJ):    0.071ns
    Discrete Jitter          (DJ):    0.175ns
    Phase Error              (PE):    0.000ns

    Location             Delay type                Incr(ns)  Path(ns)    Netlist Resource(s)
  -------------------------------------------------------------------    -------------------
                         (clock clk_out1_clk_wiz_0 rise edge)
                                                      0.000     0.000 r  
    BUFGCTRL_X0Y2        BUFG                         0.000     0.000 r  clk_IBUF_BUFG_inst/O
                         net (fo=232, routed)         2.106     2.106    datapath/video_inst/mmcm_adv_inst_display_clocks/inst/clk_in1
    MMCME2_ADV_X1Y0      MMCME2_ADV (Prop_mmcme2_adv_CLKIN1_CLKOUT0)
                                                     -4.900    -2.793 r  datapath/video_inst/mmcm_adv_inst_display_clocks/inst/mmcm_adv_inst/CLKOUT0
                         net (fo=1, routed)           2.697    -0.096    datapath/video_inst/mmcm_adv_inst_display_clocks/inst/clk_out1_clk_wiz_0
    BUFGCTRL_X0Y4        BUFG (Prop_bufg_I_O)         0.096    -0.000 r  datapath/video_inst/mmcm_adv_inst_display_clocks/inst/clkout1_buf/O
                         net (fo=63, routed)          1.740     1.740    datapath/video_inst/Inst_vga/vga_sig_gen/horizontal_counter/CLK
    SLICE_X154Y127       FDRE                                         r  datapath/video_inst/Inst_vga/vga_sig_gen/horizontal_counter/processQ_reg[6]/C
  -------------------------------------------------------------------    -------------------
    SLICE_X154Y127       FDRE (Prop_fdre_C_Q)         0.478     2.218 r  datapath/video_inst/Inst_vga/vga_sig_gen/horizontal_counter/processQ_reg[6]/Q
                         net (fo=36, routed)          0.918     3.137    datapath/video_inst/Inst_vga/vga_sig_gen/horizontal_counter/Q[6]
    SLICE_X154Y126       LUT2 (Prop_lut2_I1_O)        0.329     3.466 r  datapath/video_inst/Inst_vga/vga_sig_gen/horizontal_counter/is_vertical_gridline0__0_carry__1_i_8/O
                         net (fo=1, routed)           0.364     3.830    datapath/video_inst/Inst_vga/vga_sig_gen/horizontal_counter/is_vertical_gridline0__0_carry__1_i_8_n_0
    SLICE_X154Y126       LUT6 (Prop_lut6_I2_O)        0.348     4.178 f  datapath/video_inst/Inst_vga/vga_sig_gen/horizontal_counter/is_vertical_gridline0__0_carry__1_i_1/O
                         net (fo=10, routed)          1.235     5.412    datapath/video_inst/Inst_vga/vga_sig_gen/horizontal_counter/processQ_reg[8]_1
    SLICE_X161Y124       LUT6 (Prop_lut6_I0_O)        0.124     5.536 r  datapath/video_inst/Inst_vga/vga_sig_gen/horizontal_counter/is_vertical_gridline0__0_carry__0_i_1/O
                         net (fo=2, routed)           0.644     6.181    datapath/video_inst/Inst_vga/vga_sig_gen/horizontal_counter/processQ_reg[5]_4[3]
    SLICE_X160Y124       LUT4 (Prop_lut4_I0_O)        0.124     6.305 r  datapath/video_inst/Inst_vga/vga_sig_gen/horizontal_counter/is_vertical_gridline0__0_carry__0_i_5/O
                         net (fo=1, routed)           0.000     6.305    datapath/video_inst/Inst_vga/color_mapper_1/is_vertical_gridline0__0_carry__1_2[3]
    SLICE_X160Y124       CARRY4 (Prop_carry4_S[3]_CO[3])
                                                      0.401     6.706 r  datapath/video_inst/Inst_vga/color_mapper_1/is_vertical_gridline0__0_carry__0/CO[3]
                         net (fo=1, routed)           0.009     6.715    datapath/video_inst/Inst_vga/color_mapper_1/is_vertical_gridline0__0_carry__0_n_0
    SLICE_X160Y125       CARRY4 (Prop_carry4_CI_O[3])
                                                      0.313     7.028 r  datapath/video_inst/Inst_vga/color_mapper_1/is_vertical_gridline0__0_carry__1/O[3]
                         net (fo=7, routed)           1.026     8.054    datapath/video_inst/Inst_vga/vga_sig_gen/horizontal_counter/O[3]
    SLICE_X159Y124       LUT3 (Prop_lut3_I1_O)        0.306     8.360 r  datapath/video_inst/Inst_vga/vga_sig_gen/horizontal_counter/is_vertical_gridline0__26_carry_i_2/O
                         net (fo=1, routed)           0.000     8.360    datapath/video_inst/Inst_vga/color_mapper_1/is_vertical_gridline0__46_carry_i_6_0[2]
    SLICE_X159Y124       CARRY4 (Prop_carry4_S[3]_CO[3])
                                                      0.401     8.761 r  datapath/video_inst/Inst_vga/color_mapper_1/is_vertical_gridline0__26_carry/CO[3]
                         net (fo=1, routed)           0.009     8.770    datapath/video_inst/Inst_vga/color_mapper_1/is_vertical_gridline0__26_carry_n_0
    SLICE_X159Y125       CARRY4 (Prop_carry4_CI_O[1])
                                                      0.334     9.104 r  datapath/video_inst/Inst_vga/color_mapper_1/is_vertical_gridline0__26_carry__0/O[1]
                         net (fo=1, routed)           0.665     9.769    datapath/video_inst/Inst_vga/vga_sig_gen/horizontal_counter/is_vertical_gridline0__46_carry__0[1]
    SLICE_X158Y125       LUT5 (Prop_lut5_I4_O)        0.303    10.072 r  datapath/video_inst/Inst_vga/vga_sig_gen/horizontal_counter/is_vertical_gridline0__46_carry__0_i_6/O
                         net (fo=1, routed)           0.000    10.072    datapath/video_inst/Inst_vga/color_mapper_1/dc_bias[3]_i_32_0[1]
    SLICE_X158Y125       CARRY4 (Prop_carry4_S[1]_O[2])
                                                      0.578    10.650 r  datapath/video_inst/Inst_vga/color_mapper_1/is_vertical_gridline0__46_carry__0/O[2]
                         net (fo=1, routed)           0.688    11.338    datapath/video_inst/Inst_vga/vga_sig_gen/horizontal_counter/dc_bias[3]_i_3[2]
    SLICE_X157Y125       LUT6 (Prop_lut6_I2_O)        0.301    11.639 r  datapath/video_inst/Inst_vga/vga_sig_gen/horizontal_counter/dc_bias[3]_i_13/O
                         net (fo=1, routed)           1.251    12.890    datapath/video_inst/Inst_vga/vga_sig_gen/vertical_counter/dc_bias[2]_i_2_1
    SLICE_X153Y131       LUT5 (Prop_lut5_I4_O)        0.124    13.014 r  datapath/video_inst/Inst_vga/vga_sig_gen/vertical_counter/dc_bias[3]_i_3/O
                         net (fo=7, routed)           1.011    14.025    datapath/video_inst/Inst_vga/vga_sig_gen/vertical_counter/processQ_reg[2]_0
    SLICE_X156Y133       LUT6 (Prop_lut6_I0_O)        0.124    14.149 r  datapath/video_inst/Inst_vga/vga_sig_gen/vertical_counter/dc_bias[3]_i_2__1/O
                         net (fo=14, routed)          1.014    15.163    datapath/video_inst/inst_dvid/TDMS_encoder_blue/dc_bias_reg[3]_2
    SLICE_X158Y132       LUT2 (Prop_lut2_I1_O)        0.146    15.309 f  datapath/video_inst/inst_dvid/TDMS_encoder_blue/encoded[9]_i_2__0/O
                         net (fo=1, routed)           0.647    15.956    datapath/video_inst/Inst_vga/vga_sig_gen/vertical_counter/encoded_reg[9]_1
    SLICE_X159Y132       LUT6 (Prop_lut6_I0_O)        0.328    16.284 r  datapath/video_inst/Inst_vga/vga_sig_gen/vertical_counter/TDMS_encoder_blue/encoded[9]_i_1/O
                         net (fo=1, routed)           0.000    16.284    datapath/video_inst/inst_dvid/TDMS_encoder_blue/encoded_reg[9]_0
    SLICE_X159Y132       FDRE                                         r  datapath/video_inst/inst_dvid/TDMS_encoder_blue/encoded_reg[9]/D
  -------------------------------------------------------------------    -------------------

                         (clock clk_out1_clk_wiz_0 rise edge)
                                                     40.000    40.000 r  
    BUFGCTRL_X0Y2        BUFG                         0.000    40.000 r  clk_IBUF_BUFG_inst/O
                         net (fo=232, routed)         1.972    41.972    datapath/video_inst/mmcm_adv_inst_display_clocks/inst/clk_in1
    MMCME2_ADV_X1Y0      MMCME2_ADV (Prop_mmcme2_adv_CLKIN1_CLKOUT0)
                                                     -4.637    37.335 r  datapath/video_inst/mmcm_adv_inst_display_clocks/inst/mmcm_adv_inst/CLKOUT0
                         net (fo=1, routed)           2.574    39.909    datapath/video_inst/mmcm_adv_inst_display_clocks/inst/clk_out1_clk_wiz_0
    BUFGCTRL_X0Y4        BUFG (Prop_bufg_I_O)         0.091    40.000 r  datapath/video_inst/mmcm_adv_inst_display_clocks/inst/clkout1_buf/O
                         net (fo=63, routed)          1.703    41.703    datapath/video_inst/inst_dvid/TDMS_encoder_blue/clk_out1
    SLICE_X159Y132       FDRE                                         r  datapath/video_inst/inst_dvid/TDMS_encoder_blue/encoded_reg[9]/C
                         clock pessimism              0.075    41.778    
                         clock uncertainty           -0.095    41.684    
    SLICE_X159Y132       FDRE (Setup_fdre_C_D)        0.029    41.713    datapath/video_inst/inst_dvid/TDMS_encoder_blue/encoded_reg[9]
  -------------------------------------------------------------------
                         required time                         41.713    
                         arrival time                         -16.284    
  -------------------------------------------------------------------
                         slack                                 25.429    

Slack (MET) :             25.914ns  (required time - arrival time)
  Source:                 datapath/video_inst/Inst_vga/vga_sig_gen/horizontal_counter/processQ_reg[6]/C
                            (rising edge-triggered cell FDRE clocked by clk_out1_clk_wiz_0  {rise@0.000ns fall@20.000ns period=40.000ns})
  Destination:            datapath/video_inst/inst_dvid/TDMS_encoder_green/encoded_reg[9]/D
                            (rising edge-triggered cell FDRE clocked by clk_out1_clk_wiz_0  {rise@0.000ns fall@20.000ns period=40.000ns})
  Path Group:             clk_out1_clk_wiz_0
  Path Type:              Setup (Max at Slow Process Corner)
  Requirement:            40.000ns  (clk_out1_clk_wiz_0 rise@40.000ns - clk_out1_clk_wiz_0 rise@0.000ns)
  Data Path Delay:        14.107ns  (logic 4.864ns (34.478%)  route 9.243ns (65.522%))
  Logic Levels:           16  (CARRY4=5 LUT2=1 LUT3=2 LUT4=1 LUT5=2 LUT6=5)
  Clock Path Skew:        0.041ns (DCD - SCD + CPR)
    Destination Clock Delay (DCD):    1.706ns = ( 41.706 - 40.000 ) 
    Source Clock Delay      (SCD):    1.740ns
    Clock Pessimism Removal (CPR):    0.075ns
  Clock Uncertainty:      0.095ns  ((TSJ^2 + DJ^2)^1/2) / 2 + PE
    Total System Jitter     (TSJ):    0.071ns
    Discrete Jitter          (DJ):    0.175ns
    Phase Error              (PE):    0.000ns

    Location             Delay type                Incr(ns)  Path(ns)    Netlist Resource(s)
  -------------------------------------------------------------------    -------------------
                         (clock clk_out1_clk_wiz_0 rise edge)
                                                      0.000     0.000 r  
    BUFGCTRL_X0Y2        BUFG                         0.000     0.000 r  clk_IBUF_BUFG_inst/O
                         net (fo=232, routed)         2.106     2.106    datapath/video_inst/mmcm_adv_inst_display_clocks/inst/clk_in1
    MMCME2_ADV_X1Y0      MMCME2_ADV (Prop_mmcme2_adv_CLKIN1_CLKOUT0)
                                                     -4.900    -2.793 r  datapath/video_inst/mmcm_adv_inst_display_clocks/inst/mmcm_adv_inst/CLKOUT0
                         net (fo=1, routed)           2.697    -0.096    datapath/video_inst/mmcm_adv_inst_display_clocks/inst/clk_out1_clk_wiz_0
    BUFGCTRL_X0Y4        BUFG (Prop_bufg_I_O)         0.096    -0.000 r  datapath/video_inst/mmcm_adv_inst_display_clocks/inst/clkout1_buf/O
                         net (fo=63, routed)          1.740     1.740    datapath/video_inst/Inst_vga/vga_sig_gen/horizontal_counter/CLK
    SLICE_X154Y127       FDRE                                         r  datapath/video_inst/Inst_vga/vga_sig_gen/horizontal_counter/processQ_reg[6]/C
  -------------------------------------------------------------------    -------------------
    SLICE_X154Y127       FDRE (Prop_fdre_C_Q)         0.478     2.218 r  datapath/video_inst/Inst_vga/vga_sig_gen/horizontal_counter/processQ_reg[6]/Q
                         net (fo=36, routed)          0.918     3.137    datapath/video_inst/Inst_vga/vga_sig_gen/horizontal_counter/Q[6]
    SLICE_X154Y126       LUT2 (Prop_lut2_I1_O)        0.329     3.466 r  datapath/video_inst/Inst_vga/vga_sig_gen/horizontal_counter/is_vertical_gridline0__0_carry__1_i_8/O
                         net (fo=1, routed)           0.364     3.830    datapath/video_inst/Inst_vga/vga_sig_gen/horizontal_counter/is_vertical_gridline0__0_carry__1_i_8_n_0
    SLICE_X154Y126       LUT6 (Prop_lut6_I2_O)        0.348     4.178 f  datapath/video_inst/Inst_vga/vga_sig_gen/horizontal_counter/is_vertical_gridline0__0_carry__1_i_1/O
                         net (fo=10, routed)          1.235     5.412    datapath/video_inst/Inst_vga/vga_sig_gen/horizontal_counter/processQ_reg[8]_1
    SLICE_X161Y124       LUT6 (Prop_lut6_I0_O)        0.124     5.536 r  datapath/video_inst/Inst_vga/vga_sig_gen/horizontal_counter/is_vertical_gridline0__0_carry__0_i_1/O
                         net (fo=2, routed)           0.644     6.181    datapath/video_inst/Inst_vga/vga_sig_gen/horizontal_counter/processQ_reg[5]_4[3]
    SLICE_X160Y124       LUT4 (Prop_lut4_I0_O)        0.124     6.305 r  datapath/video_inst/Inst_vga/vga_sig_gen/horizontal_counter/is_vertical_gridline0__0_carry__0_i_5/O
                         net (fo=1, routed)           0.000     6.305    datapath/video_inst/Inst_vga/color_mapper_1/is_vertical_gridline0__0_carry__1_2[3]
    SLICE_X160Y124       CARRY4 (Prop_carry4_S[3]_CO[3])
                                                      0.401     6.706 r  datapath/video_inst/Inst_vga/color_mapper_1/is_vertical_gridline0__0_carry__0/CO[3]
                         net (fo=1, routed)           0.009     6.715    datapath/video_inst/Inst_vga/color_mapper_1/is_vertical_gridline0__0_carry__0_n_0
    SLICE_X160Y125       CARRY4 (Prop_carry4_CI_O[3])
                                                      0.313     7.028 r  datapath/video_inst/Inst_vga/color_mapper_1/is_vertical_gridline0__0_carry__1/O[3]
                         net (fo=7, routed)           1.026     8.054    datapath/video_inst/Inst_vga/vga_sig_gen/horizontal_counter/O[3]
    SLICE_X159Y124       LUT3 (Prop_lut3_I1_O)        0.306     8.360 r  datapath/video_inst/Inst_vga/vga_sig_gen/horizontal_counter/is_vertical_gridline0__26_carry_i_2/O
                         net (fo=1, routed)           0.000     8.360    datapath/video_inst/Inst_vga/color_mapper_1/is_vertical_gridline0__46_carry_i_6_0[2]
    SLICE_X159Y124       CARRY4 (Prop_carry4_S[3]_CO[3])
                                                      0.401     8.761 r  datapath/video_inst/Inst_vga/color_mapper_1/is_vertical_gridline0__26_carry/CO[3]
                         net (fo=1, routed)           0.009     8.770    datapath/video_inst/Inst_vga/color_mapper_1/is_vertical_gridline0__26_carry_n_0
    SLICE_X159Y125       CARRY4 (Prop_carry4_CI_O[1])
                                                      0.334     9.104 r  datapath/video_inst/Inst_vga/color_mapper_1/is_vertical_gridline0__26_carry__0/O[1]
                         net (fo=1, routed)           0.665     9.769    datapath/video_inst/Inst_vga/vga_sig_gen/horizontal_counter/is_vertical_gridline0__46_carry__0[1]
    SLICE_X158Y125       LUT5 (Prop_lut5_I4_O)        0.303    10.072 r  datapath/video_inst/Inst_vga/vga_sig_gen/horizontal_counter/is_vertical_gridline0__46_carry__0_i_6/O
                         net (fo=1, routed)           0.000    10.072    datapath/video_inst/Inst_vga/color_mapper_1/dc_bias[3]_i_32_0[1]
    SLICE_X158Y125       CARRY4 (Prop_carry4_S[1]_O[2])
                                                      0.578    10.650 r  datapath/video_inst/Inst_vga/color_mapper_1/is_vertical_gridline0__46_carry__0/O[2]
                         net (fo=1, routed)           0.688    11.338    datapath/video_inst/Inst_vga/vga_sig_gen/horizontal_counter/dc_bias[3]_i_3[2]
    SLICE_X157Y125       LUT6 (Prop_lut6_I2_O)        0.301    11.639 r  datapath/video_inst/Inst_vga/vga_sig_gen/horizontal_counter/dc_bias[3]_i_13/O
                         net (fo=1, routed)           1.251    12.890    datapath/video_inst/Inst_vga/vga_sig_gen/vertical_counter/dc_bias[2]_i_2_1
    SLICE_X153Y131       LUT5 (Prop_lut5_I4_O)        0.124    13.014 r  datapath/video_inst/Inst_vga/vga_sig_gen/vertical_counter/dc_bias[3]_i_3/O
                         net (fo=7, routed)           1.011    14.025    datapath/video_inst/Inst_vga/vga_sig_gen/vertical_counter/processQ_reg[2]_0
    SLICE_X156Y133       LUT6 (Prop_lut6_I0_O)        0.124    14.149 r  datapath/video_inst/Inst_vga/vga_sig_gen/vertical_counter/dc_bias[3]_i_2__1/O
                         net (fo=14, routed)          0.609    14.758    datapath/video_inst/inst_dvid/TDMS_encoder_green/dc_bias_reg[1]_2
    SLICE_X159Y133       LUT6 (Prop_lut6_I0_O)        0.124    14.882 f  datapath/video_inst/inst_dvid/TDMS_encoder_green/encoded[9]_i_3/O
                         net (fo=1, routed)           0.814    15.696    datapath/video_inst/inst_dvid/TDMS_encoder_green/encoded[9]_i_3_n_0
    SLICE_X160Y133       LUT3 (Prop_lut3_I2_O)        0.152    15.848 r  datapath/video_inst/inst_dvid/TDMS_encoder_green/encoded[9]_i_1/O
                         net (fo=1, routed)           0.000    15.848    datapath/video_inst/inst_dvid/TDMS_encoder_green/encoded[9]_i_1_n_0
    SLICE_X160Y133       FDRE                                         r  datapath/video_inst/inst_dvid/TDMS_encoder_green/encoded_reg[9]/D
  -------------------------------------------------------------------    -------------------

                         (clock clk_out1_clk_wiz_0 rise edge)
                                                     40.000    40.000 r  
    BUFGCTRL_X0Y2        BUFG                         0.000    40.000 r  clk_IBUF_BUFG_inst/O
                         net (fo=232, routed)         1.972    41.972    datapath/video_inst/mmcm_adv_inst_display_clocks/inst/clk_in1
    MMCME2_ADV_X1Y0      MMCME2_ADV (Prop_mmcme2_adv_CLKIN1_CLKOUT0)
                                                     -4.637    37.335 r  datapath/video_inst/mmcm_adv_inst_display_clocks/inst/mmcm_adv_inst/CLKOUT0
                         net (fo=1, routed)           2.574    39.909    datapath/video_inst/mmcm_adv_inst_display_clocks/inst/clk_out1_clk_wiz_0
    BUFGCTRL_X0Y4        BUFG (Prop_bufg_I_O)         0.091    40.000 r  datapath/video_inst/mmcm_adv_inst_display_clocks/inst/clkout1_buf/O
                         net (fo=63, routed)          1.706    41.706    datapath/video_inst/inst_dvid/TDMS_encoder_green/clk_out1
    SLICE_X160Y133       FDRE                                         r  datapath/video_inst/inst_dvid/TDMS_encoder_green/encoded_reg[9]/C
                         clock pessimism              0.075    41.781    
                         clock uncertainty           -0.095    41.687    
    SLICE_X160Y133       FDRE (Setup_fdre_C_D)        0.075    41.762    datapath/video_inst/inst_dvid/TDMS_encoder_green/encoded_reg[9]
  -------------------------------------------------------------------
                         required time                         41.762    
                         arrival time                         -15.848    
  -------------------------------------------------------------------
                         slack                                 25.914    

Slack (MET) :             25.956ns  (required time - arrival time)
  Source:                 datapath/video_inst/Inst_vga/vga_sig_gen/horizontal_counter/processQ_reg[6]/C
                            (rising edge-triggered cell FDRE clocked by clk_out1_clk_wiz_0  {rise@0.000ns fall@20.000ns period=40.000ns})
  Destination:            datapath/video_inst/inst_dvid/TDMS_encoder_green/dc_bias_reg[3]/D
                            (rising edge-triggered cell FDRE clocked by clk_out1_clk_wiz_0  {rise@0.000ns fall@20.000ns period=40.000ns})
  Path Group:             clk_out1_clk_wiz_0
  Path Type:              Setup (Max at Slow Process Corner)
  Requirement:            40.000ns  (clk_out1_clk_wiz_0 rise@40.000ns - clk_out1_clk_wiz_0 rise@0.000ns)
  Data Path Delay:        14.069ns  (logic 5.066ns (36.008%)  route 9.003ns (63.992%))
  Logic Levels:           16  (CARRY4=5 LUT2=1 LUT3=2 LUT4=1 LUT5=2 LUT6=5)
  Clock Path Skew:        0.039ns (DCD - SCD + CPR)
    Destination Clock Delay (DCD):    1.704ns = ( 41.704 - 40.000 ) 
    Source Clock Delay      (SCD):    1.740ns
    Clock Pessimism Removal (CPR):    0.075ns
  Clock Uncertainty:      0.095ns  ((TSJ^2 + DJ^2)^1/2) / 2 + PE
    Total System Jitter     (TSJ):    0.071ns
    Discrete Jitter          (DJ):    0.175ns
    Phase Error              (PE):    0.000ns

    Location             Delay type                Incr(ns)  Path(ns)    Netlist Resource(s)
  -------------------------------------------------------------------    -------------------
                         (clock clk_out1_clk_wiz_0 rise edge)
                                                      0.000     0.000 r  
    BUFGCTRL_X0Y2        BUFG                         0.000     0.000 r  clk_IBUF_BUFG_inst/O
                         net (fo=232, routed)         2.106     2.106    datapath/video_inst/mmcm_adv_inst_display_clocks/inst/clk_in1
    MMCME2_ADV_X1Y0      MMCME2_ADV (Prop_mmcme2_adv_CLKIN1_CLKOUT0)
                                                     -4.900    -2.793 r  datapath/video_inst/mmcm_adv_inst_display_clocks/inst/mmcm_adv_inst/CLKOUT0
                         net (fo=1, routed)           2.697    -0.096    datapath/video_inst/mmcm_adv_inst_display_clocks/inst/clk_out1_clk_wiz_0
    BUFGCTRL_X0Y4        BUFG (Prop_bufg_I_O)         0.096    -0.000 r  datapath/video_inst/mmcm_adv_inst_display_clocks/inst/clkout1_buf/O
                         net (fo=63, routed)          1.740     1.740    datapath/video_inst/Inst_vga/vga_sig_gen/horizontal_counter/CLK
    SLICE_X154Y127       FDRE                                         r  datapath/video_inst/Inst_vga/vga_sig_gen/horizontal_counter/processQ_reg[6]/C
  -------------------------------------------------------------------    -------------------
    SLICE_X154Y127       FDRE (Prop_fdre_C_Q)         0.478     2.218 r  datapath/video_inst/Inst_vga/vga_sig_gen/horizontal_counter/processQ_reg[6]/Q
                         net (fo=36, routed)          0.918     3.137    datapath/video_inst/Inst_vga/vga_sig_gen/horizontal_counter/Q[6]
    SLICE_X154Y126       LUT2 (Prop_lut2_I1_O)        0.329     3.466 r  datapath/video_inst/Inst_vga/vga_sig_gen/horizontal_counter/is_vertical_gridline0__0_carry__1_i_8/O
                         net (fo=1, routed)           0.364     3.830    datapath/video_inst/Inst_vga/vga_sig_gen/horizontal_counter/is_vertical_gridline0__0_carry__1_i_8_n_0
    SLICE_X154Y126       LUT6 (Prop_lut6_I2_O)        0.348     4.178 f  datapath/video_inst/Inst_vga/vga_sig_gen/horizontal_counter/is_vertical_gridline0__0_carry__1_i_1/O
                         net (fo=10, routed)          1.235     5.412    datapath/video_inst/Inst_vga/vga_sig_gen/horizontal_counter/processQ_reg[8]_1
    SLICE_X161Y124       LUT6 (Prop_lut6_I0_O)        0.124     5.536 r  datapath/video_inst/Inst_vga/vga_sig_gen/horizontal_counter/is_vertical_gridline0__0_carry__0_i_1/O
                         net (fo=2, routed)           0.644     6.181    datapath/video_inst/Inst_vga/vga_sig_gen/horizontal_counter/processQ_reg[5]_4[3]
    SLICE_X160Y124       LUT4 (Prop_lut4_I0_O)        0.124     6.305 r  datapath/video_inst/Inst_vga/vga_sig_gen/horizontal_counter/is_vertical_gridline0__0_carry__0_i_5/O
                         net (fo=1, routed)           0.000     6.305    datapath/video_inst/Inst_vga/color_mapper_1/is_vertical_gridline0__0_carry__1_2[3]
    SLICE_X160Y124       CARRY4 (Prop_carry4_S[3]_CO[3])
                                                      0.401     6.706 r  datapath/video_inst/Inst_vga/color_mapper_1/is_vertical_gridline0__0_carry__0/CO[3]
                         net (fo=1, routed)           0.009     6.715    datapath/video_inst/Inst_vga/color_mapper_1/is_vertical_gridline0__0_carry__0_n_0
    SLICE_X160Y125       CARRY4 (Prop_carry4_CI_O[3])
                                                      0.313     7.028 r  datapath/video_inst/Inst_vga/color_mapper_1/is_vertical_gridline0__0_carry__1/O[3]
                         net (fo=7, routed)           1.026     8.054    datapath/video_inst/Inst_vga/vga_sig_gen/horizontal_counter/O[3]
    SLICE_X159Y124       LUT3 (Prop_lut3_I1_O)        0.306     8.360 r  datapath/video_inst/Inst_vga/vga_sig_gen/horizontal_counter/is_vertical_gridline0__26_carry_i_2/O
                         net (fo=1, routed)           0.000     8.360    datapath/video_inst/Inst_vga/color_mapper_1/is_vertical_gridline0__46_carry_i_6_0[2]
    SLICE_X159Y124       CARRY4 (Prop_carry4_S[3]_CO[3])
                                                      0.401     8.761 r  datapath/video_inst/Inst_vga/color_mapper_1/is_vertical_gridline0__26_carry/CO[3]
                         net (fo=1, routed)           0.009     8.770    datapath/video_inst/Inst_vga/color_mapper_1/is_vertical_gridline0__26_carry_n_0
    SLICE_X159Y125       CARRY4 (Prop_carry4_CI_O[1])
                                                      0.334     9.104 r  datapath/video_inst/Inst_vga/color_mapper_1/is_vertical_gridline0__26_carry__0/O[1]
                         net (fo=1, routed)           0.665     9.769    datapath/video_inst/Inst_vga/vga_sig_gen/horizontal_counter/is_vertical_gridline0__46_carry__0[1]
    SLICE_X158Y125       LUT5 (Prop_lut5_I4_O)        0.303    10.072 r  datapath/video_inst/Inst_vga/vga_sig_gen/horizontal_counter/is_vertical_gridline0__46_carry__0_i_6/O
                         net (fo=1, routed)           0.000    10.072    datapath/video_inst/Inst_vga/color_mapper_1/dc_bias[3]_i_32_0[1]
    SLICE_X158Y125       CARRY4 (Prop_carry4_S[1]_O[2])
                                                      0.578    10.650 r  datapath/video_inst/Inst_vga/color_mapper_1/is_vertical_gridline0__46_carry__0/O[2]
                         net (fo=1, routed)           0.688    11.338    datapath/video_inst/Inst_vga/vga_sig_gen/horizontal_counter/dc_bias[3]_i_3[2]
    SLICE_X157Y125       LUT6 (Prop_lut6_I2_O)        0.301    11.639 r  datapath/video_inst/Inst_vga/vga_sig_gen/horizontal_counter/dc_bias[3]_i_13/O
                         net (fo=1, routed)           1.251    12.890    datapath/video_inst/Inst_vga/vga_sig_gen/vertical_counter/dc_bias[2]_i_2_1
    SLICE_X153Y131       LUT5 (Prop_lut5_I4_O)        0.124    13.014 r  datapath/video_inst/Inst_vga/vga_sig_gen/vertical_counter/dc_bias[3]_i_3/O
                         net (fo=7, routed)           1.011    14.025    datapath/video_inst/Inst_vga/vga_sig_gen/vertical_counter/processQ_reg[2]_0
    SLICE_X156Y133       LUT6 (Prop_lut6_I0_O)        0.124    14.149 r  datapath/video_inst/Inst_vga/vga_sig_gen/vertical_counter/dc_bias[3]_i_2__1/O
                         net (fo=14, routed)          0.876    15.025    datapath/video_inst/Inst_vga/vga_sig_gen/horizontal_counter/dc_bias_reg[0]_2
    SLICE_X158Y134       LUT3 (Prop_lut3_I1_O)        0.150    15.175 r  datapath/video_inst/Inst_vga/vga_sig_gen/horizontal_counter/dc_bias[3]_i_6__0/O
                         net (fo=1, routed)           0.307    15.482    datapath/video_inst/inst_dvid/TDMS_encoder_green/dc_bias_reg[3]_0
    SLICE_X158Y133       LUT6 (Prop_lut6_I4_O)        0.328    15.810 r  datapath/video_inst/inst_dvid/TDMS_encoder_green/dc_bias[3]_i_1/O
                         net (fo=1, routed)           0.000    15.810    datapath/video_inst/inst_dvid/TDMS_encoder_green/dc_bias[3]_i_1_n_0
    SLICE_X158Y133       FDRE                                         r  datapath/video_inst/inst_dvid/TDMS_encoder_green/dc_bias_reg[3]/D
  -------------------------------------------------------------------    -------------------

                         (clock clk_out1_clk_wiz_0 rise edge)
                                                     40.000    40.000 r  
    BUFGCTRL_X0Y2        BUFG                         0.000    40.000 r  clk_IBUF_BUFG_inst/O
                         net (fo=232, routed)         1.972    41.972    datapath/video_inst/mmcm_adv_inst_display_clocks/inst/clk_in1
    MMCME2_ADV_X1Y0      MMCME2_ADV (Prop_mmcme2_adv_CLKIN1_CLKOUT0)
                                                     -4.637    37.335 r  datapath/video_inst/mmcm_adv_inst_display_clocks/inst/mmcm_adv_inst/CLKOUT0
                         net (fo=1, routed)           2.574    39.909    datapath/video_inst/mmcm_adv_inst_display_clocks/inst/clk_out1_clk_wiz_0
    BUFGCTRL_X0Y4        BUFG (Prop_bufg_I_O)         0.091    40.000 r  datapath/video_inst/mmcm_adv_inst_display_clocks/inst/clkout1_buf/O
                         net (fo=63, routed)          1.704    41.704    datapath/video_inst/inst_dvid/TDMS_encoder_green/clk_out1
    SLICE_X158Y133       FDRE                                         r  datapath/video_inst/inst_dvid/TDMS_encoder_green/dc_bias_reg[3]/C
                         clock pessimism              0.075    41.779    
                         clock uncertainty           -0.095    41.685    
    SLICE_X158Y133       FDRE (Setup_fdre_C_D)        0.081    41.766    datapath/video_inst/inst_dvid/TDMS_encoder_green/dc_bias_reg[3]
  -------------------------------------------------------------------
                         required time                         41.766    
                         arrival time                         -15.810    
  -------------------------------------------------------------------
                         slack                                 25.956    

Slack (MET) :             26.323ns  (required time - arrival time)
  Source:                 datapath/video_inst/Inst_vga/vga_sig_gen/horizontal_counter/processQ_reg[6]/C
                            (rising edge-triggered cell FDRE clocked by clk_out1_clk_wiz_0  {rise@0.000ns fall@20.000ns period=40.000ns})
  Destination:            datapath/video_inst/inst_dvid/TDMS_encoder_green/encoded_reg[2]/D
                            (rising edge-triggered cell FDRE clocked by clk_out1_clk_wiz_0  {rise@0.000ns fall@20.000ns period=40.000ns})
  Path Group:             clk_out1_clk_wiz_0
  Path Type:              Setup (Max at Slow Process Corner)
  Requirement:            40.000ns  (clk_out1_clk_wiz_0 rise@40.000ns - clk_out1_clk_wiz_0 rise@0.000ns)
  Data Path Delay:        13.655ns  (logic 4.836ns (35.416%)  route 8.819ns (64.584%))
  Logic Levels:           16  (CARRY4=5 LUT2=1 LUT3=2 LUT4=1 LUT5=3 LUT6=4)
  Clock Path Skew:        0.041ns (DCD - SCD + CPR)
    Destination Clock Delay (DCD):    1.706ns = ( 41.706 - 40.000 ) 
    Source Clock Delay      (SCD):    1.740ns
    Clock Pessimism Removal (CPR):    0.075ns
  Clock Uncertainty:      0.095ns  ((TSJ^2 + DJ^2)^1/2) / 2 + PE
    Total System Jitter     (TSJ):    0.071ns
    Discrete Jitter          (DJ):    0.175ns
    Phase Error              (PE):    0.000ns

    Location             Delay type                Incr(ns)  Path(ns)    Netlist Resource(s)
  -------------------------------------------------------------------    -------------------
                         (clock clk_out1_clk_wiz_0 rise edge)
                                                      0.000     0.000 r  
    BUFGCTRL_X0Y2        BUFG                         0.000     0.000 r  clk_IBUF_BUFG_inst/O
                         net (fo=232, routed)         2.106     2.106    datapath/video_inst/mmcm_adv_inst_display_clocks/inst/clk_in1
    MMCME2_ADV_X1Y0      MMCME2_ADV (Prop_mmcme2_adv_CLKIN1_CLKOUT0)
                                                     -4.900    -2.793 r  datapath/video_inst/mmcm_adv_inst_display_clocks/inst/mmcm_adv_inst/CLKOUT0
                         net (fo=1, routed)           2.697    -0.096    datapath/video_inst/mmcm_adv_inst_display_clocks/inst/clk_out1_clk_wiz_0
    BUFGCTRL_X0Y4        BUFG (Prop_bufg_I_O)         0.096    -0.000 r  datapath/video_inst/mmcm_adv_inst_display_clocks/inst/clkout1_buf/O
                         net (fo=63, routed)          1.740     1.740    datapath/video_inst/Inst_vga/vga_sig_gen/horizontal_counter/CLK
    SLICE_X154Y127       FDRE                                         r  datapath/video_inst/Inst_vga/vga_sig_gen/horizontal_counter/processQ_reg[6]/C
  -------------------------------------------------------------------    -------------------
    SLICE_X154Y127       FDRE (Prop_fdre_C_Q)         0.478     2.218 r  datapath/video_inst/Inst_vga/vga_sig_gen/horizontal_counter/processQ_reg[6]/Q
                         net (fo=36, routed)          0.918     3.137    datapath/video_inst/Inst_vga/vga_sig_gen/horizontal_counter/Q[6]
    SLICE_X154Y126       LUT2 (Prop_lut2_I1_O)        0.329     3.466 r  datapath/video_inst/Inst_vga/vga_sig_gen/horizontal_counter/is_vertical_gridline0__0_carry__1_i_8/O
                         net (fo=1, routed)           0.364     3.830    datapath/video_inst/Inst_vga/vga_sig_gen/horizontal_counter/is_vertical_gridline0__0_carry__1_i_8_n_0
    SLICE_X154Y126       LUT6 (Prop_lut6_I2_O)        0.348     4.178 f  datapath/video_inst/Inst_vga/vga_sig_gen/horizontal_counter/is_vertical_gridline0__0_carry__1_i_1/O
                         net (fo=10, routed)          1.235     5.412    datapath/video_inst/Inst_vga/vga_sig_gen/horizontal_counter/processQ_reg[8]_1
    SLICE_X161Y124       LUT6 (Prop_lut6_I0_O)        0.124     5.536 r  datapath/video_inst/Inst_vga/vga_sig_gen/horizontal_counter/is_vertical_gridline0__0_carry__0_i_1/O
                         net (fo=2, routed)           0.644     6.181    datapath/video_inst/Inst_vga/vga_sig_gen/horizontal_counter/processQ_reg[5]_4[3]
    SLICE_X160Y124       LUT4 (Prop_lut4_I0_O)        0.124     6.305 r  datapath/video_inst/Inst_vga/vga_sig_gen/horizontal_counter/is_vertical_gridline0__0_carry__0_i_5/O
                         net (fo=1, routed)           0.000     6.305    datapath/video_inst/Inst_vga/color_mapper_1/is_vertical_gridline0__0_carry__1_2[3]
    SLICE_X160Y124       CARRY4 (Prop_carry4_S[3]_CO[3])
                                                      0.401     6.706 r  datapath/video_inst/Inst_vga/color_mapper_1/is_vertical_gridline0__0_carry__0/CO[3]
                         net (fo=1, routed)           0.009     6.715    datapath/video_inst/Inst_vga/color_mapper_1/is_vertical_gridline0__0_carry__0_n_0
    SLICE_X160Y125       CARRY4 (Prop_carry4_CI_O[3])
                                                      0.313     7.028 r  datapath/video_inst/Inst_vga/color_mapper_1/is_vertical_gridline0__0_carry__1/O[3]
                         net (fo=7, routed)           1.026     8.054    datapath/video_inst/Inst_vga/vga_sig_gen/horizontal_counter/O[3]
    SLICE_X159Y124       LUT3 (Prop_lut3_I1_O)        0.306     8.360 r  datapath/video_inst/Inst_vga/vga_sig_gen/horizontal_counter/is_vertical_gridline0__26_carry_i_2/O
                         net (fo=1, routed)           0.000     8.360    datapath/video_inst/Inst_vga/color_mapper_1/is_vertical_gridline0__46_carry_i_6_0[2]
    SLICE_X159Y124       CARRY4 (Prop_carry4_S[3]_CO[3])
                                                      0.401     8.761 r  datapath/video_inst/Inst_vga/color_mapper_1/is_vertical_gridline0__26_carry/CO[3]
                         net (fo=1, routed)           0.009     8.770    datapath/video_inst/Inst_vga/color_mapper_1/is_vertical_gridline0__26_carry_n_0
    SLICE_X159Y125       CARRY4 (Prop_carry4_CI_O[1])
                                                      0.334     9.104 r  datapath/video_inst/Inst_vga/color_mapper_1/is_vertical_gridline0__26_carry__0/O[1]
                         net (fo=1, routed)           0.665     9.769    datapath/video_inst/Inst_vga/vga_sig_gen/horizontal_counter/is_vertical_gridline0__46_carry__0[1]
    SLICE_X158Y125       LUT5 (Prop_lut5_I4_O)        0.303    10.072 r  datapath/video_inst/Inst_vga/vga_sig_gen/horizontal_counter/is_vertical_gridline0__46_carry__0_i_6/O
                         net (fo=1, routed)           0.000    10.072    datapath/video_inst/Inst_vga/color_mapper_1/dc_bias[3]_i_32_0[1]
    SLICE_X158Y125       CARRY4 (Prop_carry4_S[1]_O[2])
                                                      0.578    10.650 r  datapath/video_inst/Inst_vga/color_mapper_1/is_vertical_gridline0__46_carry__0/O[2]
                         net (fo=1, routed)           0.688    11.338    datapath/video_inst/Inst_vga/vga_sig_gen/horizontal_counter/dc_bias[3]_i_3[2]
    SLICE_X157Y125       LUT6 (Prop_lut6_I2_O)        0.301    11.639 f  datapath/video_inst/Inst_vga/vga_sig_gen/horizontal_counter/dc_bias[3]_i_13/O
                         net (fo=1, routed)           1.251    12.890    datapath/video_inst/Inst_vga/vga_sig_gen/vertical_counter/dc_bias[2]_i_2_1
    SLICE_X153Y131       LUT5 (Prop_lut5_I4_O)        0.124    13.014 f  datapath/video_inst/Inst_vga/vga_sig_gen/vertical_counter/dc_bias[3]_i_3/O
                         net (fo=7, routed)           1.015    14.029    datapath/video_inst/Inst_vga/vga_sig_gen/vertical_counter/processQ_reg[2]_0
    SLICE_X156Y133       LUT6 (Prop_lut6_I3_O)        0.124    14.153 r  datapath/video_inst/Inst_vga/vga_sig_gen/vertical_counter/dc_bias[0]_i_2/O
                         net (fo=5, routed)           0.404    14.558    datapath/video_inst/inst_dvid/TDMS_encoder_green/encoded_reg[0]_0
    SLICE_X159Y133       LUT5 (Prop_lut5_I0_O)        0.124    14.682 r  datapath/video_inst/inst_dvid/TDMS_encoder_green/dc_bias[3]_i_3__0/O
                         net (fo=3, routed)           0.590    15.271    datapath/video_inst/inst_dvid/TDMS_encoder_green/dc_bias[3]_i_3__0_n_0
    SLICE_X160Y133       LUT3 (Prop_lut3_I1_O)        0.124    15.395 r  datapath/video_inst/inst_dvid/TDMS_encoder_green/encoded[2]_i_1/O
                         net (fo=1, routed)           0.000    15.395    datapath/video_inst/inst_dvid/TDMS_encoder_green/encoded[2]_i_1_n_0
    SLICE_X160Y133       FDRE                                         r  datapath/video_inst/inst_dvid/TDMS_encoder_green/encoded_reg[2]/D
  -------------------------------------------------------------------    -------------------

                         (clock clk_out1_clk_wiz_0 rise edge)
                                                     40.000    40.000 r  
    BUFGCTRL_X0Y2        BUFG                         0.000    40.000 r  clk_IBUF_BUFG_inst/O
                         net (fo=232, routed)         1.972    41.972    datapath/video_inst/mmcm_adv_inst_display_clocks/inst/clk_in1
    MMCME2_ADV_X1Y0      MMCME2_ADV (Prop_mmcme2_adv_CLKIN1_CLKOUT0)
                                                     -4.637    37.335 r  datapath/video_inst/mmcm_adv_inst_display_clocks/inst/mmcm_adv_inst/CLKOUT0
                         net (fo=1, routed)           2.574    39.909    datapath/video_inst/mmcm_adv_inst_display_clocks/inst/clk_out1_clk_wiz_0
    BUFGCTRL_X0Y4        BUFG (Prop_bufg_I_O)         0.091    40.000 r  datapath/video_inst/mmcm_adv_inst_display_clocks/inst/clkout1_buf/O
                         net (fo=63, routed)          1.706    41.706    datapath/video_inst/inst_dvid/TDMS_encoder_green/clk_out1
    SLICE_X160Y133       FDRE                                         r  datapath/video_inst/inst_dvid/TDMS_encoder_green/encoded_reg[2]/C
                         clock pessimism              0.075    41.781    
                         clock uncertainty           -0.095    41.687    
    SLICE_X160Y133       FDRE (Setup_fdre_C_D)        0.031    41.718    datapath/video_inst/inst_dvid/TDMS_encoder_green/encoded_reg[2]
  -------------------------------------------------------------------
                         required time                         41.718    
                         arrival time                         -15.395    
  -------------------------------------------------------------------
                         slack                                 26.323    

Slack (MET) :             26.369ns  (required time - arrival time)
  Source:                 datapath/video_inst/Inst_vga/vga_sig_gen/horizontal_counter/processQ_reg[6]/C
                            (rising edge-triggered cell FDRE clocked by clk_out1_clk_wiz_0  {rise@0.000ns fall@20.000ns period=40.000ns})
  Destination:            datapath/video_inst/inst_dvid/TDMS_encoder_blue/dc_bias_reg[0]/D
                            (rising edge-triggered cell FDRE clocked by clk_out1_clk_wiz_0  {rise@0.000ns fall@20.000ns period=40.000ns})
  Path Group:             clk_out1_clk_wiz_0
  Path Type:              Setup (Max at Slow Process Corner)
  Requirement:            40.000ns  (clk_out1_clk_wiz_0 rise@40.000ns - clk_out1_clk_wiz_0 rise@0.000ns)
  Data Path Delay:        13.649ns  (logic 4.712ns (34.522%)  route 8.937ns (65.478%))
  Logic Levels:           15  (CARRY4=5 LUT2=1 LUT3=1 LUT4=1 LUT5=3 LUT6=4)
  Clock Path Skew:        0.036ns (DCD - SCD + CPR)
    Destination Clock Delay (DCD):    1.701ns = ( 41.701 - 40.000 ) 
    Source Clock Delay      (SCD):    1.740ns
    Clock Pessimism Removal (CPR):    0.075ns
  Clock Uncertainty:      0.095ns  ((TSJ^2 + DJ^2)^1/2) / 2 + PE
    Total System Jitter     (TSJ):    0.071ns
    Discrete Jitter          (DJ):    0.175ns
    Phase Error              (PE):    0.000ns

    Location             Delay type                Incr(ns)  Path(ns)    Netlist Resource(s)
  -------------------------------------------------------------------    -------------------
                         (clock clk_out1_clk_wiz_0 rise edge)
                                                      0.000     0.000 r  
    BUFGCTRL_X0Y2        BUFG                         0.000     0.000 r  clk_IBUF_BUFG_inst/O
                         net (fo=232, routed)         2.106     2.106    datapath/video_inst/mmcm_adv_inst_display_clocks/inst/clk_in1
    MMCME2_ADV_X1Y0      MMCME2_ADV (Prop_mmcme2_adv_CLKIN1_CLKOUT0)
                                                     -4.900    -2.793 r  datapath/video_inst/mmcm_adv_inst_display_clocks/inst/mmcm_adv_inst/CLKOUT0
                         net (fo=1, routed)           2.697    -0.096    datapath/video_inst/mmcm_adv_inst_display_clocks/inst/clk_out1_clk_wiz_0
    BUFGCTRL_X0Y4        BUFG (Prop_bufg_I_O)         0.096    -0.000 r  datapath/video_inst/mmcm_adv_inst_display_clocks/inst/clkout1_buf/O
                         net (fo=63, routed)          1.740     1.740    datapath/video_inst/Inst_vga/vga_sig_gen/horizontal_counter/CLK
    SLICE_X154Y127       FDRE                                         r  datapath/video_inst/Inst_vga/vga_sig_gen/horizontal_counter/processQ_reg[6]/C
  -------------------------------------------------------------------    -------------------
    SLICE_X154Y127       FDRE (Prop_fdre_C_Q)         0.478     2.218 r  datapath/video_inst/Inst_vga/vga_sig_gen/horizontal_counter/processQ_reg[6]/Q
                         net (fo=36, routed)          0.918     3.137    datapath/video_inst/Inst_vga/vga_sig_gen/horizontal_counter/Q[6]
    SLICE_X154Y126       LUT2 (Prop_lut2_I1_O)        0.329     3.466 r  datapath/video_inst/Inst_vga/vga_sig_gen/horizontal_counter/is_vertical_gridline0__0_carry__1_i_8/O
                         net (fo=1, routed)           0.364     3.830    datapath/video_inst/Inst_vga/vga_sig_gen/horizontal_counter/is_vertical_gridline0__0_carry__1_i_8_n_0
    SLICE_X154Y126       LUT6 (Prop_lut6_I2_O)        0.348     4.178 f  datapath/video_inst/Inst_vga/vga_sig_gen/horizontal_counter/is_vertical_gridline0__0_carry__1_i_1/O
                         net (fo=10, routed)          1.235     5.412    datapath/video_inst/Inst_vga/vga_sig_gen/horizontal_counter/processQ_reg[8]_1
    SLICE_X161Y124       LUT6 (Prop_lut6_I0_O)        0.124     5.536 r  datapath/video_inst/Inst_vga/vga_sig_gen/horizontal_counter/is_vertical_gridline0__0_carry__0_i_1/O
                         net (fo=2, routed)           0.644     6.181    datapath/video_inst/Inst_vga/vga_sig_gen/horizontal_counter/processQ_reg[5]_4[3]
    SLICE_X160Y124       LUT4 (Prop_lut4_I0_O)        0.124     6.305 r  datapath/video_inst/Inst_vga/vga_sig_gen/horizontal_counter/is_vertical_gridline0__0_carry__0_i_5/O
                         net (fo=1, routed)           0.000     6.305    datapath/video_inst/Inst_vga/color_mapper_1/is_vertical_gridline0__0_carry__1_2[3]
    SLICE_X160Y124       CARRY4 (Prop_carry4_S[3]_CO[3])
                                                      0.401     6.706 r  datapath/video_inst/Inst_vga/color_mapper_1/is_vertical_gridline0__0_carry__0/CO[3]
                         net (fo=1, routed)           0.009     6.715    datapath/video_inst/Inst_vga/color_mapper_1/is_vertical_gridline0__0_carry__0_n_0
    SLICE_X160Y125       CARRY4 (Prop_carry4_CI_O[3])
                                                      0.313     7.028 r  datapath/video_inst/Inst_vga/color_mapper_1/is_vertical_gridline0__0_carry__1/O[3]
                         net (fo=7, routed)           1.026     8.054    datapath/video_inst/Inst_vga/vga_sig_gen/horizontal_counter/O[3]
    SLICE_X159Y124       LUT3 (Prop_lut3_I1_O)        0.306     8.360 r  datapath/video_inst/Inst_vga/vga_sig_gen/horizontal_counter/is_vertical_gridline0__26_carry_i_2/O
                         net (fo=1, routed)           0.000     8.360    datapath/video_inst/Inst_vga/color_mapper_1/is_vertical_gridline0__46_carry_i_6_0[2]
    SLICE_X159Y124       CARRY4 (Prop_carry4_S[3]_CO[3])
                                                      0.401     8.761 r  datapath/video_inst/Inst_vga/color_mapper_1/is_vertical_gridline0__26_carry/CO[3]
                         net (fo=1, routed)           0.009     8.770    datapath/video_inst/Inst_vga/color_mapper_1/is_vertical_gridline0__26_carry_n_0
    SLICE_X159Y125       CARRY4 (Prop_carry4_CI_O[1])
                                                      0.334     9.104 r  datapath/video_inst/Inst_vga/color_mapper_1/is_vertical_gridline0__26_carry__0/O[1]
                         net (fo=1, routed)           0.665     9.769    datapath/video_inst/Inst_vga/vga_sig_gen/horizontal_counter/is_vertical_gridline0__46_carry__0[1]
    SLICE_X158Y125       LUT5 (Prop_lut5_I4_O)        0.303    10.072 r  datapath/video_inst/Inst_vga/vga_sig_gen/horizontal_counter/is_vertical_gridline0__46_carry__0_i_6/O
                         net (fo=1, routed)           0.000    10.072    datapath/video_inst/Inst_vga/color_mapper_1/dc_bias[3]_i_32_0[1]
    SLICE_X158Y125       CARRY4 (Prop_carry4_S[1]_O[2])
                                                      0.578    10.650 r  datapath/video_inst/Inst_vga/color_mapper_1/is_vertical_gridline0__46_carry__0/O[2]
                         net (fo=1, routed)           0.688    11.338    datapath/video_inst/Inst_vga/vga_sig_gen/horizontal_counter/dc_bias[3]_i_3[2]
    SLICE_X157Y125       LUT6 (Prop_lut6_I2_O)        0.301    11.639 f  datapath/video_inst/Inst_vga/vga_sig_gen/horizontal_counter/dc_bias[3]_i_13/O
                         net (fo=1, routed)           1.251    12.890    datapath/video_inst/Inst_vga/vga_sig_gen/vertical_counter/dc_bias[2]_i_2_1
    SLICE_X153Y131       LUT5 (Prop_lut5_I4_O)        0.124    13.014 f  datapath/video_inst/Inst_vga/vga_sig_gen/vertical_counter/dc_bias[3]_i_3/O
                         net (fo=7, routed)           1.015    14.029    datapath/video_inst/Inst_vga/vga_sig_gen/vertical_counter/processQ_reg[2]_0
    SLICE_X156Y133       LUT6 (Prop_lut6_I3_O)        0.124    14.153 r  datapath/video_inst/Inst_vga/vga_sig_gen/vertical_counter/dc_bias[0]_i_2/O
                         net (fo=5, routed)           1.112    15.266    datapath/video_inst/inst_dvid/TDMS_encoder_blue/dc_bias_reg[0]_0
    SLICE_X158Y131       LUT5 (Prop_lut5_I1_O)        0.124    15.390 r  datapath/video_inst/inst_dvid/TDMS_encoder_blue/dc_bias[0]_i_1__1/O
                         net (fo=1, routed)           0.000    15.390    datapath/video_inst/inst_dvid/TDMS_encoder_blue/dc_bias[0]_i_1__1_n_0
    SLICE_X158Y131       FDRE                                         r  datapath/video_inst/inst_dvid/TDMS_encoder_blue/dc_bias_reg[0]/D
  -------------------------------------------------------------------    -------------------

                         (clock clk_out1_clk_wiz_0 rise edge)
                                                     40.000    40.000 r  
    BUFGCTRL_X0Y2        BUFG                         0.000    40.000 r  clk_IBUF_BUFG_inst/O
                         net (fo=232, routed)         1.972    41.972    datapath/video_inst/mmcm_adv_inst_display_clocks/inst/clk_in1
    MMCME2_ADV_X1Y0      MMCME2_ADV (Prop_mmcme2_adv_CLKIN1_CLKOUT0)
                                                     -4.637    37.335 r  datapath/video_inst/mmcm_adv_inst_display_clocks/inst/mmcm_adv_inst/CLKOUT0
                         net (fo=1, routed)           2.574    39.909    datapath/video_inst/mmcm_adv_inst_display_clocks/inst/clk_out1_clk_wiz_0
    BUFGCTRL_X0Y4        BUFG (Prop_bufg_I_O)         0.091    40.000 r  datapath/video_inst/mmcm_adv_inst_display_clocks/inst/clkout1_buf/O
                         net (fo=63, routed)          1.701    41.701    datapath/video_inst/inst_dvid/TDMS_encoder_blue/clk_out1
    SLICE_X158Y131       FDRE                                         r  datapath/video_inst/inst_dvid/TDMS_encoder_blue/dc_bias_reg[0]/C
                         clock pessimism              0.075    41.776    
                         clock uncertainty           -0.095    41.682    
    SLICE_X158Y131       FDRE (Setup_fdre_C_D)        0.077    41.759    datapath/video_inst/inst_dvid/TDMS_encoder_blue/dc_bias_reg[0]
  -------------------------------------------------------------------
                         required time                         41.759    
                         arrival time                         -15.390    
  -------------------------------------------------------------------
                         slack                                 26.369    

Slack (MET) :             26.474ns  (required time - arrival time)
  Source:                 datapath/video_inst/Inst_vga/vga_sig_gen/horizontal_counter/processQ_reg[6]/C
                            (rising edge-triggered cell FDRE clocked by clk_out1_clk_wiz_0  {rise@0.000ns fall@20.000ns period=40.000ns})
  Destination:            datapath/video_inst/inst_dvid/TDMS_encoder_blue/dc_bias_reg[1]/D
                            (rising edge-triggered cell FDRE clocked by clk_out1_clk_wiz_0  {rise@0.000ns fall@20.000ns period=40.000ns})
  Path Group:             clk_out1_clk_wiz_0
  Path Type:              Setup (Max at Slow Process Corner)
  Requirement:            40.000ns  (clk_out1_clk_wiz_0 rise@40.000ns - clk_out1_clk_wiz_0 rise@0.000ns)
  Data Path Delay:        13.547ns  (logic 4.712ns (34.784%)  route 8.835ns (65.216%))
  Logic Levels:           15  (CARRY4=5 LUT2=1 LUT3=1 LUT4=1 LUT5=3 LUT6=4)
  Clock Path Skew:        0.038ns (DCD - SCD + CPR)
    Destination Clock Delay (DCD):    1.703ns = ( 41.703 - 40.000 ) 
    Source Clock Delay      (SCD):    1.740ns
    Clock Pessimism Removal (CPR):    0.075ns
  Clock Uncertainty:      0.095ns  ((TSJ^2 + DJ^2)^1/2) / 2 + PE
    Total System Jitter     (TSJ):    0.071ns
    Discrete Jitter          (DJ):    0.175ns
    Phase Error              (PE):    0.000ns

    Location             Delay type                Incr(ns)  Path(ns)    Netlist Resource(s)
  -------------------------------------------------------------------    -------------------
                         (clock clk_out1_clk_wiz_0 rise edge)
                                                      0.000     0.000 r  
    BUFGCTRL_X0Y2        BUFG                         0.000     0.000 r  clk_IBUF_BUFG_inst/O
                         net (fo=232, routed)         2.106     2.106    datapath/video_inst/mmcm_adv_inst_display_clocks/inst/clk_in1
    MMCME2_ADV_X1Y0      MMCME2_ADV (Prop_mmcme2_adv_CLKIN1_CLKOUT0)
                                                     -4.900    -2.793 r  datapath/video_inst/mmcm_adv_inst_display_clocks/inst/mmcm_adv_inst/CLKOUT0
                         net (fo=1, routed)           2.697    -0.096    datapath/video_inst/mmcm_adv_inst_display_clocks/inst/clk_out1_clk_wiz_0
    BUFGCTRL_X0Y4        BUFG (Prop_bufg_I_O)         0.096    -0.000 r  datapath/video_inst/mmcm_adv_inst_display_clocks/inst/clkout1_buf/O
                         net (fo=63, routed)          1.740     1.740    datapath/video_inst/Inst_vga/vga_sig_gen/horizontal_counter/CLK
    SLICE_X154Y127       FDRE                                         r  datapath/video_inst/Inst_vga/vga_sig_gen/horizontal_counter/processQ_reg[6]/C
  -------------------------------------------------------------------    -------------------
    SLICE_X154Y127       FDRE (Prop_fdre_C_Q)         0.478     2.218 r  datapath/video_inst/Inst_vga/vga_sig_gen/horizontal_counter/processQ_reg[6]/Q
                         net (fo=36, routed)          0.918     3.137    datapath/video_inst/Inst_vga/vga_sig_gen/horizontal_counter/Q[6]
    SLICE_X154Y126       LUT2 (Prop_lut2_I1_O)        0.329     3.466 r  datapath/video_inst/Inst_vga/vga_sig_gen/horizontal_counter/is_vertical_gridline0__0_carry__1_i_8/O
                         net (fo=1, routed)           0.364     3.830    datapath/video_inst/Inst_vga/vga_sig_gen/horizontal_counter/is_vertical_gridline0__0_carry__1_i_8_n_0
    SLICE_X154Y126       LUT6 (Prop_lut6_I2_O)        0.348     4.178 f  datapath/video_inst/Inst_vga/vga_sig_gen/horizontal_counter/is_vertical_gridline0__0_carry__1_i_1/O
                         net (fo=10, routed)          1.235     5.412    datapath/video_inst/Inst_vga/vga_sig_gen/horizontal_counter/processQ_reg[8]_1
    SLICE_X161Y124       LUT6 (Prop_lut6_I0_O)        0.124     5.536 r  datapath/video_inst/Inst_vga/vga_sig_gen/horizontal_counter/is_vertical_gridline0__0_carry__0_i_1/O
                         net (fo=2, routed)           0.644     6.181    datapath/video_inst/Inst_vga/vga_sig_gen/horizontal_counter/processQ_reg[5]_4[3]
    SLICE_X160Y124       LUT4 (Prop_lut4_I0_O)        0.124     6.305 r  datapath/video_inst/Inst_vga/vga_sig_gen/horizontal_counter/is_vertical_gridline0__0_carry__0_i_5/O
                         net (fo=1, routed)           0.000     6.305    datapath/video_inst/Inst_vga/color_mapper_1/is_vertical_gridline0__0_carry__1_2[3]
    SLICE_X160Y124       CARRY4 (Prop_carry4_S[3]_CO[3])
                                                      0.401     6.706 r  datapath/video_inst/Inst_vga/color_mapper_1/is_vertical_gridline0__0_carry__0/CO[3]
                         net (fo=1, routed)           0.009     6.715    datapath/video_inst/Inst_vga/color_mapper_1/is_vertical_gridline0__0_carry__0_n_0
    SLICE_X160Y125       CARRY4 (Prop_carry4_CI_O[3])
                                                      0.313     7.028 r  datapath/video_inst/Inst_vga/color_mapper_1/is_vertical_gridline0__0_carry__1/O[3]
                         net (fo=7, routed)           1.026     8.054    datapath/video_inst/Inst_vga/vga_sig_gen/horizontal_counter/O[3]
    SLICE_X159Y124       LUT3 (Prop_lut3_I1_O)        0.306     8.360 r  datapath/video_inst/Inst_vga/vga_sig_gen/horizontal_counter/is_vertical_gridline0__26_carry_i_2/O
                         net (fo=1, routed)           0.000     8.360    datapath/video_inst/Inst_vga/color_mapper_1/is_vertical_gridline0__46_carry_i_6_0[2]
    SLICE_X159Y124       CARRY4 (Prop_carry4_S[3]_CO[3])
                                                      0.401     8.761 r  datapath/video_inst/Inst_vga/color_mapper_1/is_vertical_gridline0__26_carry/CO[3]
                         net (fo=1, routed)           0.009     8.770    datapath/video_inst/Inst_vga/color_mapper_1/is_vertical_gridline0__26_carry_n_0
    SLICE_X159Y125       CARRY4 (Prop_carry4_CI_O[1])
                                                      0.334     9.104 r  datapath/video_inst/Inst_vga/color_mapper_1/is_vertical_gridline0__26_carry__0/O[1]
                         net (fo=1, routed)           0.665     9.769    datapath/video_inst/Inst_vga/vga_sig_gen/horizontal_counter/is_vertical_gridline0__46_carry__0[1]
    SLICE_X158Y125       LUT5 (Prop_lut5_I4_O)        0.303    10.072 r  datapath/video_inst/Inst_vga/vga_sig_gen/horizontal_counter/is_vertical_gridline0__46_carry__0_i_6/O
                         net (fo=1, routed)           0.000    10.072    datapath/video_inst/Inst_vga/color_mapper_1/dc_bias[3]_i_32_0[1]
    SLICE_X158Y125       CARRY4 (Prop_carry4_S[1]_O[2])
                                                      0.578    10.650 r  datapath/video_inst/Inst_vga/color_mapper_1/is_vertical_gridline0__46_carry__0/O[2]
                         net (fo=1, routed)           0.688    11.338    datapath/video_inst/Inst_vga/vga_sig_gen/horizontal_counter/dc_bias[3]_i_3[2]
    SLICE_X157Y125       LUT6 (Prop_lut6_I2_O)        0.301    11.639 r  datapath/video_inst/Inst_vga/vga_sig_gen/horizontal_counter/dc_bias[3]_i_13/O
                         net (fo=1, routed)           1.251    12.890    datapath/video_inst/Inst_vga/vga_sig_gen/vertical_counter/dc_bias[2]_i_2_1
    SLICE_X153Y131       LUT5 (Prop_lut5_I4_O)        0.124    13.014 r  datapath/video_inst/Inst_vga/vga_sig_gen/vertical_counter/dc_bias[3]_i_3/O
                         net (fo=7, routed)           1.011    14.025    datapath/video_inst/Inst_vga/vga_sig_gen/vertical_counter/processQ_reg[2]_0
    SLICE_X156Y133       LUT6 (Prop_lut6_I0_O)        0.124    14.149 r  datapath/video_inst/Inst_vga/vga_sig_gen/vertical_counter/dc_bias[3]_i_2__1/O
                         net (fo=14, routed)          1.014    15.163    datapath/video_inst/inst_dvid/TDMS_encoder_blue/dc_bias_reg[3]_2
    SLICE_X158Y132       LUT5 (Prop_lut5_I1_O)        0.124    15.287 r  datapath/video_inst/inst_dvid/TDMS_encoder_blue/dc_bias[1]_i_1/O
                         net (fo=1, routed)           0.000    15.287    datapath/video_inst/inst_dvid/TDMS_encoder_blue/dc_bias[1]_i_1_n_0
    SLICE_X158Y132       FDRE                                         r  datapath/video_inst/inst_dvid/TDMS_encoder_blue/dc_bias_reg[1]/D
  -------------------------------------------------------------------    -------------------

                         (clock clk_out1_clk_wiz_0 rise edge)
                                                     40.000    40.000 r  
    BUFGCTRL_X0Y2        BUFG                         0.000    40.000 r  clk_IBUF_BUFG_inst/O
                         net (fo=232, routed)         1.972    41.972    datapath/video_inst/mmcm_adv_inst_display_clocks/inst/clk_in1
    MMCME2_ADV_X1Y0      MMCME2_ADV (Prop_mmcme2_adv_CLKIN1_CLKOUT0)
                                                     -4.637    37.335 r  datapath/video_inst/mmcm_adv_inst_display_clocks/inst/mmcm_adv_inst/CLKOUT0
                         net (fo=1, routed)           2.574    39.909    datapath/video_inst/mmcm_adv_inst_display_clocks/inst/clk_out1_clk_wiz_0
    BUFGCTRL_X0Y4        BUFG (Prop_bufg_I_O)         0.091    40.000 r  datapath/video_inst/mmcm_adv_inst_display_clocks/inst/clkout1_buf/O
                         net (fo=63, routed)          1.703    41.703    datapath/video_inst/inst_dvid/TDMS_encoder_blue/clk_out1
    SLICE_X158Y132       FDRE                                         r  datapath/video_inst/inst_dvid/TDMS_encoder_blue/dc_bias_reg[1]/C
                         clock pessimism              0.075    41.778    
                         clock uncertainty           -0.095    41.684    
    SLICE_X158Y132       FDRE (Setup_fdre_C_D)        0.077    41.761    datapath/video_inst/inst_dvid/TDMS_encoder_blue/dc_bias_reg[1]
  -------------------------------------------------------------------
                         required time                         41.761    
                         arrival time                         -15.287    
  -------------------------------------------------------------------
                         slack                                 26.474    

Slack (MET) :             26.478ns  (required time - arrival time)
  Source:                 datapath/video_inst/Inst_vga/vga_sig_gen/horizontal_counter/processQ_reg[6]/C
                            (rising edge-triggered cell FDRE clocked by clk_out1_clk_wiz_0  {rise@0.000ns fall@20.000ns period=40.000ns})
  Destination:            datapath/video_inst/inst_dvid/TDMS_encoder_blue/encoded_reg[0]/D
                            (rising edge-triggered cell FDRE clocked by clk_out1_clk_wiz_0  {rise@0.000ns fall@20.000ns period=40.000ns})
  Path Group:             clk_out1_clk_wiz_0
  Path Type:              Setup (Max at Slow Process Corner)
  Requirement:            40.000ns  (clk_out1_clk_wiz_0 rise@40.000ns - clk_out1_clk_wiz_0 rise@0.000ns)
  Data Path Delay:        13.496ns  (logic 4.712ns (34.914%)  route 8.784ns (65.086%))
  Logic Levels:           15  (CARRY4=5 LUT2=1 LUT3=1 LUT4=1 LUT5=3 LUT6=4)
  Clock Path Skew:        0.038ns (DCD - SCD + CPR)
    Destination Clock Delay (DCD):    1.703ns = ( 41.703 - 40.000 ) 
    Source Clock Delay      (SCD):    1.740ns
    Clock Pessimism Removal (CPR):    0.075ns
  Clock Uncertainty:      0.095ns  ((TSJ^2 + DJ^2)^1/2) / 2 + PE
    Total System Jitter     (TSJ):    0.071ns
    Discrete Jitter          (DJ):    0.175ns
    Phase Error              (PE):    0.000ns

    Location             Delay type                Incr(ns)  Path(ns)    Netlist Resource(s)
  -------------------------------------------------------------------    -------------------
                         (clock clk_out1_clk_wiz_0 rise edge)
                                                      0.000     0.000 r  
    BUFGCTRL_X0Y2        BUFG                         0.000     0.000 r  clk_IBUF_BUFG_inst/O
                         net (fo=232, routed)         2.106     2.106    datapath/video_inst/mmcm_adv_inst_display_clocks/inst/clk_in1
    MMCME2_ADV_X1Y0      MMCME2_ADV (Prop_mmcme2_adv_CLKIN1_CLKOUT0)
                                                     -4.900    -2.793 r  datapath/video_inst/mmcm_adv_inst_display_clocks/inst/mmcm_adv_inst/CLKOUT0
                         net (fo=1, routed)           2.697    -0.096    datapath/video_inst/mmcm_adv_inst_display_clocks/inst/clk_out1_clk_wiz_0
    BUFGCTRL_X0Y4        BUFG (Prop_bufg_I_O)         0.096    -0.000 r  datapath/video_inst/mmcm_adv_inst_display_clocks/inst/clkout1_buf/O
                         net (fo=63, routed)          1.740     1.740    datapath/video_inst/Inst_vga/vga_sig_gen/horizontal_counter/CLK
    SLICE_X154Y127       FDRE                                         r  datapath/video_inst/Inst_vga/vga_sig_gen/horizontal_counter/processQ_reg[6]/C
  -------------------------------------------------------------------    -------------------
    SLICE_X154Y127       FDRE (Prop_fdre_C_Q)         0.478     2.218 r  datapath/video_inst/Inst_vga/vga_sig_gen/horizontal_counter/processQ_reg[6]/Q
                         net (fo=36, routed)          0.918     3.137    datapath/video_inst/Inst_vga/vga_sig_gen/horizontal_counter/Q[6]
    SLICE_X154Y126       LUT2 (Prop_lut2_I1_O)        0.329     3.466 r  datapath/video_inst/Inst_vga/vga_sig_gen/horizontal_counter/is_vertical_gridline0__0_carry__1_i_8/O
                         net (fo=1, routed)           0.364     3.830    datapath/video_inst/Inst_vga/vga_sig_gen/horizontal_counter/is_vertical_gridline0__0_carry__1_i_8_n_0
    SLICE_X154Y126       LUT6 (Prop_lut6_I2_O)        0.348     4.178 f  datapath/video_inst/Inst_vga/vga_sig_gen/horizontal_counter/is_vertical_gridline0__0_carry__1_i_1/O
                         net (fo=10, routed)          1.235     5.412    datapath/video_inst/Inst_vga/vga_sig_gen/horizontal_counter/processQ_reg[8]_1
    SLICE_X161Y124       LUT6 (Prop_lut6_I0_O)        0.124     5.536 r  datapath/video_inst/Inst_vga/vga_sig_gen/horizontal_counter/is_vertical_gridline0__0_carry__0_i_1/O
                         net (fo=2, routed)           0.644     6.181    datapath/video_inst/Inst_vga/vga_sig_gen/horizontal_counter/processQ_reg[5]_4[3]
    SLICE_X160Y124       LUT4 (Prop_lut4_I0_O)        0.124     6.305 r  datapath/video_inst/Inst_vga/vga_sig_gen/horizontal_counter/is_vertical_gridline0__0_carry__0_i_5/O
                         net (fo=1, routed)           0.000     6.305    datapath/video_inst/Inst_vga/color_mapper_1/is_vertical_gridline0__0_carry__1_2[3]
    SLICE_X160Y124       CARRY4 (Prop_carry4_S[3]_CO[3])
                                                      0.401     6.706 r  datapath/video_inst/Inst_vga/color_mapper_1/is_vertical_gridline0__0_carry__0/CO[3]
                         net (fo=1, routed)           0.009     6.715    datapath/video_inst/Inst_vga/color_mapper_1/is_vertical_gridline0__0_carry__0_n_0
    SLICE_X160Y125       CARRY4 (Prop_carry4_CI_O[3])
                                                      0.313     7.028 r  datapath/video_inst/Inst_vga/color_mapper_1/is_vertical_gridline0__0_carry__1/O[3]
                         net (fo=7, routed)           1.026     8.054    datapath/video_inst/Inst_vga/vga_sig_gen/horizontal_counter/O[3]
    SLICE_X159Y124       LUT3 (Prop_lut3_I1_O)        0.306     8.360 r  datapath/video_inst/Inst_vga/vga_sig_gen/horizontal_counter/is_vertical_gridline0__26_carry_i_2/O
                         net (fo=1, routed)           0.000     8.360    datapath/video_inst/Inst_vga/color_mapper_1/is_vertical_gridline0__46_carry_i_6_0[2]
    SLICE_X159Y124       CARRY4 (Prop_carry4_S[3]_CO[3])
                                                      0.401     8.761 r  datapath/video_inst/Inst_vga/color_mapper_1/is_vertical_gridline0__26_carry/CO[3]
                         net (fo=1, routed)           0.009     8.770    datapath/video_inst/Inst_vga/color_mapper_1/is_vertical_gridline0__26_carry_n_0
    SLICE_X159Y125       CARRY4 (Prop_carry4_CI_O[1])
                                                      0.334     9.104 r  datapath/video_inst/Inst_vga/color_mapper_1/is_vertical_gridline0__26_carry__0/O[1]
                         net (fo=1, routed)           0.665     9.769    datapath/video_inst/Inst_vga/vga_sig_gen/horizontal_counter/is_vertical_gridline0__46_carry__0[1]
    SLICE_X158Y125       LUT5 (Prop_lut5_I4_O)        0.303    10.072 r  datapath/video_inst/Inst_vga/vga_sig_gen/horizontal_counter/is_vertical_gridline0__46_carry__0_i_6/O
                         net (fo=1, routed)           0.000    10.072    datapath/video_inst/Inst_vga/color_mapper_1/dc_bias[3]_i_32_0[1]
    SLICE_X158Y125       CARRY4 (Prop_carry4_S[1]_O[2])
                                                      0.578    10.650 r  datapath/video_inst/Inst_vga/color_mapper_1/is_vertical_gridline0__46_carry__0/O[2]
                         net (fo=1, routed)           0.688    11.338    datapath/video_inst/Inst_vga/vga_sig_gen/horizontal_counter/dc_bias[3]_i_3[2]
    SLICE_X157Y125       LUT6 (Prop_lut6_I2_O)        0.301    11.639 f  datapath/video_inst/Inst_vga/vga_sig_gen/horizontal_counter/dc_bias[3]_i_13/O
                         net (fo=1, routed)           1.251    12.890    datapath/video_inst/Inst_vga/vga_sig_gen/vertical_counter/dc_bias[2]_i_2_1
    SLICE_X153Y131       LUT5 (Prop_lut5_I4_O)        0.124    13.014 f  datapath/video_inst/Inst_vga/vga_sig_gen/vertical_counter/dc_bias[3]_i_3/O
                         net (fo=7, routed)           1.015    14.029    datapath/video_inst/Inst_vga/vga_sig_gen/vertical_counter/processQ_reg[2]_0
    SLICE_X156Y133       LUT6 (Prop_lut6_I3_O)        0.124    14.153 r  datapath/video_inst/Inst_vga/vga_sig_gen/vertical_counter/dc_bias[0]_i_2/O
                         net (fo=5, routed)           0.959    15.113    datapath/video_inst/Inst_vga/vga_sig_gen/vertical_counter/processQ_reg[7]_2
    SLICE_X159Y132       LUT5 (Prop_lut5_I1_O)        0.124    15.237 r  datapath/video_inst/Inst_vga/vga_sig_gen/vertical_counter/encoded[0]_i_1__0/O
                         net (fo=1, routed)           0.000    15.237    datapath/video_inst/inst_dvid/TDMS_encoder_blue/encoded_reg[0]_0
    SLICE_X159Y132       FDRE                                         r  datapath/video_inst/inst_dvid/TDMS_encoder_blue/encoded_reg[0]/D
  -------------------------------------------------------------------    -------------------

                         (clock clk_out1_clk_wiz_0 rise edge)
                                                     40.000    40.000 r  
    BUFGCTRL_X0Y2        BUFG                         0.000    40.000 r  clk_IBUF_BUFG_inst/O
                         net (fo=232, routed)         1.972    41.972    datapath/video_inst/mmcm_adv_inst_display_clocks/inst/clk_in1
    MMCME2_ADV_X1Y0      MMCME2_ADV (Prop_mmcme2_adv_CLKIN1_CLKOUT0)
                                                     -4.637    37.335 r  datapath/video_inst/mmcm_adv_inst_display_clocks/inst/mmcm_adv_inst/CLKOUT0
                         net (fo=1, routed)           2.574    39.909    datapath/video_inst/mmcm_adv_inst_display_clocks/inst/clk_out1_clk_wiz_0
    BUFGCTRL_X0Y4        BUFG (Prop_bufg_I_O)         0.091    40.000 r  datapath/video_inst/mmcm_adv_inst_display_clocks/inst/clkout1_buf/O
                         net (fo=63, routed)          1.703    41.703    datapath/video_inst/inst_dvid/TDMS_encoder_blue/clk_out1
    SLICE_X159Y132       FDRE                                         r  datapath/video_inst/inst_dvid/TDMS_encoder_blue/encoded_reg[0]/C
                         clock pessimism              0.075    41.778    
                         clock uncertainty           -0.095    41.684    
    SLICE_X159Y132       FDRE (Setup_fdre_C_D)        0.031    41.715    datapath/video_inst/inst_dvid/TDMS_encoder_blue/encoded_reg[0]
  -------------------------------------------------------------------
                         required time                         41.715    
                         arrival time                         -15.237    
  -------------------------------------------------------------------
                         slack                                 26.478    

Slack (MET) :             26.492ns  (required time - arrival time)
  Source:                 datapath/video_inst/Inst_vga/vga_sig_gen/horizontal_counter/processQ_reg[6]/C
                            (rising edge-triggered cell FDRE clocked by clk_out1_clk_wiz_0  {rise@0.000ns fall@20.000ns period=40.000ns})
  Destination:            datapath/video_inst/inst_dvid/TDMS_encoder_green/encoded_reg[0]/D
                            (rising edge-triggered cell FDRE clocked by clk_out1_clk_wiz_0  {rise@0.000ns fall@20.000ns period=40.000ns})
  Path Group:             clk_out1_clk_wiz_0
  Path Type:              Setup (Max at Slow Process Corner)
  Requirement:            40.000ns  (clk_out1_clk_wiz_0 rise@40.000ns - clk_out1_clk_wiz_0 rise@0.000ns)
  Data Path Delay:        13.532ns  (logic 4.836ns (35.737%)  route 8.696ns (64.263%))
  Logic Levels:           16  (CARRY4=5 LUT2=2 LUT3=1 LUT4=1 LUT5=3 LUT6=4)
  Clock Path Skew:        0.038ns (DCD - SCD + CPR)
    Destination Clock Delay (DCD):    1.703ns = ( 41.703 - 40.000 ) 
    Source Clock Delay      (SCD):    1.740ns
    Clock Pessimism Removal (CPR):    0.075ns
  Clock Uncertainty:      0.095ns  ((TSJ^2 + DJ^2)^1/2) / 2 + PE
    Total System Jitter     (TSJ):    0.071ns
    Discrete Jitter          (DJ):    0.175ns
    Phase Error              (PE):    0.000ns

    Location             Delay type                Incr(ns)  Path(ns)    Netlist Resource(s)
  -------------------------------------------------------------------    -------------------
                         (clock clk_out1_clk_wiz_0 rise edge)
                                                      0.000     0.000 r  
    BUFGCTRL_X0Y2        BUFG                         0.000     0.000 r  clk_IBUF_BUFG_inst/O
                         net (fo=232, routed)         2.106     2.106    datapath/video_inst/mmcm_adv_inst_display_clocks/inst/clk_in1
    MMCME2_ADV_X1Y0      MMCME2_ADV (Prop_mmcme2_adv_CLKIN1_CLKOUT0)
                                                     -4.900    -2.793 r  datapath/video_inst/mmcm_adv_inst_display_clocks/inst/mmcm_adv_inst/CLKOUT0
                         net (fo=1, routed)           2.697    -0.096    datapath/video_inst/mmcm_adv_inst_display_clocks/inst/clk_out1_clk_wiz_0
    BUFGCTRL_X0Y4        BUFG (Prop_bufg_I_O)         0.096    -0.000 r  datapath/video_inst/mmcm_adv_inst_display_clocks/inst/clkout1_buf/O
                         net (fo=63, routed)          1.740     1.740    datapath/video_inst/Inst_vga/vga_sig_gen/horizontal_counter/CLK
    SLICE_X154Y127       FDRE                                         r  datapath/video_inst/Inst_vga/vga_sig_gen/horizontal_counter/processQ_reg[6]/C
  -------------------------------------------------------------------    -------------------
    SLICE_X154Y127       FDRE (Prop_fdre_C_Q)         0.478     2.218 r  datapath/video_inst/Inst_vga/vga_sig_gen/horizontal_counter/processQ_reg[6]/Q
                         net (fo=36, routed)          0.918     3.137    datapath/video_inst/Inst_vga/vga_sig_gen/horizontal_counter/Q[6]
    SLICE_X154Y126       LUT2 (Prop_lut2_I1_O)        0.329     3.466 r  datapath/video_inst/Inst_vga/vga_sig_gen/horizontal_counter/is_vertical_gridline0__0_carry__1_i_8/O
                         net (fo=1, routed)           0.364     3.830    datapath/video_inst/Inst_vga/vga_sig_gen/horizontal_counter/is_vertical_gridline0__0_carry__1_i_8_n_0
    SLICE_X154Y126       LUT6 (Prop_lut6_I2_O)        0.348     4.178 f  datapath/video_inst/Inst_vga/vga_sig_gen/horizontal_counter/is_vertical_gridline0__0_carry__1_i_1/O
                         net (fo=10, routed)          1.235     5.412    datapath/video_inst/Inst_vga/vga_sig_gen/horizontal_counter/processQ_reg[8]_1
    SLICE_X161Y124       LUT6 (Prop_lut6_I0_O)        0.124     5.536 r  datapath/video_inst/Inst_vga/vga_sig_gen/horizontal_counter/is_vertical_gridline0__0_carry__0_i_1/O
                         net (fo=2, routed)           0.644     6.181    datapath/video_inst/Inst_vga/vga_sig_gen/horizontal_counter/processQ_reg[5]_4[3]
    SLICE_X160Y124       LUT4 (Prop_lut4_I0_O)        0.124     6.305 r  datapath/video_inst/Inst_vga/vga_sig_gen/horizontal_counter/is_vertical_gridline0__0_carry__0_i_5/O
                         net (fo=1, routed)           0.000     6.305    datapath/video_inst/Inst_vga/color_mapper_1/is_vertical_gridline0__0_carry__1_2[3]
    SLICE_X160Y124       CARRY4 (Prop_carry4_S[3]_CO[3])
                                                      0.401     6.706 r  datapath/video_inst/Inst_vga/color_mapper_1/is_vertical_gridline0__0_carry__0/CO[3]
                         net (fo=1, routed)           0.009     6.715    datapath/video_inst/Inst_vga/color_mapper_1/is_vertical_gridline0__0_carry__0_n_0
    SLICE_X160Y125       CARRY4 (Prop_carry4_CI_O[3])
                                                      0.313     7.028 r  datapath/video_inst/Inst_vga/color_mapper_1/is_vertical_gridline0__0_carry__1/O[3]
                         net (fo=7, routed)           1.026     8.054    datapath/video_inst/Inst_vga/vga_sig_gen/horizontal_counter/O[3]
    SLICE_X159Y124       LUT3 (Prop_lut3_I1_O)        0.306     8.360 r  datapath/video_inst/Inst_vga/vga_sig_gen/horizontal_counter/is_vertical_gridline0__26_carry_i_2/O
                         net (fo=1, routed)           0.000     8.360    datapath/video_inst/Inst_vga/color_mapper_1/is_vertical_gridline0__46_carry_i_6_0[2]
    SLICE_X159Y124       CARRY4 (Prop_carry4_S[3]_CO[3])
                                                      0.401     8.761 r  datapath/video_inst/Inst_vga/color_mapper_1/is_vertical_gridline0__26_carry/CO[3]
                         net (fo=1, routed)           0.009     8.770    datapath/video_inst/Inst_vga/color_mapper_1/is_vertical_gridline0__26_carry_n_0
    SLICE_X159Y125       CARRY4 (Prop_carry4_CI_O[1])
                                                      0.334     9.104 r  datapath/video_inst/Inst_vga/color_mapper_1/is_vertical_gridline0__26_carry__0/O[1]
                         net (fo=1, routed)           0.665     9.769    datapath/video_inst/Inst_vga/vga_sig_gen/horizontal_counter/is_vertical_gridline0__46_carry__0[1]
    SLICE_X158Y125       LUT5 (Prop_lut5_I4_O)        0.303    10.072 r  datapath/video_inst/Inst_vga/vga_sig_gen/horizontal_counter/is_vertical_gridline0__46_carry__0_i_6/O
                         net (fo=1, routed)           0.000    10.072    datapath/video_inst/Inst_vga/color_mapper_1/dc_bias[3]_i_32_0[1]
    SLICE_X158Y125       CARRY4 (Prop_carry4_S[1]_O[2])
                                                      0.578    10.650 r  datapath/video_inst/Inst_vga/color_mapper_1/is_vertical_gridline0__46_carry__0/O[2]
                         net (fo=1, routed)           0.688    11.338    datapath/video_inst/Inst_vga/vga_sig_gen/horizontal_counter/dc_bias[3]_i_3[2]
    SLICE_X157Y125       LUT6 (Prop_lut6_I2_O)        0.301    11.639 f  datapath/video_inst/Inst_vga/vga_sig_gen/horizontal_counter/dc_bias[3]_i_13/O
                         net (fo=1, routed)           1.251    12.890    datapath/video_inst/Inst_vga/vga_sig_gen/vertical_counter/dc_bias[2]_i_2_1
    SLICE_X153Y131       LUT5 (Prop_lut5_I4_O)        0.124    13.014 f  datapath/video_inst/Inst_vga/vga_sig_gen/vertical_counter/dc_bias[3]_i_3/O
                         net (fo=7, routed)           1.015    14.029    datapath/video_inst/Inst_vga/vga_sig_gen/vertical_counter/processQ_reg[2]_0
    SLICE_X156Y133       LUT6 (Prop_lut6_I3_O)        0.124    14.153 r  datapath/video_inst/Inst_vga/vga_sig_gen/vertical_counter/dc_bias[0]_i_2/O
                         net (fo=5, routed)           0.404    14.558    datapath/video_inst/inst_dvid/TDMS_encoder_green/encoded_reg[0]_0
    SLICE_X159Y133       LUT5 (Prop_lut5_I0_O)        0.124    14.682 r  datapath/video_inst/inst_dvid/TDMS_encoder_green/dc_bias[3]_i_3__0/O
                         net (fo=3, routed)           0.467    15.148    datapath/video_inst/inst_dvid/TDMS_encoder_green/dc_bias[3]_i_3__0_n_0
    SLICE_X158Y132       LUT2 (Prop_lut2_I1_O)        0.124    15.272 r  datapath/video_inst/inst_dvid/TDMS_encoder_green/encoded[0]_i_1/O
                         net (fo=1, routed)           0.000    15.272    datapath/video_inst/inst_dvid/TDMS_encoder_green/encoded[0]_i_1_n_0
    SLICE_X158Y132       FDRE                                         r  datapath/video_inst/inst_dvid/TDMS_encoder_green/encoded_reg[0]/D
  -------------------------------------------------------------------    -------------------

                         (clock clk_out1_clk_wiz_0 rise edge)
                                                     40.000    40.000 r  
    BUFGCTRL_X0Y2        BUFG                         0.000    40.000 r  clk_IBUF_BUFG_inst/O
                         net (fo=232, routed)         1.972    41.972    datapath/video_inst/mmcm_adv_inst_display_clocks/inst/clk_in1
    MMCME2_ADV_X1Y0      MMCME2_ADV (Prop_mmcme2_adv_CLKIN1_CLKOUT0)
                                                     -4.637    37.335 r  datapath/video_inst/mmcm_adv_inst_display_clocks/inst/mmcm_adv_inst/CLKOUT0
                         net (fo=1, routed)           2.574    39.909    datapath/video_inst/mmcm_adv_inst_display_clocks/inst/clk_out1_clk_wiz_0
    BUFGCTRL_X0Y4        BUFG (Prop_bufg_I_O)         0.091    40.000 r  datapath/video_inst/mmcm_adv_inst_display_clocks/inst/clkout1_buf/O
                         net (fo=63, routed)          1.703    41.703    datapath/video_inst/inst_dvid/TDMS_encoder_green/clk_out1
    SLICE_X158Y132       FDRE                                         r  datapath/video_inst/inst_dvid/TDMS_encoder_green/encoded_reg[0]/C
                         clock pessimism              0.075    41.778    
                         clock uncertainty           -0.095    41.684    
    SLICE_X158Y132       FDRE (Setup_fdre_C_D)        0.081    41.765    datapath/video_inst/inst_dvid/TDMS_encoder_green/encoded_reg[0]
  -------------------------------------------------------------------
                         required time                         41.765    
                         arrival time                         -15.272    
  -------------------------------------------------------------------
                         slack                                 26.492    





Min Delay Paths
--------------------------------------------------------------------------------------
Slack (MET) :             0.190ns  (arrival time - required time)
  Source:                 datapath/video_inst/Inst_vga/vga_sig_gen/vga_reg[vsync]/C
                            (rising edge-triggered cell FDRE clocked by clk_out1_clk_wiz_0  {rise@0.000ns fall@20.000ns period=40.000ns})
  Destination:            datapath/video_inst/inst_dvid/TDMS_encoder_blue/encoded_reg[9]/D
                            (rising edge-triggered cell FDRE clocked by clk_out1_clk_wiz_0  {rise@0.000ns fall@20.000ns period=40.000ns})
  Path Group:             clk_out1_clk_wiz_0
  Path Type:              Hold (Min at Fast Process Corner)
  Requirement:            0.000ns  (clk_out1_clk_wiz_0 rise@0.000ns - clk_out1_clk_wiz_0 rise@0.000ns)
  Data Path Delay:        0.281ns  (logic 0.227ns (80.665%)  route 0.054ns (19.335%))
  Logic Levels:           1  (LUT6=1)
  Clock Path Skew:        0.000ns (DCD - SCD - CPR)
    Destination Clock Delay (DCD):    0.912ns
    Source Clock Delay      (SCD):    0.641ns
    Clock Pessimism Removal (CPR):    0.271ns

    Location             Delay type                Incr(ns)  Path(ns)    Netlist Resource(s)
  -------------------------------------------------------------------    -------------------
                         (clock clk_out1_clk_wiz_0 rise edge)
                                                      0.000     0.000 r  
    BUFGCTRL_X0Y2        BUFG                         0.000     0.000 r  clk_IBUF_BUFG_inst/O
                         net (fo=232, routed)         0.745     0.745    datapath/video_inst/mmcm_adv_inst_display_clocks/inst/clk_in1
    MMCME2_ADV_X1Y0      MMCME2_ADV (Prop_mmcme2_adv_CLKIN1_CLKOUT0)
                                                     -1.683    -0.938 r  datapath/video_inst/mmcm_adv_inst_display_clocks/inst/mmcm_adv_inst/CLKOUT0
                         net (fo=1, routed)           0.912    -0.026    datapath/video_inst/mmcm_adv_inst_display_clocks/inst/clk_out1_clk_wiz_0
    BUFGCTRL_X0Y4        BUFG (Prop_bufg_I_O)         0.026    -0.000 r  datapath/video_inst/mmcm_adv_inst_display_clocks/inst/clkout1_buf/O
                         net (fo=63, routed)          0.641     0.641    datapath/video_inst/Inst_vga/vga_sig_gen/CLK
    SLICE_X159Y132       FDRE                                         r  datapath/video_inst/Inst_vga/vga_sig_gen/vga_reg[vsync]/C
  -------------------------------------------------------------------    -------------------
    SLICE_X159Y132       FDRE (Prop_fdre_C_Q)         0.128     0.769 r  datapath/video_inst/Inst_vga/vga_sig_gen/vga_reg[vsync]/Q
                         net (fo=1, routed)           0.054     0.823    datapath/video_inst/Inst_vga/vga_sig_gen/vertical_counter/vga_signal[vsync]
    SLICE_X159Y132       LUT6 (Prop_lut6_I1_O)        0.099     0.922 r  datapath/video_inst/Inst_vga/vga_sig_gen/vertical_counter/TDMS_encoder_blue/encoded[9]_i_1/O
                         net (fo=1, routed)           0.000     0.922    datapath/video_inst/inst_dvid/TDMS_encoder_blue/encoded_reg[9]_0
    SLICE_X159Y132       FDRE                                         r  datapath/video_inst/inst_dvid/TDMS_encoder_blue/encoded_reg[9]/D
  -------------------------------------------------------------------    -------------------

                         (clock clk_out1_clk_wiz_0 rise edge)
                                                      0.000     0.000 r  
    BUFGCTRL_X0Y2        BUFG                         0.000     0.000 r  clk_IBUF_BUFG_inst/O
                         net (fo=232, routed)         1.022     1.022    datapath/video_inst/mmcm_adv_inst_display_clocks/inst/clk_in1
    MMCME2_ADV_X1Y0      MMCME2_ADV (Prop_mmcme2_adv_CLKIN1_CLKOUT0)
                                                     -2.040    -1.018 r  datapath/video_inst/mmcm_adv_inst_display_clocks/inst/mmcm_adv_inst/CLKOUT0
                         net (fo=1, routed)           0.989    -0.029    datapath/video_inst/mmcm_adv_inst_display_clocks/inst/clk_out1_clk_wiz_0
    BUFGCTRL_X0Y4        BUFG (Prop_bufg_I_O)         0.029    -0.000 r  datapath/video_inst/mmcm_adv_inst_display_clocks/inst/clkout1_buf/O
                         net (fo=63, routed)          0.912     0.912    datapath/video_inst/inst_dvid/TDMS_encoder_blue/clk_out1
    SLICE_X159Y132       FDRE                                         r  datapath/video_inst/inst_dvid/TDMS_encoder_blue/encoded_reg[9]/C
                         clock pessimism             -0.271     0.641    
    SLICE_X159Y132       FDRE (Hold_fdre_C_D)         0.091     0.732    datapath/video_inst/inst_dvid/TDMS_encoder_blue/encoded_reg[9]
  -------------------------------------------------------------------
                         required time                         -0.732    
                         arrival time                           0.922    
  -------------------------------------------------------------------
                         slack                                  0.190    

Slack (MET) :             0.191ns  (arrival time - required time)
  Source:                 datapath/video_inst/inst_dvid/TDMS_encoder_green/encoded_reg[8]/C
                            (rising edge-triggered cell FDRE clocked by clk_out1_clk_wiz_0  {rise@0.000ns fall@20.000ns period=40.000ns})
  Destination:            datapath/video_inst/inst_dvid/latched_green_reg[8]/D
                            (rising edge-triggered cell FDRE clocked by clk_out1_clk_wiz_0  {rise@0.000ns fall@20.000ns period=40.000ns})
  Path Group:             clk_out1_clk_wiz_0
  Path Type:              Hold (Min at Fast Process Corner)
  Requirement:            0.000ns  (clk_out1_clk_wiz_0 rise@0.000ns - clk_out1_clk_wiz_0 rise@0.000ns)
  Data Path Delay:        0.257ns  (logic 0.141ns (54.828%)  route 0.116ns (45.172%))
  Logic Levels:           0  
  Clock Path Skew:        0.000ns (DCD - SCD - CPR)
    Destination Clock Delay (DCD):    0.914ns
    Source Clock Delay      (SCD):    0.643ns
    Clock Pessimism Removal (CPR):    0.271ns

    Location             Delay type                Incr(ns)  Path(ns)    Netlist Resource(s)
  -------------------------------------------------------------------    -------------------
                         (clock clk_out1_clk_wiz_0 rise edge)
                                                      0.000     0.000 r  
    BUFGCTRL_X0Y2        BUFG                         0.000     0.000 r  clk_IBUF_BUFG_inst/O
                         net (fo=232, routed)         0.745     0.745    datapath/video_inst/mmcm_adv_inst_display_clocks/inst/clk_in1
    MMCME2_ADV_X1Y0      MMCME2_ADV (Prop_mmcme2_adv_CLKIN1_CLKOUT0)
                                                     -1.683    -0.938 r  datapath/video_inst/mmcm_adv_inst_display_clocks/inst/mmcm_adv_inst/CLKOUT0
                         net (fo=1, routed)           0.912    -0.026    datapath/video_inst/mmcm_adv_inst_display_clocks/inst/clk_out1_clk_wiz_0
    BUFGCTRL_X0Y4        BUFG (Prop_bufg_I_O)         0.026    -0.000 r  datapath/video_inst/mmcm_adv_inst_display_clocks/inst/clkout1_buf/O
                         net (fo=63, routed)          0.643     0.643    datapath/video_inst/inst_dvid/TDMS_encoder_green/clk_out1
    SLICE_X157Y134       FDRE                                         r  datapath/video_inst/inst_dvid/TDMS_encoder_green/encoded_reg[8]/C
  -------------------------------------------------------------------    -------------------
    SLICE_X157Y134       FDRE (Prop_fdre_C_Q)         0.141     0.784 r  datapath/video_inst/inst_dvid/TDMS_encoder_green/encoded_reg[8]/Q
                         net (fo=1, routed)           0.116     0.900    datapath/video_inst/inst_dvid/TDMS_encoder_green_n_1
    SLICE_X157Y134       FDRE                                         r  datapath/video_inst/inst_dvid/latched_green_reg[8]/D
  -------------------------------------------------------------------    -------------------

                         (clock clk_out1_clk_wiz_0 rise edge)
                                                      0.000     0.000 r  
    BUFGCTRL_X0Y2        BUFG                         0.000     0.000 r  clk_IBUF_BUFG_inst/O
                         net (fo=232, routed)         1.022     1.022    datapath/video_inst/mmcm_adv_inst_display_clocks/inst/clk_in1
    MMCME2_ADV_X1Y0      MMCME2_ADV (Prop_mmcme2_adv_CLKIN1_CLKOUT0)
                                                     -2.040    -1.018 r  datapath/video_inst/mmcm_adv_inst_display_clocks/inst/mmcm_adv_inst/CLKOUT0
                         net (fo=1, routed)           0.989    -0.029    datapath/video_inst/mmcm_adv_inst_display_clocks/inst/clk_out1_clk_wiz_0
    BUFGCTRL_X0Y4        BUFG (Prop_bufg_I_O)         0.029    -0.000 r  datapath/video_inst/mmcm_adv_inst_display_clocks/inst/clkout1_buf/O
                         net (fo=63, routed)          0.914     0.914    datapath/video_inst/inst_dvid/clk_out1
    SLICE_X157Y134       FDRE                                         r  datapath/video_inst/inst_dvid/latched_green_reg[8]/C
                         clock pessimism             -0.271     0.643    
    SLICE_X157Y134       FDRE (Hold_fdre_C_D)         0.066     0.709    datapath/video_inst/inst_dvid/latched_green_reg[8]
  -------------------------------------------------------------------
                         required time                         -0.709    
                         arrival time                           0.900    
  -------------------------------------------------------------------
                         slack                                  0.191    

Slack (MET) :             0.191ns  (arrival time - required time)
  Source:                 datapath/video_inst/inst_dvid/TDMS_encoder_blue/encoded_reg[1]/C
                            (rising edge-triggered cell FDRE clocked by clk_out1_clk_wiz_0  {rise@0.000ns fall@20.000ns period=40.000ns})
  Destination:            datapath/video_inst/inst_dvid/latched_blue_reg[1]/D
                            (rising edge-triggered cell FDRE clocked by clk_out1_clk_wiz_0  {rise@0.000ns fall@20.000ns period=40.000ns})
  Path Group:             clk_out1_clk_wiz_0
  Path Type:              Hold (Min at Fast Process Corner)
  Requirement:            0.000ns  (clk_out1_clk_wiz_0 rise@0.000ns - clk_out1_clk_wiz_0 rise@0.000ns)
  Data Path Delay:        0.257ns  (logic 0.141ns (54.828%)  route 0.116ns (45.172%))
  Logic Levels:           0  
  Clock Path Skew:        0.000ns (DCD - SCD - CPR)
    Destination Clock Delay (DCD):    0.913ns
    Source Clock Delay      (SCD):    0.642ns
    Clock Pessimism Removal (CPR):    0.271ns

    Location             Delay type                Incr(ns)  Path(ns)    Netlist Resource(s)
  -------------------------------------------------------------------    -------------------
                         (clock clk_out1_clk_wiz_0 rise edge)
                                                      0.000     0.000 r  
    BUFGCTRL_X0Y2        BUFG                         0.000     0.000 r  clk_IBUF_BUFG_inst/O
                         net (fo=232, routed)         0.745     0.745    datapath/video_inst/mmcm_adv_inst_display_clocks/inst/clk_in1
    MMCME2_ADV_X1Y0      MMCME2_ADV (Prop_mmcme2_adv_CLKIN1_CLKOUT0)
                                                     -1.683    -0.938 r  datapath/video_inst/mmcm_adv_inst_display_clocks/inst/mmcm_adv_inst/CLKOUT0
                         net (fo=1, routed)           0.912    -0.026    datapath/video_inst/mmcm_adv_inst_display_clocks/inst/clk_out1_clk_wiz_0
    BUFGCTRL_X0Y4        BUFG (Prop_bufg_I_O)         0.026    -0.000 r  datapath/video_inst/mmcm_adv_inst_display_clocks/inst/clkout1_buf/O
                         net (fo=63, routed)          0.642     0.642    datapath/video_inst/inst_dvid/TDMS_encoder_blue/clk_out1
    SLICE_X159Y133       FDRE                                         r  datapath/video_inst/inst_dvid/TDMS_encoder_blue/encoded_reg[1]/C
  -------------------------------------------------------------------    -------------------
    SLICE_X159Y133       FDRE (Prop_fdre_C_Q)         0.141     0.783 r  datapath/video_inst/inst_dvid/TDMS_encoder_blue/encoded_reg[1]/Q
                         net (fo=1, routed)           0.116     0.899    datapath/video_inst/inst_dvid/TDMS_encoder_blue_n_4
    SLICE_X159Y133       FDRE                                         r  datapath/video_inst/inst_dvid/latched_blue_reg[1]/D
  -------------------------------------------------------------------    -------------------

                         (clock clk_out1_clk_wiz_0 rise edge)
                                                      0.000     0.000 r  
    BUFGCTRL_X0Y2        BUFG                         0.000     0.000 r  clk_IBUF_BUFG_inst/O
                         net (fo=232, routed)         1.022     1.022    datapath/video_inst/mmcm_adv_inst_display_clocks/inst/clk_in1
    MMCME2_ADV_X1Y0      MMCME2_ADV (Prop_mmcme2_adv_CLKIN1_CLKOUT0)
                                                     -2.040    -1.018 r  datapath/video_inst/mmcm_adv_inst_display_clocks/inst/mmcm_adv_inst/CLKOUT0
                         net (fo=1, routed)           0.989    -0.029    datapath/video_inst/mmcm_adv_inst_display_clocks/inst/clk_out1_clk_wiz_0
    BUFGCTRL_X0Y4        BUFG (Prop_bufg_I_O)         0.029    -0.000 r  datapath/video_inst/mmcm_adv_inst_display_clocks/inst/clkout1_buf/O
                         net (fo=63, routed)          0.913     0.913    datapath/video_inst/inst_dvid/clk_out1
    SLICE_X159Y133       FDRE                                         r  datapath/video_inst/inst_dvid/latched_blue_reg[1]/C
                         clock pessimism             -0.271     0.642    
    SLICE_X159Y133       FDRE (Hold_fdre_C_D)         0.066     0.708    datapath/video_inst/inst_dvid/latched_blue_reg[1]
  -------------------------------------------------------------------
                         required time                         -0.708    
                         arrival time                           0.899    
  -------------------------------------------------------------------
                         slack                                  0.191    

Slack (MET) :             0.214ns  (arrival time - required time)
  Source:                 datapath/video_inst/inst_dvid/TDMS_encoder_red/dc_bias_reg[2]/C
                            (rising edge-triggered cell FDRE clocked by clk_out1_clk_wiz_0  {rise@0.000ns fall@20.000ns period=40.000ns})
  Destination:            datapath/video_inst/inst_dvid/TDMS_encoder_red/dc_bias_reg[3]/D
                            (rising edge-triggered cell FDRE clocked by clk_out1_clk_wiz_0  {rise@0.000ns fall@20.000ns period=40.000ns})
  Path Group:             clk_out1_clk_wiz_0
  Path Type:              Hold (Min at Fast Process Corner)
  Requirement:            0.000ns  (clk_out1_clk_wiz_0 rise@0.000ns - clk_out1_clk_wiz_0 rise@0.000ns)
  Data Path Delay:        0.345ns  (logic 0.208ns (60.272%)  route 0.137ns (39.728%))
  Logic Levels:           1  (LUT5=1)
  Clock Path Skew:        0.000ns (DCD - SCD - CPR)
    Destination Clock Delay (DCD):    0.914ns
    Source Clock Delay      (SCD):    0.643ns
    Clock Pessimism Removal (CPR):    0.271ns

    Location             Delay type                Incr(ns)  Path(ns)    Netlist Resource(s)
  -------------------------------------------------------------------    -------------------
                         (clock clk_out1_clk_wiz_0 rise edge)
                                                      0.000     0.000 r  
    BUFGCTRL_X0Y2        BUFG                         0.000     0.000 r  clk_IBUF_BUFG_inst/O
                         net (fo=232, routed)         0.745     0.745    datapath/video_inst/mmcm_adv_inst_display_clocks/inst/clk_in1
    MMCME2_ADV_X1Y0      MMCME2_ADV (Prop_mmcme2_adv_CLKIN1_CLKOUT0)
                                                     -1.683    -0.938 r  datapath/video_inst/mmcm_adv_inst_display_clocks/inst/mmcm_adv_inst/CLKOUT0
                         net (fo=1, routed)           0.912    -0.026    datapath/video_inst/mmcm_adv_inst_display_clocks/inst/clk_out1_clk_wiz_0
    BUFGCTRL_X0Y4        BUFG (Prop_bufg_I_O)         0.026    -0.000 r  datapath/video_inst/mmcm_adv_inst_display_clocks/inst/clkout1_buf/O
                         net (fo=63, routed)          0.643     0.643    datapath/video_inst/inst_dvid/TDMS_encoder_red/clk_out1
    SLICE_X158Y134       FDRE                                         r  datapath/video_inst/inst_dvid/TDMS_encoder_red/dc_bias_reg[2]/C
  -------------------------------------------------------------------    -------------------
    SLICE_X158Y134       FDRE (Prop_fdre_C_Q)         0.164     0.807 f  datapath/video_inst/inst_dvid/TDMS_encoder_red/dc_bias_reg[2]/Q
                         net (fo=2, routed)           0.137     0.944    datapath/video_inst/inst_dvid/TDMS_encoder_red/dc_bias_reg_n_0_[2]
    SLICE_X158Y134       LUT5 (Prop_lut5_I0_O)        0.044     0.988 r  datapath/video_inst/inst_dvid/TDMS_encoder_red/dc_bias[3]_i_1__1/O
                         net (fo=1, routed)           0.000     0.988    datapath/video_inst/inst_dvid/TDMS_encoder_red/dc_bias[3]_i_1__1_n_0
    SLICE_X158Y134       FDRE                                         r  datapath/video_inst/inst_dvid/TDMS_encoder_red/dc_bias_reg[3]/D
  -------------------------------------------------------------------    -------------------

                         (clock clk_out1_clk_wiz_0 rise edge)
                                                      0.000     0.000 r  
    BUFGCTRL_X0Y2        BUFG                         0.000     0.000 r  clk_IBUF_BUFG_inst/O
                         net (fo=232, routed)         1.022     1.022    datapath/video_inst/mmcm_adv_inst_display_clocks/inst/clk_in1
    MMCME2_ADV_X1Y0      MMCME2_ADV (Prop_mmcme2_adv_CLKIN1_CLKOUT0)
                                                     -2.040    -1.018 r  datapath/video_inst/mmcm_adv_inst_display_clocks/inst/mmcm_adv_inst/CLKOUT0
                         net (fo=1, routed)           0.989    -0.029    datapath/video_inst/mmcm_adv_inst_display_clocks/inst/clk_out1_clk_wiz_0
    BUFGCTRL_X0Y4        BUFG (Prop_bufg_I_O)         0.029    -0.000 r  datapath/video_inst/mmcm_adv_inst_display_clocks/inst/clkout1_buf/O
                         net (fo=63, routed)          0.914     0.914    datapath/video_inst/inst_dvid/TDMS_encoder_red/clk_out1
    SLICE_X158Y134       FDRE                                         r  datapath/video_inst/inst_dvid/TDMS_encoder_red/dc_bias_reg[3]/C
                         clock pessimism             -0.271     0.643    
    SLICE_X158Y134       FDRE (Hold_fdre_C_D)         0.131     0.774    datapath/video_inst/inst_dvid/TDMS_encoder_red/dc_bias_reg[3]
  -------------------------------------------------------------------
                         required time                         -0.774    
                         arrival time                           0.988    
  -------------------------------------------------------------------
                         slack                                  0.214    

Slack (MET) :             0.225ns  (arrival time - required time)
  Source:                 datapath/video_inst/inst_dvid/TDMS_encoder_red/dc_bias_reg[2]/C
                            (rising edge-triggered cell FDRE clocked by clk_out1_clk_wiz_0  {rise@0.000ns fall@20.000ns period=40.000ns})
  Destination:            datapath/video_inst/inst_dvid/TDMS_encoder_red/dc_bias_reg[2]/D
                            (rising edge-triggered cell FDRE clocked by clk_out1_clk_wiz_0  {rise@0.000ns fall@20.000ns period=40.000ns})
  Path Group:             clk_out1_clk_wiz_0
  Path Type:              Hold (Min at Fast Process Corner)
  Requirement:            0.000ns  (clk_out1_clk_wiz_0 rise@0.000ns - clk_out1_clk_wiz_0 rise@0.000ns)
  Data Path Delay:        0.346ns  (logic 0.209ns (60.386%)  route 0.137ns (39.614%))
  Logic Levels:           1  (LUT5=1)
  Clock Path Skew:        0.000ns (DCD - SCD - CPR)
    Destination Clock Delay (DCD):    0.914ns
    Source Clock Delay      (SCD):    0.643ns
    Clock Pessimism Removal (CPR):    0.271ns

    Location             Delay type                Incr(ns)  Path(ns)    Netlist Resource(s)
  -------------------------------------------------------------------    -------------------
                         (clock clk_out1_clk_wiz_0 rise edge)
                                                      0.000     0.000 r  
    BUFGCTRL_X0Y2        BUFG                         0.000     0.000 r  clk_IBUF_BUFG_inst/O
                         net (fo=232, routed)         0.745     0.745    datapath/video_inst/mmcm_adv_inst_display_clocks/inst/clk_in1
    MMCME2_ADV_X1Y0      MMCME2_ADV (Prop_mmcme2_adv_CLKIN1_CLKOUT0)
                                                     -1.683    -0.938 r  datapath/video_inst/mmcm_adv_inst_display_clocks/inst/mmcm_adv_inst/CLKOUT0
                         net (fo=1, routed)           0.912    -0.026    datapath/video_inst/mmcm_adv_inst_display_clocks/inst/clk_out1_clk_wiz_0
    BUFGCTRL_X0Y4        BUFG (Prop_bufg_I_O)         0.026    -0.000 r  datapath/video_inst/mmcm_adv_inst_display_clocks/inst/clkout1_buf/O
                         net (fo=63, routed)          0.643     0.643    datapath/video_inst/inst_dvid/TDMS_encoder_red/clk_out1
    SLICE_X158Y134       FDRE                                         r  datapath/video_inst/inst_dvid/TDMS_encoder_red/dc_bias_reg[2]/C
  -------------------------------------------------------------------    -------------------
    SLICE_X158Y134       FDRE (Prop_fdre_C_Q)         0.164     0.807 r  datapath/video_inst/inst_dvid/TDMS_encoder_red/dc_bias_reg[2]/Q
                         net (fo=2, routed)           0.137     0.944    datapath/video_inst/inst_dvid/TDMS_encoder_red/dc_bias_reg_n_0_[2]
    SLICE_X158Y134       LUT5 (Prop_lut5_I2_O)        0.045     0.989 r  datapath/video_inst/inst_dvid/TDMS_encoder_red/dc_bias[2]_i_1__1/O
                         net (fo=1, routed)           0.000     0.989    datapath/video_inst/inst_dvid/TDMS_encoder_red/dc_bias[2]_i_1__1_n_0
    SLICE_X158Y134       FDRE                                         r  datapath/video_inst/inst_dvid/TDMS_encoder_red/dc_bias_reg[2]/D
  -------------------------------------------------------------------    -------------------

                         (clock clk_out1_clk_wiz_0 rise edge)
                                                      0.000     0.000 r  
    BUFGCTRL_X0Y2        BUFG                         0.000     0.000 r  clk_IBUF_BUFG_inst/O
                         net (fo=232, routed)         1.022     1.022    datapath/video_inst/mmcm_adv_inst_display_clocks/inst/clk_in1
    MMCME2_ADV_X1Y0      MMCME2_ADV (Prop_mmcme2_adv_CLKIN1_CLKOUT0)
                                                     -2.040    -1.018 r  datapath/video_inst/mmcm_adv_inst_display_clocks/inst/mmcm_adv_inst/CLKOUT0
                         net (fo=1, routed)           0.989    -0.029    datapath/video_inst/mmcm_adv_inst_display_clocks/inst/clk_out1_clk_wiz_0
    BUFGCTRL_X0Y4        BUFG (Prop_bufg_I_O)         0.029    -0.000 r  datapath/video_inst/mmcm_adv_inst_display_clocks/inst/clkout1_buf/O
                         net (fo=63, routed)          0.914     0.914    datapath/video_inst/inst_dvid/TDMS_encoder_red/clk_out1
    SLICE_X158Y134       FDRE                                         r  datapath/video_inst/inst_dvid/TDMS_encoder_red/dc_bias_reg[2]/C
                         clock pessimism             -0.271     0.643    
    SLICE_X158Y134       FDRE (Hold_fdre_C_D)         0.121     0.764    datapath/video_inst/inst_dvid/TDMS_encoder_red/dc_bias_reg[2]
  -------------------------------------------------------------------
                         required time                         -0.764    
                         arrival time                           0.989    
  -------------------------------------------------------------------
                         slack                                  0.225    

Slack (MET) :             0.229ns  (arrival time - required time)
  Source:                 datapath/video_inst/inst_dvid/TDMS_encoder_blue/encoded_reg[2]/C
                            (rising edge-triggered cell FDRE clocked by clk_out1_clk_wiz_0  {rise@0.000ns fall@20.000ns period=40.000ns})
  Destination:            datapath/video_inst/inst_dvid/latched_blue_reg[2]/D
                            (rising edge-triggered cell FDRE clocked by clk_out1_clk_wiz_0  {rise@0.000ns fall@20.000ns period=40.000ns})
  Path Group:             clk_out1_clk_wiz_0
  Path Type:              Hold (Min at Fast Process Corner)
  Requirement:            0.000ns  (clk_out1_clk_wiz_0 rise@0.000ns - clk_out1_clk_wiz_0 rise@0.000ns)
  Data Path Delay:        0.248ns  (logic 0.128ns (51.710%)  route 0.120ns (48.290%))
  Logic Levels:           0  
  Clock Path Skew:        0.000ns (DCD - SCD - CPR)
    Destination Clock Delay (DCD):    0.912ns
    Source Clock Delay      (SCD):    0.641ns
    Clock Pessimism Removal (CPR):    0.271ns

    Location             Delay type                Incr(ns)  Path(ns)    Netlist Resource(s)
  -------------------------------------------------------------------    -------------------
                         (clock clk_out1_clk_wiz_0 rise edge)
                                                      0.000     0.000 r  
    BUFGCTRL_X0Y2        BUFG                         0.000     0.000 r  clk_IBUF_BUFG_inst/O
                         net (fo=232, routed)         0.745     0.745    datapath/video_inst/mmcm_adv_inst_display_clocks/inst/clk_in1
    MMCME2_ADV_X1Y0      MMCME2_ADV (Prop_mmcme2_adv_CLKIN1_CLKOUT0)
                                                     -1.683    -0.938 r  datapath/video_inst/mmcm_adv_inst_display_clocks/inst/mmcm_adv_inst/CLKOUT0
                         net (fo=1, routed)           0.912    -0.026    datapath/video_inst/mmcm_adv_inst_display_clocks/inst/clk_out1_clk_wiz_0
    BUFGCTRL_X0Y4        BUFG (Prop_bufg_I_O)         0.026    -0.000 r  datapath/video_inst/mmcm_adv_inst_display_clocks/inst/clkout1_buf/O
                         net (fo=63, routed)          0.641     0.641    datapath/video_inst/inst_dvid/TDMS_encoder_blue/clk_out1
    SLICE_X159Y132       FDRE                                         r  datapath/video_inst/inst_dvid/TDMS_encoder_blue/encoded_reg[2]/C
  -------------------------------------------------------------------    -------------------
    SLICE_X159Y132       FDRE (Prop_fdre_C_Q)         0.128     0.769 r  datapath/video_inst/inst_dvid/TDMS_encoder_blue/encoded_reg[2]/Q
                         net (fo=1, routed)           0.120     0.888    datapath/video_inst/inst_dvid/TDMS_encoder_blue_n_3
    SLICE_X159Y132       FDRE                                         r  datapath/video_inst/inst_dvid/latched_blue_reg[2]/D
  -------------------------------------------------------------------    -------------------

                         (clock clk_out1_clk_wiz_0 rise edge)
                                                      0.000     0.000 r  
    BUFGCTRL_X0Y2        BUFG                         0.000     0.000 r  clk_IBUF_BUFG_inst/O
                         net (fo=232, routed)         1.022     1.022    datapath/video_inst/mmcm_adv_inst_display_clocks/inst/clk_in1
    MMCME2_ADV_X1Y0      MMCME2_ADV (Prop_mmcme2_adv_CLKIN1_CLKOUT0)
                                                     -2.040    -1.018 r  datapath/video_inst/mmcm_adv_inst_display_clocks/inst/mmcm_adv_inst/CLKOUT0
                         net (fo=1, routed)           0.989    -0.029    datapath/video_inst/mmcm_adv_inst_display_clocks/inst/clk_out1_clk_wiz_0
    BUFGCTRL_X0Y4        BUFG (Prop_bufg_I_O)         0.029    -0.000 r  datapath/video_inst/mmcm_adv_inst_display_clocks/inst/clkout1_buf/O
                         net (fo=63, routed)          0.912     0.912    datapath/video_inst/inst_dvid/clk_out1
    SLICE_X159Y132       FDRE                                         r  datapath/video_inst/inst_dvid/latched_blue_reg[2]/C
                         clock pessimism             -0.271     0.641    
    SLICE_X159Y132       FDRE (Hold_fdre_C_D)         0.019     0.660    datapath/video_inst/inst_dvid/latched_blue_reg[2]
  -------------------------------------------------------------------
                         required time                         -0.660    
                         arrival time                           0.888    
  -------------------------------------------------------------------
                         slack                                  0.229    

Slack (MET) :             0.233ns  (arrival time - required time)
  Source:                 datapath/video_inst/inst_dvid/TDMS_encoder_green/encoded_reg[0]/C
                            (rising edge-triggered cell FDRE clocked by clk_out1_clk_wiz_0  {rise@0.000ns fall@20.000ns period=40.000ns})
  Destination:            datapath/video_inst/inst_dvid/latched_green_reg[0]/D
                            (rising edge-triggered cell FDRE clocked by clk_out1_clk_wiz_0  {rise@0.000ns fall@20.000ns period=40.000ns})
  Path Group:             clk_out1_clk_wiz_0
  Path Type:              Hold (Min at Fast Process Corner)
  Requirement:            0.000ns  (clk_out1_clk_wiz_0 rise@0.000ns - clk_out1_clk_wiz_0 rise@0.000ns)
  Data Path Delay:        0.344ns  (logic 0.164ns (47.653%)  route 0.180ns (52.347%))
  Logic Levels:           0  
  Clock Path Skew:        0.041ns (DCD - SCD - CPR)
    Destination Clock Delay (DCD):    0.916ns
    Source Clock Delay      (SCD):    0.641ns
    Clock Pessimism Removal (CPR):    0.234ns

    Location             Delay type                Incr(ns)  Path(ns)    Netlist Resource(s)
  -------------------------------------------------------------------    -------------------
                         (clock clk_out1_clk_wiz_0 rise edge)
                                                      0.000     0.000 r  
    BUFGCTRL_X0Y2        BUFG                         0.000     0.000 r  clk_IBUF_BUFG_inst/O
                         net (fo=232, routed)         0.745     0.745    datapath/video_inst/mmcm_adv_inst_display_clocks/inst/clk_in1
    MMCME2_ADV_X1Y0      MMCME2_ADV (Prop_mmcme2_adv_CLKIN1_CLKOUT0)
                                                     -1.683    -0.938 r  datapath/video_inst/mmcm_adv_inst_display_clocks/inst/mmcm_adv_inst/CLKOUT0
                         net (fo=1, routed)           0.912    -0.026    datapath/video_inst/mmcm_adv_inst_display_clocks/inst/clk_out1_clk_wiz_0
    BUFGCTRL_X0Y4        BUFG (Prop_bufg_I_O)         0.026    -0.000 r  datapath/video_inst/mmcm_adv_inst_display_clocks/inst/clkout1_buf/O
                         net (fo=63, routed)          0.641     0.641    datapath/video_inst/inst_dvid/TDMS_encoder_green/clk_out1
    SLICE_X158Y132       FDRE                                         r  datapath/video_inst/inst_dvid/TDMS_encoder_green/encoded_reg[0]/C
  -------------------------------------------------------------------    -------------------
    SLICE_X158Y132       FDRE (Prop_fdre_C_Q)         0.164     0.805 r  datapath/video_inst/inst_dvid/TDMS_encoder_green/encoded_reg[0]/Q
                         net (fo=1, routed)           0.180     0.985    datapath/video_inst/inst_dvid/TDMS_encoder_green_n_3
    SLICE_X160Y135       FDRE                                         r  datapath/video_inst/inst_dvid/latched_green_reg[0]/D
  -------------------------------------------------------------------    -------------------

                         (clock clk_out1_clk_wiz_0 rise edge)
                                                      0.000     0.000 r  
    BUFGCTRL_X0Y2        BUFG                         0.000     0.000 r  clk_IBUF_BUFG_inst/O
                         net (fo=232, routed)         1.022     1.022    datapath/video_inst/mmcm_adv_inst_display_clocks/inst/clk_in1
    MMCME2_ADV_X1Y0      MMCME2_ADV (Prop_mmcme2_adv_CLKIN1_CLKOUT0)
                                                     -2.040    -1.018 r  datapath/video_inst/mmcm_adv_inst_display_clocks/inst/mmcm_adv_inst/CLKOUT0
                         net (fo=1, routed)           0.989    -0.029    datapath/video_inst/mmcm_adv_inst_display_clocks/inst/clk_out1_clk_wiz_0
    BUFGCTRL_X0Y4        BUFG (Prop_bufg_I_O)         0.029    -0.000 r  datapath/video_inst/mmcm_adv_inst_display_clocks/inst/clkout1_buf/O
                         net (fo=63, routed)          0.916     0.916    datapath/video_inst/inst_dvid/clk_out1
    SLICE_X160Y135       FDRE                                         r  datapath/video_inst/inst_dvid/latched_green_reg[0]/C
                         clock pessimism             -0.234     0.682    
    SLICE_X160Y135       FDRE (Hold_fdre_C_D)         0.070     0.752    datapath/video_inst/inst_dvid/latched_green_reg[0]
  -------------------------------------------------------------------
                         required time                         -0.752    
                         arrival time                           0.985    
  -------------------------------------------------------------------
                         slack                                  0.233    

Slack (MET) :             0.235ns  (arrival time - required time)
  Source:                 datapath/video_inst/inst_dvid/TDMS_encoder_blue/encoded_reg[9]/C
                            (rising edge-triggered cell FDRE clocked by clk_out1_clk_wiz_0  {rise@0.000ns fall@20.000ns period=40.000ns})
  Destination:            datapath/video_inst/inst_dvid/latched_blue_reg[9]/D
                            (rising edge-triggered cell FDRE clocked by clk_out1_clk_wiz_0  {rise@0.000ns fall@20.000ns period=40.000ns})
  Path Group:             clk_out1_clk_wiz_0
  Path Type:              Hold (Min at Fast Process Corner)
  Requirement:            0.000ns  (clk_out1_clk_wiz_0 rise@0.000ns - clk_out1_clk_wiz_0 rise@0.000ns)
  Data Path Delay:        0.311ns  (logic 0.141ns (45.298%)  route 0.170ns (54.702%))
  Logic Levels:           0  
  Clock Path Skew:        0.000ns (DCD - SCD - CPR)
    Destination Clock Delay (DCD):    0.912ns
    Source Clock Delay      (SCD):    0.641ns
    Clock Pessimism Removal (CPR):    0.271ns

    Location             Delay type                Incr(ns)  Path(ns)    Netlist Resource(s)
  -------------------------------------------------------------------    -------------------
                         (clock clk_out1_clk_wiz_0 rise edge)
                                                      0.000     0.000 r  
    BUFGCTRL_X0Y2        BUFG                         0.000     0.000 r  clk_IBUF_BUFG_inst/O
                         net (fo=232, routed)         0.745     0.745    datapath/video_inst/mmcm_adv_inst_display_clocks/inst/clk_in1
    MMCME2_ADV_X1Y0      MMCME2_ADV (Prop_mmcme2_adv_CLKIN1_CLKOUT0)
                                                     -1.683    -0.938 r  datapath/video_inst/mmcm_adv_inst_display_clocks/inst/mmcm_adv_inst/CLKOUT0
                         net (fo=1, routed)           0.912    -0.026    datapath/video_inst/mmcm_adv_inst_display_clocks/inst/clk_out1_clk_wiz_0
    BUFGCTRL_X0Y4        BUFG (Prop_bufg_I_O)         0.026    -0.000 r  datapath/video_inst/mmcm_adv_inst_display_clocks/inst/clkout1_buf/O
                         net (fo=63, routed)          0.641     0.641    datapath/video_inst/inst_dvid/TDMS_encoder_blue/clk_out1
    SLICE_X159Y132       FDRE                                         r  datapath/video_inst/inst_dvid/TDMS_encoder_blue/encoded_reg[9]/C
  -------------------------------------------------------------------    -------------------
    SLICE_X159Y132       FDRE (Prop_fdre_C_Q)         0.141     0.782 r  datapath/video_inst/inst_dvid/TDMS_encoder_blue/encoded_reg[9]/Q
                         net (fo=1, routed)           0.170     0.952    datapath/video_inst/inst_dvid/TDMS_encoder_blue_n_0
    SLICE_X159Y132       FDRE                                         r  datapath/video_inst/inst_dvid/latched_blue_reg[9]/D
  -------------------------------------------------------------------    -------------------

                         (clock clk_out1_clk_wiz_0 rise edge)
                                                      0.000     0.000 r  
    BUFGCTRL_X0Y2        BUFG                         0.000     0.000 r  clk_IBUF_BUFG_inst/O
                         net (fo=232, routed)         1.022     1.022    datapath/video_inst/mmcm_adv_inst_display_clocks/inst/clk_in1
    MMCME2_ADV_X1Y0      MMCME2_ADV (Prop_mmcme2_adv_CLKIN1_CLKOUT0)
                                                     -2.040    -1.018 r  datapath/video_inst/mmcm_adv_inst_display_clocks/inst/mmcm_adv_inst/CLKOUT0
                         net (fo=1, routed)           0.989    -0.029    datapath/video_inst/mmcm_adv_inst_display_clocks/inst/clk_out1_clk_wiz_0
    BUFGCTRL_X0Y4        BUFG (Prop_bufg_I_O)         0.029    -0.000 r  datapath/video_inst/mmcm_adv_inst_display_clocks/inst/clkout1_buf/O
                         net (fo=63, routed)          0.912     0.912    datapath/video_inst/inst_dvid/clk_out1
    SLICE_X159Y132       FDRE                                         r  datapath/video_inst/inst_dvid/latched_blue_reg[9]/C
                         clock pessimism             -0.271     0.641    
    SLICE_X159Y132       FDRE (Hold_fdre_C_D)         0.076     0.717    datapath/video_inst/inst_dvid/latched_blue_reg[9]
  -------------------------------------------------------------------
                         required time                         -0.717    
                         arrival time                           0.952    
  -------------------------------------------------------------------
                         slack                                  0.235    

Slack (MET) :             0.237ns  (arrival time - required time)
  Source:                 datapath/video_inst/inst_dvid/TDMS_encoder_green/encoded_reg[2]/C
                            (rising edge-triggered cell FDRE clocked by clk_out1_clk_wiz_0  {rise@0.000ns fall@20.000ns period=40.000ns})
  Destination:            datapath/video_inst/inst_dvid/latched_green_reg[2]/D
                            (rising edge-triggered cell FDRE clocked by clk_out1_clk_wiz_0  {rise@0.000ns fall@20.000ns period=40.000ns})
  Path Group:             clk_out1_clk_wiz_0
  Path Type:              Hold (Min at Fast Process Corner)
  Requirement:            0.000ns  (clk_out1_clk_wiz_0 rise@0.000ns - clk_out1_clk_wiz_0 rise@0.000ns)
  Data Path Delay:        0.313ns  (logic 0.141ns (45.034%)  route 0.172ns (54.966%))
  Logic Levels:           0  
  Clock Path Skew:        0.000ns (DCD - SCD - CPR)
    Destination Clock Delay (DCD):    0.914ns
    Source Clock Delay      (SCD):    0.643ns
    Clock Pessimism Removal (CPR):    0.271ns

    Location             Delay type                Incr(ns)  Path(ns)    Netlist Resource(s)
  -------------------------------------------------------------------    -------------------
                         (clock clk_out1_clk_wiz_0 rise edge)
                                                      0.000     0.000 r  
    BUFGCTRL_X0Y2        BUFG                         0.000     0.000 r  clk_IBUF_BUFG_inst/O
                         net (fo=232, routed)         0.745     0.745    datapath/video_inst/mmcm_adv_inst_display_clocks/inst/clk_in1
    MMCME2_ADV_X1Y0      MMCME2_ADV (Prop_mmcme2_adv_CLKIN1_CLKOUT0)
                                                     -1.683    -0.938 r  datapath/video_inst/mmcm_adv_inst_display_clocks/inst/mmcm_adv_inst/CLKOUT0
                         net (fo=1, routed)           0.912    -0.026    datapath/video_inst/mmcm_adv_inst_display_clocks/inst/clk_out1_clk_wiz_0
    BUFGCTRL_X0Y4        BUFG (Prop_bufg_I_O)         0.026    -0.000 r  datapath/video_inst/mmcm_adv_inst_display_clocks/inst/clkout1_buf/O
                         net (fo=63, routed)          0.643     0.643    datapath/video_inst/inst_dvid/TDMS_encoder_green/clk_out1
    SLICE_X160Y133       FDRE                                         r  datapath/video_inst/inst_dvid/TDMS_encoder_green/encoded_reg[2]/C
  -------------------------------------------------------------------    -------------------
    SLICE_X160Y133       FDRE (Prop_fdre_C_Q)         0.141     0.784 r  datapath/video_inst/inst_dvid/TDMS_encoder_green/encoded_reg[2]/Q
                         net (fo=1, routed)           0.172     0.956    datapath/video_inst/inst_dvid/TDMS_encoder_green_n_2
    SLICE_X160Y133       FDRE                                         r  datapath/video_inst/inst_dvid/latched_green_reg[2]/D
  -------------------------------------------------------------------    -------------------

                         (clock clk_out1_clk_wiz_0 rise edge)
                                                      0.000     0.000 r  
    BUFGCTRL_X0Y2        BUFG                         0.000     0.000 r  clk_IBUF_BUFG_inst/O
                         net (fo=232, routed)         1.022     1.022    datapath/video_inst/mmcm_adv_inst_display_clocks/inst/clk_in1
    MMCME2_ADV_X1Y0      MMCME2_ADV (Prop_mmcme2_adv_CLKIN1_CLKOUT0)
                                                     -2.040    -1.018 r  datapath/video_inst/mmcm_adv_inst_display_clocks/inst/mmcm_adv_inst/CLKOUT0
                         net (fo=1, routed)           0.989    -0.029    datapath/video_inst/mmcm_adv_inst_display_clocks/inst/clk_out1_clk_wiz_0
    BUFGCTRL_X0Y4        BUFG (Prop_bufg_I_O)         0.029    -0.000 r  datapath/video_inst/mmcm_adv_inst_display_clocks/inst/clkout1_buf/O
                         net (fo=63, routed)          0.914     0.914    datapath/video_inst/inst_dvid/clk_out1
    SLICE_X160Y133       FDRE                                         r  datapath/video_inst/inst_dvid/latched_green_reg[2]/C
                         clock pessimism             -0.271     0.643    
    SLICE_X160Y133       FDRE (Hold_fdre_C_D)         0.076     0.719    datapath/video_inst/inst_dvid/latched_green_reg[2]
  -------------------------------------------------------------------
                         required time                         -0.719    
                         arrival time                           0.956    
  -------------------------------------------------------------------
                         slack                                  0.237    

Slack (MET) :             0.249ns  (arrival time - required time)
  Source:                 datapath/video_inst/inst_dvid/TDMS_encoder_blue/encoded_reg[8]/C
                            (rising edge-triggered cell FDRE clocked by clk_out1_clk_wiz_0  {rise@0.000ns fall@20.000ns period=40.000ns})
  Destination:            datapath/video_inst/inst_dvid/latched_blue_reg[8]/D
                            (rising edge-triggered cell FDRE clocked by clk_out1_clk_wiz_0  {rise@0.000ns fall@20.000ns period=40.000ns})
  Path Group:             clk_out1_clk_wiz_0
  Path Type:              Hold (Min at Fast Process Corner)
  Requirement:            0.000ns  (clk_out1_clk_wiz_0 rise@0.000ns - clk_out1_clk_wiz_0 rise@0.000ns)
  Data Path Delay:        0.332ns  (logic 0.141ns (42.450%)  route 0.191ns (57.550%))
  Logic Levels:           0  
  Clock Path Skew:        0.013ns (DCD - SCD - CPR)
    Destination Clock Delay (DCD):    0.914ns
    Source Clock Delay      (SCD):    0.643ns
    Clock Pessimism Removal (CPR):    0.258ns

    Location             Delay type                Incr(ns)  Path(ns)    Netlist Resource(s)
  -------------------------------------------------------------------    -------------------
                         (clock clk_out1_clk_wiz_0 rise edge)
                                                      0.000     0.000 r  
    BUFGCTRL_X0Y2        BUFG                         0.000     0.000 r  clk_IBUF_BUFG_inst/O
                         net (fo=232, routed)         0.745     0.745    datapath/video_inst/mmcm_adv_inst_display_clocks/inst/clk_in1
    MMCME2_ADV_X1Y0      MMCME2_ADV (Prop_mmcme2_adv_CLKIN1_CLKOUT0)
                                                     -1.683    -0.938 r  datapath/video_inst/mmcm_adv_inst_display_clocks/inst/mmcm_adv_inst/CLKOUT0
                         net (fo=1, routed)           0.912    -0.026    datapath/video_inst/mmcm_adv_inst_display_clocks/inst/clk_out1_clk_wiz_0
    BUFGCTRL_X0Y4        BUFG (Prop_bufg_I_O)         0.026    -0.000 r  datapath/video_inst/mmcm_adv_inst_display_clocks/inst/clkout1_buf/O
                         net (fo=63, routed)          0.643     0.643    datapath/video_inst/inst_dvid/TDMS_encoder_blue/clk_out1
    SLICE_X160Y133       FDRE                                         r  datapath/video_inst/inst_dvid/TDMS_encoder_blue/encoded_reg[8]/C
  -------------------------------------------------------------------    -------------------
    SLICE_X160Y133       FDRE (Prop_fdre_C_Q)         0.141     0.784 r  datapath/video_inst/inst_dvid/TDMS_encoder_blue/encoded_reg[8]/Q
                         net (fo=1, routed)           0.191     0.975    datapath/video_inst/inst_dvid/TDMS_encoder_blue_n_1
    SLICE_X161Y133       FDRE                                         r  datapath/video_inst/inst_dvid/latched_blue_reg[8]/D
  -------------------------------------------------------------------    -------------------

                         (clock clk_out1_clk_wiz_0 rise edge)
                                                      0.000     0.000 r  
    BUFGCTRL_X0Y2        BUFG                         0.000     0.000 r  clk_IBUF_BUFG_inst/O
                         net (fo=232, routed)         1.022     1.022    datapath/video_inst/mmcm_adv_inst_display_clocks/inst/clk_in1
    MMCME2_ADV_X1Y0      MMCME2_ADV (Prop_mmcme2_adv_CLKIN1_CLKOUT0)
                                                     -2.040    -1.018 r  datapath/video_inst/mmcm_adv_inst_display_clocks/inst/mmcm_adv_inst/CLKOUT0
                         net (fo=1, routed)           0.989    -0.029    datapath/video_inst/mmcm_adv_inst_display_clocks/inst/clk_out1_clk_wiz_0
    BUFGCTRL_X0Y4        BUFG (Prop_bufg_I_O)         0.029    -0.000 r  datapath/video_inst/mmcm_adv_inst_display_clocks/inst/clkout1_buf/O
                         net (fo=63, routed)          0.914     0.914    datapath/video_inst/inst_dvid/clk_out1
    SLICE_X161Y133       FDRE                                         r  datapath/video_inst/inst_dvid/latched_blue_reg[8]/C
                         clock pessimism             -0.258     0.656    
    SLICE_X161Y133       FDRE (Hold_fdre_C_D)         0.070     0.726    datapath/video_inst/inst_dvid/latched_blue_reg[8]
  -------------------------------------------------------------------
                         required time                         -0.726    
                         arrival time                           0.975    
  -------------------------------------------------------------------
                         slack                                  0.249    





Pulse Width Checks
--------------------------------------------------------------------------------------
Clock Name:         clk_out1_clk_wiz_0
Waveform(ns):       { 0.000 20.000 }
Period(ns):         40.000
Sources:            { datapath/video_inst/mmcm_adv_inst_display_clocks/inst/mmcm_adv_inst/CLKOUT0 }

Check Type        Corner  Lib Pin             Reference Pin  Required(ns)  Actual(ns)  Slack(ns)  Location         Pin
Min Period        n/a     BUFG/I              n/a            2.155         40.000      37.845     BUFGCTRL_X0Y4    datapath/video_inst/mmcm_adv_inst_display_clocks/inst/clkout1_buf/I
Min Period        n/a     MMCME2_ADV/CLKOUT0  n/a            1.249         40.000      38.751     MMCME2_ADV_X1Y0  datapath/video_inst/mmcm_adv_inst_display_clocks/inst/mmcm_adv_inst/CLKOUT0
Min Period        n/a     FDRE/C              n/a            1.000         40.000      39.000     SLICE_X157Y129   datapath/video_inst/Inst_vga/vga_sig_gen/vga_reg[blank]/C
Min Period        n/a     FDRE/C              n/a            1.000         40.000      39.000     SLICE_X156Y128   datapath/video_inst/Inst_vga/vga_sig_gen/vga_reg[hsync]/C
Min Period        n/a     FDRE/C              n/a            1.000         40.000      39.000     SLICE_X159Y132   datapath/video_inst/Inst_vga/vga_sig_gen/vga_reg[vsync]/C
Min Period        n/a     FDRE/C              n/a            1.000         40.000      39.000     SLICE_X153Y126   datapath/video_inst/Inst_vga/vga_sig_gen/horizontal_counter/processQ_reg[0]/C
Min Period        n/a     FDRE/C              n/a            1.000         40.000      39.000     SLICE_X153Y126   datapath/video_inst/Inst_vga/vga_sig_gen/horizontal_counter/processQ_reg[1]/C
Min Period        n/a     FDRE/C              n/a            1.000         40.000      39.000     SLICE_X154Y126   datapath/video_inst/Inst_vga/vga_sig_gen/horizontal_counter/processQ_reg[2]/C
Min Period        n/a     FDRE/C              n/a            1.000         40.000      39.000     SLICE_X154Y127   datapath/video_inst/Inst_vga/vga_sig_gen/horizontal_counter/processQ_reg[3]/C
Min Period        n/a     FDRE/C              n/a            1.000         40.000      39.000     SLICE_X154Y128   datapath/video_inst/Inst_vga/vga_sig_gen/horizontal_counter/processQ_reg[4]/C
Max Period        n/a     MMCME2_ADV/CLKOUT0  n/a            213.360       40.000      173.360    MMCME2_ADV_X1Y0  datapath/video_inst/mmcm_adv_inst_display_clocks/inst/mmcm_adv_inst/CLKOUT0
Low Pulse Width   Slow    FDRE/C              n/a            0.500         20.000      19.500     SLICE_X157Y129   datapath/video_inst/Inst_vga/vga_sig_gen/vga_reg[blank]/C
Low Pulse Width   Fast    FDRE/C              n/a            0.500         20.000      19.500     SLICE_X157Y129   datapath/video_inst/Inst_vga/vga_sig_gen/vga_reg[blank]/C
Low Pulse Width   Slow    FDRE/C              n/a            0.500         20.000      19.500     SLICE_X156Y128   datapath/video_inst/Inst_vga/vga_sig_gen/vga_reg[hsync]/C
Low Pulse Width   Fast    FDRE/C              n/a            0.500         20.000      19.500     SLICE_X156Y128   datapath/video_inst/Inst_vga/vga_sig_gen/vga_reg[hsync]/C
Low Pulse Width   Slow    FDRE/C              n/a            0.500         20.000      19.500     SLICE_X159Y132   datapath/video_inst/Inst_vga/vga_sig_gen/vga_reg[vsync]/C
Low Pulse Width   Fast    FDRE/C              n/a            0.500         20.000      19.500     SLICE_X159Y132   datapath/video_inst/Inst_vga/vga_sig_gen/vga_reg[vsync]/C
Low Pulse Width   Slow    FDRE/C              n/a            0.500         20.000      19.500     SLICE_X153Y126   datapath/video_inst/Inst_vga/vga_sig_gen/horizontal_counter/processQ_reg[0]/C
Low Pulse Width   Fast    FDRE/C              n/a            0.500         20.000      19.500     SLICE_X153Y126   datapath/video_inst/Inst_vga/vga_sig_gen/horizontal_counter/processQ_reg[0]/C
Low Pulse Width   Slow    FDRE/C              n/a            0.500         20.000      19.500     SLICE_X153Y126   datapath/video_inst/Inst_vga/vga_sig_gen/horizontal_counter/processQ_reg[1]/C
Low Pulse Width   Fast    FDRE/C              n/a            0.500         20.000      19.500     SLICE_X153Y126   datapath/video_inst/Inst_vga/vga_sig_gen/horizontal_counter/processQ_reg[1]/C
High Pulse Width  Slow    FDRE/C              n/a            0.500         20.000      19.500     SLICE_X157Y129   datapath/video_inst/Inst_vga/vga_sig_gen/vga_reg[blank]/C
High Pulse Width  Fast    FDRE/C              n/a            0.500         20.000      19.500     SLICE_X157Y129   datapath/video_inst/Inst_vga/vga_sig_gen/vga_reg[blank]/C
High Pulse Width  Slow    FDRE/C              n/a            0.500         20.000      19.500     SLICE_X156Y128   datapath/video_inst/Inst_vga/vga_sig_gen/vga_reg[hsync]/C
High Pulse Width  Fast    FDRE/C              n/a            0.500         20.000      19.500     SLICE_X156Y128   datapath/video_inst/Inst_vga/vga_sig_gen/vga_reg[hsync]/C
High Pulse Width  Slow    FDRE/C              n/a            0.500         20.000      19.500     SLICE_X159Y132   datapath/video_inst/Inst_vga/vga_sig_gen/vga_reg[vsync]/C
High Pulse Width  Fast    FDRE/C              n/a            0.500         20.000      19.500     SLICE_X159Y132   datapath/video_inst/Inst_vga/vga_sig_gen/vga_reg[vsync]/C
High Pulse Width  Slow    FDRE/C              n/a            0.500         20.000      19.500     SLICE_X153Y126   datapath/video_inst/Inst_vga/vga_sig_gen/horizontal_counter/processQ_reg[0]/C
High Pulse Width  Fast    FDRE/C              n/a            0.500         20.000      19.500     SLICE_X153Y126   datapath/video_inst/Inst_vga/vga_sig_gen/horizontal_counter/processQ_reg[0]/C
High Pulse Width  Slow    FDRE/C              n/a            0.500         20.000      19.500     SLICE_X153Y126   datapath/video_inst/Inst_vga/vga_sig_gen/horizontal_counter/processQ_reg[1]/C
High Pulse Width  Fast    FDRE/C              n/a            0.500         20.000      19.500     SLICE_X153Y126   datapath/video_inst/Inst_vga/vga_sig_gen/horizontal_counter/processQ_reg[1]/C



---------------------------------------------------------------------------------------------------
From Clock:  clk_out2_clk_wiz_0
  To Clock:  clk_out2_clk_wiz_0

Setup :            0  Failing Endpoints,  Worst Slack        3.353ns,  Total Violation        0.000ns
Hold  :            0  Failing Endpoints,  Worst Slack        0.175ns,  Total Violation        0.000ns
PW    :            0  Failing Endpoints,  Worst Slack        3.500ns,  Total Violation        0.000ns
---------------------------------------------------------------------------------------------------


Max Delay Paths
--------------------------------------------------------------------------------------
Slack (MET) :             3.353ns  (required time - arrival time)
  Source:                 datapath/video_inst/inst_dvid/shift_clock_reg[0]/C
                            (rising edge-triggered cell FDRE clocked by clk_out2_clk_wiz_0  {rise@0.000ns fall@4.000ns period=8.000ns})
  Destination:            datapath/video_inst/inst_dvid/shift_red_reg[0]/S
                            (rising edge-triggered cell FDSE clocked by clk_out2_clk_wiz_0  {rise@0.000ns fall@4.000ns period=8.000ns})
  Path Group:             clk_out2_clk_wiz_0
  Path Type:              Setup (Max at Slow Process Corner)
  Requirement:            8.000ns  (clk_out2_clk_wiz_0 rise@8.000ns - clk_out2_clk_wiz_0 rise@0.000ns)
  Data Path Delay:        4.108ns  (logic 0.890ns (21.666%)  route 3.218ns (78.334%))
  Logic Levels:           3  (LUT2=1 LUT5=1 LUT6=1)
  Clock Path Skew:        -0.038ns (DCD - SCD + CPR)
    Destination Clock Delay (DCD):    1.706ns = ( 9.706 - 8.000 ) 
    Source Clock Delay      (SCD):    1.833ns
    Clock Pessimism Removal (CPR):    0.089ns
  Clock Uncertainty:      0.072ns  ((TSJ^2 + DJ^2)^1/2) / 2 + PE
    Total System Jitter     (TSJ):    0.071ns
    Discrete Jitter          (DJ):    0.125ns
    Phase Error              (PE):    0.000ns

    Location             Delay type                Incr(ns)  Path(ns)    Netlist Resource(s)
  -------------------------------------------------------------------    -------------------
                         (clock clk_out2_clk_wiz_0 rise edge)
                                                      0.000     0.000 r  
    BUFGCTRL_X0Y2        BUFG                         0.000     0.000 r  clk_IBUF_BUFG_inst/O
                         net (fo=232, routed)         2.106     2.106    datapath/video_inst/mmcm_adv_inst_display_clocks/inst/clk_in1
    MMCME2_ADV_X1Y0      MMCME2_ADV (Prop_mmcme2_adv_CLKIN1_CLKOUT1)
                                                     -4.900    -2.793 r  datapath/video_inst/mmcm_adv_inst_display_clocks/inst/mmcm_adv_inst/CLKOUT1
                         net (fo=1, routed)           2.697    -0.096    datapath/video_inst/mmcm_adv_inst_display_clocks/inst/clk_out2_clk_wiz_0
    BUFGCTRL_X0Y0        BUFG (Prop_bufg_I_O)         0.096    -0.000 r  datapath/video_inst/mmcm_adv_inst_display_clocks/inst/clkout2_buf/O
                         net (fo=44, routed)          1.833     1.833    datapath/video_inst/inst_dvid/clk_out2
    SLICE_X162Y148       FDRE                                         r  datapath/video_inst/inst_dvid/shift_clock_reg[0]/C
  -------------------------------------------------------------------    -------------------
    SLICE_X162Y148       FDRE (Prop_fdre_C_Q)         0.518     2.351 r  datapath/video_inst/inst_dvid/shift_clock_reg[0]/Q
                         net (fo=3, routed)           0.678     3.030    datapath/video_inst/inst_dvid/shift_clock[0]
    SLICE_X163Y148       LUT6 (Prop_lut6_I5_O)        0.124     3.154 f  datapath/video_inst/inst_dvid/shift_red[9]_i_2/O
                         net (fo=1, routed)           0.425     3.579    datapath/video_inst/inst_dvid/shift_red[9]_i_2_n_0
    SLICE_X162Y148       LUT5 (Prop_lut5_I0_O)        0.124     3.703 f  datapath/video_inst/inst_dvid/shift_red[9]_i_1/O
                         net (fo=31, routed)          1.084     4.787    datapath/video_inst/inst_dvid/shift_red[9]_i_1_n_0
    SLICE_X163Y133       LUT2 (Prop_lut2_I1_O)        0.124     4.911 r  datapath/video_inst/inst_dvid/shift_red[7]_i_1/O
                         net (fo=5, routed)           1.030     5.941    datapath/video_inst/inst_dvid/shift_red[7]_i_1_n_0
    SLICE_X163Y133       FDSE                                         r  datapath/video_inst/inst_dvid/shift_red_reg[0]/S
  -------------------------------------------------------------------    -------------------

                         (clock clk_out2_clk_wiz_0 rise edge)
                                                      8.000     8.000 r  
    BUFGCTRL_X0Y2        BUFG                         0.000     8.000 r  clk_IBUF_BUFG_inst/O
                         net (fo=232, routed)         1.972     9.972    datapath/video_inst/mmcm_adv_inst_display_clocks/inst/clk_in1
    MMCME2_ADV_X1Y0      MMCME2_ADV (Prop_mmcme2_adv_CLKIN1_CLKOUT1)
                                                     -4.637     5.335 r  datapath/video_inst/mmcm_adv_inst_display_clocks/inst/mmcm_adv_inst/CLKOUT1
                         net (fo=1, routed)           2.574     7.909    datapath/video_inst/mmcm_adv_inst_display_clocks/inst/clk_out2_clk_wiz_0
    BUFGCTRL_X0Y0        BUFG (Prop_bufg_I_O)         0.091     8.000 r  datapath/video_inst/mmcm_adv_inst_display_clocks/inst/clkout2_buf/O
                         net (fo=44, routed)          1.706     9.706    datapath/video_inst/inst_dvid/clk_out2
    SLICE_X163Y133       FDSE                                         r  datapath/video_inst/inst_dvid/shift_red_reg[0]/C
                         clock pessimism              0.089     9.795    
                         clock uncertainty           -0.072     9.723    
    SLICE_X163Y133       FDSE (Setup_fdse_C_S)       -0.429     9.294    datapath/video_inst/inst_dvid/shift_red_reg[0]
  -------------------------------------------------------------------
                         required time                          9.294    
                         arrival time                          -5.941    
  -------------------------------------------------------------------
                         slack                                  3.353    

Slack (MET) :             3.353ns  (required time - arrival time)
  Source:                 datapath/video_inst/inst_dvid/shift_clock_reg[0]/C
                            (rising edge-triggered cell FDRE clocked by clk_out2_clk_wiz_0  {rise@0.000ns fall@4.000ns period=8.000ns})
  Destination:            datapath/video_inst/inst_dvid/shift_red_reg[1]/S
                            (rising edge-triggered cell FDSE clocked by clk_out2_clk_wiz_0  {rise@0.000ns fall@4.000ns period=8.000ns})
  Path Group:             clk_out2_clk_wiz_0
  Path Type:              Setup (Max at Slow Process Corner)
  Requirement:            8.000ns  (clk_out2_clk_wiz_0 rise@8.000ns - clk_out2_clk_wiz_0 rise@0.000ns)
  Data Path Delay:        4.108ns  (logic 0.890ns (21.666%)  route 3.218ns (78.334%))
  Logic Levels:           3  (LUT2=1 LUT5=1 LUT6=1)
  Clock Path Skew:        -0.038ns (DCD - SCD + CPR)
    Destination Clock Delay (DCD):    1.706ns = ( 9.706 - 8.000 ) 
    Source Clock Delay      (SCD):    1.833ns
    Clock Pessimism Removal (CPR):    0.089ns
  Clock Uncertainty:      0.072ns  ((TSJ^2 + DJ^2)^1/2) / 2 + PE
    Total System Jitter     (TSJ):    0.071ns
    Discrete Jitter          (DJ):    0.125ns
    Phase Error              (PE):    0.000ns

    Location             Delay type                Incr(ns)  Path(ns)    Netlist Resource(s)
  -------------------------------------------------------------------    -------------------
                         (clock clk_out2_clk_wiz_0 rise edge)
                                                      0.000     0.000 r  
    BUFGCTRL_X0Y2        BUFG                         0.000     0.000 r  clk_IBUF_BUFG_inst/O
                         net (fo=232, routed)         2.106     2.106    datapath/video_inst/mmcm_adv_inst_display_clocks/inst/clk_in1
    MMCME2_ADV_X1Y0      MMCME2_ADV (Prop_mmcme2_adv_CLKIN1_CLKOUT1)
                                                     -4.900    -2.793 r  datapath/video_inst/mmcm_adv_inst_display_clocks/inst/mmcm_adv_inst/CLKOUT1
                         net (fo=1, routed)           2.697    -0.096    datapath/video_inst/mmcm_adv_inst_display_clocks/inst/clk_out2_clk_wiz_0
    BUFGCTRL_X0Y0        BUFG (Prop_bufg_I_O)         0.096    -0.000 r  datapath/video_inst/mmcm_adv_inst_display_clocks/inst/clkout2_buf/O
                         net (fo=44, routed)          1.833     1.833    datapath/video_inst/inst_dvid/clk_out2
    SLICE_X162Y148       FDRE                                         r  datapath/video_inst/inst_dvid/shift_clock_reg[0]/C
  -------------------------------------------------------------------    -------------------
    SLICE_X162Y148       FDRE (Prop_fdre_C_Q)         0.518     2.351 r  datapath/video_inst/inst_dvid/shift_clock_reg[0]/Q
                         net (fo=3, routed)           0.678     3.030    datapath/video_inst/inst_dvid/shift_clock[0]
    SLICE_X163Y148       LUT6 (Prop_lut6_I5_O)        0.124     3.154 f  datapath/video_inst/inst_dvid/shift_red[9]_i_2/O
                         net (fo=1, routed)           0.425     3.579    datapath/video_inst/inst_dvid/shift_red[9]_i_2_n_0
    SLICE_X162Y148       LUT5 (Prop_lut5_I0_O)        0.124     3.703 f  datapath/video_inst/inst_dvid/shift_red[9]_i_1/O
                         net (fo=31, routed)          1.084     4.787    datapath/video_inst/inst_dvid/shift_red[9]_i_1_n_0
    SLICE_X163Y133       LUT2 (Prop_lut2_I1_O)        0.124     4.911 r  datapath/video_inst/inst_dvid/shift_red[7]_i_1/O
                         net (fo=5, routed)           1.030     5.941    datapath/video_inst/inst_dvid/shift_red[7]_i_1_n_0
    SLICE_X163Y133       FDSE                                         r  datapath/video_inst/inst_dvid/shift_red_reg[1]/S
  -------------------------------------------------------------------    -------------------

                         (clock clk_out2_clk_wiz_0 rise edge)
                                                      8.000     8.000 r  
    BUFGCTRL_X0Y2        BUFG                         0.000     8.000 r  clk_IBUF_BUFG_inst/O
                         net (fo=232, routed)         1.972     9.972    datapath/video_inst/mmcm_adv_inst_display_clocks/inst/clk_in1
    MMCME2_ADV_X1Y0      MMCME2_ADV (Prop_mmcme2_adv_CLKIN1_CLKOUT1)
                                                     -4.637     5.335 r  datapath/video_inst/mmcm_adv_inst_display_clocks/inst/mmcm_adv_inst/CLKOUT1
                         net (fo=1, routed)           2.574     7.909    datapath/video_inst/mmcm_adv_inst_display_clocks/inst/clk_out2_clk_wiz_0
    BUFGCTRL_X0Y0        BUFG (Prop_bufg_I_O)         0.091     8.000 r  datapath/video_inst/mmcm_adv_inst_display_clocks/inst/clkout2_buf/O
                         net (fo=44, routed)          1.706     9.706    datapath/video_inst/inst_dvid/clk_out2
    SLICE_X163Y133       FDSE                                         r  datapath/video_inst/inst_dvid/shift_red_reg[1]/C
                         clock pessimism              0.089     9.795    
                         clock uncertainty           -0.072     9.723    
    SLICE_X163Y133       FDSE (Setup_fdse_C_S)       -0.429     9.294    datapath/video_inst/inst_dvid/shift_red_reg[1]
  -------------------------------------------------------------------
                         required time                          9.294    
                         arrival time                          -5.941    
  -------------------------------------------------------------------
                         slack                                  3.353    

Slack (MET) :             3.353ns  (required time - arrival time)
  Source:                 datapath/video_inst/inst_dvid/shift_clock_reg[0]/C
                            (rising edge-triggered cell FDRE clocked by clk_out2_clk_wiz_0  {rise@0.000ns fall@4.000ns period=8.000ns})
  Destination:            datapath/video_inst/inst_dvid/shift_red_reg[3]/S
                            (rising edge-triggered cell FDSE clocked by clk_out2_clk_wiz_0  {rise@0.000ns fall@4.000ns period=8.000ns})
  Path Group:             clk_out2_clk_wiz_0
  Path Type:              Setup (Max at Slow Process Corner)
  Requirement:            8.000ns  (clk_out2_clk_wiz_0 rise@8.000ns - clk_out2_clk_wiz_0 rise@0.000ns)
  Data Path Delay:        4.108ns  (logic 0.890ns (21.666%)  route 3.218ns (78.334%))
  Logic Levels:           3  (LUT2=1 LUT5=1 LUT6=1)
  Clock Path Skew:        -0.038ns (DCD - SCD + CPR)
    Destination Clock Delay (DCD):    1.706ns = ( 9.706 - 8.000 ) 
    Source Clock Delay      (SCD):    1.833ns
    Clock Pessimism Removal (CPR):    0.089ns
  Clock Uncertainty:      0.072ns  ((TSJ^2 + DJ^2)^1/2) / 2 + PE
    Total System Jitter     (TSJ):    0.071ns
    Discrete Jitter          (DJ):    0.125ns
    Phase Error              (PE):    0.000ns

    Location             Delay type                Incr(ns)  Path(ns)    Netlist Resource(s)
  -------------------------------------------------------------------    -------------------
                         (clock clk_out2_clk_wiz_0 rise edge)
                                                      0.000     0.000 r  
    BUFGCTRL_X0Y2        BUFG                         0.000     0.000 r  clk_IBUF_BUFG_inst/O
                         net (fo=232, routed)         2.106     2.106    datapath/video_inst/mmcm_adv_inst_display_clocks/inst/clk_in1
    MMCME2_ADV_X1Y0      MMCME2_ADV (Prop_mmcme2_adv_CLKIN1_CLKOUT1)
                                                     -4.900    -2.793 r  datapath/video_inst/mmcm_adv_inst_display_clocks/inst/mmcm_adv_inst/CLKOUT1
                         net (fo=1, routed)           2.697    -0.096    datapath/video_inst/mmcm_adv_inst_display_clocks/inst/clk_out2_clk_wiz_0
    BUFGCTRL_X0Y0        BUFG (Prop_bufg_I_O)         0.096    -0.000 r  datapath/video_inst/mmcm_adv_inst_display_clocks/inst/clkout2_buf/O
                         net (fo=44, routed)          1.833     1.833    datapath/video_inst/inst_dvid/clk_out2
    SLICE_X162Y148       FDRE                                         r  datapath/video_inst/inst_dvid/shift_clock_reg[0]/C
  -------------------------------------------------------------------    -------------------
    SLICE_X162Y148       FDRE (Prop_fdre_C_Q)         0.518     2.351 r  datapath/video_inst/inst_dvid/shift_clock_reg[0]/Q
                         net (fo=3, routed)           0.678     3.030    datapath/video_inst/inst_dvid/shift_clock[0]
    SLICE_X163Y148       LUT6 (Prop_lut6_I5_O)        0.124     3.154 f  datapath/video_inst/inst_dvid/shift_red[9]_i_2/O
                         net (fo=1, routed)           0.425     3.579    datapath/video_inst/inst_dvid/shift_red[9]_i_2_n_0
    SLICE_X162Y148       LUT5 (Prop_lut5_I0_O)        0.124     3.703 f  datapath/video_inst/inst_dvid/shift_red[9]_i_1/O
                         net (fo=31, routed)          1.084     4.787    datapath/video_inst/inst_dvid/shift_red[9]_i_1_n_0
    SLICE_X163Y133       LUT2 (Prop_lut2_I1_O)        0.124     4.911 r  datapath/video_inst/inst_dvid/shift_red[7]_i_1/O
                         net (fo=5, routed)           1.030     5.941    datapath/video_inst/inst_dvid/shift_red[7]_i_1_n_0
    SLICE_X163Y133       FDSE                                         r  datapath/video_inst/inst_dvid/shift_red_reg[3]/S
  -------------------------------------------------------------------    -------------------

                         (clock clk_out2_clk_wiz_0 rise edge)
                                                      8.000     8.000 r  
    BUFGCTRL_X0Y2        BUFG                         0.000     8.000 r  clk_IBUF_BUFG_inst/O
                         net (fo=232, routed)         1.972     9.972    datapath/video_inst/mmcm_adv_inst_display_clocks/inst/clk_in1
    MMCME2_ADV_X1Y0      MMCME2_ADV (Prop_mmcme2_adv_CLKIN1_CLKOUT1)
                                                     -4.637     5.335 r  datapath/video_inst/mmcm_adv_inst_display_clocks/inst/mmcm_adv_inst/CLKOUT1
                         net (fo=1, routed)           2.574     7.909    datapath/video_inst/mmcm_adv_inst_display_clocks/inst/clk_out2_clk_wiz_0
    BUFGCTRL_X0Y0        BUFG (Prop_bufg_I_O)         0.091     8.000 r  datapath/video_inst/mmcm_adv_inst_display_clocks/inst/clkout2_buf/O
                         net (fo=44, routed)          1.706     9.706    datapath/video_inst/inst_dvid/clk_out2
    SLICE_X163Y133       FDSE                                         r  datapath/video_inst/inst_dvid/shift_red_reg[3]/C
                         clock pessimism              0.089     9.795    
                         clock uncertainty           -0.072     9.723    
    SLICE_X163Y133       FDSE (Setup_fdse_C_S)       -0.429     9.294    datapath/video_inst/inst_dvid/shift_red_reg[3]
  -------------------------------------------------------------------
                         required time                          9.294    
                         arrival time                          -5.941    
  -------------------------------------------------------------------
                         slack                                  3.353    

Slack (MET) :             3.353ns  (required time - arrival time)
  Source:                 datapath/video_inst/inst_dvid/shift_clock_reg[0]/C
                            (rising edge-triggered cell FDRE clocked by clk_out2_clk_wiz_0  {rise@0.000ns fall@4.000ns period=8.000ns})
  Destination:            datapath/video_inst/inst_dvid/shift_red_reg[5]/S
                            (rising edge-triggered cell FDSE clocked by clk_out2_clk_wiz_0  {rise@0.000ns fall@4.000ns period=8.000ns})
  Path Group:             clk_out2_clk_wiz_0
  Path Type:              Setup (Max at Slow Process Corner)
  Requirement:            8.000ns  (clk_out2_clk_wiz_0 rise@8.000ns - clk_out2_clk_wiz_0 rise@0.000ns)
  Data Path Delay:        4.108ns  (logic 0.890ns (21.666%)  route 3.218ns (78.334%))
  Logic Levels:           3  (LUT2=1 LUT5=1 LUT6=1)
  Clock Path Skew:        -0.038ns (DCD - SCD + CPR)
    Destination Clock Delay (DCD):    1.706ns = ( 9.706 - 8.000 ) 
    Source Clock Delay      (SCD):    1.833ns
    Clock Pessimism Removal (CPR):    0.089ns
  Clock Uncertainty:      0.072ns  ((TSJ^2 + DJ^2)^1/2) / 2 + PE
    Total System Jitter     (TSJ):    0.071ns
    Discrete Jitter          (DJ):    0.125ns
    Phase Error              (PE):    0.000ns

    Location             Delay type                Incr(ns)  Path(ns)    Netlist Resource(s)
  -------------------------------------------------------------------    -------------------
                         (clock clk_out2_clk_wiz_0 rise edge)
                                                      0.000     0.000 r  
    BUFGCTRL_X0Y2        BUFG                         0.000     0.000 r  clk_IBUF_BUFG_inst/O
                         net (fo=232, routed)         2.106     2.106    datapath/video_inst/mmcm_adv_inst_display_clocks/inst/clk_in1
    MMCME2_ADV_X1Y0      MMCME2_ADV (Prop_mmcme2_adv_CLKIN1_CLKOUT1)
                                                     -4.900    -2.793 r  datapath/video_inst/mmcm_adv_inst_display_clocks/inst/mmcm_adv_inst/CLKOUT1
                         net (fo=1, routed)           2.697    -0.096    datapath/video_inst/mmcm_adv_inst_display_clocks/inst/clk_out2_clk_wiz_0
    BUFGCTRL_X0Y0        BUFG (Prop_bufg_I_O)         0.096    -0.000 r  datapath/video_inst/mmcm_adv_inst_display_clocks/inst/clkout2_buf/O
                         net (fo=44, routed)          1.833     1.833    datapath/video_inst/inst_dvid/clk_out2
    SLICE_X162Y148       FDRE                                         r  datapath/video_inst/inst_dvid/shift_clock_reg[0]/C
  -------------------------------------------------------------------    -------------------
    SLICE_X162Y148       FDRE (Prop_fdre_C_Q)         0.518     2.351 r  datapath/video_inst/inst_dvid/shift_clock_reg[0]/Q
                         net (fo=3, routed)           0.678     3.030    datapath/video_inst/inst_dvid/shift_clock[0]
    SLICE_X163Y148       LUT6 (Prop_lut6_I5_O)        0.124     3.154 f  datapath/video_inst/inst_dvid/shift_red[9]_i_2/O
                         net (fo=1, routed)           0.425     3.579    datapath/video_inst/inst_dvid/shift_red[9]_i_2_n_0
    SLICE_X162Y148       LUT5 (Prop_lut5_I0_O)        0.124     3.703 f  datapath/video_inst/inst_dvid/shift_red[9]_i_1/O
                         net (fo=31, routed)          1.084     4.787    datapath/video_inst/inst_dvid/shift_red[9]_i_1_n_0
    SLICE_X163Y133       LUT2 (Prop_lut2_I1_O)        0.124     4.911 r  datapath/video_inst/inst_dvid/shift_red[7]_i_1/O
                         net (fo=5, routed)           1.030     5.941    datapath/video_inst/inst_dvid/shift_red[7]_i_1_n_0
    SLICE_X163Y133       FDSE                                         r  datapath/video_inst/inst_dvid/shift_red_reg[5]/S
  -------------------------------------------------------------------    -------------------

                         (clock clk_out2_clk_wiz_0 rise edge)
                                                      8.000     8.000 r  
    BUFGCTRL_X0Y2        BUFG                         0.000     8.000 r  clk_IBUF_BUFG_inst/O
                         net (fo=232, routed)         1.972     9.972    datapath/video_inst/mmcm_adv_inst_display_clocks/inst/clk_in1
    MMCME2_ADV_X1Y0      MMCME2_ADV (Prop_mmcme2_adv_CLKIN1_CLKOUT1)
                                                     -4.637     5.335 r  datapath/video_inst/mmcm_adv_inst_display_clocks/inst/mmcm_adv_inst/CLKOUT1
                         net (fo=1, routed)           2.574     7.909    datapath/video_inst/mmcm_adv_inst_display_clocks/inst/clk_out2_clk_wiz_0
    BUFGCTRL_X0Y0        BUFG (Prop_bufg_I_O)         0.091     8.000 r  datapath/video_inst/mmcm_adv_inst_display_clocks/inst/clkout2_buf/O
                         net (fo=44, routed)          1.706     9.706    datapath/video_inst/inst_dvid/clk_out2
    SLICE_X163Y133       FDSE                                         r  datapath/video_inst/inst_dvid/shift_red_reg[5]/C
                         clock pessimism              0.089     9.795    
                         clock uncertainty           -0.072     9.723    
    SLICE_X163Y133       FDSE (Setup_fdse_C_S)       -0.429     9.294    datapath/video_inst/inst_dvid/shift_red_reg[5]
  -------------------------------------------------------------------
                         required time                          9.294    
                         arrival time                          -5.941    
  -------------------------------------------------------------------
                         slack                                  3.353    

Slack (MET) :             3.353ns  (required time - arrival time)
  Source:                 datapath/video_inst/inst_dvid/shift_clock_reg[0]/C
                            (rising edge-triggered cell FDRE clocked by clk_out2_clk_wiz_0  {rise@0.000ns fall@4.000ns period=8.000ns})
  Destination:            datapath/video_inst/inst_dvid/shift_red_reg[7]/S
                            (rising edge-triggered cell FDSE clocked by clk_out2_clk_wiz_0  {rise@0.000ns fall@4.000ns period=8.000ns})
  Path Group:             clk_out2_clk_wiz_0
  Path Type:              Setup (Max at Slow Process Corner)
  Requirement:            8.000ns  (clk_out2_clk_wiz_0 rise@8.000ns - clk_out2_clk_wiz_0 rise@0.000ns)
  Data Path Delay:        4.108ns  (logic 0.890ns (21.666%)  route 3.218ns (78.334%))
  Logic Levels:           3  (LUT2=1 LUT5=1 LUT6=1)
  Clock Path Skew:        -0.038ns (DCD - SCD + CPR)
    Destination Clock Delay (DCD):    1.706ns = ( 9.706 - 8.000 ) 
    Source Clock Delay      (SCD):    1.833ns
    Clock Pessimism Removal (CPR):    0.089ns
  Clock Uncertainty:      0.072ns  ((TSJ^2 + DJ^2)^1/2) / 2 + PE
    Total System Jitter     (TSJ):    0.071ns
    Discrete Jitter          (DJ):    0.125ns
    Phase Error              (PE):    0.000ns

    Location             Delay type                Incr(ns)  Path(ns)    Netlist Resource(s)
  -------------------------------------------------------------------    -------------------
                         (clock clk_out2_clk_wiz_0 rise edge)
                                                      0.000     0.000 r  
    BUFGCTRL_X0Y2        BUFG                         0.000     0.000 r  clk_IBUF_BUFG_inst/O
                         net (fo=232, routed)         2.106     2.106    datapath/video_inst/mmcm_adv_inst_display_clocks/inst/clk_in1
    MMCME2_ADV_X1Y0      MMCME2_ADV (Prop_mmcme2_adv_CLKIN1_CLKOUT1)
                                                     -4.900    -2.793 r  datapath/video_inst/mmcm_adv_inst_display_clocks/inst/mmcm_adv_inst/CLKOUT1
                         net (fo=1, routed)           2.697    -0.096    datapath/video_inst/mmcm_adv_inst_display_clocks/inst/clk_out2_clk_wiz_0
    BUFGCTRL_X0Y0        BUFG (Prop_bufg_I_O)         0.096    -0.000 r  datapath/video_inst/mmcm_adv_inst_display_clocks/inst/clkout2_buf/O
                         net (fo=44, routed)          1.833     1.833    datapath/video_inst/inst_dvid/clk_out2
    SLICE_X162Y148       FDRE                                         r  datapath/video_inst/inst_dvid/shift_clock_reg[0]/C
  -------------------------------------------------------------------    -------------------
    SLICE_X162Y148       FDRE (Prop_fdre_C_Q)         0.518     2.351 r  datapath/video_inst/inst_dvid/shift_clock_reg[0]/Q
                         net (fo=3, routed)           0.678     3.030    datapath/video_inst/inst_dvid/shift_clock[0]
    SLICE_X163Y148       LUT6 (Prop_lut6_I5_O)        0.124     3.154 f  datapath/video_inst/inst_dvid/shift_red[9]_i_2/O
                         net (fo=1, routed)           0.425     3.579    datapath/video_inst/inst_dvid/shift_red[9]_i_2_n_0
    SLICE_X162Y148       LUT5 (Prop_lut5_I0_O)        0.124     3.703 f  datapath/video_inst/inst_dvid/shift_red[9]_i_1/O
                         net (fo=31, routed)          1.084     4.787    datapath/video_inst/inst_dvid/shift_red[9]_i_1_n_0
    SLICE_X163Y133       LUT2 (Prop_lut2_I1_O)        0.124     4.911 r  datapath/video_inst/inst_dvid/shift_red[7]_i_1/O
                         net (fo=5, routed)           1.030     5.941    datapath/video_inst/inst_dvid/shift_red[7]_i_1_n_0
    SLICE_X163Y133       FDSE                                         r  datapath/video_inst/inst_dvid/shift_red_reg[7]/S
  -------------------------------------------------------------------    -------------------

                         (clock clk_out2_clk_wiz_0 rise edge)
                                                      8.000     8.000 r  
    BUFGCTRL_X0Y2        BUFG                         0.000     8.000 r  clk_IBUF_BUFG_inst/O
                         net (fo=232, routed)         1.972     9.972    datapath/video_inst/mmcm_adv_inst_display_clocks/inst/clk_in1
    MMCME2_ADV_X1Y0      MMCME2_ADV (Prop_mmcme2_adv_CLKIN1_CLKOUT1)
                                                     -4.637     5.335 r  datapath/video_inst/mmcm_adv_inst_display_clocks/inst/mmcm_adv_inst/CLKOUT1
                         net (fo=1, routed)           2.574     7.909    datapath/video_inst/mmcm_adv_inst_display_clocks/inst/clk_out2_clk_wiz_0
    BUFGCTRL_X0Y0        BUFG (Prop_bufg_I_O)         0.091     8.000 r  datapath/video_inst/mmcm_adv_inst_display_clocks/inst/clkout2_buf/O
                         net (fo=44, routed)          1.706     9.706    datapath/video_inst/inst_dvid/clk_out2
    SLICE_X163Y133       FDSE                                         r  datapath/video_inst/inst_dvid/shift_red_reg[7]/C
                         clock pessimism              0.089     9.795    
                         clock uncertainty           -0.072     9.723    
    SLICE_X163Y133       FDSE (Setup_fdse_C_S)       -0.429     9.294    datapath/video_inst/inst_dvid/shift_red_reg[7]
  -------------------------------------------------------------------
                         required time                          9.294    
                         arrival time                          -5.941    
  -------------------------------------------------------------------
                         slack                                  3.353    

Slack (MET) :             4.179ns  (required time - arrival time)
  Source:                 datapath/video_inst/inst_dvid/shift_clock_reg[0]/C
                            (rising edge-triggered cell FDRE clocked by clk_out2_clk_wiz_0  {rise@0.000ns fall@4.000ns period=8.000ns})
  Destination:            datapath/video_inst/inst_dvid/shift_red_reg[9]/R
                            (rising edge-triggered cell FDRE clocked by clk_out2_clk_wiz_0  {rise@0.000ns fall@4.000ns period=8.000ns})
  Path Group:             clk_out2_clk_wiz_0
  Path Type:              Setup (Max at Slow Process Corner)
  Requirement:            8.000ns  (clk_out2_clk_wiz_0 rise@8.000ns - clk_out2_clk_wiz_0 rise@0.000ns)
  Data Path Delay:        3.187ns  (logic 0.766ns (24.032%)  route 2.421ns (75.968%))
  Logic Levels:           2  (LUT5=1 LUT6=1)
  Clock Path Skew:        -0.038ns (DCD - SCD + CPR)
    Destination Clock Delay (DCD):    1.706ns = ( 9.706 - 8.000 ) 
    Source Clock Delay      (SCD):    1.833ns
    Clock Pessimism Removal (CPR):    0.089ns
  Clock Uncertainty:      0.072ns  ((TSJ^2 + DJ^2)^1/2) / 2 + PE
    Total System Jitter     (TSJ):    0.071ns
    Discrete Jitter          (DJ):    0.125ns
    Phase Error              (PE):    0.000ns

    Location             Delay type                Incr(ns)  Path(ns)    Netlist Resource(s)
  -------------------------------------------------------------------    -------------------
                         (clock clk_out2_clk_wiz_0 rise edge)
                                                      0.000     0.000 r  
    BUFGCTRL_X0Y2        BUFG                         0.000     0.000 r  clk_IBUF_BUFG_inst/O
                         net (fo=232, routed)         2.106     2.106    datapath/video_inst/mmcm_adv_inst_display_clocks/inst/clk_in1
    MMCME2_ADV_X1Y0      MMCME2_ADV (Prop_mmcme2_adv_CLKIN1_CLKOUT1)
                                                     -4.900    -2.793 r  datapath/video_inst/mmcm_adv_inst_display_clocks/inst/mmcm_adv_inst/CLKOUT1
                         net (fo=1, routed)           2.697    -0.096    datapath/video_inst/mmcm_adv_inst_display_clocks/inst/clk_out2_clk_wiz_0
    BUFGCTRL_X0Y0        BUFG (Prop_bufg_I_O)         0.096    -0.000 r  datapath/video_inst/mmcm_adv_inst_display_clocks/inst/clkout2_buf/O
                         net (fo=44, routed)          1.833     1.833    datapath/video_inst/inst_dvid/clk_out2
    SLICE_X162Y148       FDRE                                         r  datapath/video_inst/inst_dvid/shift_clock_reg[0]/C
  -------------------------------------------------------------------    -------------------
    SLICE_X162Y148       FDRE (Prop_fdre_C_Q)         0.518     2.351 f  datapath/video_inst/inst_dvid/shift_clock_reg[0]/Q
                         net (fo=3, routed)           0.678     3.030    datapath/video_inst/inst_dvid/shift_clock[0]
    SLICE_X163Y148       LUT6 (Prop_lut6_I5_O)        0.124     3.154 r  datapath/video_inst/inst_dvid/shift_red[9]_i_2/O
                         net (fo=1, routed)           0.425     3.579    datapath/video_inst/inst_dvid/shift_red[9]_i_2_n_0
    SLICE_X162Y148       LUT5 (Prop_lut5_I0_O)        0.124     3.703 r  datapath/video_inst/inst_dvid/shift_red[9]_i_1/O
                         net (fo=31, routed)          1.318     5.021    datapath/video_inst/inst_dvid/shift_red[9]_i_1_n_0
    SLICE_X162Y133       FDRE                                         r  datapath/video_inst/inst_dvid/shift_red_reg[9]/R
  -------------------------------------------------------------------    -------------------

                         (clock clk_out2_clk_wiz_0 rise edge)
                                                      8.000     8.000 r  
    BUFGCTRL_X0Y2        BUFG                         0.000     8.000 r  clk_IBUF_BUFG_inst/O
                         net (fo=232, routed)         1.972     9.972    datapath/video_inst/mmcm_adv_inst_display_clocks/inst/clk_in1
    MMCME2_ADV_X1Y0      MMCME2_ADV (Prop_mmcme2_adv_CLKIN1_CLKOUT1)
                                                     -4.637     5.335 r  datapath/video_inst/mmcm_adv_inst_display_clocks/inst/mmcm_adv_inst/CLKOUT1
                         net (fo=1, routed)           2.574     7.909    datapath/video_inst/mmcm_adv_inst_display_clocks/inst/clk_out2_clk_wiz_0
    BUFGCTRL_X0Y0        BUFG (Prop_bufg_I_O)         0.091     8.000 r  datapath/video_inst/mmcm_adv_inst_display_clocks/inst/clkout2_buf/O
                         net (fo=44, routed)          1.706     9.706    datapath/video_inst/inst_dvid/clk_out2
    SLICE_X162Y133       FDRE                                         r  datapath/video_inst/inst_dvid/shift_red_reg[9]/C
                         clock pessimism              0.089     9.795    
                         clock uncertainty           -0.072     9.723    
    SLICE_X162Y133       FDRE (Setup_fdre_C_R)       -0.524     9.199    datapath/video_inst/inst_dvid/shift_red_reg[9]
  -------------------------------------------------------------------
                         required time                          9.199    
                         arrival time                          -5.021    
  -------------------------------------------------------------------
                         slack                                  4.179    

Slack (MET) :             4.185ns  (required time - arrival time)
  Source:                 datapath/video_inst/inst_dvid/shift_clock_reg[0]/C
                            (rising edge-triggered cell FDRE clocked by clk_out2_clk_wiz_0  {rise@0.000ns fall@4.000ns period=8.000ns})
  Destination:            datapath/video_inst/inst_dvid/shift_blue_reg[8]/R
                            (rising edge-triggered cell FDRE clocked by clk_out2_clk_wiz_0  {rise@0.000ns fall@4.000ns period=8.000ns})
  Path Group:             clk_out2_clk_wiz_0
  Path Type:              Setup (Max at Slow Process Corner)
  Requirement:            8.000ns  (clk_out2_clk_wiz_0 rise@8.000ns - clk_out2_clk_wiz_0 rise@0.000ns)
  Data Path Delay:        3.277ns  (logic 0.766ns (23.377%)  route 2.511ns (76.623%))
  Logic Levels:           2  (LUT5=1 LUT6=1)
  Clock Path Skew:        -0.037ns (DCD - SCD + CPR)
    Destination Clock Delay (DCD):    1.707ns = ( 9.707 - 8.000 ) 
    Source Clock Delay      (SCD):    1.833ns
    Clock Pessimism Removal (CPR):    0.089ns
  Clock Uncertainty:      0.072ns  ((TSJ^2 + DJ^2)^1/2) / 2 + PE
    Total System Jitter     (TSJ):    0.071ns
    Discrete Jitter          (DJ):    0.125ns
    Phase Error              (PE):    0.000ns

    Location             Delay type                Incr(ns)  Path(ns)    Netlist Resource(s)
  -------------------------------------------------------------------    -------------------
                         (clock clk_out2_clk_wiz_0 rise edge)
                                                      0.000     0.000 r  
    BUFGCTRL_X0Y2        BUFG                         0.000     0.000 r  clk_IBUF_BUFG_inst/O
                         net (fo=232, routed)         2.106     2.106    datapath/video_inst/mmcm_adv_inst_display_clocks/inst/clk_in1
    MMCME2_ADV_X1Y0      MMCME2_ADV (Prop_mmcme2_adv_CLKIN1_CLKOUT1)
                                                     -4.900    -2.793 r  datapath/video_inst/mmcm_adv_inst_display_clocks/inst/mmcm_adv_inst/CLKOUT1
                         net (fo=1, routed)           2.697    -0.096    datapath/video_inst/mmcm_adv_inst_display_clocks/inst/clk_out2_clk_wiz_0
    BUFGCTRL_X0Y0        BUFG (Prop_bufg_I_O)         0.096    -0.000 r  datapath/video_inst/mmcm_adv_inst_display_clocks/inst/clkout2_buf/O
                         net (fo=44, routed)          1.833     1.833    datapath/video_inst/inst_dvid/clk_out2
    SLICE_X162Y148       FDRE                                         r  datapath/video_inst/inst_dvid/shift_clock_reg[0]/C
  -------------------------------------------------------------------    -------------------
    SLICE_X162Y148       FDRE (Prop_fdre_C_Q)         0.518     2.351 f  datapath/video_inst/inst_dvid/shift_clock_reg[0]/Q
                         net (fo=3, routed)           0.678     3.030    datapath/video_inst/inst_dvid/shift_clock[0]
    SLICE_X163Y148       LUT6 (Prop_lut6_I5_O)        0.124     3.154 r  datapath/video_inst/inst_dvid/shift_red[9]_i_2/O
                         net (fo=1, routed)           0.425     3.579    datapath/video_inst/inst_dvid/shift_red[9]_i_2_n_0
    SLICE_X162Y148       LUT5 (Prop_lut5_I0_O)        0.124     3.703 r  datapath/video_inst/inst_dvid/shift_red[9]_i_1/O
                         net (fo=31, routed)          1.407     5.110    datapath/video_inst/inst_dvid/shift_red[9]_i_1_n_0
    SLICE_X160Y134       FDRE                                         r  datapath/video_inst/inst_dvid/shift_blue_reg[8]/R
  -------------------------------------------------------------------    -------------------

                         (clock clk_out2_clk_wiz_0 rise edge)
                                                      8.000     8.000 r  
    BUFGCTRL_X0Y2        BUFG                         0.000     8.000 r  clk_IBUF_BUFG_inst/O
                         net (fo=232, routed)         1.972     9.972    datapath/video_inst/mmcm_adv_inst_display_clocks/inst/clk_in1
    MMCME2_ADV_X1Y0      MMCME2_ADV (Prop_mmcme2_adv_CLKIN1_CLKOUT1)
                                                     -4.637     5.335 r  datapath/video_inst/mmcm_adv_inst_display_clocks/inst/mmcm_adv_inst/CLKOUT1
                         net (fo=1, routed)           2.574     7.909    datapath/video_inst/mmcm_adv_inst_display_clocks/inst/clk_out2_clk_wiz_0
    BUFGCTRL_X0Y0        BUFG (Prop_bufg_I_O)         0.091     8.000 r  datapath/video_inst/mmcm_adv_inst_display_clocks/inst/clkout2_buf/O
                         net (fo=44, routed)          1.707     9.707    datapath/video_inst/inst_dvid/clk_out2
    SLICE_X160Y134       FDRE                                         r  datapath/video_inst/inst_dvid/shift_blue_reg[8]/C
                         clock pessimism              0.089     9.796    
                         clock uncertainty           -0.072     9.724    
    SLICE_X160Y134       FDRE (Setup_fdre_C_R)       -0.429     9.295    datapath/video_inst/inst_dvid/shift_blue_reg[8]
  -------------------------------------------------------------------
                         required time                          9.295    
                         arrival time                          -5.110    
  -------------------------------------------------------------------
                         slack                                  4.185    

Slack (MET) :             4.185ns  (required time - arrival time)
  Source:                 datapath/video_inst/inst_dvid/shift_clock_reg[0]/C
                            (rising edge-triggered cell FDRE clocked by clk_out2_clk_wiz_0  {rise@0.000ns fall@4.000ns period=8.000ns})
  Destination:            datapath/video_inst/inst_dvid/shift_blue_reg[9]/R
                            (rising edge-triggered cell FDRE clocked by clk_out2_clk_wiz_0  {rise@0.000ns fall@4.000ns period=8.000ns})
  Path Group:             clk_out2_clk_wiz_0
  Path Type:              Setup (Max at Slow Process Corner)
  Requirement:            8.000ns  (clk_out2_clk_wiz_0 rise@8.000ns - clk_out2_clk_wiz_0 rise@0.000ns)
  Data Path Delay:        3.277ns  (logic 0.766ns (23.377%)  route 2.511ns (76.623%))
  Logic Levels:           2  (LUT5=1 LUT6=1)
  Clock Path Skew:        -0.037ns (DCD - SCD + CPR)
    Destination Clock Delay (DCD):    1.707ns = ( 9.707 - 8.000 ) 
    Source Clock Delay      (SCD):    1.833ns
    Clock Pessimism Removal (CPR):    0.089ns
  Clock Uncertainty:      0.072ns  ((TSJ^2 + DJ^2)^1/2) / 2 + PE
    Total System Jitter     (TSJ):    0.071ns
    Discrete Jitter          (DJ):    0.125ns
    Phase Error              (PE):    0.000ns

    Location             Delay type                Incr(ns)  Path(ns)    Netlist Resource(s)
  -------------------------------------------------------------------    -------------------
                         (clock clk_out2_clk_wiz_0 rise edge)
                                                      0.000     0.000 r  
    BUFGCTRL_X0Y2        BUFG                         0.000     0.000 r  clk_IBUF_BUFG_inst/O
                         net (fo=232, routed)         2.106     2.106    datapath/video_inst/mmcm_adv_inst_display_clocks/inst/clk_in1
    MMCME2_ADV_X1Y0      MMCME2_ADV (Prop_mmcme2_adv_CLKIN1_CLKOUT1)
                                                     -4.900    -2.793 r  datapath/video_inst/mmcm_adv_inst_display_clocks/inst/mmcm_adv_inst/CLKOUT1
                         net (fo=1, routed)           2.697    -0.096    datapath/video_inst/mmcm_adv_inst_display_clocks/inst/clk_out2_clk_wiz_0
    BUFGCTRL_X0Y0        BUFG (Prop_bufg_I_O)         0.096    -0.000 r  datapath/video_inst/mmcm_adv_inst_display_clocks/inst/clkout2_buf/O
                         net (fo=44, routed)          1.833     1.833    datapath/video_inst/inst_dvid/clk_out2
    SLICE_X162Y148       FDRE                                         r  datapath/video_inst/inst_dvid/shift_clock_reg[0]/C
  -------------------------------------------------------------------    -------------------
    SLICE_X162Y148       FDRE (Prop_fdre_C_Q)         0.518     2.351 f  datapath/video_inst/inst_dvid/shift_clock_reg[0]/Q
                         net (fo=3, routed)           0.678     3.030    datapath/video_inst/inst_dvid/shift_clock[0]
    SLICE_X163Y148       LUT6 (Prop_lut6_I5_O)        0.124     3.154 r  datapath/video_inst/inst_dvid/shift_red[9]_i_2/O
                         net (fo=1, routed)           0.425     3.579    datapath/video_inst/inst_dvid/shift_red[9]_i_2_n_0
    SLICE_X162Y148       LUT5 (Prop_lut5_I0_O)        0.124     3.703 r  datapath/video_inst/inst_dvid/shift_red[9]_i_1/O
                         net (fo=31, routed)          1.407     5.110    datapath/video_inst/inst_dvid/shift_red[9]_i_1_n_0
    SLICE_X160Y134       FDRE                                         r  datapath/video_inst/inst_dvid/shift_blue_reg[9]/R
  -------------------------------------------------------------------    -------------------

                         (clock clk_out2_clk_wiz_0 rise edge)
                                                      8.000     8.000 r  
    BUFGCTRL_X0Y2        BUFG                         0.000     8.000 r  clk_IBUF_BUFG_inst/O
                         net (fo=232, routed)         1.972     9.972    datapath/video_inst/mmcm_adv_inst_display_clocks/inst/clk_in1
    MMCME2_ADV_X1Y0      MMCME2_ADV (Prop_mmcme2_adv_CLKIN1_CLKOUT1)
                                                     -4.637     5.335 r  datapath/video_inst/mmcm_adv_inst_display_clocks/inst/mmcm_adv_inst/CLKOUT1
                         net (fo=1, routed)           2.574     7.909    datapath/video_inst/mmcm_adv_inst_display_clocks/inst/clk_out2_clk_wiz_0
    BUFGCTRL_X0Y0        BUFG (Prop_bufg_I_O)         0.091     8.000 r  datapath/video_inst/mmcm_adv_inst_display_clocks/inst/clkout2_buf/O
                         net (fo=44, routed)          1.707     9.707    datapath/video_inst/inst_dvid/clk_out2
    SLICE_X160Y134       FDRE                                         r  datapath/video_inst/inst_dvid/shift_blue_reg[9]/C
                         clock pessimism              0.089     9.796    
                         clock uncertainty           -0.072     9.724    
    SLICE_X160Y134       FDRE (Setup_fdre_C_R)       -0.429     9.295    datapath/video_inst/inst_dvid/shift_blue_reg[9]
  -------------------------------------------------------------------
                         required time                          9.295    
                         arrival time                          -5.110    
  -------------------------------------------------------------------
                         slack                                  4.185    

Slack (MET) :             4.185ns  (required time - arrival time)
  Source:                 datapath/video_inst/inst_dvid/shift_clock_reg[0]/C
                            (rising edge-triggered cell FDRE clocked by clk_out2_clk_wiz_0  {rise@0.000ns fall@4.000ns period=8.000ns})
  Destination:            datapath/video_inst/inst_dvid/shift_green_reg[9]/R
                            (rising edge-triggered cell FDRE clocked by clk_out2_clk_wiz_0  {rise@0.000ns fall@4.000ns period=8.000ns})
  Path Group:             clk_out2_clk_wiz_0
  Path Type:              Setup (Max at Slow Process Corner)
  Requirement:            8.000ns  (clk_out2_clk_wiz_0 rise@8.000ns - clk_out2_clk_wiz_0 rise@0.000ns)
  Data Path Delay:        3.277ns  (logic 0.766ns (23.377%)  route 2.511ns (76.623%))
  Logic Levels:           2  (LUT5=1 LUT6=1)
  Clock Path Skew:        -0.037ns (DCD - SCD + CPR)
    Destination Clock Delay (DCD):    1.707ns = ( 9.707 - 8.000 ) 
    Source Clock Delay      (SCD):    1.833ns
    Clock Pessimism Removal (CPR):    0.089ns
  Clock Uncertainty:      0.072ns  ((TSJ^2 + DJ^2)^1/2) / 2 + PE
    Total System Jitter     (TSJ):    0.071ns
    Discrete Jitter          (DJ):    0.125ns
    Phase Error              (PE):    0.000ns

    Location             Delay type                Incr(ns)  Path(ns)    Netlist Resource(s)
  -------------------------------------------------------------------    -------------------
                         (clock clk_out2_clk_wiz_0 rise edge)
                                                      0.000     0.000 r  
    BUFGCTRL_X0Y2        BUFG                         0.000     0.000 r  clk_IBUF_BUFG_inst/O
                         net (fo=232, routed)         2.106     2.106    datapath/video_inst/mmcm_adv_inst_display_clocks/inst/clk_in1
    MMCME2_ADV_X1Y0      MMCME2_ADV (Prop_mmcme2_adv_CLKIN1_CLKOUT1)
                                                     -4.900    -2.793 r  datapath/video_inst/mmcm_adv_inst_display_clocks/inst/mmcm_adv_inst/CLKOUT1
                         net (fo=1, routed)           2.697    -0.096    datapath/video_inst/mmcm_adv_inst_display_clocks/inst/clk_out2_clk_wiz_0
    BUFGCTRL_X0Y0        BUFG (Prop_bufg_I_O)         0.096    -0.000 r  datapath/video_inst/mmcm_adv_inst_display_clocks/inst/clkout2_buf/O
                         net (fo=44, routed)          1.833     1.833    datapath/video_inst/inst_dvid/clk_out2
    SLICE_X162Y148       FDRE                                         r  datapath/video_inst/inst_dvid/shift_clock_reg[0]/C
  -------------------------------------------------------------------    -------------------
    SLICE_X162Y148       FDRE (Prop_fdre_C_Q)         0.518     2.351 f  datapath/video_inst/inst_dvid/shift_clock_reg[0]/Q
                         net (fo=3, routed)           0.678     3.030    datapath/video_inst/inst_dvid/shift_clock[0]
    SLICE_X163Y148       LUT6 (Prop_lut6_I5_O)        0.124     3.154 r  datapath/video_inst/inst_dvid/shift_red[9]_i_2/O
                         net (fo=1, routed)           0.425     3.579    datapath/video_inst/inst_dvid/shift_red[9]_i_2_n_0
    SLICE_X162Y148       LUT5 (Prop_lut5_I0_O)        0.124     3.703 r  datapath/video_inst/inst_dvid/shift_red[9]_i_1/O
                         net (fo=31, routed)          1.407     5.110    datapath/video_inst/inst_dvid/shift_red[9]_i_1_n_0
    SLICE_X160Y134       FDRE                                         r  datapath/video_inst/inst_dvid/shift_green_reg[9]/R
  -------------------------------------------------------------------    -------------------

                         (clock clk_out2_clk_wiz_0 rise edge)
                                                      8.000     8.000 r  
    BUFGCTRL_X0Y2        BUFG                         0.000     8.000 r  clk_IBUF_BUFG_inst/O
                         net (fo=232, routed)         1.972     9.972    datapath/video_inst/mmcm_adv_inst_display_clocks/inst/clk_in1
    MMCME2_ADV_X1Y0      MMCME2_ADV (Prop_mmcme2_adv_CLKIN1_CLKOUT1)
                                                     -4.637     5.335 r  datapath/video_inst/mmcm_adv_inst_display_clocks/inst/mmcm_adv_inst/CLKOUT1
                         net (fo=1, routed)           2.574     7.909    datapath/video_inst/mmcm_adv_inst_display_clocks/inst/clk_out2_clk_wiz_0
    BUFGCTRL_X0Y0        BUFG (Prop_bufg_I_O)         0.091     8.000 r  datapath/video_inst/mmcm_adv_inst_display_clocks/inst/clkout2_buf/O
                         net (fo=44, routed)          1.707     9.707    datapath/video_inst/inst_dvid/clk_out2
    SLICE_X160Y134       FDRE                                         r  datapath/video_inst/inst_dvid/shift_green_reg[9]/C
                         clock pessimism              0.089     9.796    
                         clock uncertainty           -0.072     9.724    
    SLICE_X160Y134       FDRE (Setup_fdre_C_R)       -0.429     9.295    datapath/video_inst/inst_dvid/shift_green_reg[9]
  -------------------------------------------------------------------
                         required time                          9.295    
                         arrival time                          -5.110    
  -------------------------------------------------------------------
                         slack                                  4.185    

Slack (MET) :             4.185ns  (required time - arrival time)
  Source:                 datapath/video_inst/inst_dvid/shift_clock_reg[0]/C
                            (rising edge-triggered cell FDRE clocked by clk_out2_clk_wiz_0  {rise@0.000ns fall@4.000ns period=8.000ns})
  Destination:            datapath/video_inst/inst_dvid/shift_red_reg[8]/R
                            (rising edge-triggered cell FDRE clocked by clk_out2_clk_wiz_0  {rise@0.000ns fall@4.000ns period=8.000ns})
  Path Group:             clk_out2_clk_wiz_0
  Path Type:              Setup (Max at Slow Process Corner)
  Requirement:            8.000ns  (clk_out2_clk_wiz_0 rise@8.000ns - clk_out2_clk_wiz_0 rise@0.000ns)
  Data Path Delay:        3.277ns  (logic 0.766ns (23.377%)  route 2.511ns (76.623%))
  Logic Levels:           2  (LUT5=1 LUT6=1)
  Clock Path Skew:        -0.037ns (DCD - SCD + CPR)
    Destination Clock Delay (DCD):    1.707ns = ( 9.707 - 8.000 ) 
    Source Clock Delay      (SCD):    1.833ns
    Clock Pessimism Removal (CPR):    0.089ns
  Clock Uncertainty:      0.072ns  ((TSJ^2 + DJ^2)^1/2) / 2 + PE
    Total System Jitter     (TSJ):    0.071ns
    Discrete Jitter          (DJ):    0.125ns
    Phase Error              (PE):    0.000ns

    Location             Delay type                Incr(ns)  Path(ns)    Netlist Resource(s)
  -------------------------------------------------------------------    -------------------
                         (clock clk_out2_clk_wiz_0 rise edge)
                                                      0.000     0.000 r  
    BUFGCTRL_X0Y2        BUFG                         0.000     0.000 r  clk_IBUF_BUFG_inst/O
                         net (fo=232, routed)         2.106     2.106    datapath/video_inst/mmcm_adv_inst_display_clocks/inst/clk_in1
    MMCME2_ADV_X1Y0      MMCME2_ADV (Prop_mmcme2_adv_CLKIN1_CLKOUT1)
                                                     -4.900    -2.793 r  datapath/video_inst/mmcm_adv_inst_display_clocks/inst/mmcm_adv_inst/CLKOUT1
                         net (fo=1, routed)           2.697    -0.096    datapath/video_inst/mmcm_adv_inst_display_clocks/inst/clk_out2_clk_wiz_0
    BUFGCTRL_X0Y0        BUFG (Prop_bufg_I_O)         0.096    -0.000 r  datapath/video_inst/mmcm_adv_inst_display_clocks/inst/clkout2_buf/O
                         net (fo=44, routed)          1.833     1.833    datapath/video_inst/inst_dvid/clk_out2
    SLICE_X162Y148       FDRE                                         r  datapath/video_inst/inst_dvid/shift_clock_reg[0]/C
  -------------------------------------------------------------------    -------------------
    SLICE_X162Y148       FDRE (Prop_fdre_C_Q)         0.518     2.351 f  datapath/video_inst/inst_dvid/shift_clock_reg[0]/Q
                         net (fo=3, routed)           0.678     3.030    datapath/video_inst/inst_dvid/shift_clock[0]
    SLICE_X163Y148       LUT6 (Prop_lut6_I5_O)        0.124     3.154 r  datapath/video_inst/inst_dvid/shift_red[9]_i_2/O
                         net (fo=1, routed)           0.425     3.579    datapath/video_inst/inst_dvid/shift_red[9]_i_2_n_0
    SLICE_X162Y148       LUT5 (Prop_lut5_I0_O)        0.124     3.703 r  datapath/video_inst/inst_dvid/shift_red[9]_i_1/O
                         net (fo=31, routed)          1.407     5.110    datapath/video_inst/inst_dvid/shift_red[9]_i_1_n_0
    SLICE_X160Y134       FDRE                                         r  datapath/video_inst/inst_dvid/shift_red_reg[8]/R
  -------------------------------------------------------------------    -------------------

                         (clock clk_out2_clk_wiz_0 rise edge)
                                                      8.000     8.000 r  
    BUFGCTRL_X0Y2        BUFG                         0.000     8.000 r  clk_IBUF_BUFG_inst/O
                         net (fo=232, routed)         1.972     9.972    datapath/video_inst/mmcm_adv_inst_display_clocks/inst/clk_in1
    MMCME2_ADV_X1Y0      MMCME2_ADV (Prop_mmcme2_adv_CLKIN1_CLKOUT1)
                                                     -4.637     5.335 r  datapath/video_inst/mmcm_adv_inst_display_clocks/inst/mmcm_adv_inst/CLKOUT1
                         net (fo=1, routed)           2.574     7.909    datapath/video_inst/mmcm_adv_inst_display_clocks/inst/clk_out2_clk_wiz_0
    BUFGCTRL_X0Y0        BUFG (Prop_bufg_I_O)         0.091     8.000 r  datapath/video_inst/mmcm_adv_inst_display_clocks/inst/clkout2_buf/O
                         net (fo=44, routed)          1.707     9.707    datapath/video_inst/inst_dvid/clk_out2
    SLICE_X160Y134       FDRE                                         r  datapath/video_inst/inst_dvid/shift_red_reg[8]/C
                         clock pessimism              0.089     9.796    
                         clock uncertainty           -0.072     9.724    
    SLICE_X160Y134       FDRE (Setup_fdre_C_R)       -0.429     9.295    datapath/video_inst/inst_dvid/shift_red_reg[8]
  -------------------------------------------------------------------
                         required time                          9.295    
                         arrival time                          -5.110    
  -------------------------------------------------------------------
                         slack                                  4.185    





Min Delay Paths
--------------------------------------------------------------------------------------
Slack (MET) :             0.175ns  (arrival time - required time)
  Source:                 datapath/video_inst/inst_dvid/shift_clock_reg[4]/C
                            (rising edge-triggered cell FDRE clocked by clk_out2_clk_wiz_0  {rise@0.000ns fall@4.000ns period=8.000ns})
  Destination:            datapath/video_inst/inst_dvid/shift_clock_reg[2]/D
                            (rising edge-triggered cell FDRE clocked by clk_out2_clk_wiz_0  {rise@0.000ns fall@4.000ns period=8.000ns})
  Path Group:             clk_out2_clk_wiz_0
  Path Type:              Hold (Min at Fast Process Corner)
  Requirement:            0.000ns  (clk_out2_clk_wiz_0 rise@0.000ns - clk_out2_clk_wiz_0 rise@0.000ns)
  Data Path Delay:        0.251ns  (logic 0.141ns (56.174%)  route 0.110ns (43.826%))
  Logic Levels:           0  
  Clock Path Skew:        0.013ns (DCD - SCD - CPR)
    Destination Clock Delay (DCD):    0.922ns
    Source Clock Delay      (SCD):    0.649ns
    Clock Pessimism Removal (CPR):    0.260ns

    Location             Delay type                Incr(ns)  Path(ns)    Netlist Resource(s)
  -------------------------------------------------------------------    -------------------
                         (clock clk_out2_clk_wiz_0 rise edge)
                                                      0.000     0.000 r  
    BUFGCTRL_X0Y2        BUFG                         0.000     0.000 r  clk_IBUF_BUFG_inst/O
                         net (fo=232, routed)         0.745     0.745    datapath/video_inst/mmcm_adv_inst_display_clocks/inst/clk_in1
    MMCME2_ADV_X1Y0      MMCME2_ADV (Prop_mmcme2_adv_CLKIN1_CLKOUT1)
                                                     -1.683    -0.938 r  datapath/video_inst/mmcm_adv_inst_display_clocks/inst/mmcm_adv_inst/CLKOUT1
                         net (fo=1, routed)           0.912    -0.026    datapath/video_inst/mmcm_adv_inst_display_clocks/inst/clk_out2_clk_wiz_0
    BUFGCTRL_X0Y0        BUFG (Prop_bufg_I_O)         0.026    -0.000 r  datapath/video_inst/mmcm_adv_inst_display_clocks/inst/clkout2_buf/O
                         net (fo=44, routed)          0.649     0.649    datapath/video_inst/inst_dvid/clk_out2
    SLICE_X163Y148       FDRE                                         r  datapath/video_inst/inst_dvid/shift_clock_reg[4]/C
  -------------------------------------------------------------------    -------------------
    SLICE_X163Y148       FDRE (Prop_fdre_C_Q)         0.141     0.790 r  datapath/video_inst/inst_dvid/shift_clock_reg[4]/Q
                         net (fo=2, routed)           0.110     0.900    datapath/video_inst/inst_dvid/shift_clock__0[4]
    SLICE_X162Y148       FDRE                                         r  datapath/video_inst/inst_dvid/shift_clock_reg[2]/D
  -------------------------------------------------------------------    -------------------

                         (clock clk_out2_clk_wiz_0 rise edge)
                                                      0.000     0.000 r  
    BUFGCTRL_X0Y2        BUFG                         0.000     0.000 r  clk_IBUF_BUFG_inst/O
                         net (fo=232, routed)         1.022     1.022    datapath/video_inst/mmcm_adv_inst_display_clocks/inst/clk_in1
    MMCME2_ADV_X1Y0      MMCME2_ADV (Prop_mmcme2_adv_CLKIN1_CLKOUT1)
                                                     -2.040    -1.018 r  datapath/video_inst/mmcm_adv_inst_display_clocks/inst/mmcm_adv_inst/CLKOUT1
                         net (fo=1, routed)           0.989    -0.029    datapath/video_inst/mmcm_adv_inst_display_clocks/inst/clk_out2_clk_wiz_0
    BUFGCTRL_X0Y0        BUFG (Prop_bufg_I_O)         0.029    -0.000 r  datapath/video_inst/mmcm_adv_inst_display_clocks/inst/clkout2_buf/O
                         net (fo=44, routed)          0.922     0.922    datapath/video_inst/inst_dvid/clk_out2
    SLICE_X162Y148       FDRE                                         r  datapath/video_inst/inst_dvid/shift_clock_reg[2]/C
                         clock pessimism             -0.260     0.662    
    SLICE_X162Y148       FDRE (Hold_fdre_C_D)         0.063     0.725    datapath/video_inst/inst_dvid/shift_clock_reg[2]
  -------------------------------------------------------------------
                         required time                         -0.725    
                         arrival time                           0.900    
  -------------------------------------------------------------------
                         slack                                  0.175    

Slack (MET) :             0.222ns  (arrival time - required time)
  Source:                 datapath/video_inst/inst_dvid/shift_green_reg[6]/C
                            (rising edge-triggered cell FDRE clocked by clk_out2_clk_wiz_0  {rise@0.000ns fall@4.000ns period=8.000ns})
  Destination:            datapath/video_inst/inst_dvid/shift_green_reg[4]/D
                            (rising edge-triggered cell FDRE clocked by clk_out2_clk_wiz_0  {rise@0.000ns fall@4.000ns period=8.000ns})
  Path Group:             clk_out2_clk_wiz_0
  Path Type:              Hold (Min at Fast Process Corner)
  Requirement:            0.000ns  (clk_out2_clk_wiz_0 rise@0.000ns - clk_out2_clk_wiz_0 rise@0.000ns)
  Data Path Delay:        0.329ns  (logic 0.190ns (57.721%)  route 0.139ns (42.279%))
  Logic Levels:           1  (LUT3=1)
  Clock Path Skew:        0.000ns (DCD - SCD - CPR)
    Destination Clock Delay (DCD):    0.916ns
    Source Clock Delay      (SCD):    0.644ns
    Clock Pessimism Removal (CPR):    0.272ns

    Location             Delay type                Incr(ns)  Path(ns)    Netlist Resource(s)
  -------------------------------------------------------------------    -------------------
                         (clock clk_out2_clk_wiz_0 rise edge)
                                                      0.000     0.000 r  
    BUFGCTRL_X0Y2        BUFG                         0.000     0.000 r  clk_IBUF_BUFG_inst/O
                         net (fo=232, routed)         0.745     0.745    datapath/video_inst/mmcm_adv_inst_display_clocks/inst/clk_in1
    MMCME2_ADV_X1Y0      MMCME2_ADV (Prop_mmcme2_adv_CLKIN1_CLKOUT1)
                                                     -1.683    -0.938 r  datapath/video_inst/mmcm_adv_inst_display_clocks/inst/mmcm_adv_inst/CLKOUT1
                         net (fo=1, routed)           0.912    -0.026    datapath/video_inst/mmcm_adv_inst_display_clocks/inst/clk_out2_clk_wiz_0
    BUFGCTRL_X0Y0        BUFG (Prop_bufg_I_O)         0.026    -0.000 r  datapath/video_inst/mmcm_adv_inst_display_clocks/inst/clkout2_buf/O
                         net (fo=44, routed)          0.644     0.644    datapath/video_inst/inst_dvid/clk_out2
    SLICE_X161Y136       FDRE                                         r  datapath/video_inst/inst_dvid/shift_green_reg[6]/C
  -------------------------------------------------------------------    -------------------
    SLICE_X161Y136       FDRE (Prop_fdre_C_Q)         0.141     0.785 r  datapath/video_inst/inst_dvid/shift_green_reg[6]/Q
                         net (fo=1, routed)           0.139     0.924    datapath/video_inst/inst_dvid/shift_green_reg_n_0_[6]
    SLICE_X161Y136       LUT3 (Prop_lut3_I0_O)        0.049     0.973 r  datapath/video_inst/inst_dvid/shift_green[4]_i_1/O
                         net (fo=1, routed)           0.000     0.973    datapath/video_inst/inst_dvid/shift_green[4]
    SLICE_X161Y136       FDRE                                         r  datapath/video_inst/inst_dvid/shift_green_reg[4]/D
  -------------------------------------------------------------------    -------------------

                         (clock clk_out2_clk_wiz_0 rise edge)
                                                      0.000     0.000 r  
    BUFGCTRL_X0Y2        BUFG                         0.000     0.000 r  clk_IBUF_BUFG_inst/O
                         net (fo=232, routed)         1.022     1.022    datapath/video_inst/mmcm_adv_inst_display_clocks/inst/clk_in1
    MMCME2_ADV_X1Y0      MMCME2_ADV (Prop_mmcme2_adv_CLKIN1_CLKOUT1)
                                                     -2.040    -1.018 r  datapath/video_inst/mmcm_adv_inst_display_clocks/inst/mmcm_adv_inst/CLKOUT1
                         net (fo=1, routed)           0.989    -0.029    datapath/video_inst/mmcm_adv_inst_display_clocks/inst/clk_out2_clk_wiz_0
    BUFGCTRL_X0Y0        BUFG (Prop_bufg_I_O)         0.029    -0.000 r  datapath/video_inst/mmcm_adv_inst_display_clocks/inst/clkout2_buf/O
                         net (fo=44, routed)          0.916     0.916    datapath/video_inst/inst_dvid/clk_out2
    SLICE_X161Y136       FDRE                                         r  datapath/video_inst/inst_dvid/shift_green_reg[4]/C
                         clock pessimism             -0.272     0.644    
    SLICE_X161Y136       FDRE (Hold_fdre_C_D)         0.107     0.751    datapath/video_inst/inst_dvid/shift_green_reg[4]
  -------------------------------------------------------------------
                         required time                         -0.751    
                         arrival time                           0.973    
  -------------------------------------------------------------------
                         slack                                  0.222    

Slack (MET) :             0.233ns  (arrival time - required time)
  Source:                 datapath/video_inst/inst_dvid/shift_clock_reg[2]/C
                            (rising edge-triggered cell FDRE clocked by clk_out2_clk_wiz_0  {rise@0.000ns fall@4.000ns period=8.000ns})
  Destination:            datapath/video_inst/inst_dvid/shift_clock_reg[0]/D
                            (rising edge-triggered cell FDRE clocked by clk_out2_clk_wiz_0  {rise@0.000ns fall@4.000ns period=8.000ns})
  Path Group:             clk_out2_clk_wiz_0
  Path Type:              Hold (Min at Fast Process Corner)
  Requirement:            0.000ns  (clk_out2_clk_wiz_0 rise@0.000ns - clk_out2_clk_wiz_0 rise@0.000ns)
  Data Path Delay:        0.292ns  (logic 0.164ns (56.232%)  route 0.128ns (43.768%))
  Logic Levels:           0  
  Clock Path Skew:        0.000ns (DCD - SCD - CPR)
    Destination Clock Delay (DCD):    0.922ns
    Source Clock Delay      (SCD):    0.649ns
    Clock Pessimism Removal (CPR):    0.273ns

    Location             Delay type                Incr(ns)  Path(ns)    Netlist Resource(s)
  -------------------------------------------------------------------    -------------------
                         (clock clk_out2_clk_wiz_0 rise edge)
                                                      0.000     0.000 r  
    BUFGCTRL_X0Y2        BUFG                         0.000     0.000 r  clk_IBUF_BUFG_inst/O
                         net (fo=232, routed)         0.745     0.745    datapath/video_inst/mmcm_adv_inst_display_clocks/inst/clk_in1
    MMCME2_ADV_X1Y0      MMCME2_ADV (Prop_mmcme2_adv_CLKIN1_CLKOUT1)
                                                     -1.683    -0.938 r  datapath/video_inst/mmcm_adv_inst_display_clocks/inst/mmcm_adv_inst/CLKOUT1
                         net (fo=1, routed)           0.912    -0.026    datapath/video_inst/mmcm_adv_inst_display_clocks/inst/clk_out2_clk_wiz_0
    BUFGCTRL_X0Y0        BUFG (Prop_bufg_I_O)         0.026    -0.000 r  datapath/video_inst/mmcm_adv_inst_display_clocks/inst/clkout2_buf/O
                         net (fo=44, routed)          0.649     0.649    datapath/video_inst/inst_dvid/clk_out2
    SLICE_X162Y148       FDRE                                         r  datapath/video_inst/inst_dvid/shift_clock_reg[2]/C
  -------------------------------------------------------------------    -------------------
    SLICE_X162Y148       FDRE (Prop_fdre_C_Q)         0.164     0.813 r  datapath/video_inst/inst_dvid/shift_clock_reg[2]/Q
                         net (fo=2, routed)           0.128     0.940    datapath/video_inst/inst_dvid/shift_clock__0[2]
    SLICE_X162Y148       FDRE                                         r  datapath/video_inst/inst_dvid/shift_clock_reg[0]/D
  -------------------------------------------------------------------    -------------------

                         (clock clk_out2_clk_wiz_0 rise edge)
                                                      0.000     0.000 r  
    BUFGCTRL_X0Y2        BUFG                         0.000     0.000 r  clk_IBUF_BUFG_inst/O
                         net (fo=232, routed)         1.022     1.022    datapath/video_inst/mmcm_adv_inst_display_clocks/inst/clk_in1
    MMCME2_ADV_X1Y0      MMCME2_ADV (Prop_mmcme2_adv_CLKIN1_CLKOUT1)
                                                     -2.040    -1.018 r  datapath/video_inst/mmcm_adv_inst_display_clocks/inst/mmcm_adv_inst/CLKOUT1
                         net (fo=1, routed)           0.989    -0.029    datapath/video_inst/mmcm_adv_inst_display_clocks/inst/clk_out2_clk_wiz_0
    BUFGCTRL_X0Y0        BUFG (Prop_bufg_I_O)         0.029    -0.000 r  datapath/video_inst/mmcm_adv_inst_display_clocks/inst/clkout2_buf/O
                         net (fo=44, routed)          0.922     0.922    datapath/video_inst/inst_dvid/clk_out2
    SLICE_X162Y148       FDRE                                         r  datapath/video_inst/inst_dvid/shift_clock_reg[0]/C
                         clock pessimism             -0.273     0.649    
    SLICE_X162Y148       FDRE (Hold_fdre_C_D)         0.059     0.708    datapath/video_inst/inst_dvid/shift_clock_reg[0]
  -------------------------------------------------------------------
                         required time                         -0.708    
                         arrival time                           0.940    
  -------------------------------------------------------------------
                         slack                                  0.233    

Slack (MET) :             0.235ns  (arrival time - required time)
  Source:                 datapath/video_inst/inst_dvid/shift_clock_reg[3]/C
                            (rising edge-triggered cell FDRE clocked by clk_out2_clk_wiz_0  {rise@0.000ns fall@4.000ns period=8.000ns})
  Destination:            datapath/video_inst/inst_dvid/shift_clock_reg[1]/D
                            (rising edge-triggered cell FDRE clocked by clk_out2_clk_wiz_0  {rise@0.000ns fall@4.000ns period=8.000ns})
  Path Group:             clk_out2_clk_wiz_0
  Path Type:              Hold (Min at Fast Process Corner)
  Requirement:            0.000ns  (clk_out2_clk_wiz_0 rise@0.000ns - clk_out2_clk_wiz_0 rise@0.000ns)
  Data Path Delay:        0.287ns  (logic 0.164ns (57.162%)  route 0.123ns (42.838%))
  Logic Levels:           0  
  Clock Path Skew:        0.000ns (DCD - SCD - CPR)
    Destination Clock Delay (DCD):    0.922ns
    Source Clock Delay      (SCD):    0.649ns
    Clock Pessimism Removal (CPR):    0.273ns

    Location             Delay type                Incr(ns)  Path(ns)    Netlist Resource(s)
  -------------------------------------------------------------------    -------------------
                         (clock clk_out2_clk_wiz_0 rise edge)
                                                      0.000     0.000 r  
    BUFGCTRL_X0Y2        BUFG                         0.000     0.000 r  clk_IBUF_BUFG_inst/O
                         net (fo=232, routed)         0.745     0.745    datapath/video_inst/mmcm_adv_inst_display_clocks/inst/clk_in1
    MMCME2_ADV_X1Y0      MMCME2_ADV (Prop_mmcme2_adv_CLKIN1_CLKOUT1)
                                                     -1.683    -0.938 r  datapath/video_inst/mmcm_adv_inst_display_clocks/inst/mmcm_adv_inst/CLKOUT1
                         net (fo=1, routed)           0.912    -0.026    datapath/video_inst/mmcm_adv_inst_display_clocks/inst/clk_out2_clk_wiz_0
    BUFGCTRL_X0Y0        BUFG (Prop_bufg_I_O)         0.026    -0.000 r  datapath/video_inst/mmcm_adv_inst_display_clocks/inst/clkout2_buf/O
                         net (fo=44, routed)          0.649     0.649    datapath/video_inst/inst_dvid/clk_out2
    SLICE_X162Y148       FDRE                                         r  datapath/video_inst/inst_dvid/shift_clock_reg[3]/C
  -------------------------------------------------------------------    -------------------
    SLICE_X162Y148       FDRE (Prop_fdre_C_Q)         0.164     0.813 r  datapath/video_inst/inst_dvid/shift_clock_reg[3]/Q
                         net (fo=2, routed)           0.123     0.936    datapath/video_inst/inst_dvid/shift_clock__0[3]
    SLICE_X162Y148       FDRE                                         r  datapath/video_inst/inst_dvid/shift_clock_reg[1]/D
  -------------------------------------------------------------------    -------------------

                         (clock clk_out2_clk_wiz_0 rise edge)
                                                      0.000     0.000 r  
    BUFGCTRL_X0Y2        BUFG                         0.000     0.000 r  clk_IBUF_BUFG_inst/O
                         net (fo=232, routed)         1.022     1.022    datapath/video_inst/mmcm_adv_inst_display_clocks/inst/clk_in1
    MMCME2_ADV_X1Y0      MMCME2_ADV (Prop_mmcme2_adv_CLKIN1_CLKOUT1)
                                                     -2.040    -1.018 r  datapath/video_inst/mmcm_adv_inst_display_clocks/inst/mmcm_adv_inst/CLKOUT1
                         net (fo=1, routed)           0.989    -0.029    datapath/video_inst/mmcm_adv_inst_display_clocks/inst/clk_out2_clk_wiz_0
    BUFGCTRL_X0Y0        BUFG (Prop_bufg_I_O)         0.029    -0.000 r  datapath/video_inst/mmcm_adv_inst_display_clocks/inst/clkout2_buf/O
                         net (fo=44, routed)          0.922     0.922    datapath/video_inst/inst_dvid/clk_out2
    SLICE_X162Y148       FDRE                                         r  datapath/video_inst/inst_dvid/shift_clock_reg[1]/C
                         clock pessimism             -0.273     0.649    
    SLICE_X162Y148       FDRE (Hold_fdre_C_D)         0.052     0.701    datapath/video_inst/inst_dvid/shift_clock_reg[1]
  -------------------------------------------------------------------
                         required time                         -0.701    
                         arrival time                           0.936    
  -------------------------------------------------------------------
                         slack                                  0.235    

Slack (MET) :             0.248ns  (arrival time - required time)
  Source:                 datapath/video_inst/inst_dvid/shift_blue_reg[8]/C
                            (rising edge-triggered cell FDRE clocked by clk_out2_clk_wiz_0  {rise@0.000ns fall@4.000ns period=8.000ns})
  Destination:            datapath/video_inst/inst_dvid/shift_blue_reg[6]/D
                            (rising edge-triggered cell FDRE clocked by clk_out2_clk_wiz_0  {rise@0.000ns fall@4.000ns period=8.000ns})
  Path Group:             clk_out2_clk_wiz_0
  Path Type:              Hold (Min at Fast Process Corner)
  Requirement:            0.000ns  (clk_out2_clk_wiz_0 rise@0.000ns - clk_out2_clk_wiz_0 rise@0.000ns)
  Data Path Delay:        0.391ns  (logic 0.192ns (49.089%)  route 0.199ns (50.911%))
  Logic Levels:           1  (LUT3=1)
  Clock Path Skew:        0.036ns (DCD - SCD - CPR)
    Destination Clock Delay (DCD):    0.914ns
    Source Clock Delay      (SCD):    0.644ns
    Clock Pessimism Removal (CPR):    0.234ns

    Location             Delay type                Incr(ns)  Path(ns)    Netlist Resource(s)
  -------------------------------------------------------------------    -------------------
                         (clock clk_out2_clk_wiz_0 rise edge)
                                                      0.000     0.000 r  
    BUFGCTRL_X0Y2        BUFG                         0.000     0.000 r  clk_IBUF_BUFG_inst/O
                         net (fo=232, routed)         0.745     0.745    datapath/video_inst/mmcm_adv_inst_display_clocks/inst/clk_in1
    MMCME2_ADV_X1Y0      MMCME2_ADV (Prop_mmcme2_adv_CLKIN1_CLKOUT1)
                                                     -1.683    -0.938 r  datapath/video_inst/mmcm_adv_inst_display_clocks/inst/mmcm_adv_inst/CLKOUT1
                         net (fo=1, routed)           0.912    -0.026    datapath/video_inst/mmcm_adv_inst_display_clocks/inst/clk_out2_clk_wiz_0
    BUFGCTRL_X0Y0        BUFG (Prop_bufg_I_O)         0.026    -0.000 r  datapath/video_inst/mmcm_adv_inst_display_clocks/inst/clkout2_buf/O
                         net (fo=44, routed)          0.644     0.644    datapath/video_inst/inst_dvid/clk_out2
    SLICE_X160Y134       FDRE                                         r  datapath/video_inst/inst_dvid/shift_blue_reg[8]/C
  -------------------------------------------------------------------    -------------------
    SLICE_X160Y134       FDRE (Prop_fdre_C_Q)         0.141     0.785 r  datapath/video_inst/inst_dvid/shift_blue_reg[8]/Q
                         net (fo=1, routed)           0.199     0.984    datapath/video_inst/inst_dvid/shift_blue_reg_n_0_[8]
    SLICE_X159Y134       LUT3 (Prop_lut3_I0_O)        0.051     1.035 r  datapath/video_inst/inst_dvid/shift_blue[6]_i_1/O
                         net (fo=1, routed)           0.000     1.035    datapath/video_inst/inst_dvid/shift_blue[6]
    SLICE_X159Y134       FDRE                                         r  datapath/video_inst/inst_dvid/shift_blue_reg[6]/D
  -------------------------------------------------------------------    -------------------

                         (clock clk_out2_clk_wiz_0 rise edge)
                                                      0.000     0.000 r  
    BUFGCTRL_X0Y2        BUFG                         0.000     0.000 r  clk_IBUF_BUFG_inst/O
                         net (fo=232, routed)         1.022     1.022    datapath/video_inst/mmcm_adv_inst_display_clocks/inst/clk_in1
    MMCME2_ADV_X1Y0      MMCME2_ADV (Prop_mmcme2_adv_CLKIN1_CLKOUT1)
                                                     -2.040    -1.018 r  datapath/video_inst/mmcm_adv_inst_display_clocks/inst/mmcm_adv_inst/CLKOUT1
                         net (fo=1, routed)           0.989    -0.029    datapath/video_inst/mmcm_adv_inst_display_clocks/inst/clk_out2_clk_wiz_0
    BUFGCTRL_X0Y0        BUFG (Prop_bufg_I_O)         0.029    -0.000 r  datapath/video_inst/mmcm_adv_inst_display_clocks/inst/clkout2_buf/O
                         net (fo=44, routed)          0.914     0.914    datapath/video_inst/inst_dvid/clk_out2
    SLICE_X159Y134       FDRE                                         r  datapath/video_inst/inst_dvid/shift_blue_reg[6]/C
                         clock pessimism             -0.234     0.680    
    SLICE_X159Y134       FDRE (Hold_fdre_C_D)         0.107     0.787    datapath/video_inst/inst_dvid/shift_blue_reg[6]
  -------------------------------------------------------------------
                         required time                         -0.787    
                         arrival time                           1.035    
  -------------------------------------------------------------------
                         slack                                  0.248    

Slack (MET) :             0.279ns  (arrival time - required time)
  Source:                 datapath/video_inst/inst_dvid/shift_blue_reg[7]/C
                            (rising edge-triggered cell FDRE clocked by clk_out2_clk_wiz_0  {rise@0.000ns fall@4.000ns period=8.000ns})
  Destination:            datapath/video_inst/inst_dvid/shift_blue_reg[5]/D
                            (rising edge-triggered cell FDRE clocked by clk_out2_clk_wiz_0  {rise@0.000ns fall@4.000ns period=8.000ns})
  Path Group:             clk_out2_clk_wiz_0
  Path Type:              Hold (Min at Fast Process Corner)
  Requirement:            0.000ns  (clk_out2_clk_wiz_0 rise@0.000ns - clk_out2_clk_wiz_0 rise@0.000ns)
  Data Path Delay:        0.371ns  (logic 0.226ns (60.847%)  route 0.145ns (39.153%))
  Logic Levels:           1  (LUT3=1)
  Clock Path Skew:        0.000ns (DCD - SCD - CPR)
    Destination Clock Delay (DCD):    0.914ns
    Source Clock Delay      (SCD):    0.643ns
    Clock Pessimism Removal (CPR):    0.271ns

    Location             Delay type                Incr(ns)  Path(ns)    Netlist Resource(s)
  -------------------------------------------------------------------    -------------------
                         (clock clk_out2_clk_wiz_0 rise edge)
                                                      0.000     0.000 r  
    BUFGCTRL_X0Y2        BUFG                         0.000     0.000 r  clk_IBUF_BUFG_inst/O
                         net (fo=232, routed)         0.745     0.745    datapath/video_inst/mmcm_adv_inst_display_clocks/inst/clk_in1
    MMCME2_ADV_X1Y0      MMCME2_ADV (Prop_mmcme2_adv_CLKIN1_CLKOUT1)
                                                     -1.683    -0.938 r  datapath/video_inst/mmcm_adv_inst_display_clocks/inst/mmcm_adv_inst/CLKOUT1
                         net (fo=1, routed)           0.912    -0.026    datapath/video_inst/mmcm_adv_inst_display_clocks/inst/clk_out2_clk_wiz_0
    BUFGCTRL_X0Y0        BUFG (Prop_bufg_I_O)         0.026    -0.000 r  datapath/video_inst/mmcm_adv_inst_display_clocks/inst/clkout2_buf/O
                         net (fo=44, routed)          0.643     0.643    datapath/video_inst/inst_dvid/clk_out2
    SLICE_X159Y134       FDRE                                         r  datapath/video_inst/inst_dvid/shift_blue_reg[7]/C
  -------------------------------------------------------------------    -------------------
    SLICE_X159Y134       FDRE (Prop_fdre_C_Q)         0.128     0.771 r  datapath/video_inst/inst_dvid/shift_blue_reg[7]/Q
                         net (fo=1, routed)           0.145     0.916    datapath/video_inst/inst_dvid/shift_blue_reg_n_0_[7]
    SLICE_X159Y134       LUT3 (Prop_lut3_I0_O)        0.098     1.014 r  datapath/video_inst/inst_dvid/shift_blue[5]_i_1/O
                         net (fo=1, routed)           0.000     1.014    datapath/video_inst/inst_dvid/shift_blue[5]
    SLICE_X159Y134       FDRE                                         r  datapath/video_inst/inst_dvid/shift_blue_reg[5]/D
  -------------------------------------------------------------------    -------------------

                         (clock clk_out2_clk_wiz_0 rise edge)
                                                      0.000     0.000 r  
    BUFGCTRL_X0Y2        BUFG                         0.000     0.000 r  clk_IBUF_BUFG_inst/O
                         net (fo=232, routed)         1.022     1.022    datapath/video_inst/mmcm_adv_inst_display_clocks/inst/clk_in1
    MMCME2_ADV_X1Y0      MMCME2_ADV (Prop_mmcme2_adv_CLKIN1_CLKOUT1)
                                                     -2.040    -1.018 r  datapath/video_inst/mmcm_adv_inst_display_clocks/inst/mmcm_adv_inst/CLKOUT1
                         net (fo=1, routed)           0.989    -0.029    datapath/video_inst/mmcm_adv_inst_display_clocks/inst/clk_out2_clk_wiz_0
    BUFGCTRL_X0Y0        BUFG (Prop_bufg_I_O)         0.029    -0.000 r  datapath/video_inst/mmcm_adv_inst_display_clocks/inst/clkout2_buf/O
                         net (fo=44, routed)          0.914     0.914    datapath/video_inst/inst_dvid/clk_out2
    SLICE_X159Y134       FDRE                                         r  datapath/video_inst/inst_dvid/shift_blue_reg[5]/C
                         clock pessimism             -0.271     0.643    
    SLICE_X159Y134       FDRE (Hold_fdre_C_D)         0.092     0.735    datapath/video_inst/inst_dvid/shift_blue_reg[5]
  -------------------------------------------------------------------
                         required time                         -0.735    
                         arrival time                           1.014    
  -------------------------------------------------------------------
                         slack                                  0.279    

Slack (MET) :             0.282ns  (arrival time - required time)
  Source:                 datapath/video_inst/inst_dvid/shift_red_reg[4]/C
                            (rising edge-triggered cell FDRE clocked by clk_out2_clk_wiz_0  {rise@0.000ns fall@4.000ns period=8.000ns})
  Destination:            datapath/video_inst/inst_dvid/shift_red_reg[2]/D
                            (rising edge-triggered cell FDRE clocked by clk_out2_clk_wiz_0  {rise@0.000ns fall@4.000ns period=8.000ns})
  Path Group:             clk_out2_clk_wiz_0
  Path Type:              Hold (Min at Fast Process Corner)
  Requirement:            0.000ns  (clk_out2_clk_wiz_0 rise@0.000ns - clk_out2_clk_wiz_0 rise@0.000ns)
  Data Path Delay:        0.373ns  (logic 0.227ns (60.919%)  route 0.146ns (39.081%))
  Logic Levels:           1  (LUT3=1)
  Clock Path Skew:        0.000ns (DCD - SCD - CPR)
    Destination Clock Delay (DCD):    0.915ns
    Source Clock Delay      (SCD):    0.644ns
    Clock Pessimism Removal (CPR):    0.271ns

    Location             Delay type                Incr(ns)  Path(ns)    Netlist Resource(s)
  -------------------------------------------------------------------    -------------------
                         (clock clk_out2_clk_wiz_0 rise edge)
                                                      0.000     0.000 r  
    BUFGCTRL_X0Y2        BUFG                         0.000     0.000 r  clk_IBUF_BUFG_inst/O
                         net (fo=232, routed)         0.745     0.745    datapath/video_inst/mmcm_adv_inst_display_clocks/inst/clk_in1
    MMCME2_ADV_X1Y0      MMCME2_ADV (Prop_mmcme2_adv_CLKIN1_CLKOUT1)
                                                     -1.683    -0.938 r  datapath/video_inst/mmcm_adv_inst_display_clocks/inst/mmcm_adv_inst/CLKOUT1
                         net (fo=1, routed)           0.912    -0.026    datapath/video_inst/mmcm_adv_inst_display_clocks/inst/clk_out2_clk_wiz_0
    BUFGCTRL_X0Y0        BUFG (Prop_bufg_I_O)         0.026    -0.000 r  datapath/video_inst/mmcm_adv_inst_display_clocks/inst/clkout2_buf/O
                         net (fo=44, routed)          0.644     0.644    datapath/video_inst/inst_dvid/clk_out2
    SLICE_X161Y134       FDRE                                         r  datapath/video_inst/inst_dvid/shift_red_reg[4]/C
  -------------------------------------------------------------------    -------------------
    SLICE_X161Y134       FDRE (Prop_fdre_C_Q)         0.128     0.772 r  datapath/video_inst/inst_dvid/shift_red_reg[4]/Q
                         net (fo=1, routed)           0.146     0.917    datapath/video_inst/inst_dvid/data1[2]
    SLICE_X161Y134       LUT3 (Prop_lut3_I0_O)        0.099     1.016 r  datapath/video_inst/inst_dvid/shift_red[2]_i_1/O
                         net (fo=1, routed)           0.000     1.016    datapath/video_inst/inst_dvid/shift_red[2]
    SLICE_X161Y134       FDRE                                         r  datapath/video_inst/inst_dvid/shift_red_reg[2]/D
  -------------------------------------------------------------------    -------------------

                         (clock clk_out2_clk_wiz_0 rise edge)
                                                      0.000     0.000 r  
    BUFGCTRL_X0Y2        BUFG                         0.000     0.000 r  clk_IBUF_BUFG_inst/O
                         net (fo=232, routed)         1.022     1.022    datapath/video_inst/mmcm_adv_inst_display_clocks/inst/clk_in1
    MMCME2_ADV_X1Y0      MMCME2_ADV (Prop_mmcme2_adv_CLKIN1_CLKOUT1)
                                                     -2.040    -1.018 r  datapath/video_inst/mmcm_adv_inst_display_clocks/inst/mmcm_adv_inst/CLKOUT1
                         net (fo=1, routed)           0.989    -0.029    datapath/video_inst/mmcm_adv_inst_display_clocks/inst/clk_out2_clk_wiz_0
    BUFGCTRL_X0Y0        BUFG (Prop_bufg_I_O)         0.029    -0.000 r  datapath/video_inst/mmcm_adv_inst_display_clocks/inst/clkout2_buf/O
                         net (fo=44, routed)          0.915     0.915    datapath/video_inst/inst_dvid/clk_out2
    SLICE_X161Y134       FDRE                                         r  datapath/video_inst/inst_dvid/shift_red_reg[2]/C
                         clock pessimism             -0.271     0.644    
    SLICE_X161Y134       FDRE (Hold_fdre_C_D)         0.091     0.735    datapath/video_inst/inst_dvid/shift_red_reg[2]
  -------------------------------------------------------------------
                         required time                         -0.735    
                         arrival time                           1.016    
  -------------------------------------------------------------------
                         slack                                  0.282    

Slack (MET) :             0.289ns  (arrival time - required time)
  Source:                 datapath/video_inst/inst_dvid/shift_green_reg[3]/C
                            (rising edge-triggered cell FDRE clocked by clk_out2_clk_wiz_0  {rise@0.000ns fall@4.000ns period=8.000ns})
  Destination:            datapath/video_inst/inst_dvid/shift_green_reg[1]/D
                            (rising edge-triggered cell FDRE clocked by clk_out2_clk_wiz_0  {rise@0.000ns fall@4.000ns period=8.000ns})
  Path Group:             clk_out2_clk_wiz_0
  Path Type:              Hold (Min at Fast Process Corner)
  Requirement:            0.000ns  (clk_out2_clk_wiz_0 rise@0.000ns - clk_out2_clk_wiz_0 rise@0.000ns)
  Data Path Delay:        0.396ns  (logic 0.183ns (46.192%)  route 0.213ns (53.808%))
  Logic Levels:           1  (LUT3=1)
  Clock Path Skew:        0.000ns (DCD - SCD - CPR)
    Destination Clock Delay (DCD):    0.916ns
    Source Clock Delay      (SCD):    0.644ns
    Clock Pessimism Removal (CPR):    0.272ns

    Location             Delay type                Incr(ns)  Path(ns)    Netlist Resource(s)
  -------------------------------------------------------------------    -------------------
                         (clock clk_out2_clk_wiz_0 rise edge)
                                                      0.000     0.000 r  
    BUFGCTRL_X0Y2        BUFG                         0.000     0.000 r  clk_IBUF_BUFG_inst/O
                         net (fo=232, routed)         0.745     0.745    datapath/video_inst/mmcm_adv_inst_display_clocks/inst/clk_in1
    MMCME2_ADV_X1Y0      MMCME2_ADV (Prop_mmcme2_adv_CLKIN1_CLKOUT1)
                                                     -1.683    -0.938 r  datapath/video_inst/mmcm_adv_inst_display_clocks/inst/mmcm_adv_inst/CLKOUT1
                         net (fo=1, routed)           0.912    -0.026    datapath/video_inst/mmcm_adv_inst_display_clocks/inst/clk_out2_clk_wiz_0
    BUFGCTRL_X0Y0        BUFG (Prop_bufg_I_O)         0.026    -0.000 r  datapath/video_inst/mmcm_adv_inst_display_clocks/inst/clkout2_buf/O
                         net (fo=44, routed)          0.644     0.644    datapath/video_inst/inst_dvid/clk_out2
    SLICE_X161Y136       FDRE                                         r  datapath/video_inst/inst_dvid/shift_green_reg[3]/C
  -------------------------------------------------------------------    -------------------
    SLICE_X161Y136       FDRE (Prop_fdre_C_Q)         0.141     0.785 r  datapath/video_inst/inst_dvid/shift_green_reg[3]/Q
                         net (fo=1, routed)           0.213     0.998    datapath/video_inst/inst_dvid/shift_green_reg_n_0_[3]
    SLICE_X161Y136       LUT3 (Prop_lut3_I0_O)        0.042     1.040 r  datapath/video_inst/inst_dvid/shift_green[1]_i_1/O
                         net (fo=1, routed)           0.000     1.040    datapath/video_inst/inst_dvid/shift_green[1]
    SLICE_X161Y136       FDRE                                         r  datapath/video_inst/inst_dvid/shift_green_reg[1]/D
  -------------------------------------------------------------------    -------------------

                         (clock clk_out2_clk_wiz_0 rise edge)
                                                      0.000     0.000 r  
    BUFGCTRL_X0Y2        BUFG                         0.000     0.000 r  clk_IBUF_BUFG_inst/O
                         net (fo=232, routed)         1.022     1.022    datapath/video_inst/mmcm_adv_inst_display_clocks/inst/clk_in1
    MMCME2_ADV_X1Y0      MMCME2_ADV (Prop_mmcme2_adv_CLKIN1_CLKOUT1)
                                                     -2.040    -1.018 r  datapath/video_inst/mmcm_adv_inst_display_clocks/inst/mmcm_adv_inst/CLKOUT1
                         net (fo=1, routed)           0.989    -0.029    datapath/video_inst/mmcm_adv_inst_display_clocks/inst/clk_out2_clk_wiz_0
    BUFGCTRL_X0Y0        BUFG (Prop_bufg_I_O)         0.029    -0.000 r  datapath/video_inst/mmcm_adv_inst_display_clocks/inst/clkout2_buf/O
                         net (fo=44, routed)          0.916     0.916    datapath/video_inst/inst_dvid/clk_out2
    SLICE_X161Y136       FDRE                                         r  datapath/video_inst/inst_dvid/shift_green_reg[1]/C
                         clock pessimism             -0.272     0.644    
    SLICE_X161Y136       FDRE (Hold_fdre_C_D)         0.107     0.751    datapath/video_inst/inst_dvid/shift_green_reg[1]
  -------------------------------------------------------------------
                         required time                         -0.751    
                         arrival time                           1.040    
  -------------------------------------------------------------------
                         slack                                  0.289    

Slack (MET) :             0.295ns  (arrival time - required time)
  Source:                 datapath/video_inst/inst_dvid/shift_red_reg[7]/C
                            (rising edge-triggered cell FDSE clocked by clk_out2_clk_wiz_0  {rise@0.000ns fall@4.000ns period=8.000ns})
  Destination:            datapath/video_inst/inst_dvid/shift_red_reg[5]/D
                            (rising edge-triggered cell FDSE clocked by clk_out2_clk_wiz_0  {rise@0.000ns fall@4.000ns period=8.000ns})
  Path Group:             clk_out2_clk_wiz_0
  Path Type:              Hold (Min at Fast Process Corner)
  Requirement:            0.000ns  (clk_out2_clk_wiz_0 rise@0.000ns - clk_out2_clk_wiz_0 rise@0.000ns)
  Data Path Delay:        0.402ns  (logic 0.184ns (45.728%)  route 0.218ns (54.272%))
  Logic Levels:           1  (LUT2=1)
  Clock Path Skew:        0.000ns (DCD - SCD - CPR)
    Destination Clock Delay (DCD):    0.914ns
    Source Clock Delay      (SCD):    0.643ns
    Clock Pessimism Removal (CPR):    0.271ns

    Location             Delay type                Incr(ns)  Path(ns)    Netlist Resource(s)
  -------------------------------------------------------------------    -------------------
                         (clock clk_out2_clk_wiz_0 rise edge)
                                                      0.000     0.000 r  
    BUFGCTRL_X0Y2        BUFG                         0.000     0.000 r  clk_IBUF_BUFG_inst/O
                         net (fo=232, routed)         0.745     0.745    datapath/video_inst/mmcm_adv_inst_display_clocks/inst/clk_in1
    MMCME2_ADV_X1Y0      MMCME2_ADV (Prop_mmcme2_adv_CLKIN1_CLKOUT1)
                                                     -1.683    -0.938 r  datapath/video_inst/mmcm_adv_inst_display_clocks/inst/mmcm_adv_inst/CLKOUT1
                         net (fo=1, routed)           0.912    -0.026    datapath/video_inst/mmcm_adv_inst_display_clocks/inst/clk_out2_clk_wiz_0
    BUFGCTRL_X0Y0        BUFG (Prop_bufg_I_O)         0.026    -0.000 r  datapath/video_inst/mmcm_adv_inst_display_clocks/inst/clkout2_buf/O
                         net (fo=44, routed)          0.643     0.643    datapath/video_inst/inst_dvid/clk_out2
    SLICE_X163Y133       FDSE                                         r  datapath/video_inst/inst_dvid/shift_red_reg[7]/C
  -------------------------------------------------------------------    -------------------
    SLICE_X163Y133       FDSE (Prop_fdse_C_Q)         0.141     0.784 r  datapath/video_inst/inst_dvid/shift_red_reg[7]/Q
                         net (fo=1, routed)           0.218     1.002    datapath/video_inst/inst_dvid/data1[5]
    SLICE_X163Y133       LUT2 (Prop_lut2_I1_O)        0.043     1.045 r  datapath/video_inst/inst_dvid/shift_red[5]_i_1/O
                         net (fo=1, routed)           0.000     1.045    datapath/video_inst/inst_dvid/shift_red[5]_i_1_n_0
    SLICE_X163Y133       FDSE                                         r  datapath/video_inst/inst_dvid/shift_red_reg[5]/D
  -------------------------------------------------------------------    -------------------

                         (clock clk_out2_clk_wiz_0 rise edge)
                                                      0.000     0.000 r  
    BUFGCTRL_X0Y2        BUFG                         0.000     0.000 r  clk_IBUF_BUFG_inst/O
                         net (fo=232, routed)         1.022     1.022    datapath/video_inst/mmcm_adv_inst_display_clocks/inst/clk_in1
    MMCME2_ADV_X1Y0      MMCME2_ADV (Prop_mmcme2_adv_CLKIN1_CLKOUT1)
                                                     -2.040    -1.018 r  datapath/video_inst/mmcm_adv_inst_display_clocks/inst/mmcm_adv_inst/CLKOUT1
                         net (fo=1, routed)           0.989    -0.029    datapath/video_inst/mmcm_adv_inst_display_clocks/inst/clk_out2_clk_wiz_0
    BUFGCTRL_X0Y0        BUFG (Prop_bufg_I_O)         0.029    -0.000 r  datapath/video_inst/mmcm_adv_inst_display_clocks/inst/clkout2_buf/O
                         net (fo=44, routed)          0.914     0.914    datapath/video_inst/inst_dvid/clk_out2
    SLICE_X163Y133       FDSE                                         r  datapath/video_inst/inst_dvid/shift_red_reg[5]/C
                         clock pessimism             -0.271     0.643    
    SLICE_X163Y133       FDSE (Hold_fdse_C_D)         0.107     0.750    datapath/video_inst/inst_dvid/shift_red_reg[5]
  -------------------------------------------------------------------
                         required time                         -0.750    
                         arrival time                           1.045    
  -------------------------------------------------------------------
                         slack                                  0.295    

Slack (MET) :             0.297ns  (arrival time - required time)
  Source:                 datapath/video_inst/inst_dvid/shift_red_reg[3]/C
                            (rising edge-triggered cell FDSE clocked by clk_out2_clk_wiz_0  {rise@0.000ns fall@4.000ns period=8.000ns})
  Destination:            datapath/video_inst/inst_dvid/shift_red_reg[1]/D
                            (rising edge-triggered cell FDSE clocked by clk_out2_clk_wiz_0  {rise@0.000ns fall@4.000ns period=8.000ns})
  Path Group:             clk_out2_clk_wiz_0
  Path Type:              Hold (Min at Fast Process Corner)
  Requirement:            0.000ns  (clk_out2_clk_wiz_0 rise@0.000ns - clk_out2_clk_wiz_0 rise@0.000ns)
  Data Path Delay:        0.404ns  (logic 0.185ns (45.780%)  route 0.219ns (54.220%))
  Logic Levels:           1  (LUT2=1)
  Clock Path Skew:        0.000ns (DCD - SCD - CPR)
    Destination Clock Delay (DCD):    0.914ns
    Source Clock Delay      (SCD):    0.643ns
    Clock Pessimism Removal (CPR):    0.271ns

    Location             Delay type                Incr(ns)  Path(ns)    Netlist Resource(s)
  -------------------------------------------------------------------    -------------------
                         (clock clk_out2_clk_wiz_0 rise edge)
                                                      0.000     0.000 r  
    BUFGCTRL_X0Y2        BUFG                         0.000     0.000 r  clk_IBUF_BUFG_inst/O
                         net (fo=232, routed)         0.745     0.745    datapath/video_inst/mmcm_adv_inst_display_clocks/inst/clk_in1
    MMCME2_ADV_X1Y0      MMCME2_ADV (Prop_mmcme2_adv_CLKIN1_CLKOUT1)
                                                     -1.683    -0.938 r  datapath/video_inst/mmcm_adv_inst_display_clocks/inst/mmcm_adv_inst/CLKOUT1
                         net (fo=1, routed)           0.912    -0.026    datapath/video_inst/mmcm_adv_inst_display_clocks/inst/clk_out2_clk_wiz_0
    BUFGCTRL_X0Y0        BUFG (Prop_bufg_I_O)         0.026    -0.000 r  datapath/video_inst/mmcm_adv_inst_display_clocks/inst/clkout2_buf/O
                         net (fo=44, routed)          0.643     0.643    datapath/video_inst/inst_dvid/clk_out2
    SLICE_X163Y133       FDSE                                         r  datapath/video_inst/inst_dvid/shift_red_reg[3]/C
  -------------------------------------------------------------------    -------------------
    SLICE_X163Y133       FDSE (Prop_fdse_C_Q)         0.141     0.784 r  datapath/video_inst/inst_dvid/shift_red_reg[3]/Q
                         net (fo=1, routed)           0.219     1.003    datapath/video_inst/inst_dvid/data1[1]
    SLICE_X163Y133       LUT2 (Prop_lut2_I1_O)        0.044     1.047 r  datapath/video_inst/inst_dvid/shift_red[1]_i_1/O
                         net (fo=1, routed)           0.000     1.047    datapath/video_inst/inst_dvid/shift_red[1]_i_1_n_0
    SLICE_X163Y133       FDSE                                         r  datapath/video_inst/inst_dvid/shift_red_reg[1]/D
  -------------------------------------------------------------------    -------------------

                         (clock clk_out2_clk_wiz_0 rise edge)
                                                      0.000     0.000 r  
    BUFGCTRL_X0Y2        BUFG                         0.000     0.000 r  clk_IBUF_BUFG_inst/O
                         net (fo=232, routed)         1.022     1.022    datapath/video_inst/mmcm_adv_inst_display_clocks/inst/clk_in1
    MMCME2_ADV_X1Y0      MMCME2_ADV (Prop_mmcme2_adv_CLKIN1_CLKOUT1)
                                                     -2.040    -1.018 r  datapath/video_inst/mmcm_adv_inst_display_clocks/inst/mmcm_adv_inst/CLKOUT1
                         net (fo=1, routed)           0.989    -0.029    datapath/video_inst/mmcm_adv_inst_display_clocks/inst/clk_out2_clk_wiz_0
    BUFGCTRL_X0Y0        BUFG (Prop_bufg_I_O)         0.029    -0.000 r  datapath/video_inst/mmcm_adv_inst_display_clocks/inst/clkout2_buf/O
                         net (fo=44, routed)          0.914     0.914    datapath/video_inst/inst_dvid/clk_out2
    SLICE_X163Y133       FDSE                                         r  datapath/video_inst/inst_dvid/shift_red_reg[1]/C
                         clock pessimism             -0.271     0.643    
    SLICE_X163Y133       FDSE (Hold_fdse_C_D)         0.107     0.750    datapath/video_inst/inst_dvid/shift_red_reg[1]
  -------------------------------------------------------------------
                         required time                         -0.750    
                         arrival time                           1.047    
  -------------------------------------------------------------------
                         slack                                  0.297    





Pulse Width Checks
--------------------------------------------------------------------------------------
Clock Name:         clk_out2_clk_wiz_0
Waveform(ns):       { 0.000 4.000 }
Period(ns):         8.000
Sources:            { datapath/video_inst/mmcm_adv_inst_display_clocks/inst/mmcm_adv_inst/CLKOUT1 }

Check Type        Corner  Lib Pin             Reference Pin  Required(ns)  Actual(ns)  Slack(ns)  Location         Pin
Min Period        n/a     BUFG/I              n/a            2.155         8.000       5.845      BUFGCTRL_X0Y0    datapath/video_inst/mmcm_adv_inst_display_clocks/inst/clkout2_buf/I
Min Period        n/a     ODDR/C              n/a            1.474         8.000       6.526      OLOGIC_X1Y140    datapath/video_inst/inst_dvid/ODDR2_blue/C
Min Period        n/a     ODDR/C              n/a            1.474         8.000       6.526      OLOGIC_X1Y148    datapath/video_inst/inst_dvid/ODDR2_clock/C
Min Period        n/a     ODDR/C              n/a            1.474         8.000       6.526      OLOGIC_X1Y136    datapath/video_inst/inst_dvid/ODDR2_green/C
Min Period        n/a     ODDR/C              n/a            1.474         8.000       6.526      OLOGIC_X1Y134    datapath/video_inst/inst_dvid/ODDR2_red/C
Min Period        n/a     MMCME2_ADV/CLKOUT1  n/a            1.249         8.000       6.751      MMCME2_ADV_X1Y0  datapath/video_inst/mmcm_adv_inst_display_clocks/inst/mmcm_adv_inst/CLKOUT1
Min Period        n/a     FDRE/C              n/a            1.000         8.000       7.000      SLICE_X159Y134   datapath/video_inst/inst_dvid/shift_blue_reg[0]/C
Min Period        n/a     FDRE/C              n/a            1.000         8.000       7.000      SLICE_X159Y134   datapath/video_inst/inst_dvid/shift_blue_reg[1]/C
Min Period        n/a     FDRE/C              n/a            1.000         8.000       7.000      SLICE_X159Y134   datapath/video_inst/inst_dvid/shift_blue_reg[2]/C
Min Period        n/a     FDRE/C              n/a            1.000         8.000       7.000      SLICE_X159Y134   datapath/video_inst/inst_dvid/shift_blue_reg[3]/C
Max Period        n/a     MMCME2_ADV/CLKOUT1  n/a            213.360       8.000       205.360    MMCME2_ADV_X1Y0  datapath/video_inst/mmcm_adv_inst_display_clocks/inst/mmcm_adv_inst/CLKOUT1
Low Pulse Width   Slow    FDRE/C              n/a            0.500         4.000       3.500      SLICE_X159Y134   datapath/video_inst/inst_dvid/shift_blue_reg[0]/C
Low Pulse Width   Fast    FDRE/C              n/a            0.500         4.000       3.500      SLICE_X159Y134   datapath/video_inst/inst_dvid/shift_blue_reg[0]/C
Low Pulse Width   Slow    FDRE/C              n/a            0.500         4.000       3.500      SLICE_X159Y134   datapath/video_inst/inst_dvid/shift_blue_reg[1]/C
Low Pulse Width   Fast    FDRE/C              n/a            0.500         4.000       3.500      SLICE_X159Y134   datapath/video_inst/inst_dvid/shift_blue_reg[1]/C
Low Pulse Width   Slow    FDRE/C              n/a            0.500         4.000       3.500      SLICE_X159Y134   datapath/video_inst/inst_dvid/shift_blue_reg[2]/C
Low Pulse Width   Fast    FDRE/C              n/a            0.500         4.000       3.500      SLICE_X159Y134   datapath/video_inst/inst_dvid/shift_blue_reg[2]/C
Low Pulse Width   Slow    FDRE/C              n/a            0.500         4.000       3.500      SLICE_X159Y134   datapath/video_inst/inst_dvid/shift_blue_reg[3]/C
Low Pulse Width   Fast    FDRE/C              n/a            0.500         4.000       3.500      SLICE_X159Y134   datapath/video_inst/inst_dvid/shift_blue_reg[3]/C
Low Pulse Width   Slow    FDRE/C              n/a            0.500         4.000       3.500      SLICE_X159Y134   datapath/video_inst/inst_dvid/shift_blue_reg[4]/C
Low Pulse Width   Fast    FDRE/C              n/a            0.500         4.000       3.500      SLICE_X159Y134   datapath/video_inst/inst_dvid/shift_blue_reg[4]/C
High Pulse Width  Slow    FDRE/C              n/a            0.500         4.000       3.500      SLICE_X159Y134   datapath/video_inst/inst_dvid/shift_blue_reg[0]/C
High Pulse Width  Fast    FDRE/C              n/a            0.500         4.000       3.500      SLICE_X159Y134   datapath/video_inst/inst_dvid/shift_blue_reg[0]/C
High Pulse Width  Slow    FDRE/C              n/a            0.500         4.000       3.500      SLICE_X159Y134   datapath/video_inst/inst_dvid/shift_blue_reg[1]/C
High Pulse Width  Fast    FDRE/C              n/a            0.500         4.000       3.500      SLICE_X159Y134   datapath/video_inst/inst_dvid/shift_blue_reg[1]/C
High Pulse Width  Slow    FDRE/C              n/a            0.500         4.000       3.500      SLICE_X159Y134   datapath/video_inst/inst_dvid/shift_blue_reg[2]/C
High Pulse Width  Fast    FDRE/C              n/a            0.500         4.000       3.500      SLICE_X159Y134   datapath/video_inst/inst_dvid/shift_blue_reg[2]/C
High Pulse Width  Slow    FDRE/C              n/a            0.500         4.000       3.500      SLICE_X159Y134   datapath/video_inst/inst_dvid/shift_blue_reg[3]/C
High Pulse Width  Fast    FDRE/C              n/a            0.500         4.000       3.500      SLICE_X159Y134   datapath/video_inst/inst_dvid/shift_blue_reg[3]/C
High Pulse Width  Slow    FDRE/C              n/a            0.500         4.000       3.500      SLICE_X159Y134   datapath/video_inst/inst_dvid/shift_blue_reg[4]/C
High Pulse Width  Fast    FDRE/C              n/a            0.500         4.000       3.500      SLICE_X159Y134   datapath/video_inst/inst_dvid/shift_blue_reg[4]/C



---------------------------------------------------------------------------------------------------
From Clock:  clkfbout_clk_wiz_0
  To Clock:  clkfbout_clk_wiz_0

Setup :           NA  Failing Endpoints,  Worst Slack           NA  ,  Total Violation           NA
Hold  :           NA  Failing Endpoints,  Worst Slack           NA  ,  Total Violation           NA
PW    :            0  Failing Endpoints,  Worst Slack        7.845ns,  Total Violation        0.000ns
---------------------------------------------------------------------------------------------------


Pulse Width Checks
--------------------------------------------------------------------------------------
Clock Name:         clkfbout_clk_wiz_0
Waveform(ns):       { 0.000 5.000 }
Period(ns):         10.000
Sources:            { datapath/video_inst/mmcm_adv_inst_display_clocks/inst/mmcm_adv_inst/CLKFBOUT }

Check Type  Corner  Lib Pin              Reference Pin  Required(ns)  Actual(ns)  Slack(ns)  Location         Pin
Min Period  n/a     BUFG/I               n/a            2.155         10.000      7.845      BUFGCTRL_X0Y6    datapath/video_inst/mmcm_adv_inst_display_clocks/inst/clkf_buf/I
Min Period  n/a     MMCME2_ADV/CLKFBOUT  n/a            1.249         10.000      8.751      MMCME2_ADV_X1Y0  datapath/video_inst/mmcm_adv_inst_display_clocks/inst/mmcm_adv_inst/CLKFBOUT
Min Period  n/a     MMCME2_ADV/CLKFBIN   n/a            1.249         10.000      8.751      MMCME2_ADV_X1Y0  datapath/video_inst/mmcm_adv_inst_display_clocks/inst/mmcm_adv_inst/CLKFBIN
Max Period  n/a     MMCME2_ADV/CLKFBIN   n/a            100.000       10.000      90.000     MMCME2_ADV_X1Y0  datapath/video_inst/mmcm_adv_inst_display_clocks/inst/mmcm_adv_inst/CLKFBIN
Max Period  n/a     MMCME2_ADV/CLKFBOUT  n/a            213.360       10.000      203.360    MMCME2_ADV_X1Y0  datapath/video_inst/mmcm_adv_inst_display_clocks/inst/mmcm_adv_inst/CLKFBOUT



---------------------------------------------------------------------------------------------------
From Clock:  clk_out1_clk_wiz_0
  To Clock:  clk_out2_clk_wiz_0

Setup :            0  Failing Endpoints,  Worst Slack        4.059ns,  Total Violation        0.000ns
Hold  :            0  Failing Endpoints,  Worst Slack        0.167ns,  Total Violation        0.000ns
---------------------------------------------------------------------------------------------------


Max Delay Paths
--------------------------------------------------------------------------------------
Slack (MET) :             4.059ns  (required time - arrival time)
  Source:                 datapath/video_inst/inst_dvid/latched_red_reg[0]/C
                            (rising edge-triggered cell FDRE clocked by clk_out1_clk_wiz_0  {rise@0.000ns fall@20.000ns period=40.000ns})
  Destination:            datapath/video_inst/inst_dvid/shift_red_reg[0]/S
                            (rising edge-triggered cell FDSE clocked by clk_out2_clk_wiz_0  {rise@0.000ns fall@4.000ns period=8.000ns})
  Path Group:             clk_out2_clk_wiz_0
  Path Type:              Setup (Max at Slow Process Corner)
  Requirement:            8.000ns  (clk_out2_clk_wiz_0 rise@8.000ns - clk_out1_clk_wiz_0 rise@0.000ns)
  Data Path Delay:        3.051ns  (logic 0.580ns (19.012%)  route 2.471ns (80.988%))
  Logic Levels:           1  (LUT2=1)
  Clock Path Skew:        -0.246ns (DCD - SCD + CPR)
    Destination Clock Delay (DCD):    1.706ns = ( 9.706 - 8.000 ) 
    Source Clock Delay      (SCD):    1.824ns
    Clock Pessimism Removal (CPR):    -0.128ns
  Clock Uncertainty:      0.215ns  ((TSJ^2 + DJ^2)^1/2) / 2 + PE
    Total System Jitter     (TSJ):    0.071ns
    Discrete Jitter          (DJ):    0.175ns
    Phase Error              (PE):    0.120ns

    Location             Delay type                Incr(ns)  Path(ns)    Netlist Resource(s)
  -------------------------------------------------------------------    -------------------
                         (clock clk_out1_clk_wiz_0 rise edge)
                                                      0.000     0.000 r  
    BUFGCTRL_X0Y2        BUFG                         0.000     0.000 r  clk_IBUF_BUFG_inst/O
                         net (fo=232, routed)         2.106     2.106    datapath/video_inst/mmcm_adv_inst_display_clocks/inst/clk_in1
    MMCME2_ADV_X1Y0      MMCME2_ADV (Prop_mmcme2_adv_CLKIN1_CLKOUT0)
                                                     -4.900    -2.793 r  datapath/video_inst/mmcm_adv_inst_display_clocks/inst/mmcm_adv_inst/CLKOUT0
                         net (fo=1, routed)           2.697    -0.096    datapath/video_inst/mmcm_adv_inst_display_clocks/inst/clk_out1_clk_wiz_0
    BUFGCTRL_X0Y4        BUFG (Prop_bufg_I_O)         0.096    -0.000 r  datapath/video_inst/mmcm_adv_inst_display_clocks/inst/clkout1_buf/O
                         net (fo=63, routed)          1.824     1.824    datapath/video_inst/inst_dvid/clk_out1
    SLICE_X161Y133       FDRE                                         r  datapath/video_inst/inst_dvid/latched_red_reg[0]/C
  -------------------------------------------------------------------    -------------------
    SLICE_X161Y133       FDRE (Prop_fdre_C_Q)         0.456     2.280 r  datapath/video_inst/inst_dvid/latched_red_reg[0]/Q
                         net (fo=1, routed)           1.441     3.721    datapath/video_inst/inst_dvid/latched_red[0]
    SLICE_X163Y133       LUT2 (Prop_lut2_I0_O)        0.124     3.845 r  datapath/video_inst/inst_dvid/shift_red[7]_i_1/O
                         net (fo=5, routed)           1.030     4.875    datapath/video_inst/inst_dvid/shift_red[7]_i_1_n_0
    SLICE_X163Y133       FDSE                                         r  datapath/video_inst/inst_dvid/shift_red_reg[0]/S
  -------------------------------------------------------------------    -------------------

                         (clock clk_out2_clk_wiz_0 rise edge)
                                                      8.000     8.000 r  
    BUFGCTRL_X0Y2        BUFG                         0.000     8.000 r  clk_IBUF_BUFG_inst/O
                         net (fo=232, routed)         1.972     9.972    datapath/video_inst/mmcm_adv_inst_display_clocks/inst/clk_in1
    MMCME2_ADV_X1Y0      MMCME2_ADV (Prop_mmcme2_adv_CLKIN1_CLKOUT1)
                                                     -4.637     5.335 r  datapath/video_inst/mmcm_adv_inst_display_clocks/inst/mmcm_adv_inst/CLKOUT1
                         net (fo=1, routed)           2.574     7.909    datapath/video_inst/mmcm_adv_inst_display_clocks/inst/clk_out2_clk_wiz_0
    BUFGCTRL_X0Y0        BUFG (Prop_bufg_I_O)         0.091     8.000 r  datapath/video_inst/mmcm_adv_inst_display_clocks/inst/clkout2_buf/O
                         net (fo=44, routed)          1.706     9.706    datapath/video_inst/inst_dvid/clk_out2
    SLICE_X163Y133       FDSE                                         r  datapath/video_inst/inst_dvid/shift_red_reg[0]/C
                         clock pessimism             -0.128     9.578    
                         clock uncertainty           -0.215     9.364    
    SLICE_X163Y133       FDSE (Setup_fdse_C_S)       -0.429     8.935    datapath/video_inst/inst_dvid/shift_red_reg[0]
  -------------------------------------------------------------------
                         required time                          8.935    
                         arrival time                          -4.875    
  -------------------------------------------------------------------
                         slack                                  4.059    

Slack (MET) :             4.059ns  (required time - arrival time)
  Source:                 datapath/video_inst/inst_dvid/latched_red_reg[0]/C
                            (rising edge-triggered cell FDRE clocked by clk_out1_clk_wiz_0  {rise@0.000ns fall@20.000ns period=40.000ns})
  Destination:            datapath/video_inst/inst_dvid/shift_red_reg[1]/S
                            (rising edge-triggered cell FDSE clocked by clk_out2_clk_wiz_0  {rise@0.000ns fall@4.000ns period=8.000ns})
  Path Group:             clk_out2_clk_wiz_0
  Path Type:              Setup (Max at Slow Process Corner)
  Requirement:            8.000ns  (clk_out2_clk_wiz_0 rise@8.000ns - clk_out1_clk_wiz_0 rise@0.000ns)
  Data Path Delay:        3.051ns  (logic 0.580ns (19.012%)  route 2.471ns (80.988%))
  Logic Levels:           1  (LUT2=1)
  Clock Path Skew:        -0.246ns (DCD - SCD + CPR)
    Destination Clock Delay (DCD):    1.706ns = ( 9.706 - 8.000 ) 
    Source Clock Delay      (SCD):    1.824ns
    Clock Pessimism Removal (CPR):    -0.128ns
  Clock Uncertainty:      0.215ns  ((TSJ^2 + DJ^2)^1/2) / 2 + PE
    Total System Jitter     (TSJ):    0.071ns
    Discrete Jitter          (DJ):    0.175ns
    Phase Error              (PE):    0.120ns

    Location             Delay type                Incr(ns)  Path(ns)    Netlist Resource(s)
  -------------------------------------------------------------------    -------------------
                         (clock clk_out1_clk_wiz_0 rise edge)
                                                      0.000     0.000 r  
    BUFGCTRL_X0Y2        BUFG                         0.000     0.000 r  clk_IBUF_BUFG_inst/O
                         net (fo=232, routed)         2.106     2.106    datapath/video_inst/mmcm_adv_inst_display_clocks/inst/clk_in1
    MMCME2_ADV_X1Y0      MMCME2_ADV (Prop_mmcme2_adv_CLKIN1_CLKOUT0)
                                                     -4.900    -2.793 r  datapath/video_inst/mmcm_adv_inst_display_clocks/inst/mmcm_adv_inst/CLKOUT0
                         net (fo=1, routed)           2.697    -0.096    datapath/video_inst/mmcm_adv_inst_display_clocks/inst/clk_out1_clk_wiz_0
    BUFGCTRL_X0Y4        BUFG (Prop_bufg_I_O)         0.096    -0.000 r  datapath/video_inst/mmcm_adv_inst_display_clocks/inst/clkout1_buf/O
                         net (fo=63, routed)          1.824     1.824    datapath/video_inst/inst_dvid/clk_out1
    SLICE_X161Y133       FDRE                                         r  datapath/video_inst/inst_dvid/latched_red_reg[0]/C
  -------------------------------------------------------------------    -------------------
    SLICE_X161Y133       FDRE (Prop_fdre_C_Q)         0.456     2.280 r  datapath/video_inst/inst_dvid/latched_red_reg[0]/Q
                         net (fo=1, routed)           1.441     3.721    datapath/video_inst/inst_dvid/latched_red[0]
    SLICE_X163Y133       LUT2 (Prop_lut2_I0_O)        0.124     3.845 r  datapath/video_inst/inst_dvid/shift_red[7]_i_1/O
                         net (fo=5, routed)           1.030     4.875    datapath/video_inst/inst_dvid/shift_red[7]_i_1_n_0
    SLICE_X163Y133       FDSE                                         r  datapath/video_inst/inst_dvid/shift_red_reg[1]/S
  -------------------------------------------------------------------    -------------------

                         (clock clk_out2_clk_wiz_0 rise edge)
                                                      8.000     8.000 r  
    BUFGCTRL_X0Y2        BUFG                         0.000     8.000 r  clk_IBUF_BUFG_inst/O
                         net (fo=232, routed)         1.972     9.972    datapath/video_inst/mmcm_adv_inst_display_clocks/inst/clk_in1
    MMCME2_ADV_X1Y0      MMCME2_ADV (Prop_mmcme2_adv_CLKIN1_CLKOUT1)
                                                     -4.637     5.335 r  datapath/video_inst/mmcm_adv_inst_display_clocks/inst/mmcm_adv_inst/CLKOUT1
                         net (fo=1, routed)           2.574     7.909    datapath/video_inst/mmcm_adv_inst_display_clocks/inst/clk_out2_clk_wiz_0
    BUFGCTRL_X0Y0        BUFG (Prop_bufg_I_O)         0.091     8.000 r  datapath/video_inst/mmcm_adv_inst_display_clocks/inst/clkout2_buf/O
                         net (fo=44, routed)          1.706     9.706    datapath/video_inst/inst_dvid/clk_out2
    SLICE_X163Y133       FDSE                                         r  datapath/video_inst/inst_dvid/shift_red_reg[1]/C
                         clock pessimism             -0.128     9.578    
                         clock uncertainty           -0.215     9.364    
    SLICE_X163Y133       FDSE (Setup_fdse_C_S)       -0.429     8.935    datapath/video_inst/inst_dvid/shift_red_reg[1]
  -------------------------------------------------------------------
                         required time                          8.935    
                         arrival time                          -4.875    
  -------------------------------------------------------------------
                         slack                                  4.059    

Slack (MET) :             4.059ns  (required time - arrival time)
  Source:                 datapath/video_inst/inst_dvid/latched_red_reg[0]/C
                            (rising edge-triggered cell FDRE clocked by clk_out1_clk_wiz_0  {rise@0.000ns fall@20.000ns period=40.000ns})
  Destination:            datapath/video_inst/inst_dvid/shift_red_reg[3]/S
                            (rising edge-triggered cell FDSE clocked by clk_out2_clk_wiz_0  {rise@0.000ns fall@4.000ns period=8.000ns})
  Path Group:             clk_out2_clk_wiz_0
  Path Type:              Setup (Max at Slow Process Corner)
  Requirement:            8.000ns  (clk_out2_clk_wiz_0 rise@8.000ns - clk_out1_clk_wiz_0 rise@0.000ns)
  Data Path Delay:        3.051ns  (logic 0.580ns (19.012%)  route 2.471ns (80.988%))
  Logic Levels:           1  (LUT2=1)
  Clock Path Skew:        -0.246ns (DCD - SCD + CPR)
    Destination Clock Delay (DCD):    1.706ns = ( 9.706 - 8.000 ) 
    Source Clock Delay      (SCD):    1.824ns
    Clock Pessimism Removal (CPR):    -0.128ns
  Clock Uncertainty:      0.215ns  ((TSJ^2 + DJ^2)^1/2) / 2 + PE
    Total System Jitter     (TSJ):    0.071ns
    Discrete Jitter          (DJ):    0.175ns
    Phase Error              (PE):    0.120ns

    Location             Delay type                Incr(ns)  Path(ns)    Netlist Resource(s)
  -------------------------------------------------------------------    -------------------
                         (clock clk_out1_clk_wiz_0 rise edge)
                                                      0.000     0.000 r  
    BUFGCTRL_X0Y2        BUFG                         0.000     0.000 r  clk_IBUF_BUFG_inst/O
                         net (fo=232, routed)         2.106     2.106    datapath/video_inst/mmcm_adv_inst_display_clocks/inst/clk_in1
    MMCME2_ADV_X1Y0      MMCME2_ADV (Prop_mmcme2_adv_CLKIN1_CLKOUT0)
                                                     -4.900    -2.793 r  datapath/video_inst/mmcm_adv_inst_display_clocks/inst/mmcm_adv_inst/CLKOUT0
                         net (fo=1, routed)           2.697    -0.096    datapath/video_inst/mmcm_adv_inst_display_clocks/inst/clk_out1_clk_wiz_0
    BUFGCTRL_X0Y4        BUFG (Prop_bufg_I_O)         0.096    -0.000 r  datapath/video_inst/mmcm_adv_inst_display_clocks/inst/clkout1_buf/O
                         net (fo=63, routed)          1.824     1.824    datapath/video_inst/inst_dvid/clk_out1
    SLICE_X161Y133       FDRE                                         r  datapath/video_inst/inst_dvid/latched_red_reg[0]/C
  -------------------------------------------------------------------    -------------------
    SLICE_X161Y133       FDRE (Prop_fdre_C_Q)         0.456     2.280 r  datapath/video_inst/inst_dvid/latched_red_reg[0]/Q
                         net (fo=1, routed)           1.441     3.721    datapath/video_inst/inst_dvid/latched_red[0]
    SLICE_X163Y133       LUT2 (Prop_lut2_I0_O)        0.124     3.845 r  datapath/video_inst/inst_dvid/shift_red[7]_i_1/O
                         net (fo=5, routed)           1.030     4.875    datapath/video_inst/inst_dvid/shift_red[7]_i_1_n_0
    SLICE_X163Y133       FDSE                                         r  datapath/video_inst/inst_dvid/shift_red_reg[3]/S
  -------------------------------------------------------------------    -------------------

                         (clock clk_out2_clk_wiz_0 rise edge)
                                                      8.000     8.000 r  
    BUFGCTRL_X0Y2        BUFG                         0.000     8.000 r  clk_IBUF_BUFG_inst/O
                         net (fo=232, routed)         1.972     9.972    datapath/video_inst/mmcm_adv_inst_display_clocks/inst/clk_in1
    MMCME2_ADV_X1Y0      MMCME2_ADV (Prop_mmcme2_adv_CLKIN1_CLKOUT1)
                                                     -4.637     5.335 r  datapath/video_inst/mmcm_adv_inst_display_clocks/inst/mmcm_adv_inst/CLKOUT1
                         net (fo=1, routed)           2.574     7.909    datapath/video_inst/mmcm_adv_inst_display_clocks/inst/clk_out2_clk_wiz_0
    BUFGCTRL_X0Y0        BUFG (Prop_bufg_I_O)         0.091     8.000 r  datapath/video_inst/mmcm_adv_inst_display_clocks/inst/clkout2_buf/O
                         net (fo=44, routed)          1.706     9.706    datapath/video_inst/inst_dvid/clk_out2
    SLICE_X163Y133       FDSE                                         r  datapath/video_inst/inst_dvid/shift_red_reg[3]/C
                         clock pessimism             -0.128     9.578    
                         clock uncertainty           -0.215     9.364    
    SLICE_X163Y133       FDSE (Setup_fdse_C_S)       -0.429     8.935    datapath/video_inst/inst_dvid/shift_red_reg[3]
  -------------------------------------------------------------------
                         required time                          8.935    
                         arrival time                          -4.875    
  -------------------------------------------------------------------
                         slack                                  4.059    

Slack (MET) :             4.059ns  (required time - arrival time)
  Source:                 datapath/video_inst/inst_dvid/latched_red_reg[0]/C
                            (rising edge-triggered cell FDRE clocked by clk_out1_clk_wiz_0  {rise@0.000ns fall@20.000ns period=40.000ns})
  Destination:            datapath/video_inst/inst_dvid/shift_red_reg[5]/S
                            (rising edge-triggered cell FDSE clocked by clk_out2_clk_wiz_0  {rise@0.000ns fall@4.000ns period=8.000ns})
  Path Group:             clk_out2_clk_wiz_0
  Path Type:              Setup (Max at Slow Process Corner)
  Requirement:            8.000ns  (clk_out2_clk_wiz_0 rise@8.000ns - clk_out1_clk_wiz_0 rise@0.000ns)
  Data Path Delay:        3.051ns  (logic 0.580ns (19.012%)  route 2.471ns (80.988%))
  Logic Levels:           1  (LUT2=1)
  Clock Path Skew:        -0.246ns (DCD - SCD + CPR)
    Destination Clock Delay (DCD):    1.706ns = ( 9.706 - 8.000 ) 
    Source Clock Delay      (SCD):    1.824ns
    Clock Pessimism Removal (CPR):    -0.128ns
  Clock Uncertainty:      0.215ns  ((TSJ^2 + DJ^2)^1/2) / 2 + PE
    Total System Jitter     (TSJ):    0.071ns
    Discrete Jitter          (DJ):    0.175ns
    Phase Error              (PE):    0.120ns

    Location             Delay type                Incr(ns)  Path(ns)    Netlist Resource(s)
  -------------------------------------------------------------------    -------------------
                         (clock clk_out1_clk_wiz_0 rise edge)
                                                      0.000     0.000 r  
    BUFGCTRL_X0Y2        BUFG                         0.000     0.000 r  clk_IBUF_BUFG_inst/O
                         net (fo=232, routed)         2.106     2.106    datapath/video_inst/mmcm_adv_inst_display_clocks/inst/clk_in1
    MMCME2_ADV_X1Y0      MMCME2_ADV (Prop_mmcme2_adv_CLKIN1_CLKOUT0)
                                                     -4.900    -2.793 r  datapath/video_inst/mmcm_adv_inst_display_clocks/inst/mmcm_adv_inst/CLKOUT0
                         net (fo=1, routed)           2.697    -0.096    datapath/video_inst/mmcm_adv_inst_display_clocks/inst/clk_out1_clk_wiz_0
    BUFGCTRL_X0Y4        BUFG (Prop_bufg_I_O)         0.096    -0.000 r  datapath/video_inst/mmcm_adv_inst_display_clocks/inst/clkout1_buf/O
                         net (fo=63, routed)          1.824     1.824    datapath/video_inst/inst_dvid/clk_out1
    SLICE_X161Y133       FDRE                                         r  datapath/video_inst/inst_dvid/latched_red_reg[0]/C
  -------------------------------------------------------------------    -------------------
    SLICE_X161Y133       FDRE (Prop_fdre_C_Q)         0.456     2.280 r  datapath/video_inst/inst_dvid/latched_red_reg[0]/Q
                         net (fo=1, routed)           1.441     3.721    datapath/video_inst/inst_dvid/latched_red[0]
    SLICE_X163Y133       LUT2 (Prop_lut2_I0_O)        0.124     3.845 r  datapath/video_inst/inst_dvid/shift_red[7]_i_1/O
                         net (fo=5, routed)           1.030     4.875    datapath/video_inst/inst_dvid/shift_red[7]_i_1_n_0
    SLICE_X163Y133       FDSE                                         r  datapath/video_inst/inst_dvid/shift_red_reg[5]/S
  -------------------------------------------------------------------    -------------------

                         (clock clk_out2_clk_wiz_0 rise edge)
                                                      8.000     8.000 r  
    BUFGCTRL_X0Y2        BUFG                         0.000     8.000 r  clk_IBUF_BUFG_inst/O
                         net (fo=232, routed)         1.972     9.972    datapath/video_inst/mmcm_adv_inst_display_clocks/inst/clk_in1
    MMCME2_ADV_X1Y0      MMCME2_ADV (Prop_mmcme2_adv_CLKIN1_CLKOUT1)
                                                     -4.637     5.335 r  datapath/video_inst/mmcm_adv_inst_display_clocks/inst/mmcm_adv_inst/CLKOUT1
                         net (fo=1, routed)           2.574     7.909    datapath/video_inst/mmcm_adv_inst_display_clocks/inst/clk_out2_clk_wiz_0
    BUFGCTRL_X0Y0        BUFG (Prop_bufg_I_O)         0.091     8.000 r  datapath/video_inst/mmcm_adv_inst_display_clocks/inst/clkout2_buf/O
                         net (fo=44, routed)          1.706     9.706    datapath/video_inst/inst_dvid/clk_out2
    SLICE_X163Y133       FDSE                                         r  datapath/video_inst/inst_dvid/shift_red_reg[5]/C
                         clock pessimism             -0.128     9.578    
                         clock uncertainty           -0.215     9.364    
    SLICE_X163Y133       FDSE (Setup_fdse_C_S)       -0.429     8.935    datapath/video_inst/inst_dvid/shift_red_reg[5]
  -------------------------------------------------------------------
                         required time                          8.935    
                         arrival time                          -4.875    
  -------------------------------------------------------------------
                         slack                                  4.059    

Slack (MET) :             4.059ns  (required time - arrival time)
  Source:                 datapath/video_inst/inst_dvid/latched_red_reg[0]/C
                            (rising edge-triggered cell FDRE clocked by clk_out1_clk_wiz_0  {rise@0.000ns fall@20.000ns period=40.000ns})
  Destination:            datapath/video_inst/inst_dvid/shift_red_reg[7]/S
                            (rising edge-triggered cell FDSE clocked by clk_out2_clk_wiz_0  {rise@0.000ns fall@4.000ns period=8.000ns})
  Path Group:             clk_out2_clk_wiz_0
  Path Type:              Setup (Max at Slow Process Corner)
  Requirement:            8.000ns  (clk_out2_clk_wiz_0 rise@8.000ns - clk_out1_clk_wiz_0 rise@0.000ns)
  Data Path Delay:        3.051ns  (logic 0.580ns (19.012%)  route 2.471ns (80.988%))
  Logic Levels:           1  (LUT2=1)
  Clock Path Skew:        -0.246ns (DCD - SCD + CPR)
    Destination Clock Delay (DCD):    1.706ns = ( 9.706 - 8.000 ) 
    Source Clock Delay      (SCD):    1.824ns
    Clock Pessimism Removal (CPR):    -0.128ns
  Clock Uncertainty:      0.215ns  ((TSJ^2 + DJ^2)^1/2) / 2 + PE
    Total System Jitter     (TSJ):    0.071ns
    Discrete Jitter          (DJ):    0.175ns
    Phase Error              (PE):    0.120ns

    Location             Delay type                Incr(ns)  Path(ns)    Netlist Resource(s)
  -------------------------------------------------------------------    -------------------
                         (clock clk_out1_clk_wiz_0 rise edge)
                                                      0.000     0.000 r  
    BUFGCTRL_X0Y2        BUFG                         0.000     0.000 r  clk_IBUF_BUFG_inst/O
                         net (fo=232, routed)         2.106     2.106    datapath/video_inst/mmcm_adv_inst_display_clocks/inst/clk_in1
    MMCME2_ADV_X1Y0      MMCME2_ADV (Prop_mmcme2_adv_CLKIN1_CLKOUT0)
                                                     -4.900    -2.793 r  datapath/video_inst/mmcm_adv_inst_display_clocks/inst/mmcm_adv_inst/CLKOUT0
                         net (fo=1, routed)           2.697    -0.096    datapath/video_inst/mmcm_adv_inst_display_clocks/inst/clk_out1_clk_wiz_0
    BUFGCTRL_X0Y4        BUFG (Prop_bufg_I_O)         0.096    -0.000 r  datapath/video_inst/mmcm_adv_inst_display_clocks/inst/clkout1_buf/O
                         net (fo=63, routed)          1.824     1.824    datapath/video_inst/inst_dvid/clk_out1
    SLICE_X161Y133       FDRE                                         r  datapath/video_inst/inst_dvid/latched_red_reg[0]/C
  -------------------------------------------------------------------    -------------------
    SLICE_X161Y133       FDRE (Prop_fdre_C_Q)         0.456     2.280 r  datapath/video_inst/inst_dvid/latched_red_reg[0]/Q
                         net (fo=1, routed)           1.441     3.721    datapath/video_inst/inst_dvid/latched_red[0]
    SLICE_X163Y133       LUT2 (Prop_lut2_I0_O)        0.124     3.845 r  datapath/video_inst/inst_dvid/shift_red[7]_i_1/O
                         net (fo=5, routed)           1.030     4.875    datapath/video_inst/inst_dvid/shift_red[7]_i_1_n_0
    SLICE_X163Y133       FDSE                                         r  datapath/video_inst/inst_dvid/shift_red_reg[7]/S
  -------------------------------------------------------------------    -------------------

                         (clock clk_out2_clk_wiz_0 rise edge)
                                                      8.000     8.000 r  
    BUFGCTRL_X0Y2        BUFG                         0.000     8.000 r  clk_IBUF_BUFG_inst/O
                         net (fo=232, routed)         1.972     9.972    datapath/video_inst/mmcm_adv_inst_display_clocks/inst/clk_in1
    MMCME2_ADV_X1Y0      MMCME2_ADV (Prop_mmcme2_adv_CLKIN1_CLKOUT1)
                                                     -4.637     5.335 r  datapath/video_inst/mmcm_adv_inst_display_clocks/inst/mmcm_adv_inst/CLKOUT1
                         net (fo=1, routed)           2.574     7.909    datapath/video_inst/mmcm_adv_inst_display_clocks/inst/clk_out2_clk_wiz_0
    BUFGCTRL_X0Y0        BUFG (Prop_bufg_I_O)         0.091     8.000 r  datapath/video_inst/mmcm_adv_inst_display_clocks/inst/clkout2_buf/O
                         net (fo=44, routed)          1.706     9.706    datapath/video_inst/inst_dvid/clk_out2
    SLICE_X163Y133       FDSE                                         r  datapath/video_inst/inst_dvid/shift_red_reg[7]/C
                         clock pessimism             -0.128     9.578    
                         clock uncertainty           -0.215     9.364    
    SLICE_X163Y133       FDSE (Setup_fdse_C_S)       -0.429     8.935    datapath/video_inst/inst_dvid/shift_red_reg[7]
  -------------------------------------------------------------------
                         required time                          8.935    
                         arrival time                          -4.875    
  -------------------------------------------------------------------
                         slack                                  4.059    

Slack (MET) :             4.789ns  (required time - arrival time)
  Source:                 datapath/video_inst/inst_dvid/latched_blue_reg[1]/C
                            (rising edge-triggered cell FDRE clocked by clk_out1_clk_wiz_0  {rise@0.000ns fall@20.000ns period=40.000ns})
  Destination:            datapath/video_inst/inst_dvid/shift_blue_reg[1]/D
                            (rising edge-triggered cell FDRE clocked by clk_out2_clk_wiz_0  {rise@0.000ns fall@4.000ns period=8.000ns})
  Path Group:             clk_out2_clk_wiz_0
  Path Type:              Setup (Max at Slow Process Corner)
  Requirement:            8.000ns  (clk_out2_clk_wiz_0 rise@8.000ns - clk_out1_clk_wiz_0 rise@0.000ns)
  Data Path Delay:        2.826ns  (logic 0.608ns (21.513%)  route 2.218ns (78.487%))
  Logic Levels:           1  (LUT3=1)
  Clock Path Skew:        -0.245ns (DCD - SCD + CPR)
    Destination Clock Delay (DCD):    1.705ns = ( 9.705 - 8.000 ) 
    Source Clock Delay      (SCD):    1.822ns
    Clock Pessimism Removal (CPR):    -0.128ns
  Clock Uncertainty:      0.215ns  ((TSJ^2 + DJ^2)^1/2) / 2 + PE
    Total System Jitter     (TSJ):    0.071ns
    Discrete Jitter          (DJ):    0.175ns
    Phase Error              (PE):    0.120ns

    Location             Delay type                Incr(ns)  Path(ns)    Netlist Resource(s)
  -------------------------------------------------------------------    -------------------
                         (clock clk_out1_clk_wiz_0 rise edge)
                                                      0.000     0.000 r  
    BUFGCTRL_X0Y2        BUFG                         0.000     0.000 r  clk_IBUF_BUFG_inst/O
                         net (fo=232, routed)         2.106     2.106    datapath/video_inst/mmcm_adv_inst_display_clocks/inst/clk_in1
    MMCME2_ADV_X1Y0      MMCME2_ADV (Prop_mmcme2_adv_CLKIN1_CLKOUT0)
                                                     -4.900    -2.793 r  datapath/video_inst/mmcm_adv_inst_display_clocks/inst/mmcm_adv_inst/CLKOUT0
                         net (fo=1, routed)           2.697    -0.096    datapath/video_inst/mmcm_adv_inst_display_clocks/inst/clk_out1_clk_wiz_0
    BUFGCTRL_X0Y4        BUFG (Prop_bufg_I_O)         0.096    -0.000 r  datapath/video_inst/mmcm_adv_inst_display_clocks/inst/clkout1_buf/O
                         net (fo=63, routed)          1.822     1.822    datapath/video_inst/inst_dvid/clk_out1
    SLICE_X159Y133       FDRE                                         r  datapath/video_inst/inst_dvid/latched_blue_reg[1]/C
  -------------------------------------------------------------------    -------------------
    SLICE_X159Y133       FDRE (Prop_fdre_C_Q)         0.456     2.278 r  datapath/video_inst/inst_dvid/latched_blue_reg[1]/Q
                         net (fo=4, routed)           2.218     4.497    datapath/video_inst/inst_dvid/latched_blue[1]
    SLICE_X159Y134       LUT3 (Prop_lut3_I2_O)        0.152     4.649 r  datapath/video_inst/inst_dvid/shift_blue[1]_i_1/O
                         net (fo=1, routed)           0.000     4.649    datapath/video_inst/inst_dvid/shift_blue[1]
    SLICE_X159Y134       FDRE                                         r  datapath/video_inst/inst_dvid/shift_blue_reg[1]/D
  -------------------------------------------------------------------    -------------------

                         (clock clk_out2_clk_wiz_0 rise edge)
                                                      8.000     8.000 r  
    BUFGCTRL_X0Y2        BUFG                         0.000     8.000 r  clk_IBUF_BUFG_inst/O
                         net (fo=232, routed)         1.972     9.972    datapath/video_inst/mmcm_adv_inst_display_clocks/inst/clk_in1
    MMCME2_ADV_X1Y0      MMCME2_ADV (Prop_mmcme2_adv_CLKIN1_CLKOUT1)
                                                     -4.637     5.335 r  datapath/video_inst/mmcm_adv_inst_display_clocks/inst/mmcm_adv_inst/CLKOUT1
                         net (fo=1, routed)           2.574     7.909    datapath/video_inst/mmcm_adv_inst_display_clocks/inst/clk_out2_clk_wiz_0
    BUFGCTRL_X0Y0        BUFG (Prop_bufg_I_O)         0.091     8.000 r  datapath/video_inst/mmcm_adv_inst_display_clocks/inst/clkout2_buf/O
                         net (fo=44, routed)          1.705     9.705    datapath/video_inst/inst_dvid/clk_out2
    SLICE_X159Y134       FDRE                                         r  datapath/video_inst/inst_dvid/shift_blue_reg[1]/C
                         clock pessimism             -0.128     9.577    
                         clock uncertainty           -0.215     9.363    
    SLICE_X159Y134       FDRE (Setup_fdre_C_D)        0.075     9.438    datapath/video_inst/inst_dvid/shift_blue_reg[1]
  -------------------------------------------------------------------
                         required time                          9.438    
                         arrival time                          -4.649    
  -------------------------------------------------------------------
                         slack                                  4.789    

Slack (MET) :             4.800ns  (required time - arrival time)
  Source:                 datapath/video_inst/inst_dvid/latched_green_reg[2]/C
                            (rising edge-triggered cell FDRE clocked by clk_out1_clk_wiz_0  {rise@0.000ns fall@20.000ns period=40.000ns})
  Destination:            datapath/video_inst/inst_dvid/shift_green_reg[2]/D
                            (rising edge-triggered cell FDRE clocked by clk_out2_clk_wiz_0  {rise@0.000ns fall@4.000ns period=8.000ns})
  Path Group:             clk_out2_clk_wiz_0
  Path Type:              Setup (Max at Slow Process Corner)
  Requirement:            8.000ns  (clk_out2_clk_wiz_0 rise@8.000ns - clk_out1_clk_wiz_0 rise@0.000ns)
  Data Path Delay:        2.772ns  (logic 0.716ns (25.830%)  route 2.056ns (74.170%))
  Logic Levels:           1  (LUT3=1)
  Clock Path Skew:        -0.244ns (DCD - SCD + CPR)
    Destination Clock Delay (DCD):    1.708ns = ( 9.708 - 8.000 ) 
    Source Clock Delay      (SCD):    1.824ns
    Clock Pessimism Removal (CPR):    -0.128ns
  Clock Uncertainty:      0.215ns  ((TSJ^2 + DJ^2)^1/2) / 2 + PE
    Total System Jitter     (TSJ):    0.071ns
    Discrete Jitter          (DJ):    0.175ns
    Phase Error              (PE):    0.120ns

    Location             Delay type                Incr(ns)  Path(ns)    Netlist Resource(s)
  -------------------------------------------------------------------    -------------------
                         (clock clk_out1_clk_wiz_0 rise edge)
                                                      0.000     0.000 r  
    BUFGCTRL_X0Y2        BUFG                         0.000     0.000 r  clk_IBUF_BUFG_inst/O
                         net (fo=232, routed)         2.106     2.106    datapath/video_inst/mmcm_adv_inst_display_clocks/inst/clk_in1
    MMCME2_ADV_X1Y0      MMCME2_ADV (Prop_mmcme2_adv_CLKIN1_CLKOUT0)
                                                     -4.900    -2.793 r  datapath/video_inst/mmcm_adv_inst_display_clocks/inst/mmcm_adv_inst/CLKOUT0
                         net (fo=1, routed)           2.697    -0.096    datapath/video_inst/mmcm_adv_inst_display_clocks/inst/clk_out1_clk_wiz_0
    BUFGCTRL_X0Y4        BUFG (Prop_bufg_I_O)         0.096    -0.000 r  datapath/video_inst/mmcm_adv_inst_display_clocks/inst/clkout1_buf/O
                         net (fo=63, routed)          1.824     1.824    datapath/video_inst/inst_dvid/clk_out1
    SLICE_X160Y133       FDRE                                         r  datapath/video_inst/inst_dvid/latched_green_reg[2]/C
  -------------------------------------------------------------------    -------------------
    SLICE_X160Y133       FDRE (Prop_fdre_C_Q)         0.419     2.243 r  datapath/video_inst/inst_dvid/latched_green_reg[2]/Q
                         net (fo=3, routed)           2.056     4.299    datapath/video_inst/inst_dvid/latched_green[2]
    SLICE_X161Y136       LUT3 (Prop_lut3_I2_O)        0.297     4.596 r  datapath/video_inst/inst_dvid/shift_green[2]_i_1/O
                         net (fo=1, routed)           0.000     4.596    datapath/video_inst/inst_dvid/shift_green[2]
    SLICE_X161Y136       FDRE                                         r  datapath/video_inst/inst_dvid/shift_green_reg[2]/D
  -------------------------------------------------------------------    -------------------

                         (clock clk_out2_clk_wiz_0 rise edge)
                                                      8.000     8.000 r  
    BUFGCTRL_X0Y2        BUFG                         0.000     8.000 r  clk_IBUF_BUFG_inst/O
                         net (fo=232, routed)         1.972     9.972    datapath/video_inst/mmcm_adv_inst_display_clocks/inst/clk_in1
    MMCME2_ADV_X1Y0      MMCME2_ADV (Prop_mmcme2_adv_CLKIN1_CLKOUT1)
                                                     -4.637     5.335 r  datapath/video_inst/mmcm_adv_inst_display_clocks/inst/mmcm_adv_inst/CLKOUT1
                         net (fo=1, routed)           2.574     7.909    datapath/video_inst/mmcm_adv_inst_display_clocks/inst/clk_out2_clk_wiz_0
    BUFGCTRL_X0Y0        BUFG (Prop_bufg_I_O)         0.091     8.000 r  datapath/video_inst/mmcm_adv_inst_display_clocks/inst/clkout2_buf/O
                         net (fo=44, routed)          1.708     9.708    datapath/video_inst/inst_dvid/clk_out2
    SLICE_X161Y136       FDRE                                         r  datapath/video_inst/inst_dvid/shift_green_reg[2]/C
                         clock pessimism             -0.128     9.580    
                         clock uncertainty           -0.215     9.366    
    SLICE_X161Y136       FDRE (Setup_fdre_C_D)        0.031     9.397    datapath/video_inst/inst_dvid/shift_green_reg[2]
  -------------------------------------------------------------------
                         required time                          9.397    
                         arrival time                          -4.596    
  -------------------------------------------------------------------
                         slack                                  4.800    

Slack (MET) :             4.816ns  (required time - arrival time)
  Source:                 datapath/video_inst/inst_dvid/latched_green_reg[2]/C
                            (rising edge-triggered cell FDRE clocked by clk_out1_clk_wiz_0  {rise@0.000ns fall@20.000ns period=40.000ns})
  Destination:            datapath/video_inst/inst_dvid/shift_green_reg[4]/D
                            (rising edge-triggered cell FDRE clocked by clk_out2_clk_wiz_0  {rise@0.000ns fall@4.000ns period=8.000ns})
  Path Group:             clk_out2_clk_wiz_0
  Path Type:              Setup (Max at Slow Process Corner)
  Requirement:            8.000ns  (clk_out2_clk_wiz_0 rise@8.000ns - clk_out1_clk_wiz_0 rise@0.000ns)
  Data Path Delay:        2.800ns  (logic 0.744ns (26.572%)  route 2.056ns (73.428%))
  Logic Levels:           1  (LUT3=1)
  Clock Path Skew:        -0.244ns (DCD - SCD + CPR)
    Destination Clock Delay (DCD):    1.708ns = ( 9.708 - 8.000 ) 
    Source Clock Delay      (SCD):    1.824ns
    Clock Pessimism Removal (CPR):    -0.128ns
  Clock Uncertainty:      0.215ns  ((TSJ^2 + DJ^2)^1/2) / 2 + PE
    Total System Jitter     (TSJ):    0.071ns
    Discrete Jitter          (DJ):    0.175ns
    Phase Error              (PE):    0.120ns

    Location             Delay type                Incr(ns)  Path(ns)    Netlist Resource(s)
  -------------------------------------------------------------------    -------------------
                         (clock clk_out1_clk_wiz_0 rise edge)
                                                      0.000     0.000 r  
    BUFGCTRL_X0Y2        BUFG                         0.000     0.000 r  clk_IBUF_BUFG_inst/O
                         net (fo=232, routed)         2.106     2.106    datapath/video_inst/mmcm_adv_inst_display_clocks/inst/clk_in1
    MMCME2_ADV_X1Y0      MMCME2_ADV (Prop_mmcme2_adv_CLKIN1_CLKOUT0)
                                                     -4.900    -2.793 r  datapath/video_inst/mmcm_adv_inst_display_clocks/inst/mmcm_adv_inst/CLKOUT0
                         net (fo=1, routed)           2.697    -0.096    datapath/video_inst/mmcm_adv_inst_display_clocks/inst/clk_out1_clk_wiz_0
    BUFGCTRL_X0Y4        BUFG (Prop_bufg_I_O)         0.096    -0.000 r  datapath/video_inst/mmcm_adv_inst_display_clocks/inst/clkout1_buf/O
                         net (fo=63, routed)          1.824     1.824    datapath/video_inst/inst_dvid/clk_out1
    SLICE_X160Y133       FDRE                                         r  datapath/video_inst/inst_dvid/latched_green_reg[2]/C
  -------------------------------------------------------------------    -------------------
    SLICE_X160Y133       FDRE (Prop_fdre_C_Q)         0.419     2.243 r  datapath/video_inst/inst_dvid/latched_green_reg[2]/Q
                         net (fo=3, routed)           2.056     4.299    datapath/video_inst/inst_dvid/latched_green[2]
    SLICE_X161Y136       LUT3 (Prop_lut3_I2_O)        0.325     4.624 r  datapath/video_inst/inst_dvid/shift_green[4]_i_1/O
                         net (fo=1, routed)           0.000     4.624    datapath/video_inst/inst_dvid/shift_green[4]
    SLICE_X161Y136       FDRE                                         r  datapath/video_inst/inst_dvid/shift_green_reg[4]/D
  -------------------------------------------------------------------    -------------------

                         (clock clk_out2_clk_wiz_0 rise edge)
                                                      8.000     8.000 r  
    BUFGCTRL_X0Y2        BUFG                         0.000     8.000 r  clk_IBUF_BUFG_inst/O
                         net (fo=232, routed)         1.972     9.972    datapath/video_inst/mmcm_adv_inst_display_clocks/inst/clk_in1
    MMCME2_ADV_X1Y0      MMCME2_ADV (Prop_mmcme2_adv_CLKIN1_CLKOUT1)
                                                     -4.637     5.335 r  datapath/video_inst/mmcm_adv_inst_display_clocks/inst/mmcm_adv_inst/CLKOUT1
                         net (fo=1, routed)           2.574     7.909    datapath/video_inst/mmcm_adv_inst_display_clocks/inst/clk_out2_clk_wiz_0
    BUFGCTRL_X0Y0        BUFG (Prop_bufg_I_O)         0.091     8.000 r  datapath/video_inst/mmcm_adv_inst_display_clocks/inst/clkout2_buf/O
                         net (fo=44, routed)          1.708     9.708    datapath/video_inst/inst_dvid/clk_out2
    SLICE_X161Y136       FDRE                                         r  datapath/video_inst/inst_dvid/shift_green_reg[4]/C
                         clock pessimism             -0.128     9.580    
                         clock uncertainty           -0.215     9.366    
    SLICE_X161Y136       FDRE (Setup_fdre_C_D)        0.075     9.441    datapath/video_inst/inst_dvid/shift_green_reg[4]
  -------------------------------------------------------------------
                         required time                          9.441    
                         arrival time                          -4.624    
  -------------------------------------------------------------------
                         slack                                  4.816    

Slack (MET) :             4.954ns  (required time - arrival time)
  Source:                 datapath/video_inst/inst_dvid/latched_blue_reg[1]/C
                            (rising edge-triggered cell FDRE clocked by clk_out1_clk_wiz_0  {rise@0.000ns fall@20.000ns period=40.000ns})
  Destination:            datapath/video_inst/inst_dvid/shift_blue_reg[3]/D
                            (rising edge-triggered cell FDRE clocked by clk_out2_clk_wiz_0  {rise@0.000ns fall@4.000ns period=8.000ns})
  Path Group:             clk_out2_clk_wiz_0
  Path Type:              Setup (Max at Slow Process Corner)
  Requirement:            8.000ns  (clk_out2_clk_wiz_0 rise@8.000ns - clk_out1_clk_wiz_0 rise@0.000ns)
  Data Path Delay:        2.661ns  (logic 0.608ns (22.851%)  route 2.053ns (77.149%))
  Logic Levels:           1  (LUT3=1)
  Clock Path Skew:        -0.245ns (DCD - SCD + CPR)
    Destination Clock Delay (DCD):    1.705ns = ( 9.705 - 8.000 ) 
    Source Clock Delay      (SCD):    1.822ns
    Clock Pessimism Removal (CPR):    -0.128ns
  Clock Uncertainty:      0.215ns  ((TSJ^2 + DJ^2)^1/2) / 2 + PE
    Total System Jitter     (TSJ):    0.071ns
    Discrete Jitter          (DJ):    0.175ns
    Phase Error              (PE):    0.120ns

    Location             Delay type                Incr(ns)  Path(ns)    Netlist Resource(s)
  -------------------------------------------------------------------    -------------------
                         (clock clk_out1_clk_wiz_0 rise edge)
                                                      0.000     0.000 r  
    BUFGCTRL_X0Y2        BUFG                         0.000     0.000 r  clk_IBUF_BUFG_inst/O
                         net (fo=232, routed)         2.106     2.106    datapath/video_inst/mmcm_adv_inst_display_clocks/inst/clk_in1
    MMCME2_ADV_X1Y0      MMCME2_ADV (Prop_mmcme2_adv_CLKIN1_CLKOUT0)
                                                     -4.900    -2.793 r  datapath/video_inst/mmcm_adv_inst_display_clocks/inst/mmcm_adv_inst/CLKOUT0
                         net (fo=1, routed)           2.697    -0.096    datapath/video_inst/mmcm_adv_inst_display_clocks/inst/clk_out1_clk_wiz_0
    BUFGCTRL_X0Y4        BUFG (Prop_bufg_I_O)         0.096    -0.000 r  datapath/video_inst/mmcm_adv_inst_display_clocks/inst/clkout1_buf/O
                         net (fo=63, routed)          1.822     1.822    datapath/video_inst/inst_dvid/clk_out1
    SLICE_X159Y133       FDRE                                         r  datapath/video_inst/inst_dvid/latched_blue_reg[1]/C
  -------------------------------------------------------------------    -------------------
    SLICE_X159Y133       FDRE (Prop_fdre_C_Q)         0.456     2.278 r  datapath/video_inst/inst_dvid/latched_blue_reg[1]/Q
                         net (fo=4, routed)           2.053     4.331    datapath/video_inst/inst_dvid/latched_blue[1]
    SLICE_X159Y134       LUT3 (Prop_lut3_I2_O)        0.152     4.483 r  datapath/video_inst/inst_dvid/shift_blue[3]_i_1/O
                         net (fo=1, routed)           0.000     4.483    datapath/video_inst/inst_dvid/shift_blue[3]
    SLICE_X159Y134       FDRE                                         r  datapath/video_inst/inst_dvid/shift_blue_reg[3]/D
  -------------------------------------------------------------------    -------------------

                         (clock clk_out2_clk_wiz_0 rise edge)
                                                      8.000     8.000 r  
    BUFGCTRL_X0Y2        BUFG                         0.000     8.000 r  clk_IBUF_BUFG_inst/O
                         net (fo=232, routed)         1.972     9.972    datapath/video_inst/mmcm_adv_inst_display_clocks/inst/clk_in1
    MMCME2_ADV_X1Y0      MMCME2_ADV (Prop_mmcme2_adv_CLKIN1_CLKOUT1)
                                                     -4.637     5.335 r  datapath/video_inst/mmcm_adv_inst_display_clocks/inst/mmcm_adv_inst/CLKOUT1
                         net (fo=1, routed)           2.574     7.909    datapath/video_inst/mmcm_adv_inst_display_clocks/inst/clk_out2_clk_wiz_0
    BUFGCTRL_X0Y0        BUFG (Prop_bufg_I_O)         0.091     8.000 r  datapath/video_inst/mmcm_adv_inst_display_clocks/inst/clkout2_buf/O
                         net (fo=44, routed)          1.705     9.705    datapath/video_inst/inst_dvid/clk_out2
    SLICE_X159Y134       FDRE                                         r  datapath/video_inst/inst_dvid/shift_blue_reg[3]/C
                         clock pessimism             -0.128     9.577    
                         clock uncertainty           -0.215     9.363    
    SLICE_X159Y134       FDRE (Setup_fdre_C_D)        0.075     9.438    datapath/video_inst/inst_dvid/shift_blue_reg[3]
  -------------------------------------------------------------------
                         required time                          9.438    
                         arrival time                          -4.483    
  -------------------------------------------------------------------
                         slack                                  4.954    

Slack (MET) :             5.088ns  (required time - arrival time)
  Source:                 datapath/video_inst/inst_dvid/latched_blue_reg[8]/C
                            (rising edge-triggered cell FDRE clocked by clk_out1_clk_wiz_0  {rise@0.000ns fall@20.000ns period=40.000ns})
  Destination:            datapath/video_inst/inst_dvid/shift_blue_reg[8]/D
                            (rising edge-triggered cell FDRE clocked by clk_out2_clk_wiz_0  {rise@0.000ns fall@4.000ns period=8.000ns})
  Path Group:             clk_out2_clk_wiz_0
  Path Type:              Setup (Max at Slow Process Corner)
  Requirement:            8.000ns  (clk_out2_clk_wiz_0 rise@8.000ns - clk_out1_clk_wiz_0 rise@0.000ns)
  Data Path Delay:        2.385ns  (logic 0.456ns (19.119%)  route 1.929ns (80.880%))
  Logic Levels:           0  
  Clock Path Skew:        -0.245ns (DCD - SCD + CPR)
    Destination Clock Delay (DCD):    1.707ns = ( 9.707 - 8.000 ) 
    Source Clock Delay      (SCD):    1.824ns
    Clock Pessimism Removal (CPR):    -0.128ns
  Clock Uncertainty:      0.215ns  ((TSJ^2 + DJ^2)^1/2) / 2 + PE
    Total System Jitter     (TSJ):    0.071ns
    Discrete Jitter          (DJ):    0.175ns
    Phase Error              (PE):    0.120ns

    Location             Delay type                Incr(ns)  Path(ns)    Netlist Resource(s)
  -------------------------------------------------------------------    -------------------
                         (clock clk_out1_clk_wiz_0 rise edge)
                                                      0.000     0.000 r  
    BUFGCTRL_X0Y2        BUFG                         0.000     0.000 r  clk_IBUF_BUFG_inst/O
                         net (fo=232, routed)         2.106     2.106    datapath/video_inst/mmcm_adv_inst_display_clocks/inst/clk_in1
    MMCME2_ADV_X1Y0      MMCME2_ADV (Prop_mmcme2_adv_CLKIN1_CLKOUT0)
                                                     -4.900    -2.793 r  datapath/video_inst/mmcm_adv_inst_display_clocks/inst/mmcm_adv_inst/CLKOUT0
                         net (fo=1, routed)           2.697    -0.096    datapath/video_inst/mmcm_adv_inst_display_clocks/inst/clk_out1_clk_wiz_0
    BUFGCTRL_X0Y4        BUFG (Prop_bufg_I_O)         0.096    -0.000 r  datapath/video_inst/mmcm_adv_inst_display_clocks/inst/clkout1_buf/O
                         net (fo=63, routed)          1.824     1.824    datapath/video_inst/inst_dvid/clk_out1
    SLICE_X161Y133       FDRE                                         r  datapath/video_inst/inst_dvid/latched_blue_reg[8]/C
  -------------------------------------------------------------------    -------------------
    SLICE_X161Y133       FDRE (Prop_fdre_C_Q)         0.456     2.280 r  datapath/video_inst/inst_dvid/latched_blue_reg[8]/Q
                         net (fo=1, routed)           1.929     4.209    datapath/video_inst/inst_dvid/latched_blue[8]
    SLICE_X160Y134       FDRE                                         r  datapath/video_inst/inst_dvid/shift_blue_reg[8]/D
  -------------------------------------------------------------------    -------------------

                         (clock clk_out2_clk_wiz_0 rise edge)
                                                      8.000     8.000 r  
    BUFGCTRL_X0Y2        BUFG                         0.000     8.000 r  clk_IBUF_BUFG_inst/O
                         net (fo=232, routed)         1.972     9.972    datapath/video_inst/mmcm_adv_inst_display_clocks/inst/clk_in1
    MMCME2_ADV_X1Y0      MMCME2_ADV (Prop_mmcme2_adv_CLKIN1_CLKOUT1)
                                                     -4.637     5.335 r  datapath/video_inst/mmcm_adv_inst_display_clocks/inst/mmcm_adv_inst/CLKOUT1
                         net (fo=1, routed)           2.574     7.909    datapath/video_inst/mmcm_adv_inst_display_clocks/inst/clk_out2_clk_wiz_0
    BUFGCTRL_X0Y0        BUFG (Prop_bufg_I_O)         0.091     8.000 r  datapath/video_inst/mmcm_adv_inst_display_clocks/inst/clkout2_buf/O
                         net (fo=44, routed)          1.707     9.707    datapath/video_inst/inst_dvid/clk_out2
    SLICE_X160Y134       FDRE                                         r  datapath/video_inst/inst_dvid/shift_blue_reg[8]/C
                         clock pessimism             -0.128     9.579    
                         clock uncertainty           -0.215     9.365    
    SLICE_X160Y134       FDRE (Setup_fdre_C_D)       -0.067     9.298    datapath/video_inst/inst_dvid/shift_blue_reg[8]
  -------------------------------------------------------------------
                         required time                          9.298    
                         arrival time                          -4.209    
  -------------------------------------------------------------------
                         slack                                  5.088    





Min Delay Paths
--------------------------------------------------------------------------------------
Slack (MET) :             0.167ns  (arrival time - required time)
  Source:                 datapath/video_inst/inst_dvid/latched_blue_reg[1]/C
                            (rising edge-triggered cell FDRE clocked by clk_out1_clk_wiz_0  {rise@0.000ns fall@20.000ns period=40.000ns})
  Destination:            datapath/video_inst/inst_dvid/shift_blue_reg[7]/D
                            (rising edge-triggered cell FDRE clocked by clk_out2_clk_wiz_0  {rise@0.000ns fall@4.000ns period=8.000ns})
  Path Group:             clk_out2_clk_wiz_0
  Path Type:              Hold (Min at Fast Process Corner)
  Requirement:            0.000ns  (clk_out2_clk_wiz_0 rise@0.000ns - clk_out1_clk_wiz_0 rise@0.000ns)
  Data Path Delay:        0.841ns  (logic 0.185ns (21.999%)  route 0.656ns (78.001%))
  Logic Levels:           1  (LUT3=1)
  Clock Path Skew:        0.352ns (DCD - SCD - CPR)
    Destination Clock Delay (DCD):    0.914ns
    Source Clock Delay      (SCD):    0.642ns
    Clock Pessimism Removal (CPR):    -0.080ns
  Clock Uncertainty:      0.215ns  ((TSJ^2 + DJ^2)^1/2) / 2 + PE
    Total System Jitter     (TSJ):    0.071ns
    Discrete Jitter          (DJ):    0.175ns
    Phase Error              (PE):    0.120ns

    Location             Delay type                Incr(ns)  Path(ns)    Netlist Resource(s)
  -------------------------------------------------------------------    -------------------
                         (clock clk_out1_clk_wiz_0 rise edge)
                                                      0.000     0.000 r  
    BUFGCTRL_X0Y2        BUFG                         0.000     0.000 r  clk_IBUF_BUFG_inst/O
                         net (fo=232, routed)         0.745     0.745    datapath/video_inst/mmcm_adv_inst_display_clocks/inst/clk_in1
    MMCME2_ADV_X1Y0      MMCME2_ADV (Prop_mmcme2_adv_CLKIN1_CLKOUT0)
                                                     -1.683    -0.938 r  datapath/video_inst/mmcm_adv_inst_display_clocks/inst/mmcm_adv_inst/CLKOUT0
                         net (fo=1, routed)           0.912    -0.026    datapath/video_inst/mmcm_adv_inst_display_clocks/inst/clk_out1_clk_wiz_0
    BUFGCTRL_X0Y4        BUFG (Prop_bufg_I_O)         0.026    -0.000 r  datapath/video_inst/mmcm_adv_inst_display_clocks/inst/clkout1_buf/O
                         net (fo=63, routed)          0.642     0.642    datapath/video_inst/inst_dvid/clk_out1
    SLICE_X159Y133       FDRE                                         r  datapath/video_inst/inst_dvid/latched_blue_reg[1]/C
  -------------------------------------------------------------------    -------------------
    SLICE_X159Y133       FDRE (Prop_fdre_C_Q)         0.141     0.783 r  datapath/video_inst/inst_dvid/latched_blue_reg[1]/Q
                         net (fo=4, routed)           0.656     1.439    datapath/video_inst/inst_dvid/latched_blue[1]
    SLICE_X159Y134       LUT3 (Prop_lut3_I2_O)        0.044     1.483 r  datapath/video_inst/inst_dvid/shift_blue[7]_i_1/O
                         net (fo=1, routed)           0.000     1.483    datapath/video_inst/inst_dvid/shift_blue[7]
    SLICE_X159Y134       FDRE                                         r  datapath/video_inst/inst_dvid/shift_blue_reg[7]/D
  -------------------------------------------------------------------    -------------------

                         (clock clk_out2_clk_wiz_0 rise edge)
                                                      0.000     0.000 r  
    BUFGCTRL_X0Y2        BUFG                         0.000     0.000 r  clk_IBUF_BUFG_inst/O
                         net (fo=232, routed)         1.022     1.022    datapath/video_inst/mmcm_adv_inst_display_clocks/inst/clk_in1
    MMCME2_ADV_X1Y0      MMCME2_ADV (Prop_mmcme2_adv_CLKIN1_CLKOUT1)
                                                     -2.040    -1.018 r  datapath/video_inst/mmcm_adv_inst_display_clocks/inst/mmcm_adv_inst/CLKOUT1
                         net (fo=1, routed)           0.989    -0.029    datapath/video_inst/mmcm_adv_inst_display_clocks/inst/clk_out2_clk_wiz_0
    BUFGCTRL_X0Y0        BUFG (Prop_bufg_I_O)         0.029    -0.000 r  datapath/video_inst/mmcm_adv_inst_display_clocks/inst/clkout2_buf/O
                         net (fo=44, routed)          0.914     0.914    datapath/video_inst/inst_dvid/clk_out2
    SLICE_X159Y134       FDRE                                         r  datapath/video_inst/inst_dvid/shift_blue_reg[7]/C
                         clock pessimism              0.080     0.994    
                         clock uncertainty            0.215     1.208    
    SLICE_X159Y134       FDRE (Hold_fdre_C_D)         0.107     1.315    datapath/video_inst/inst_dvid/shift_blue_reg[7]
  -------------------------------------------------------------------
                         required time                         -1.315    
                         arrival time                           1.483    
  -------------------------------------------------------------------
                         slack                                  0.167    

Slack (MET) :             0.172ns  (arrival time - required time)
  Source:                 datapath/video_inst/inst_dvid/latched_blue_reg[4]/C
                            (rising edge-triggered cell FDRE clocked by clk_out1_clk_wiz_0  {rise@0.000ns fall@20.000ns period=40.000ns})
  Destination:            datapath/video_inst/inst_dvid/shift_blue_reg[6]/D
                            (rising edge-triggered cell FDRE clocked by clk_out2_clk_wiz_0  {rise@0.000ns fall@4.000ns period=8.000ns})
  Path Group:             clk_out2_clk_wiz_0
  Path Type:              Hold (Min at Fast Process Corner)
  Requirement:            0.000ns  (clk_out2_clk_wiz_0 rise@0.000ns - clk_out1_clk_wiz_0 rise@0.000ns)
  Data Path Delay:        0.846ns  (logic 0.183ns (21.643%)  route 0.663ns (78.357%))
  Logic Levels:           1  (LUT3=1)
  Clock Path Skew:        0.352ns (DCD - SCD - CPR)
    Destination Clock Delay (DCD):    0.914ns
    Source Clock Delay      (SCD):    0.642ns
    Clock Pessimism Removal (CPR):    -0.080ns
  Clock Uncertainty:      0.215ns  ((TSJ^2 + DJ^2)^1/2) / 2 + PE
    Total System Jitter     (TSJ):    0.071ns
    Discrete Jitter          (DJ):    0.175ns
    Phase Error              (PE):    0.120ns

    Location             Delay type                Incr(ns)  Path(ns)    Netlist Resource(s)
  -------------------------------------------------------------------    -------------------
                         (clock clk_out1_clk_wiz_0 rise edge)
                                                      0.000     0.000 r  
    BUFGCTRL_X0Y2        BUFG                         0.000     0.000 r  clk_IBUF_BUFG_inst/O
                         net (fo=232, routed)         0.745     0.745    datapath/video_inst/mmcm_adv_inst_display_clocks/inst/clk_in1
    MMCME2_ADV_X1Y0      MMCME2_ADV (Prop_mmcme2_adv_CLKIN1_CLKOUT0)
                                                     -1.683    -0.938 r  datapath/video_inst/mmcm_adv_inst_display_clocks/inst/mmcm_adv_inst/CLKOUT0
                         net (fo=1, routed)           0.912    -0.026    datapath/video_inst/mmcm_adv_inst_display_clocks/inst/clk_out1_clk_wiz_0
    BUFGCTRL_X0Y4        BUFG (Prop_bufg_I_O)         0.026    -0.000 r  datapath/video_inst/mmcm_adv_inst_display_clocks/inst/clkout1_buf/O
                         net (fo=63, routed)          0.642     0.642    datapath/video_inst/inst_dvid/clk_out1
    SLICE_X159Y133       FDRE                                         r  datapath/video_inst/inst_dvid/latched_blue_reg[4]/C
  -------------------------------------------------------------------    -------------------
    SLICE_X159Y133       FDRE (Prop_fdre_C_Q)         0.141     0.783 r  datapath/video_inst/inst_dvid/latched_blue_reg[4]/Q
                         net (fo=2, routed)           0.663     1.445    datapath/video_inst/inst_dvid/latched_blue[4]
    SLICE_X159Y134       LUT3 (Prop_lut3_I2_O)        0.042     1.487 r  datapath/video_inst/inst_dvid/shift_blue[6]_i_1/O
                         net (fo=1, routed)           0.000     1.487    datapath/video_inst/inst_dvid/shift_blue[6]
    SLICE_X159Y134       FDRE                                         r  datapath/video_inst/inst_dvid/shift_blue_reg[6]/D
  -------------------------------------------------------------------    -------------------

                         (clock clk_out2_clk_wiz_0 rise edge)
                                                      0.000     0.000 r  
    BUFGCTRL_X0Y2        BUFG                         0.000     0.000 r  clk_IBUF_BUFG_inst/O
                         net (fo=232, routed)         1.022     1.022    datapath/video_inst/mmcm_adv_inst_display_clocks/inst/clk_in1
    MMCME2_ADV_X1Y0      MMCME2_ADV (Prop_mmcme2_adv_CLKIN1_CLKOUT1)
                                                     -2.040    -1.018 r  datapath/video_inst/mmcm_adv_inst_display_clocks/inst/mmcm_adv_inst/CLKOUT1
                         net (fo=1, routed)           0.989    -0.029    datapath/video_inst/mmcm_adv_inst_display_clocks/inst/clk_out2_clk_wiz_0
    BUFGCTRL_X0Y0        BUFG (Prop_bufg_I_O)         0.029    -0.000 r  datapath/video_inst/mmcm_adv_inst_display_clocks/inst/clkout2_buf/O
                         net (fo=44, routed)          0.914     0.914    datapath/video_inst/inst_dvid/clk_out2
    SLICE_X159Y134       FDRE                                         r  datapath/video_inst/inst_dvid/shift_blue_reg[6]/C
                         clock pessimism              0.080     0.994    
                         clock uncertainty            0.215     1.208    
    SLICE_X159Y134       FDRE (Hold_fdre_C_D)         0.107     1.315    datapath/video_inst/inst_dvid/shift_blue_reg[6]
  -------------------------------------------------------------------
                         required time                         -1.315    
                         arrival time                           1.487    
  -------------------------------------------------------------------
                         slack                                  0.172    

Slack (MET) :             0.181ns  (arrival time - required time)
  Source:                 datapath/video_inst/inst_dvid/latched_blue_reg[0]/C
                            (rising edge-triggered cell FDRE clocked by clk_out1_clk_wiz_0  {rise@0.000ns fall@20.000ns period=40.000ns})
  Destination:            datapath/video_inst/inst_dvid/shift_blue_reg[0]/D
                            (rising edge-triggered cell FDRE clocked by clk_out2_clk_wiz_0  {rise@0.000ns fall@4.000ns period=8.000ns})
  Path Group:             clk_out2_clk_wiz_0
  Path Type:              Hold (Min at Fast Process Corner)
  Requirement:            0.000ns  (clk_out2_clk_wiz_0 rise@0.000ns - clk_out1_clk_wiz_0 rise@0.000ns)
  Data Path Delay:        0.840ns  (logic 0.186ns (22.135%)  route 0.654ns (77.865%))
  Logic Levels:           1  (LUT3=1)
  Clock Path Skew:        0.353ns (DCD - SCD - CPR)
    Destination Clock Delay (DCD):    0.914ns
    Source Clock Delay      (SCD):    0.641ns
    Clock Pessimism Removal (CPR):    -0.080ns
  Clock Uncertainty:      0.215ns  ((TSJ^2 + DJ^2)^1/2) / 2 + PE
    Total System Jitter     (TSJ):    0.071ns
    Discrete Jitter          (DJ):    0.175ns
    Phase Error              (PE):    0.120ns

    Location             Delay type                Incr(ns)  Path(ns)    Netlist Resource(s)
  -------------------------------------------------------------------    -------------------
                         (clock clk_out1_clk_wiz_0 rise edge)
                                                      0.000     0.000 r  
    BUFGCTRL_X0Y2        BUFG                         0.000     0.000 r  clk_IBUF_BUFG_inst/O
                         net (fo=232, routed)         0.745     0.745    datapath/video_inst/mmcm_adv_inst_display_clocks/inst/clk_in1
    MMCME2_ADV_X1Y0      MMCME2_ADV (Prop_mmcme2_adv_CLKIN1_CLKOUT0)
                                                     -1.683    -0.938 r  datapath/video_inst/mmcm_adv_inst_display_clocks/inst/mmcm_adv_inst/CLKOUT0
                         net (fo=1, routed)           0.912    -0.026    datapath/video_inst/mmcm_adv_inst_display_clocks/inst/clk_out1_clk_wiz_0
    BUFGCTRL_X0Y4        BUFG (Prop_bufg_I_O)         0.026    -0.000 r  datapath/video_inst/mmcm_adv_inst_display_clocks/inst/clkout1_buf/O
                         net (fo=63, routed)          0.641     0.641    datapath/video_inst/inst_dvid/clk_out1
    SLICE_X159Y132       FDRE                                         r  datapath/video_inst/inst_dvid/latched_blue_reg[0]/C
  -------------------------------------------------------------------    -------------------
    SLICE_X159Y132       FDRE (Prop_fdre_C_Q)         0.141     0.782 r  datapath/video_inst/inst_dvid/latched_blue_reg[0]/Q
                         net (fo=1, routed)           0.654     1.436    datapath/video_inst/inst_dvid/latched_blue[0]
    SLICE_X159Y134       LUT3 (Prop_lut3_I2_O)        0.045     1.481 r  datapath/video_inst/inst_dvid/shift_blue[0]_i_1/O
                         net (fo=1, routed)           0.000     1.481    datapath/video_inst/inst_dvid/shift_blue[0]
    SLICE_X159Y134       FDRE                                         r  datapath/video_inst/inst_dvid/shift_blue_reg[0]/D
  -------------------------------------------------------------------    -------------------

                         (clock clk_out2_clk_wiz_0 rise edge)
                                                      0.000     0.000 r  
    BUFGCTRL_X0Y2        BUFG                         0.000     0.000 r  clk_IBUF_BUFG_inst/O
                         net (fo=232, routed)         1.022     1.022    datapath/video_inst/mmcm_adv_inst_display_clocks/inst/clk_in1
    MMCME2_ADV_X1Y0      MMCME2_ADV (Prop_mmcme2_adv_CLKIN1_CLKOUT1)
                                                     -2.040    -1.018 r  datapath/video_inst/mmcm_adv_inst_display_clocks/inst/mmcm_adv_inst/CLKOUT1
                         net (fo=1, routed)           0.989    -0.029    datapath/video_inst/mmcm_adv_inst_display_clocks/inst/clk_out2_clk_wiz_0
    BUFGCTRL_X0Y0        BUFG (Prop_bufg_I_O)         0.029    -0.000 r  datapath/video_inst/mmcm_adv_inst_display_clocks/inst/clkout2_buf/O
                         net (fo=44, routed)          0.914     0.914    datapath/video_inst/inst_dvid/clk_out2
    SLICE_X159Y134       FDRE                                         r  datapath/video_inst/inst_dvid/shift_blue_reg[0]/C
                         clock pessimism              0.080     0.994    
                         clock uncertainty            0.215     1.208    
    SLICE_X159Y134       FDRE (Hold_fdre_C_D)         0.091     1.299    datapath/video_inst/inst_dvid/shift_blue_reg[0]
  -------------------------------------------------------------------
                         required time                         -1.299    
                         arrival time                           1.481    
  -------------------------------------------------------------------
                         slack                                  0.181    

Slack (MET) :             0.181ns  (arrival time - required time)
  Source:                 datapath/video_inst/inst_dvid/latched_blue_reg[2]/C
                            (rising edge-triggered cell FDRE clocked by clk_out1_clk_wiz_0  {rise@0.000ns fall@20.000ns period=40.000ns})
  Destination:            datapath/video_inst/inst_dvid/shift_blue_reg[2]/D
                            (rising edge-triggered cell FDRE clocked by clk_out2_clk_wiz_0  {rise@0.000ns fall@4.000ns period=8.000ns})
  Path Group:             clk_out2_clk_wiz_0
  Path Type:              Hold (Min at Fast Process Corner)
  Requirement:            0.000ns  (clk_out2_clk_wiz_0 rise@0.000ns - clk_out1_clk_wiz_0 rise@0.000ns)
  Data Path Delay:        0.841ns  (logic 0.186ns (22.109%)  route 0.655ns (77.891%))
  Logic Levels:           1  (LUT3=1)
  Clock Path Skew:        0.353ns (DCD - SCD - CPR)
    Destination Clock Delay (DCD):    0.914ns
    Source Clock Delay      (SCD):    0.641ns
    Clock Pessimism Removal (CPR):    -0.080ns
  Clock Uncertainty:      0.215ns  ((TSJ^2 + DJ^2)^1/2) / 2 + PE
    Total System Jitter     (TSJ):    0.071ns
    Discrete Jitter          (DJ):    0.175ns
    Phase Error              (PE):    0.120ns

    Location             Delay type                Incr(ns)  Path(ns)    Netlist Resource(s)
  -------------------------------------------------------------------    -------------------
                         (clock clk_out1_clk_wiz_0 rise edge)
                                                      0.000     0.000 r  
    BUFGCTRL_X0Y2        BUFG                         0.000     0.000 r  clk_IBUF_BUFG_inst/O
                         net (fo=232, routed)         0.745     0.745    datapath/video_inst/mmcm_adv_inst_display_clocks/inst/clk_in1
    MMCME2_ADV_X1Y0      MMCME2_ADV (Prop_mmcme2_adv_CLKIN1_CLKOUT0)
                                                     -1.683    -0.938 r  datapath/video_inst/mmcm_adv_inst_display_clocks/inst/mmcm_adv_inst/CLKOUT0
                         net (fo=1, routed)           0.912    -0.026    datapath/video_inst/mmcm_adv_inst_display_clocks/inst/clk_out1_clk_wiz_0
    BUFGCTRL_X0Y4        BUFG (Prop_bufg_I_O)         0.026    -0.000 r  datapath/video_inst/mmcm_adv_inst_display_clocks/inst/clkout1_buf/O
                         net (fo=63, routed)          0.641     0.641    datapath/video_inst/inst_dvid/clk_out1
    SLICE_X159Y132       FDRE                                         r  datapath/video_inst/inst_dvid/latched_blue_reg[2]/C
  -------------------------------------------------------------------    -------------------
    SLICE_X159Y132       FDRE (Prop_fdre_C_Q)         0.141     0.782 r  datapath/video_inst/inst_dvid/latched_blue_reg[2]/Q
                         net (fo=1, routed)           0.655     1.437    datapath/video_inst/inst_dvid/latched_blue[2]
    SLICE_X159Y134       LUT3 (Prop_lut3_I2_O)        0.045     1.482 r  datapath/video_inst/inst_dvid/shift_blue[2]_i_1/O
                         net (fo=1, routed)           0.000     1.482    datapath/video_inst/inst_dvid/shift_blue[2]
    SLICE_X159Y134       FDRE                                         r  datapath/video_inst/inst_dvid/shift_blue_reg[2]/D
  -------------------------------------------------------------------    -------------------

                         (clock clk_out2_clk_wiz_0 rise edge)
                                                      0.000     0.000 r  
    BUFGCTRL_X0Y2        BUFG                         0.000     0.000 r  clk_IBUF_BUFG_inst/O
                         net (fo=232, routed)         1.022     1.022    datapath/video_inst/mmcm_adv_inst_display_clocks/inst/clk_in1
    MMCME2_ADV_X1Y0      MMCME2_ADV (Prop_mmcme2_adv_CLKIN1_CLKOUT1)
                                                     -2.040    -1.018 r  datapath/video_inst/mmcm_adv_inst_display_clocks/inst/mmcm_adv_inst/CLKOUT1
                         net (fo=1, routed)           0.989    -0.029    datapath/video_inst/mmcm_adv_inst_display_clocks/inst/clk_out2_clk_wiz_0
    BUFGCTRL_X0Y0        BUFG (Prop_bufg_I_O)         0.029    -0.000 r  datapath/video_inst/mmcm_adv_inst_display_clocks/inst/clkout2_buf/O
                         net (fo=44, routed)          0.914     0.914    datapath/video_inst/inst_dvid/clk_out2
    SLICE_X159Y134       FDRE                                         r  datapath/video_inst/inst_dvid/shift_blue_reg[2]/C
                         clock pessimism              0.080     0.994    
                         clock uncertainty            0.215     1.208    
    SLICE_X159Y134       FDRE (Hold_fdre_C_D)         0.092     1.300    datapath/video_inst/inst_dvid/shift_blue_reg[2]
  -------------------------------------------------------------------
                         required time                         -1.300    
                         arrival time                           1.482    
  -------------------------------------------------------------------
                         slack                                  0.181    

Slack (MET) :             0.183ns  (arrival time - required time)
  Source:                 datapath/video_inst/inst_dvid/latched_blue_reg[1]/C
                            (rising edge-triggered cell FDRE clocked by clk_out1_clk_wiz_0  {rise@0.000ns fall@20.000ns period=40.000ns})
  Destination:            datapath/video_inst/inst_dvid/shift_blue_reg[5]/D
                            (rising edge-triggered cell FDRE clocked by clk_out2_clk_wiz_0  {rise@0.000ns fall@4.000ns period=8.000ns})
  Path Group:             clk_out2_clk_wiz_0
  Path Type:              Hold (Min at Fast Process Corner)
  Requirement:            0.000ns  (clk_out2_clk_wiz_0 rise@0.000ns - clk_out1_clk_wiz_0 rise@0.000ns)
  Data Path Delay:        0.842ns  (logic 0.186ns (22.092%)  route 0.656ns (77.908%))
  Logic Levels:           1  (LUT3=1)
  Clock Path Skew:        0.352ns (DCD - SCD - CPR)
    Destination Clock Delay (DCD):    0.914ns
    Source Clock Delay      (SCD):    0.642ns
    Clock Pessimism Removal (CPR):    -0.080ns
  Clock Uncertainty:      0.215ns  ((TSJ^2 + DJ^2)^1/2) / 2 + PE
    Total System Jitter     (TSJ):    0.071ns
    Discrete Jitter          (DJ):    0.175ns
    Phase Error              (PE):    0.120ns

    Location             Delay type                Incr(ns)  Path(ns)    Netlist Resource(s)
  -------------------------------------------------------------------    -------------------
                         (clock clk_out1_clk_wiz_0 rise edge)
                                                      0.000     0.000 r  
    BUFGCTRL_X0Y2        BUFG                         0.000     0.000 r  clk_IBUF_BUFG_inst/O
                         net (fo=232, routed)         0.745     0.745    datapath/video_inst/mmcm_adv_inst_display_clocks/inst/clk_in1
    MMCME2_ADV_X1Y0      MMCME2_ADV (Prop_mmcme2_adv_CLKIN1_CLKOUT0)
                                                     -1.683    -0.938 r  datapath/video_inst/mmcm_adv_inst_display_clocks/inst/mmcm_adv_inst/CLKOUT0
                         net (fo=1, routed)           0.912    -0.026    datapath/video_inst/mmcm_adv_inst_display_clocks/inst/clk_out1_clk_wiz_0
    BUFGCTRL_X0Y4        BUFG (Prop_bufg_I_O)         0.026    -0.000 r  datapath/video_inst/mmcm_adv_inst_display_clocks/inst/clkout1_buf/O
                         net (fo=63, routed)          0.642     0.642    datapath/video_inst/inst_dvid/clk_out1
    SLICE_X159Y133       FDRE                                         r  datapath/video_inst/inst_dvid/latched_blue_reg[1]/C
  -------------------------------------------------------------------    -------------------
    SLICE_X159Y133       FDRE (Prop_fdre_C_Q)         0.141     0.783 r  datapath/video_inst/inst_dvid/latched_blue_reg[1]/Q
                         net (fo=4, routed)           0.656     1.439    datapath/video_inst/inst_dvid/latched_blue[1]
    SLICE_X159Y134       LUT3 (Prop_lut3_I2_O)        0.045     1.484 r  datapath/video_inst/inst_dvid/shift_blue[5]_i_1/O
                         net (fo=1, routed)           0.000     1.484    datapath/video_inst/inst_dvid/shift_blue[5]
    SLICE_X159Y134       FDRE                                         r  datapath/video_inst/inst_dvid/shift_blue_reg[5]/D
  -------------------------------------------------------------------    -------------------

                         (clock clk_out2_clk_wiz_0 rise edge)
                                                      0.000     0.000 r  
    BUFGCTRL_X0Y2        BUFG                         0.000     0.000 r  clk_IBUF_BUFG_inst/O
                         net (fo=232, routed)         1.022     1.022    datapath/video_inst/mmcm_adv_inst_display_clocks/inst/clk_in1
    MMCME2_ADV_X1Y0      MMCME2_ADV (Prop_mmcme2_adv_CLKIN1_CLKOUT1)
                                                     -2.040    -1.018 r  datapath/video_inst/mmcm_adv_inst_display_clocks/inst/mmcm_adv_inst/CLKOUT1
                         net (fo=1, routed)           0.989    -0.029    datapath/video_inst/mmcm_adv_inst_display_clocks/inst/clk_out2_clk_wiz_0
    BUFGCTRL_X0Y0        BUFG (Prop_bufg_I_O)         0.029    -0.000 r  datapath/video_inst/mmcm_adv_inst_display_clocks/inst/clkout2_buf/O
                         net (fo=44, routed)          0.914     0.914    datapath/video_inst/inst_dvid/clk_out2
    SLICE_X159Y134       FDRE                                         r  datapath/video_inst/inst_dvid/shift_blue_reg[5]/C
                         clock pessimism              0.080     0.994    
                         clock uncertainty            0.215     1.208    
    SLICE_X159Y134       FDRE (Hold_fdre_C_D)         0.092     1.300    datapath/video_inst/inst_dvid/shift_blue_reg[5]
  -------------------------------------------------------------------
                         required time                         -1.300    
                         arrival time                           1.484    
  -------------------------------------------------------------------
                         slack                                  0.183    

Slack (MET) :             0.187ns  (arrival time - required time)
  Source:                 datapath/video_inst/inst_dvid/latched_green_reg[2]/C
                            (rising edge-triggered cell FDRE clocked by clk_out1_clk_wiz_0  {rise@0.000ns fall@20.000ns period=40.000ns})
  Destination:            datapath/video_inst/inst_dvid/shift_green_reg[6]/D
                            (rising edge-triggered cell FDRE clocked by clk_out2_clk_wiz_0  {rise@0.000ns fall@4.000ns period=8.000ns})
  Path Group:             clk_out2_clk_wiz_0
  Path Type:              Hold (Min at Fast Process Corner)
  Requirement:            0.000ns  (clk_out2_clk_wiz_0 rise@0.000ns - clk_out1_clk_wiz_0 rise@0.000ns)
  Data Path Delay:        0.847ns  (logic 0.226ns (26.698%)  route 0.621ns (73.302%))
  Logic Levels:           1  (LUT3=1)
  Clock Path Skew:        0.353ns (DCD - SCD - CPR)
    Destination Clock Delay (DCD):    0.916ns
    Source Clock Delay      (SCD):    0.643ns
    Clock Pessimism Removal (CPR):    -0.080ns
  Clock Uncertainty:      0.215ns  ((TSJ^2 + DJ^2)^1/2) / 2 + PE
    Total System Jitter     (TSJ):    0.071ns
    Discrete Jitter          (DJ):    0.175ns
    Phase Error              (PE):    0.120ns

    Location             Delay type                Incr(ns)  Path(ns)    Netlist Resource(s)
  -------------------------------------------------------------------    -------------------
                         (clock clk_out1_clk_wiz_0 rise edge)
                                                      0.000     0.000 r  
    BUFGCTRL_X0Y2        BUFG                         0.000     0.000 r  clk_IBUF_BUFG_inst/O
                         net (fo=232, routed)         0.745     0.745    datapath/video_inst/mmcm_adv_inst_display_clocks/inst/clk_in1
    MMCME2_ADV_X1Y0      MMCME2_ADV (Prop_mmcme2_adv_CLKIN1_CLKOUT0)
                                                     -1.683    -0.938 r  datapath/video_inst/mmcm_adv_inst_display_clocks/inst/mmcm_adv_inst/CLKOUT0
                         net (fo=1, routed)           0.912    -0.026    datapath/video_inst/mmcm_adv_inst_display_clocks/inst/clk_out1_clk_wiz_0
    BUFGCTRL_X0Y4        BUFG (Prop_bufg_I_O)         0.026    -0.000 r  datapath/video_inst/mmcm_adv_inst_display_clocks/inst/clkout1_buf/O
                         net (fo=63, routed)          0.643     0.643    datapath/video_inst/inst_dvid/clk_out1
    SLICE_X160Y133       FDRE                                         r  datapath/video_inst/inst_dvid/latched_green_reg[2]/C
  -------------------------------------------------------------------    -------------------
    SLICE_X160Y133       FDRE (Prop_fdre_C_Q)         0.128     0.771 r  datapath/video_inst/inst_dvid/latched_green_reg[2]/Q
                         net (fo=3, routed)           0.621     1.391    datapath/video_inst/inst_dvid/latched_green[2]
    SLICE_X161Y136       LUT3 (Prop_lut3_I2_O)        0.098     1.489 r  datapath/video_inst/inst_dvid/shift_green[6]_i_1/O
                         net (fo=1, routed)           0.000     1.489    datapath/video_inst/inst_dvid/shift_green[6]
    SLICE_X161Y136       FDRE                                         r  datapath/video_inst/inst_dvid/shift_green_reg[6]/D
  -------------------------------------------------------------------    -------------------

                         (clock clk_out2_clk_wiz_0 rise edge)
                                                      0.000     0.000 r  
    BUFGCTRL_X0Y2        BUFG                         0.000     0.000 r  clk_IBUF_BUFG_inst/O
                         net (fo=232, routed)         1.022     1.022    datapath/video_inst/mmcm_adv_inst_display_clocks/inst/clk_in1
    MMCME2_ADV_X1Y0      MMCME2_ADV (Prop_mmcme2_adv_CLKIN1_CLKOUT1)
                                                     -2.040    -1.018 r  datapath/video_inst/mmcm_adv_inst_display_clocks/inst/mmcm_adv_inst/CLKOUT1
                         net (fo=1, routed)           0.989    -0.029    datapath/video_inst/mmcm_adv_inst_display_clocks/inst/clk_out2_clk_wiz_0
    BUFGCTRL_X0Y0        BUFG (Prop_bufg_I_O)         0.029    -0.000 r  datapath/video_inst/mmcm_adv_inst_display_clocks/inst/clkout2_buf/O
                         net (fo=44, routed)          0.916     0.916    datapath/video_inst/inst_dvid/clk_out2
    SLICE_X161Y136       FDRE                                         r  datapath/video_inst/inst_dvid/shift_green_reg[6]/C
                         clock pessimism              0.080     0.996    
                         clock uncertainty            0.215     1.210    
    SLICE_X161Y136       FDRE (Hold_fdre_C_D)         0.092     1.302    datapath/video_inst/inst_dvid/shift_green_reg[6]
  -------------------------------------------------------------------
                         required time                         -1.302    
                         arrival time                           1.489    
  -------------------------------------------------------------------
                         slack                                  0.187    

Slack (MET) :             0.190ns  (arrival time - required time)
  Source:                 datapath/video_inst/inst_dvid/latched_blue_reg[4]/C
                            (rising edge-triggered cell FDRE clocked by clk_out1_clk_wiz_0  {rise@0.000ns fall@20.000ns period=40.000ns})
  Destination:            datapath/video_inst/inst_dvid/shift_blue_reg[4]/D
                            (rising edge-triggered cell FDRE clocked by clk_out2_clk_wiz_0  {rise@0.000ns fall@4.000ns period=8.000ns})
  Path Group:             clk_out2_clk_wiz_0
  Path Type:              Hold (Min at Fast Process Corner)
  Requirement:            0.000ns  (clk_out2_clk_wiz_0 rise@0.000ns - clk_out1_clk_wiz_0 rise@0.000ns)
  Data Path Delay:        0.849ns  (logic 0.186ns (21.920%)  route 0.663ns (78.080%))
  Logic Levels:           1  (LUT3=1)
  Clock Path Skew:        0.352ns (DCD - SCD - CPR)
    Destination Clock Delay (DCD):    0.914ns
    Source Clock Delay      (SCD):    0.642ns
    Clock Pessimism Removal (CPR):    -0.080ns
  Clock Uncertainty:      0.215ns  ((TSJ^2 + DJ^2)^1/2) / 2 + PE
    Total System Jitter     (TSJ):    0.071ns
    Discrete Jitter          (DJ):    0.175ns
    Phase Error              (PE):    0.120ns

    Location             Delay type                Incr(ns)  Path(ns)    Netlist Resource(s)
  -------------------------------------------------------------------    -------------------
                         (clock clk_out1_clk_wiz_0 rise edge)
                                                      0.000     0.000 r  
    BUFGCTRL_X0Y2        BUFG                         0.000     0.000 r  clk_IBUF_BUFG_inst/O
                         net (fo=232, routed)         0.745     0.745    datapath/video_inst/mmcm_adv_inst_display_clocks/inst/clk_in1
    MMCME2_ADV_X1Y0      MMCME2_ADV (Prop_mmcme2_adv_CLKIN1_CLKOUT0)
                                                     -1.683    -0.938 r  datapath/video_inst/mmcm_adv_inst_display_clocks/inst/mmcm_adv_inst/CLKOUT0
                         net (fo=1, routed)           0.912    -0.026    datapath/video_inst/mmcm_adv_inst_display_clocks/inst/clk_out1_clk_wiz_0
    BUFGCTRL_X0Y4        BUFG (Prop_bufg_I_O)         0.026    -0.000 r  datapath/video_inst/mmcm_adv_inst_display_clocks/inst/clkout1_buf/O
                         net (fo=63, routed)          0.642     0.642    datapath/video_inst/inst_dvid/clk_out1
    SLICE_X159Y133       FDRE                                         r  datapath/video_inst/inst_dvid/latched_blue_reg[4]/C
  -------------------------------------------------------------------    -------------------
    SLICE_X159Y133       FDRE (Prop_fdre_C_Q)         0.141     0.783 r  datapath/video_inst/inst_dvid/latched_blue_reg[4]/Q
                         net (fo=2, routed)           0.663     1.445    datapath/video_inst/inst_dvid/latched_blue[4]
    SLICE_X159Y134       LUT3 (Prop_lut3_I2_O)        0.045     1.490 r  datapath/video_inst/inst_dvid/shift_blue[4]_i_1/O
                         net (fo=1, routed)           0.000     1.490    datapath/video_inst/inst_dvid/shift_blue[4]
    SLICE_X159Y134       FDRE                                         r  datapath/video_inst/inst_dvid/shift_blue_reg[4]/D
  -------------------------------------------------------------------    -------------------

                         (clock clk_out2_clk_wiz_0 rise edge)
                                                      0.000     0.000 r  
    BUFGCTRL_X0Y2        BUFG                         0.000     0.000 r  clk_IBUF_BUFG_inst/O
                         net (fo=232, routed)         1.022     1.022    datapath/video_inst/mmcm_adv_inst_display_clocks/inst/clk_in1
    MMCME2_ADV_X1Y0      MMCME2_ADV (Prop_mmcme2_adv_CLKIN1_CLKOUT1)
                                                     -2.040    -1.018 r  datapath/video_inst/mmcm_adv_inst_display_clocks/inst/mmcm_adv_inst/CLKOUT1
                         net (fo=1, routed)           0.989    -0.029    datapath/video_inst/mmcm_adv_inst_display_clocks/inst/clk_out2_clk_wiz_0
    BUFGCTRL_X0Y0        BUFG (Prop_bufg_I_O)         0.029    -0.000 r  datapath/video_inst/mmcm_adv_inst_display_clocks/inst/clkout2_buf/O
                         net (fo=44, routed)          0.914     0.914    datapath/video_inst/inst_dvid/clk_out2
    SLICE_X159Y134       FDRE                                         r  datapath/video_inst/inst_dvid/shift_blue_reg[4]/C
                         clock pessimism              0.080     0.994    
                         clock uncertainty            0.215     1.208    
    SLICE_X159Y134       FDRE (Hold_fdre_C_D)         0.092     1.300    datapath/video_inst/inst_dvid/shift_blue_reg[4]
  -------------------------------------------------------------------
                         required time                         -1.300    
                         arrival time                           1.490    
  -------------------------------------------------------------------
                         slack                                  0.190    

Slack (MET) :             0.228ns  (arrival time - required time)
  Source:                 datapath/video_inst/inst_dvid/latched_red_reg[9]/C
                            (rising edge-triggered cell FDRE clocked by clk_out1_clk_wiz_0  {rise@0.000ns fall@20.000ns period=40.000ns})
  Destination:            datapath/video_inst/inst_dvid/shift_red_reg[9]/D
                            (rising edge-triggered cell FDRE clocked by clk_out2_clk_wiz_0  {rise@0.000ns fall@4.000ns period=8.000ns})
  Path Group:             clk_out2_clk_wiz_0
  Path Type:              Hold (Min at Fast Process Corner)
  Requirement:            0.000ns  (clk_out2_clk_wiz_0 rise@0.000ns - clk_out1_clk_wiz_0 rise@0.000ns)
  Data Path Delay:        0.852ns  (logic 0.141ns (16.541%)  route 0.711ns (83.459%))
  Logic Levels:           0  
  Clock Path Skew:        0.351ns (DCD - SCD - CPR)
    Destination Clock Delay (DCD):    0.914ns
    Source Clock Delay      (SCD):    0.643ns
    Clock Pessimism Removal (CPR):    -0.080ns
  Clock Uncertainty:      0.215ns  ((TSJ^2 + DJ^2)^1/2) / 2 + PE
    Total System Jitter     (TSJ):    0.071ns
    Discrete Jitter          (DJ):    0.175ns
    Phase Error              (PE):    0.120ns

    Location             Delay type                Incr(ns)  Path(ns)    Netlist Resource(s)
  -------------------------------------------------------------------    -------------------
                         (clock clk_out1_clk_wiz_0 rise edge)
                                                      0.000     0.000 r  
    BUFGCTRL_X0Y2        BUFG                         0.000     0.000 r  clk_IBUF_BUFG_inst/O
                         net (fo=232, routed)         0.745     0.745    datapath/video_inst/mmcm_adv_inst_display_clocks/inst/clk_in1
    MMCME2_ADV_X1Y0      MMCME2_ADV (Prop_mmcme2_adv_CLKIN1_CLKOUT0)
                                                     -1.683    -0.938 r  datapath/video_inst/mmcm_adv_inst_display_clocks/inst/mmcm_adv_inst/CLKOUT0
                         net (fo=1, routed)           0.912    -0.026    datapath/video_inst/mmcm_adv_inst_display_clocks/inst/clk_out1_clk_wiz_0
    BUFGCTRL_X0Y4        BUFG (Prop_bufg_I_O)         0.026    -0.000 r  datapath/video_inst/mmcm_adv_inst_display_clocks/inst/clkout1_buf/O
                         net (fo=63, routed)          0.643     0.643    datapath/video_inst/inst_dvid/clk_out1
    SLICE_X161Y133       FDRE                                         r  datapath/video_inst/inst_dvid/latched_red_reg[9]/C
  -------------------------------------------------------------------    -------------------
    SLICE_X161Y133       FDRE (Prop_fdre_C_Q)         0.141     0.784 r  datapath/video_inst/inst_dvid/latched_red_reg[9]/Q
                         net (fo=1, routed)           0.711     1.495    datapath/video_inst/inst_dvid/latched_red[9]
    SLICE_X162Y133       FDRE                                         r  datapath/video_inst/inst_dvid/shift_red_reg[9]/D
  -------------------------------------------------------------------    -------------------

                         (clock clk_out2_clk_wiz_0 rise edge)
                                                      0.000     0.000 r  
    BUFGCTRL_X0Y2        BUFG                         0.000     0.000 r  clk_IBUF_BUFG_inst/O
                         net (fo=232, routed)         1.022     1.022    datapath/video_inst/mmcm_adv_inst_display_clocks/inst/clk_in1
    MMCME2_ADV_X1Y0      MMCME2_ADV (Prop_mmcme2_adv_CLKIN1_CLKOUT1)
                                                     -2.040    -1.018 r  datapath/video_inst/mmcm_adv_inst_display_clocks/inst/mmcm_adv_inst/CLKOUT1
                         net (fo=1, routed)           0.989    -0.029    datapath/video_inst/mmcm_adv_inst_display_clocks/inst/clk_out2_clk_wiz_0
    BUFGCTRL_X0Y0        BUFG (Prop_bufg_I_O)         0.029    -0.000 r  datapath/video_inst/mmcm_adv_inst_display_clocks/inst/clkout2_buf/O
                         net (fo=44, routed)          0.914     0.914    datapath/video_inst/inst_dvid/clk_out2
    SLICE_X162Y133       FDRE                                         r  datapath/video_inst/inst_dvid/shift_red_reg[9]/C
                         clock pessimism              0.080     0.994    
                         clock uncertainty            0.215     1.208    
    SLICE_X162Y133       FDRE (Hold_fdre_C_D)         0.059     1.267    datapath/video_inst/inst_dvid/shift_red_reg[9]
  -------------------------------------------------------------------
                         required time                         -1.267    
                         arrival time                           1.495    
  -------------------------------------------------------------------
                         slack                                  0.228    

Slack (MET) :             0.233ns  (arrival time - required time)
  Source:                 datapath/video_inst/inst_dvid/latched_red_reg[2]/C
                            (rising edge-triggered cell FDRE clocked by clk_out1_clk_wiz_0  {rise@0.000ns fall@20.000ns period=40.000ns})
  Destination:            datapath/video_inst/inst_dvid/shift_red_reg[4]/D
                            (rising edge-triggered cell FDRE clocked by clk_out2_clk_wiz_0  {rise@0.000ns fall@4.000ns period=8.000ns})
  Path Group:             clk_out2_clk_wiz_0
  Path Type:              Hold (Min at Fast Process Corner)
  Requirement:            0.000ns  (clk_out2_clk_wiz_0 rise@0.000ns - clk_out1_clk_wiz_0 rise@0.000ns)
  Data Path Delay:        0.907ns  (logic 0.185ns (20.398%)  route 0.722ns (79.601%))
  Logic Levels:           1  (LUT3=1)
  Clock Path Skew:        0.352ns (DCD - SCD - CPR)
    Destination Clock Delay (DCD):    0.915ns
    Source Clock Delay      (SCD):    0.643ns
    Clock Pessimism Removal (CPR):    -0.080ns
  Clock Uncertainty:      0.215ns  ((TSJ^2 + DJ^2)^1/2) / 2 + PE
    Total System Jitter     (TSJ):    0.071ns
    Discrete Jitter          (DJ):    0.175ns
    Phase Error              (PE):    0.120ns

    Location             Delay type                Incr(ns)  Path(ns)    Netlist Resource(s)
  -------------------------------------------------------------------    -------------------
                         (clock clk_out1_clk_wiz_0 rise edge)
                                                      0.000     0.000 r  
    BUFGCTRL_X0Y2        BUFG                         0.000     0.000 r  clk_IBUF_BUFG_inst/O
                         net (fo=232, routed)         0.745     0.745    datapath/video_inst/mmcm_adv_inst_display_clocks/inst/clk_in1
    MMCME2_ADV_X1Y0      MMCME2_ADV (Prop_mmcme2_adv_CLKIN1_CLKOUT0)
                                                     -1.683    -0.938 r  datapath/video_inst/mmcm_adv_inst_display_clocks/inst/mmcm_adv_inst/CLKOUT0
                         net (fo=1, routed)           0.912    -0.026    datapath/video_inst/mmcm_adv_inst_display_clocks/inst/clk_out1_clk_wiz_0
    BUFGCTRL_X0Y4        BUFG (Prop_bufg_I_O)         0.026    -0.000 r  datapath/video_inst/mmcm_adv_inst_display_clocks/inst/clkout1_buf/O
                         net (fo=63, routed)          0.643     0.643    datapath/video_inst/inst_dvid/clk_out1
    SLICE_X161Y133       FDRE                                         r  datapath/video_inst/inst_dvid/latched_red_reg[2]/C
  -------------------------------------------------------------------    -------------------
    SLICE_X161Y133       FDRE (Prop_fdre_C_Q)         0.141     0.784 r  datapath/video_inst/inst_dvid/latched_red_reg[2]/Q
                         net (fo=3, routed)           0.722     1.506    datapath/video_inst/inst_dvid/latched_red[2]
    SLICE_X161Y134       LUT3 (Prop_lut3_I2_O)        0.044     1.550 r  datapath/video_inst/inst_dvid/shift_red[4]_i_1/O
                         net (fo=1, routed)           0.000     1.550    datapath/video_inst/inst_dvid/shift_red[4]
    SLICE_X161Y134       FDRE                                         r  datapath/video_inst/inst_dvid/shift_red_reg[4]/D
  -------------------------------------------------------------------    -------------------

                         (clock clk_out2_clk_wiz_0 rise edge)
                                                      0.000     0.000 r  
    BUFGCTRL_X0Y2        BUFG                         0.000     0.000 r  clk_IBUF_BUFG_inst/O
                         net (fo=232, routed)         1.022     1.022    datapath/video_inst/mmcm_adv_inst_display_clocks/inst/clk_in1
    MMCME2_ADV_X1Y0      MMCME2_ADV (Prop_mmcme2_adv_CLKIN1_CLKOUT1)
                                                     -2.040    -1.018 r  datapath/video_inst/mmcm_adv_inst_display_clocks/inst/mmcm_adv_inst/CLKOUT1
                         net (fo=1, routed)           0.989    -0.029    datapath/video_inst/mmcm_adv_inst_display_clocks/inst/clk_out2_clk_wiz_0
    BUFGCTRL_X0Y0        BUFG (Prop_bufg_I_O)         0.029    -0.000 r  datapath/video_inst/mmcm_adv_inst_display_clocks/inst/clkout2_buf/O
                         net (fo=44, routed)          0.915     0.915    datapath/video_inst/inst_dvid/clk_out2
    SLICE_X161Y134       FDRE                                         r  datapath/video_inst/inst_dvid/shift_red_reg[4]/C
                         clock pessimism              0.080     0.995    
                         clock uncertainty            0.215     1.209    
    SLICE_X161Y134       FDRE (Hold_fdre_C_D)         0.107     1.316    datapath/video_inst/inst_dvid/shift_red_reg[4]
  -------------------------------------------------------------------
                         required time                         -1.316    
                         arrival time                           1.550    
  -------------------------------------------------------------------
                         slack                                  0.233    

Slack (MET) :             0.243ns  (arrival time - required time)
  Source:                 datapath/video_inst/inst_dvid/latched_green_reg[0]/C
                            (rising edge-triggered cell FDRE clocked by clk_out1_clk_wiz_0  {rise@0.000ns fall@20.000ns period=40.000ns})
  Destination:            datapath/video_inst/inst_dvid/shift_green_reg[5]/D
                            (rising edge-triggered cell FDRE clocked by clk_out2_clk_wiz_0  {rise@0.000ns fall@4.000ns period=8.000ns})
  Path Group:             clk_out2_clk_wiz_0
  Path Type:              Hold (Min at Fast Process Corner)
  Requirement:            0.000ns  (clk_out2_clk_wiz_0 rise@0.000ns - clk_out1_clk_wiz_0 rise@0.000ns)
  Data Path Delay:        0.917ns  (logic 0.186ns (20.276%)  route 0.731ns (79.724%))
  Logic Levels:           1  (LUT3=1)
  Clock Path Skew:        0.352ns (DCD - SCD - CPR)
    Destination Clock Delay (DCD):    0.916ns
    Source Clock Delay      (SCD):    0.644ns
    Clock Pessimism Removal (CPR):    -0.080ns
  Clock Uncertainty:      0.215ns  ((TSJ^2 + DJ^2)^1/2) / 2 + PE
    Total System Jitter     (TSJ):    0.071ns
    Discrete Jitter          (DJ):    0.175ns
    Phase Error              (PE):    0.120ns

    Location             Delay type                Incr(ns)  Path(ns)    Netlist Resource(s)
  -------------------------------------------------------------------    -------------------
                         (clock clk_out1_clk_wiz_0 rise edge)
                                                      0.000     0.000 r  
    BUFGCTRL_X0Y2        BUFG                         0.000     0.000 r  clk_IBUF_BUFG_inst/O
                         net (fo=232, routed)         0.745     0.745    datapath/video_inst/mmcm_adv_inst_display_clocks/inst/clk_in1
    MMCME2_ADV_X1Y0      MMCME2_ADV (Prop_mmcme2_adv_CLKIN1_CLKOUT0)
                                                     -1.683    -0.938 r  datapath/video_inst/mmcm_adv_inst_display_clocks/inst/mmcm_adv_inst/CLKOUT0
                         net (fo=1, routed)           0.912    -0.026    datapath/video_inst/mmcm_adv_inst_display_clocks/inst/clk_out1_clk_wiz_0
    BUFGCTRL_X0Y4        BUFG (Prop_bufg_I_O)         0.026    -0.000 r  datapath/video_inst/mmcm_adv_inst_display_clocks/inst/clkout1_buf/O
                         net (fo=63, routed)          0.644     0.644    datapath/video_inst/inst_dvid/clk_out1
    SLICE_X160Y135       FDRE                                         r  datapath/video_inst/inst_dvid/latched_green_reg[0]/C
  -------------------------------------------------------------------    -------------------
    SLICE_X160Y135       FDRE (Prop_fdre_C_Q)         0.141     0.785 r  datapath/video_inst/inst_dvid/latched_green_reg[0]/Q
                         net (fo=5, routed)           0.731     1.516    datapath/video_inst/inst_dvid/latched_green[0]
    SLICE_X161Y136       LUT3 (Prop_lut3_I2_O)        0.045     1.561 r  datapath/video_inst/inst_dvid/shift_green[5]_i_1/O
                         net (fo=1, routed)           0.000     1.561    datapath/video_inst/inst_dvid/shift_green[5]
    SLICE_X161Y136       FDRE                                         r  datapath/video_inst/inst_dvid/shift_green_reg[5]/D
  -------------------------------------------------------------------    -------------------

                         (clock clk_out2_clk_wiz_0 rise edge)
                                                      0.000     0.000 r  
    BUFGCTRL_X0Y2        BUFG                         0.000     0.000 r  clk_IBUF_BUFG_inst/O
                         net (fo=232, routed)         1.022     1.022    datapath/video_inst/mmcm_adv_inst_display_clocks/inst/clk_in1
    MMCME2_ADV_X1Y0      MMCME2_ADV (Prop_mmcme2_adv_CLKIN1_CLKOUT1)
                                                     -2.040    -1.018 r  datapath/video_inst/mmcm_adv_inst_display_clocks/inst/mmcm_adv_inst/CLKOUT1
                         net (fo=1, routed)           0.989    -0.029    datapath/video_inst/mmcm_adv_inst_display_clocks/inst/clk_out2_clk_wiz_0
    BUFGCTRL_X0Y0        BUFG (Prop_bufg_I_O)         0.029    -0.000 r  datapath/video_inst/mmcm_adv_inst_display_clocks/inst/clkout2_buf/O
                         net (fo=44, routed)          0.916     0.916    datapath/video_inst/inst_dvid/clk_out2
    SLICE_X161Y136       FDRE                                         r  datapath/video_inst/inst_dvid/shift_green_reg[5]/C
                         clock pessimism              0.080     0.996    
                         clock uncertainty            0.215     1.210    
    SLICE_X161Y136       FDRE (Hold_fdre_C_D)         0.107     1.317    datapath/video_inst/inst_dvid/shift_green_reg[5]
  -------------------------------------------------------------------
                         required time                         -1.317    
                         arrival time                           1.561    
  -------------------------------------------------------------------
                         slack                                  0.243    





--------------------------------------------------------------------------------------
Path Group:  (none)
From Clock:  
  To Clock:  

Max Delay           666 Endpoints
Min Delay           666 Endpoints
--------------------------------------------------------------------------------------


Max Delay Paths
--------------------------------------------------------------------------------------
Slack:                    inf
  Source:                 btn[0]
                            (input port)
  Destination:            datapath/num_step_v/process_q_reg[8]/D
  Path Group:             (none)
  Path Type:              Max at Slow Process Corner
  Data Path Delay:        13.225ns  (logic 2.356ns (17.818%)  route 10.868ns (82.182%))
  Logic Levels:           7  (CARRY4=3 IBUF=1 LUT2=2 LUT6=1)

    Location             Delay type                Incr(ns)  Path(ns)    Netlist Resource(s)
  -------------------------------------------------------------------    -------------------
    F15                                               0.000     0.000 f  btn[0] (IN)
                         net (fo=0)                   0.000     0.000    btn[0]
    F15                  IBUF (Prop_ibuf_I_O)         1.069     1.069 f  btn_IBUF[0]_inst/O
                         net (fo=2, routed)           9.101    10.171    datapath/num_step_v/btn_IBUF[0]
    SLICE_X147Y126       LUT6 (Prop_lut6_I3_O)        0.124    10.295 r  datapath/num_step_v/process_q[10]_i_8/O
                         net (fo=8, routed)           0.901    11.195    datapath/num_step_v/process_q[10]_i_8_n_0
    SLICE_X148Y124       LUT2 (Prop_lut2_I0_O)        0.124    11.319 r  datapath/num_step_v/process_q[3]_i_3/O
                         net (fo=1, routed)           0.000    11.319    datapath/num_step_v/process_q[3]_i_3_n_0
    SLICE_X148Y124       CARRY4 (Prop_carry4_S[2]_CO[3])
                                                      0.380    11.699 r  datapath/num_step_v/process_q_reg[3]_i_1/CO[3]
                         net (fo=1, routed)           0.009    11.708    datapath/num_step_v/process_q_reg[3]_i_1_n_0
    SLICE_X148Y125       CARRY4 (Prop_carry4_CI_CO[3])
                                                      0.117    11.825 r  datapath/num_step_v/process_q_reg[6]_i_1/CO[3]
                         net (fo=1, routed)           0.000    11.825    datapath/num_step_v/process_q_reg[6]_i_1_n_0
    SLICE_X148Y126       CARRY4 (Prop_carry4_CI_O[0])
                                                      0.219    12.044 r  datapath/num_step_v/process_q_reg[10]_i_3__0/O[0]
                         net (fo=1, routed)           0.857    12.902    datapath/num_step_v/process_q_reg[10]_i_3__0_n_7
    SLICE_X149Y126       LUT2 (Prop_lut2_I0_O)        0.323    13.225 r  datapath/num_step_v/process_q[8]_i_3/O
                         net (fo=1, routed)           0.000    13.225    datapath/num_step_v/process_q[8]_i_3_n_0
    SLICE_X149Y126       FDSE                                         r  datapath/num_step_v/process_q_reg[8]/D
  -------------------------------------------------------------------    -------------------

Slack:                    inf
  Source:                 btn[0]
                            (input port)
  Destination:            datapath/num_step_v/process_q_reg[5]/D
  Path Group:             (none)
  Path Type:              Max at Slow Process Corner
  Data Path Delay:        13.139ns  (logic 2.326ns (17.707%)  route 10.812ns (82.293%))
  Logic Levels:           6  (CARRY4=2 IBUF=1 LUT2=2 LUT6=1)

    Location             Delay type                Incr(ns)  Path(ns)    Netlist Resource(s)
  -------------------------------------------------------------------    -------------------
    F15                                               0.000     0.000 f  btn[0] (IN)
                         net (fo=0)                   0.000     0.000    btn[0]
    F15                  IBUF (Prop_ibuf_I_O)         1.069     1.069 f  btn_IBUF[0]_inst/O
                         net (fo=2, routed)           9.101    10.171    datapath/num_step_v/btn_IBUF[0]
    SLICE_X147Y126       LUT6 (Prop_lut6_I3_O)        0.124    10.295 r  datapath/num_step_v/process_q[10]_i_8/O
                         net (fo=8, routed)           0.901    11.195    datapath/num_step_v/process_q[10]_i_8_n_0
    SLICE_X148Y124       LUT2 (Prop_lut2_I0_O)        0.124    11.319 r  datapath/num_step_v/process_q[3]_i_3/O
                         net (fo=1, routed)           0.000    11.319    datapath/num_step_v/process_q[3]_i_3_n_0
    SLICE_X148Y124       CARRY4 (Prop_carry4_S[2]_CO[3])
                                                      0.380    11.699 r  datapath/num_step_v/process_q_reg[3]_i_1/CO[3]
                         net (fo=1, routed)           0.009    11.708    datapath/num_step_v/process_q_reg[3]_i_1_n_0
    SLICE_X148Y125       CARRY4 (Prop_carry4_CI_O[1])
                                                      0.323    12.031 r  datapath/num_step_v/process_q_reg[6]_i_1/O[1]
                         net (fo=1, routed)           0.801    12.833    datapath/num_step_v/process_q_reg[6]_i_1_n_6
    SLICE_X149Y126       LUT2 (Prop_lut2_I0_O)        0.306    13.139 r  datapath/num_step_v/process_q[5]_i_1__0/O
                         net (fo=1, routed)           0.000    13.139    datapath/num_step_v/process_q[5]_i_1__0_n_0
    SLICE_X149Y126       FDSE                                         r  datapath/num_step_v/process_q_reg[5]/D
  -------------------------------------------------------------------    -------------------

Slack:                    inf
  Source:                 btn[0]
                            (input port)
  Destination:            datapath/num_step_v/process_q_reg[7]/D
  Path Group:             (none)
  Path Type:              Max at Slow Process Corner
  Data Path Delay:        12.878ns  (logic 2.319ns (18.010%)  route 10.559ns (81.990%))
  Logic Levels:           6  (CARRY4=2 IBUF=1 LUT2=2 LUT6=1)

    Location             Delay type                Incr(ns)  Path(ns)    Netlist Resource(s)
  -------------------------------------------------------------------    -------------------
    F15                                               0.000     0.000 f  btn[0] (IN)
                         net (fo=0)                   0.000     0.000    btn[0]
    F15                  IBUF (Prop_ibuf_I_O)         1.069     1.069 f  btn_IBUF[0]_inst/O
                         net (fo=2, routed)           9.101    10.171    datapath/num_step_v/btn_IBUF[0]
    SLICE_X147Y126       LUT6 (Prop_lut6_I3_O)        0.124    10.295 r  datapath/num_step_v/process_q[10]_i_8/O
                         net (fo=8, routed)           0.901    11.195    datapath/num_step_v/process_q[10]_i_8_n_0
    SLICE_X148Y124       LUT2 (Prop_lut2_I0_O)        0.124    11.319 r  datapath/num_step_v/process_q[3]_i_3/O
                         net (fo=1, routed)           0.000    11.319    datapath/num_step_v/process_q[3]_i_3_n_0
    SLICE_X148Y124       CARRY4 (Prop_carry4_S[2]_CO[3])
                                                      0.380    11.699 r  datapath/num_step_v/process_q_reg[3]_i_1/CO[3]
                         net (fo=1, routed)           0.009    11.708    datapath/num_step_v/process_q_reg[3]_i_1_n_0
    SLICE_X148Y125       CARRY4 (Prop_carry4_CI_O[3])
                                                      0.315    12.023 r  datapath/num_step_v/process_q_reg[6]_i_1/O[3]
                         net (fo=1, routed)           0.548    12.571    datapath/num_step_v/process_q_reg[6]_i_1_n_4
    SLICE_X149Y126       LUT2 (Prop_lut2_I0_O)        0.307    12.878 r  datapath/num_step_v/process_q[7]_i_1/O
                         net (fo=1, routed)           0.000    12.878    datapath/num_step_v/process_q[7]_i_1_n_0
    SLICE_X149Y126       FDSE                                         r  datapath/num_step_v/process_q_reg[7]/D
  -------------------------------------------------------------------    -------------------

Slack:                    inf
  Source:                 btn[0]
                            (input port)
  Destination:            datapath/num_step_v/process_q_reg[4]/D
  Path Group:             (none)
  Path Type:              Max at Slow Process Corner
  Data Path Delay:        12.797ns  (logic 2.211ns (17.281%)  route 10.586ns (82.719%))
  Logic Levels:           6  (CARRY4=2 IBUF=1 LUT2=2 LUT6=1)

    Location             Delay type                Incr(ns)  Path(ns)    Netlist Resource(s)
  -------------------------------------------------------------------    -------------------
    F15                                               0.000     0.000 f  btn[0] (IN)
                         net (fo=0)                   0.000     0.000    btn[0]
    F15                  IBUF (Prop_ibuf_I_O)         1.069     1.069 f  btn_IBUF[0]_inst/O
                         net (fo=2, routed)           9.101    10.171    datapath/num_step_v/btn_IBUF[0]
    SLICE_X147Y126       LUT6 (Prop_lut6_I3_O)        0.124    10.295 r  datapath/num_step_v/process_q[10]_i_8/O
                         net (fo=8, routed)           0.901    11.195    datapath/num_step_v/process_q[10]_i_8_n_0
    SLICE_X148Y124       LUT2 (Prop_lut2_I0_O)        0.124    11.319 r  datapath/num_step_v/process_q[3]_i_3/O
                         net (fo=1, routed)           0.000    11.319    datapath/num_step_v/process_q[3]_i_3_n_0
    SLICE_X148Y124       CARRY4 (Prop_carry4_S[2]_CO[3])
                                                      0.380    11.699 r  datapath/num_step_v/process_q_reg[3]_i_1/CO[3]
                         net (fo=1, routed)           0.009    11.708    datapath/num_step_v/process_q_reg[3]_i_1_n_0
    SLICE_X148Y125       CARRY4 (Prop_carry4_CI_O[0])
                                                      0.219    11.927 r  datapath/num_step_v/process_q_reg[6]_i_1/O[0]
                         net (fo=1, routed)           0.575    12.502    datapath/num_step_v/process_q_reg[6]_i_1_n_7
    SLICE_X149Y126       LUT2 (Prop_lut2_I0_O)        0.295    12.797 r  datapath/num_step_v/process_q[4]_i_1__0/O
                         net (fo=1, routed)           0.000    12.797    datapath/num_step_v/process_q[4]_i_1__0_n_0
    SLICE_X149Y126       FDRE                                         r  datapath/num_step_v/process_q_reg[4]/D
  -------------------------------------------------------------------    -------------------

Slack:                    inf
  Source:                 btn[3]
                            (input port)
  Destination:            datapath/num_step_t/process_q_reg[9]/D
  Path Group:             (none)
  Path Type:              Max at Slow Process Corner
  Data Path Delay:        12.593ns  (logic 2.513ns (19.953%)  route 10.080ns (80.047%))
  Logic Levels:           7  (CARRY4=3 IBUF=1 LUT2=2 LUT6=1)

    Location             Delay type                Incr(ns)  Path(ns)    Netlist Resource(s)
  -------------------------------------------------------------------    -------------------
    D14                                               0.000     0.000 r  btn[3] (IN)
                         net (fo=0)                   0.000     0.000    btn[3]
    D14                  IBUF (Prop_ibuf_I_O)         1.085     1.085 r  btn_IBUF[3]_inst/O
                         net (fo=2, routed)           8.191     9.275    datapath/num_step_t/btn_IBUF[1]
    SLICE_X160Y130       LUT6 (Prop_lut6_I4_O)        0.124     9.399 r  datapath/num_step_t/process_q[10]_i_5/O
                         net (fo=7, routed)           1.087    10.487    datapath/num_step_t/is_increment
    SLICE_X161Y129       LUT2 (Prop_lut2_I0_O)        0.124    10.611 r  datapath/num_step_t/process_q[2]_i_2/O
                         net (fo=1, routed)           0.000    10.611    datapath/num_step_t/process_q[2]_i_2_n_0
    SLICE_X161Y129       CARRY4 (Prop_carry4_S[3]_CO[3])
                                                      0.401    11.012 r  datapath/num_step_t/process_q_reg[2]_i_1/CO[3]
                         net (fo=1, routed)           0.000    11.012    datapath/num_step_t/process_q_reg[2]_i_1_n_0
    SLICE_X161Y130       CARRY4 (Prop_carry4_CI_CO[3])
                                                      0.114    11.126 r  datapath/num_step_t/process_q_reg[7]_i_1/CO[3]
                         net (fo=1, routed)           0.000    11.126    datapath/num_step_t/process_q_reg[7]_i_1_n_0
    SLICE_X161Y131       CARRY4 (Prop_carry4_CI_O[1])
                                                      0.334    11.460 r  datapath/num_step_t/process_q_reg[10]_i_3/O[1]
                         net (fo=1, routed)           0.802    12.262    datapath/num_step_t/process_q_reg[10]_i_3_n_6
    SLICE_X160Y131       LUT2 (Prop_lut2_I0_O)        0.331    12.593 r  datapath/num_step_t/process_q[9]_i_3/O
                         net (fo=1, routed)           0.000    12.593    datapath/num_step_t/process_q[9]_i_3_n_0
    SLICE_X160Y131       FDSE                                         r  datapath/num_step_t/process_q_reg[9]/D
  -------------------------------------------------------------------    -------------------

Slack:                    inf
  Source:                 switch[2]
                            (input port)
  Destination:            datapath/rightChannelMemory/sdp_bl.ramb18_dp_bl.ram18_bl/ADDRBWRADDR[9]
  Path Group:             (none)
  Path Type:              Max at Slow Process Corner
  Data Path Delay:        12.482ns  (logic 1.193ns (9.557%)  route 11.289ns (90.443%))
  Logic Levels:           2  (IBUF=1 LUT2=1)

    Location             Delay type                Incr(ns)  Path(ns)    Netlist Resource(s)
  -------------------------------------------------------------------    -------------------
    G21                                               0.000     0.000 f  switch[2] (IN)
                         net (fo=0)                   0.000     0.000    switch[2]
    G21                  IBUF (Prop_ibuf_I_O)         1.069     1.069 f  switch_IBUF[2]_inst/O
                         net (fo=43, routed)          9.987    11.056    datapath/addr_counter/switch_IBUF[0]
    SLICE_X155Y119       LUT2 (Prop_lut2_I1_O)        0.124    11.180 r  datapath/addr_counter/sdp_bl.ramb18_dp_bl.ram18_bl_i_6__0/O
                         net (fo=2, routed)           1.302    12.482    datapath/rightChannelMemory/ADDRBWRADDR[5]
    RAMB18_X8Y50         RAMB18E1                                     r  datapath/rightChannelMemory/sdp_bl.ramb18_dp_bl.ram18_bl/ADDRBWRADDR[9]
  -------------------------------------------------------------------    -------------------

Slack:                    inf
  Source:                 switch[2]
                            (input port)
  Destination:            datapath/rightChannelMemory/sdp_bl.ramb18_dp_bl.ram18_bl/ADDRBWRADDR[4]
  Path Group:             (none)
  Path Type:              Max at Slow Process Corner
  Data Path Delay:        12.342ns  (logic 1.193ns (9.665%)  route 11.149ns (90.335%))
  Logic Levels:           2  (IBUF=1 LUT2=1)

    Location             Delay type                Incr(ns)  Path(ns)    Netlist Resource(s)
  -------------------------------------------------------------------    -------------------
    G21                                               0.000     0.000 f  switch[2] (IN)
                         net (fo=0)                   0.000     0.000    switch[2]
    G21                  IBUF (Prop_ibuf_I_O)         1.069     1.069 f  switch_IBUF[2]_inst/O
                         net (fo=43, routed)          9.845    10.914    datapath/addr_counter/switch_IBUF[0]
    SLICE_X154Y120       LUT2 (Prop_lut2_I1_O)        0.124    11.038 r  datapath/addr_counter/sdp_bl.ramb18_dp_bl.ram18_bl_i_11__0/O
                         net (fo=2, routed)           1.304    12.342    datapath/rightChannelMemory/ADDRBWRADDR[0]
    RAMB18_X8Y50         RAMB18E1                                     r  datapath/rightChannelMemory/sdp_bl.ramb18_dp_bl.ram18_bl/ADDRBWRADDR[4]
  -------------------------------------------------------------------    -------------------

Slack:                    inf
  Source:                 switch[2]
                            (input port)
  Destination:            datapath/rightChannelMemory/sdp_bl.ramb18_dp_bl.ram18_bl/ADDRBWRADDR[10]
  Path Group:             (none)
  Path Type:              Max at Slow Process Corner
  Data Path Delay:        12.263ns  (logic 1.221ns (9.956%)  route 11.042ns (90.044%))
  Logic Levels:           2  (IBUF=1 LUT2=1)

    Location             Delay type                Incr(ns)  Path(ns)    Netlist Resource(s)
  -------------------------------------------------------------------    -------------------
    G21                                               0.000     0.000 f  switch[2] (IN)
                         net (fo=0)                   0.000     0.000    switch[2]
    G21                  IBUF (Prop_ibuf_I_O)         1.069     1.069 f  switch_IBUF[2]_inst/O
                         net (fo=43, routed)          9.987    11.056    datapath/addr_counter/switch_IBUF[0]
    SLICE_X155Y119       LUT2 (Prop_lut2_I1_O)        0.152    11.208 r  datapath/addr_counter/sdp_bl.ramb18_dp_bl.ram18_bl_i_5__0/O
                         net (fo=2, routed)           1.055    12.263    datapath/rightChannelMemory/ADDRBWRADDR[6]
    RAMB18_X8Y50         RAMB18E1                                     r  datapath/rightChannelMemory/sdp_bl.ramb18_dp_bl.ram18_bl/ADDRBWRADDR[10]
  -------------------------------------------------------------------    -------------------

Slack:                    inf
  Source:                 btn[3]
                            (input port)
  Destination:            datapath/num_step_t/process_q_reg[4]/D
  Path Group:             (none)
  Path Type:              Max at Slow Process Corner
  Data Path Delay:        12.223ns  (logic 2.255ns (18.445%)  route 9.969ns (81.555%))
  Logic Levels:           6  (CARRY4=2 IBUF=1 LUT2=2 LUT6=1)

    Location             Delay type                Incr(ns)  Path(ns)    Netlist Resource(s)
  -------------------------------------------------------------------    -------------------
    D14                                               0.000     0.000 r  btn[3] (IN)
                         net (fo=0)                   0.000     0.000    btn[3]
    D14                  IBUF (Prop_ibuf_I_O)         1.085     1.085 r  btn_IBUF[3]_inst/O
                         net (fo=2, routed)           8.191     9.275    datapath/num_step_t/btn_IBUF[1]
    SLICE_X160Y130       LUT6 (Prop_lut6_I4_O)        0.124     9.399 r  datapath/num_step_t/process_q[10]_i_5/O
                         net (fo=7, routed)           1.087    10.487    datapath/num_step_t/is_increment
    SLICE_X161Y129       LUT2 (Prop_lut2_I0_O)        0.124    10.611 r  datapath/num_step_t/process_q[2]_i_2/O
                         net (fo=1, routed)           0.000    10.611    datapath/num_step_t/process_q[2]_i_2_n_0
    SLICE_X161Y129       CARRY4 (Prop_carry4_S[3]_CO[3])
                                                      0.401    11.012 r  datapath/num_step_t/process_q_reg[2]_i_1/CO[3]
                         net (fo=1, routed)           0.000    11.012    datapath/num_step_t/process_q_reg[2]_i_1_n_0
    SLICE_X161Y130       CARRY4 (Prop_carry4_CI_O[0])
                                                      0.222    11.234 r  datapath/num_step_t/process_q_reg[7]_i_1/O[0]
                         net (fo=1, routed)           0.691    11.924    datapath/num_step_t/process_q_reg[7]_i_1_n_7
    SLICE_X160Y130       LUT2 (Prop_lut2_I0_O)        0.299    12.223 r  datapath/num_step_t/process_q[4]_i_1/O
                         net (fo=1, routed)           0.000    12.223    datapath/num_step_t/process_q[4]_i_1_n_0
    SLICE_X160Y130       FDRE                                         r  datapath/num_step_t/process_q_reg[4]/D
  -------------------------------------------------------------------    -------------------

Slack:                    inf
  Source:                 btn[0]
                            (input port)
  Destination:            datapath/num_step_v/process_q_reg[9]/D
  Path Group:             (none)
  Path Type:              Max at Slow Process Corner
  Data Path Delay:        12.148ns  (logic 2.137ns (17.594%)  route 10.011ns (82.406%))
  Logic Levels:           6  (CARRY4=3 IBUF=1 LUT2=1 LUT6=1)

    Location             Delay type                Incr(ns)  Path(ns)    Netlist Resource(s)
  -------------------------------------------------------------------    -------------------
    F15                                               0.000     0.000 f  btn[0] (IN)
                         net (fo=0)                   0.000     0.000    btn[0]
    F15                  IBUF (Prop_ibuf_I_O)         1.069     1.069 f  btn_IBUF[0]_inst/O
                         net (fo=2, routed)           9.101    10.171    datapath/num_step_v/btn_IBUF[0]
    SLICE_X147Y126       LUT6 (Prop_lut6_I3_O)        0.124    10.295 r  datapath/num_step_v/process_q[10]_i_8/O
                         net (fo=8, routed)           0.901    11.195    datapath/num_step_v/process_q[10]_i_8_n_0
    SLICE_X148Y124       LUT2 (Prop_lut2_I0_O)        0.124    11.319 r  datapath/num_step_v/process_q[3]_i_3/O
                         net (fo=1, routed)           0.000    11.319    datapath/num_step_v/process_q[3]_i_3_n_0
    SLICE_X148Y124       CARRY4 (Prop_carry4_S[2]_CO[3])
                                                      0.380    11.699 r  datapath/num_step_v/process_q_reg[3]_i_1/CO[3]
                         net (fo=1, routed)           0.009    11.708    datapath/num_step_v/process_q_reg[3]_i_1_n_0
    SLICE_X148Y125       CARRY4 (Prop_carry4_CI_CO[3])
                                                      0.117    11.825 r  datapath/num_step_v/process_q_reg[6]_i_1/CO[3]
                         net (fo=1, routed)           0.000    11.825    datapath/num_step_v/process_q_reg[6]_i_1_n_0
    SLICE_X148Y126       CARRY4 (Prop_carry4_CI_O[1])
                                                      0.323    12.148 r  datapath/num_step_v/process_q_reg[10]_i_3__0/O[1]
                         net (fo=1, routed)           0.000    12.148    datapath/num_step_v/process_q_reg[10]_i_3__0_n_6
    SLICE_X148Y126       FDRE                                         r  datapath/num_step_v/process_q_reg[9]/D
  -------------------------------------------------------------------    -------------------





Min Delay Paths
--------------------------------------------------------------------------------------
Slack:                    inf
  Source:                 datapath/ch1_reg[to_ac][14]/C
                            (rising edge-triggered cell FDRE)
  Destination:            datapath/Audio_Codec/audio_inout/Data_Out_int_reg[27]/D
  Path Group:             (none)
  Path Type:              Min at Fast Process Corner
  Data Path Delay:        0.238ns  (logic 0.186ns (78.117%)  route 0.052ns (21.883%))
  Logic Levels:           2  (FDRE=1 LUT6=1)

    Location             Delay type                Incr(ns)  Path(ns)    Netlist Resource(s)
  -------------------------------------------------------------------    -------------------
    SLICE_X155Y124       FDRE                         0.000     0.000 r  datapath/ch1_reg[to_ac][14]/C
    SLICE_X155Y124       FDRE (Prop_fdre_C_Q)         0.141     0.141 r  datapath/ch1_reg[to_ac][14]/Q
                         net (fo=1, routed)           0.052     0.193    datapath/Audio_Codec/audio_inout/Data_Out_int_reg[30]_0[12]
    SLICE_X154Y124       LUT6 (Prop_lut6_I1_O)        0.045     0.238 r  datapath/Audio_Codec/audio_inout/Data_Out_int[27]_i_1/O
                         net (fo=1, routed)           0.000     0.238    datapath/Audio_Codec/audio_inout/Data_Out_int[27]_i_1_n_0
    SLICE_X154Y124       FDRE                                         r  datapath/Audio_Codec/audio_inout/Data_Out_int_reg[27]/D
  -------------------------------------------------------------------    -------------------

Slack:                    inf
  Source:                 datapath/ch1_reg[to_ac][17]/C
                            (rising edge-triggered cell FDRE)
  Destination:            datapath/Audio_Codec/audio_inout/Data_Out_int_reg[30]/D
  Path Group:             (none)
  Path Type:              Min at Fast Process Corner
  Data Path Delay:        0.238ns  (logic 0.186ns (78.117%)  route 0.052ns (21.883%))
  Logic Levels:           2  (FDRE=1 LUT6=1)

    Location             Delay type                Incr(ns)  Path(ns)    Netlist Resource(s)
  -------------------------------------------------------------------    -------------------
    SLICE_X155Y125       FDRE                         0.000     0.000 r  datapath/ch1_reg[to_ac][17]/C
    SLICE_X155Y125       FDRE (Prop_fdre_C_Q)         0.141     0.141 r  datapath/ch1_reg[to_ac][17]/Q
                         net (fo=1, routed)           0.052     0.193    datapath/Audio_Codec/audio_inout/Data_Out_int_reg[30]_0[15]
    SLICE_X154Y125       LUT6 (Prop_lut6_I1_O)        0.045     0.238 r  datapath/Audio_Codec/audio_inout/Data_Out_int[30]_i_1/O
                         net (fo=1, routed)           0.000     0.238    datapath/Audio_Codec/audio_inout/Data_Out_int[30]_i_1_n_0
    SLICE_X154Y125       FDRE                                         r  datapath/Audio_Codec/audio_inout/Data_Out_int_reg[30]/D
  -------------------------------------------------------------------    -------------------

Slack:                    inf
  Source:                 datapath/ch1_reg[to_ac][9]/C
                            (rising edge-triggered cell FDRE)
  Destination:            datapath/Audio_Codec/audio_inout/Data_Out_int_reg[22]/D
  Path Group:             (none)
  Path Type:              Min at Fast Process Corner
  Data Path Delay:        0.242ns  (logic 0.186ns (76.827%)  route 0.056ns (23.173%))
  Logic Levels:           2  (FDRE=1 LUT6=1)

    Location             Delay type                Incr(ns)  Path(ns)    Netlist Resource(s)
  -------------------------------------------------------------------    -------------------
    SLICE_X155Y123       FDRE                         0.000     0.000 r  datapath/ch1_reg[to_ac][9]/C
    SLICE_X155Y123       FDRE (Prop_fdre_C_Q)         0.141     0.141 r  datapath/ch1_reg[to_ac][9]/Q
                         net (fo=1, routed)           0.056     0.197    datapath/Audio_Codec/audio_inout/Data_Out_int_reg[30]_0[7]
    SLICE_X154Y123       LUT6 (Prop_lut6_I1_O)        0.045     0.242 r  datapath/Audio_Codec/audio_inout/Data_Out_int[22]_i_1/O
                         net (fo=1, routed)           0.000     0.242    datapath/Audio_Codec/audio_inout/Data_Out_int[22]_i_1_n_0
    SLICE_X154Y123       FDRE                                         r  datapath/Audio_Codec/audio_inout/Data_Out_int_reg[22]/D
  -------------------------------------------------------------------    -------------------

Slack:                    inf
  Source:                 datapath/Audio_Codec/audio_inout/Data_In_int_reg[21]/C
                            (rising edge-triggered cell FDRE)
  Destination:            datapath/Audio_Codec/audio_inout/Data_In_int_reg[22]/D
  Path Group:             (none)
  Path Type:              Min at Fast Process Corner
  Data Path Delay:        0.257ns  (logic 0.141ns (54.785%)  route 0.116ns (45.215%))
  Logic Levels:           1  (FDRE=1)

    Location             Delay type                Incr(ns)  Path(ns)    Netlist Resource(s)
  -------------------------------------------------------------------    -------------------
    SLICE_X153Y122       FDRE                         0.000     0.000 r  datapath/Audio_Codec/audio_inout/Data_In_int_reg[21]/C
    SLICE_X153Y122       FDRE (Prop_fdre_C_Q)         0.141     0.141 r  datapath/Audio_Codec/audio_inout/Data_In_int_reg[21]/Q
                         net (fo=3, routed)           0.116     0.257    datapath/Audio_Codec/audio_inout/Data_In_int[21]
    SLICE_X153Y122       FDRE                                         r  datapath/Audio_Codec/audio_inout/Data_In_int_reg[22]/D
  -------------------------------------------------------------------    -------------------

Slack:                    inf
  Source:                 datapath/Audio_Codec/audio_inout/Data_In_int_reg[31]/C
                            (rising edge-triggered cell FDRE)
  Destination:            datapath/Audio_Codec/audio_inout/D_R_O_int_reg[23]/D
  Path Group:             (none)
  Path Type:              Min at Fast Process Corner
  Data Path Delay:        0.262ns  (logic 0.148ns (56.559%)  route 0.114ns (43.441%))
  Logic Levels:           1  (FDRE=1)

    Location             Delay type                Incr(ns)  Path(ns)    Netlist Resource(s)
  -------------------------------------------------------------------    -------------------
    SLICE_X152Y123       FDRE                         0.000     0.000 r  datapath/Audio_Codec/audio_inout/Data_In_int_reg[31]/C
    SLICE_X152Y123       FDRE (Prop_fdre_C_Q)         0.148     0.148 r  datapath/Audio_Codec/audio_inout/Data_In_int_reg[31]/Q
                         net (fo=2, routed)           0.114     0.262    datapath/Audio_Codec/audio_inout/Data_In_int[31]
    SLICE_X153Y124       FDRE                                         r  datapath/Audio_Codec/audio_inout/D_R_O_int_reg[23]/D
  -------------------------------------------------------------------    -------------------

Slack:                    inf
  Source:                 datapath/Audio_Codec/audio_inout/Data_In_int_reg[25]/C
                            (rising edge-triggered cell FDRE)
  Destination:            datapath/Audio_Codec/audio_inout/Data_In_int_reg[26]/D
  Path Group:             (none)
  Path Type:              Min at Fast Process Corner
  Data Path Delay:        0.263ns  (logic 0.128ns (48.591%)  route 0.135ns (51.409%))
  Logic Levels:           1  (FDRE=1)

    Location             Delay type                Incr(ns)  Path(ns)    Netlist Resource(s)
  -------------------------------------------------------------------    -------------------
    SLICE_X153Y122       FDRE                         0.000     0.000 r  datapath/Audio_Codec/audio_inout/Data_In_int_reg[25]/C
    SLICE_X153Y122       FDRE (Prop_fdre_C_Q)         0.128     0.128 r  datapath/Audio_Codec/audio_inout/Data_In_int_reg[25]/Q
                         net (fo=3, routed)           0.135     0.263    datapath/Audio_Codec/audio_inout/Data_In_int[25]
    SLICE_X153Y122       FDRE                                         r  datapath/Audio_Codec/audio_inout/Data_In_int_reg[26]/D
  -------------------------------------------------------------------    -------------------

Slack:                    inf
  Source:                 datapath/Audio_Codec/audio_inout/Data_In_int_reg[24]/C
                            (rising edge-triggered cell FDRE)
  Destination:            datapath/Audio_Codec/audio_inout/Data_In_int_reg[25]/D
  Path Group:             (none)
  Path Type:              Min at Fast Process Corner
  Data Path Delay:        0.269ns  (logic 0.141ns (52.345%)  route 0.128ns (47.655%))
  Logic Levels:           1  (FDRE=1)

    Location             Delay type                Incr(ns)  Path(ns)    Netlist Resource(s)
  -------------------------------------------------------------------    -------------------
    SLICE_X153Y122       FDRE                         0.000     0.000 r  datapath/Audio_Codec/audio_inout/Data_In_int_reg[24]/C
    SLICE_X153Y122       FDRE (Prop_fdre_C_Q)         0.141     0.141 r  datapath/Audio_Codec/audio_inout/Data_In_int_reg[24]/Q
                         net (fo=3, routed)           0.128     0.269    datapath/Audio_Codec/audio_inout/Data_In_int[24]
    SLICE_X153Y122       FDRE                                         r  datapath/Audio_Codec/audio_inout/Data_In_int_reg[25]/D
  -------------------------------------------------------------------    -------------------

Slack:                    inf
  Source:                 datapath/Audio_Codec/audio_inout/Data_In_int_reg[11]/C
                            (rising edge-triggered cell FDRE)
  Destination:            datapath/Audio_Codec/audio_inout/Data_In_int_reg[12]/D
  Path Group:             (none)
  Path Type:              Min at Fast Process Corner
  Data Path Delay:        0.274ns  (logic 0.164ns (59.853%)  route 0.110ns (40.147%))
  Logic Levels:           1  (FDRE=1)

    Location             Delay type                Incr(ns)  Path(ns)    Netlist Resource(s)
  -------------------------------------------------------------------    -------------------
    SLICE_X150Y126       FDRE                         0.000     0.000 r  datapath/Audio_Codec/audio_inout/Data_In_int_reg[11]/C
    SLICE_X150Y126       FDRE (Prop_fdre_C_Q)         0.164     0.164 r  datapath/Audio_Codec/audio_inout/Data_In_int_reg[11]/Q
                         net (fo=1, routed)           0.110     0.274    datapath/Audio_Codec/audio_inout/Data_In_int[11]
    SLICE_X151Y127       FDRE                                         r  datapath/Audio_Codec/audio_inout/Data_In_int_reg[12]/D
  -------------------------------------------------------------------    -------------------

Slack:                    inf
  Source:                 datapath/Audio_Codec/audio_inout/Data_In_int_reg[0]/C
                            (rising edge-triggered cell FDRE)
  Destination:            datapath/Audio_Codec/audio_inout/Data_In_int_reg[1]/D
  Path Group:             (none)
  Path Type:              Min at Fast Process Corner
  Data Path Delay:        0.274ns  (logic 0.164ns (59.853%)  route 0.110ns (40.147%))
  Logic Levels:           1  (FDRE=1)

    Location             Delay type                Incr(ns)  Path(ns)    Netlist Resource(s)
  -------------------------------------------------------------------    -------------------
    SLICE_X152Y127       FDRE                         0.000     0.000 r  datapath/Audio_Codec/audio_inout/Data_In_int_reg[0]/C
    SLICE_X152Y127       FDRE (Prop_fdre_C_Q)         0.164     0.164 r  datapath/Audio_Codec/audio_inout/Data_In_int_reg[0]/Q
                         net (fo=1, routed)           0.110     0.274    datapath/Audio_Codec/audio_inout/Data_In_int[0]
    SLICE_X152Y127       FDRE                                         r  datapath/Audio_Codec/audio_inout/Data_In_int_reg[1]/D
  -------------------------------------------------------------------    -------------------

Slack:                    inf
  Source:                 datapath/Audio_Codec/audio_inout/Data_In_int_reg[29]/C
                            (rising edge-triggered cell FDRE)
  Destination:            datapath/Audio_Codec/audio_inout/Data_In_int_reg[30]/D
  Path Group:             (none)
  Path Type:              Min at Fast Process Corner
  Data Path Delay:        0.284ns  (logic 0.148ns (52.132%)  route 0.136ns (47.868%))
  Logic Levels:           1  (FDRE=1)

    Location             Delay type                Incr(ns)  Path(ns)    Netlist Resource(s)
  -------------------------------------------------------------------    -------------------
    SLICE_X152Y123       FDRE                         0.000     0.000 r  datapath/Audio_Codec/audio_inout/Data_In_int_reg[29]/C
    SLICE_X152Y123       FDRE (Prop_fdre_C_Q)         0.148     0.148 r  datapath/Audio_Codec/audio_inout/Data_In_int_reg[29]/Q
                         net (fo=3, routed)           0.136     0.284    datapath/Audio_Codec/audio_inout/Data_In_int[29]
    SLICE_X152Y123       FDRE                                         r  datapath/Audio_Codec/audio_inout/Data_In_int_reg[30]/D
  -------------------------------------------------------------------    -------------------





--------------------------------------------------------------------------------------
Path Group:  (none)
From Clock:  clk_out1_clk_wiz_0
  To Clock:  

Max Delay            20 Endpoints
Min Delay            20 Endpoints
--------------------------------------------------------------------------------------


Max Delay Paths
--------------------------------------------------------------------------------------
Slack:                    inf
  Source:                 datapath/video_inst/Inst_vga/vga_sig_gen/horizontal_counter/processQ_reg[0]/C
                            (rising edge-triggered cell FDRE clocked by clk_out1_clk_wiz_0  {rise@0.000ns fall@20.000ns period=40.000ns})
  Destination:            datapath/leftChannelMemory/sdp_bl.ramb18_dp_bl.ram18_bl/ADDRARDADDR[4]
  Path Group:             (none)
  Path Type:              Max at Slow Process Corner
  Data Path Delay:        2.705ns  (logic 0.456ns (16.856%)  route 2.249ns (83.144%))
  Logic Levels:           0  
  Clock Uncertainty:      0.190ns  ((TSJ^2 + DJ^2)^1/2) / 2 + PE
    Total System Jitter     (TSJ):    0.050ns
    Discrete Jitter          (DJ):    0.175ns
    Phase Error              (PE):    0.099ns

    Location             Delay type                Incr(ns)  Path(ns)    Netlist Resource(s)
  -------------------------------------------------------------------    -------------------
                         (clock clk_out1_clk_wiz_0 rise edge)
                                                      0.000     0.000 r  
    BUFGCTRL_X0Y2        BUFG                         0.000     0.000 r  clk_IBUF_BUFG_inst/O
                         net (fo=232, routed)         2.106     2.106    datapath/video_inst/mmcm_adv_inst_display_clocks/inst/clk_in1
    MMCME2_ADV_X1Y0      MMCME2_ADV (Prop_mmcme2_adv_CLKIN1_CLKOUT0)
                                                     -4.900    -2.793 r  datapath/video_inst/mmcm_adv_inst_display_clocks/inst/mmcm_adv_inst/CLKOUT0
                         net (fo=1, routed)           2.697    -0.096    datapath/video_inst/mmcm_adv_inst_display_clocks/inst/clk_out1_clk_wiz_0
    BUFGCTRL_X0Y4        BUFG (Prop_bufg_I_O)         0.096    -0.000 r  datapath/video_inst/mmcm_adv_inst_display_clocks/inst/clkout1_buf/O
                         net (fo=63, routed)          1.738     1.738    datapath/video_inst/Inst_vga/vga_sig_gen/horizontal_counter/CLK
    SLICE_X153Y126       FDRE                                         r  datapath/video_inst/Inst_vga/vga_sig_gen/horizontal_counter/processQ_reg[0]/C
  -------------------------------------------------------------------    -------------------
    SLICE_X153Y126       FDRE (Prop_fdre_C_Q)         0.456     2.194 r  datapath/video_inst/Inst_vga/vga_sig_gen/horizontal_counter/processQ_reg[0]/Q
                         net (fo=31, routed)          2.249     4.444    datapath/leftChannelMemory/Q[0]
    RAMB18_X8Y49         RAMB18E1                                     r  datapath/leftChannelMemory/sdp_bl.ramb18_dp_bl.ram18_bl/ADDRARDADDR[4]
  -------------------------------------------------------------------    -------------------

Slack:                    inf
  Source:                 datapath/video_inst/Inst_vga/vga_sig_gen/horizontal_counter/processQ_reg[0]/C
                            (rising edge-triggered cell FDRE clocked by clk_out1_clk_wiz_0  {rise@0.000ns fall@20.000ns period=40.000ns})
  Destination:            datapath/rightChannelMemory/sdp_bl.ramb18_dp_bl.ram18_bl/ADDRARDADDR[4]
  Path Group:             (none)
  Path Type:              Max at Slow Process Corner
  Data Path Delay:        2.367ns  (logic 0.456ns (19.262%)  route 1.911ns (80.738%))
  Logic Levels:           0  
  Clock Uncertainty:      0.190ns  ((TSJ^2 + DJ^2)^1/2) / 2 + PE
    Total System Jitter     (TSJ):    0.050ns
    Discrete Jitter          (DJ):    0.175ns
    Phase Error              (PE):    0.099ns

    Location             Delay type                Incr(ns)  Path(ns)    Netlist Resource(s)
  -------------------------------------------------------------------    -------------------
                         (clock clk_out1_clk_wiz_0 rise edge)
                                                      0.000     0.000 r  
    BUFGCTRL_X0Y2        BUFG                         0.000     0.000 r  clk_IBUF_BUFG_inst/O
                         net (fo=232, routed)         2.106     2.106    datapath/video_inst/mmcm_adv_inst_display_clocks/inst/clk_in1
    MMCME2_ADV_X1Y0      MMCME2_ADV (Prop_mmcme2_adv_CLKIN1_CLKOUT0)
                                                     -4.900    -2.793 r  datapath/video_inst/mmcm_adv_inst_display_clocks/inst/mmcm_adv_inst/CLKOUT0
                         net (fo=1, routed)           2.697    -0.096    datapath/video_inst/mmcm_adv_inst_display_clocks/inst/clk_out1_clk_wiz_0
    BUFGCTRL_X0Y4        BUFG (Prop_bufg_I_O)         0.096    -0.000 r  datapath/video_inst/mmcm_adv_inst_display_clocks/inst/clkout1_buf/O
                         net (fo=63, routed)          1.738     1.738    datapath/video_inst/Inst_vga/vga_sig_gen/horizontal_counter/CLK
    SLICE_X153Y126       FDRE                                         r  datapath/video_inst/Inst_vga/vga_sig_gen/horizontal_counter/processQ_reg[0]/C
  -------------------------------------------------------------------    -------------------
    SLICE_X153Y126       FDRE (Prop_fdre_C_Q)         0.456     2.194 r  datapath/video_inst/Inst_vga/vga_sig_gen/horizontal_counter/processQ_reg[0]/Q
                         net (fo=31, routed)          1.911     4.106    datapath/rightChannelMemory/Q[0]
    RAMB18_X8Y50         RAMB18E1                                     r  datapath/rightChannelMemory/sdp_bl.ramb18_dp_bl.ram18_bl/ADDRARDADDR[4]
  -------------------------------------------------------------------    -------------------

Slack:                    inf
  Source:                 datapath/video_inst/Inst_vga/vga_sig_gen/horizontal_counter/processQ_reg[2]/C
                            (rising edge-triggered cell FDRE clocked by clk_out1_clk_wiz_0  {rise@0.000ns fall@20.000ns period=40.000ns})
  Destination:            datapath/leftChannelMemory/sdp_bl.ramb18_dp_bl.ram18_bl/ADDRARDADDR[6]
  Path Group:             (none)
  Path Type:              Max at Slow Process Corner
  Data Path Delay:        1.834ns  (logic 0.518ns (28.241%)  route 1.316ns (71.759%))
  Logic Levels:           0  
  Clock Uncertainty:      0.190ns  ((TSJ^2 + DJ^2)^1/2) / 2 + PE
    Total System Jitter     (TSJ):    0.050ns
    Discrete Jitter          (DJ):    0.175ns
    Phase Error              (PE):    0.099ns

    Location             Delay type                Incr(ns)  Path(ns)    Netlist Resource(s)
  -------------------------------------------------------------------    -------------------
                         (clock clk_out1_clk_wiz_0 rise edge)
                                                      0.000     0.000 r  
    BUFGCTRL_X0Y2        BUFG                         0.000     0.000 r  clk_IBUF_BUFG_inst/O
                         net (fo=232, routed)         2.106     2.106    datapath/video_inst/mmcm_adv_inst_display_clocks/inst/clk_in1
    MMCME2_ADV_X1Y0      MMCME2_ADV (Prop_mmcme2_adv_CLKIN1_CLKOUT0)
                                                     -4.900    -2.793 r  datapath/video_inst/mmcm_adv_inst_display_clocks/inst/mmcm_adv_inst/CLKOUT0
                         net (fo=1, routed)           2.697    -0.096    datapath/video_inst/mmcm_adv_inst_display_clocks/inst/clk_out1_clk_wiz_0
    BUFGCTRL_X0Y4        BUFG (Prop_bufg_I_O)         0.096    -0.000 r  datapath/video_inst/mmcm_adv_inst_display_clocks/inst/clkout1_buf/O
                         net (fo=63, routed)          1.739     1.739    datapath/video_inst/Inst_vga/vga_sig_gen/horizontal_counter/CLK
    SLICE_X154Y126       FDRE                                         r  datapath/video_inst/Inst_vga/vga_sig_gen/horizontal_counter/processQ_reg[2]/C
  -------------------------------------------------------------------    -------------------
    SLICE_X154Y126       FDRE (Prop_fdre_C_Q)         0.518     2.257 r  datapath/video_inst/Inst_vga/vga_sig_gen/horizontal_counter/processQ_reg[2]/Q
                         net (fo=67, routed)          1.316     3.574    datapath/leftChannelMemory/Q[2]
    RAMB18_X8Y49         RAMB18E1                                     r  datapath/leftChannelMemory/sdp_bl.ramb18_dp_bl.ram18_bl/ADDRARDADDR[6]
  -------------------------------------------------------------------    -------------------

Slack:                    inf
  Source:                 datapath/video_inst/Inst_vga/vga_sig_gen/horizontal_counter/processQ_reg[1]/C
                            (rising edge-triggered cell FDRE clocked by clk_out1_clk_wiz_0  {rise@0.000ns fall@20.000ns period=40.000ns})
  Destination:            datapath/leftChannelMemory/sdp_bl.ramb18_dp_bl.ram18_bl/ADDRARDADDR[5]
  Path Group:             (none)
  Path Type:              Max at Slow Process Corner
  Data Path Delay:        1.735ns  (logic 0.419ns (24.154%)  route 1.316ns (75.846%))
  Logic Levels:           0  
  Clock Uncertainty:      0.190ns  ((TSJ^2 + DJ^2)^1/2) / 2 + PE
    Total System Jitter     (TSJ):    0.050ns
    Discrete Jitter          (DJ):    0.175ns
    Phase Error              (PE):    0.099ns

    Location             Delay type                Incr(ns)  Path(ns)    Netlist Resource(s)
  -------------------------------------------------------------------    -------------------
                         (clock clk_out1_clk_wiz_0 rise edge)
                                                      0.000     0.000 r  
    BUFGCTRL_X0Y2        BUFG                         0.000     0.000 r  clk_IBUF_BUFG_inst/O
                         net (fo=232, routed)         2.106     2.106    datapath/video_inst/mmcm_adv_inst_display_clocks/inst/clk_in1
    MMCME2_ADV_X1Y0      MMCME2_ADV (Prop_mmcme2_adv_CLKIN1_CLKOUT0)
                                                     -4.900    -2.793 r  datapath/video_inst/mmcm_adv_inst_display_clocks/inst/mmcm_adv_inst/CLKOUT0
                         net (fo=1, routed)           2.697    -0.096    datapath/video_inst/mmcm_adv_inst_display_clocks/inst/clk_out1_clk_wiz_0
    BUFGCTRL_X0Y4        BUFG (Prop_bufg_I_O)         0.096    -0.000 r  datapath/video_inst/mmcm_adv_inst_display_clocks/inst/clkout1_buf/O
                         net (fo=63, routed)          1.738     1.738    datapath/video_inst/Inst_vga/vga_sig_gen/horizontal_counter/CLK
    SLICE_X153Y126       FDRE                                         r  datapath/video_inst/Inst_vga/vga_sig_gen/horizontal_counter/processQ_reg[1]/C
  -------------------------------------------------------------------    -------------------
    SLICE_X153Y126       FDRE (Prop_fdre_C_Q)         0.419     2.157 r  datapath/video_inst/Inst_vga/vga_sig_gen/horizontal_counter/processQ_reg[1]/Q
                         net (fo=32, routed)          1.316     3.473    datapath/leftChannelMemory/Q[1]
    RAMB18_X8Y49         RAMB18E1                                     r  datapath/leftChannelMemory/sdp_bl.ramb18_dp_bl.ram18_bl/ADDRARDADDR[5]
  -------------------------------------------------------------------    -------------------

Slack:                    inf
  Source:                 datapath/video_inst/Inst_vga/vga_sig_gen/horizontal_counter/processQ_reg[8]/C
                            (rising edge-triggered cell FDRE clocked by clk_out1_clk_wiz_0  {rise@0.000ns fall@20.000ns period=40.000ns})
  Destination:            datapath/leftChannelMemory/sdp_bl.ramb18_dp_bl.ram18_bl/ADDRARDADDR[12]
  Path Group:             (none)
  Path Type:              Max at Slow Process Corner
  Data Path Delay:        1.667ns  (logic 0.478ns (28.672%)  route 1.189ns (71.328%))
  Logic Levels:           0  
  Clock Uncertainty:      0.190ns  ((TSJ^2 + DJ^2)^1/2) / 2 + PE
    Total System Jitter     (TSJ):    0.050ns
    Discrete Jitter          (DJ):    0.175ns
    Phase Error              (PE):    0.099ns

    Location             Delay type                Incr(ns)  Path(ns)    Netlist Resource(s)
  -------------------------------------------------------------------    -------------------
                         (clock clk_out1_clk_wiz_0 rise edge)
                                                      0.000     0.000 r  
    BUFGCTRL_X0Y2        BUFG                         0.000     0.000 r  clk_IBUF_BUFG_inst/O
                         net (fo=232, routed)         2.106     2.106    datapath/video_inst/mmcm_adv_inst_display_clocks/inst/clk_in1
    MMCME2_ADV_X1Y0      MMCME2_ADV (Prop_mmcme2_adv_CLKIN1_CLKOUT0)
                                                     -4.900    -2.793 r  datapath/video_inst/mmcm_adv_inst_display_clocks/inst/mmcm_adv_inst/CLKOUT0
                         net (fo=1, routed)           2.697    -0.096    datapath/video_inst/mmcm_adv_inst_display_clocks/inst/clk_out1_clk_wiz_0
    BUFGCTRL_X0Y4        BUFG (Prop_bufg_I_O)         0.096    -0.000 r  datapath/video_inst/mmcm_adv_inst_display_clocks/inst/clkout1_buf/O
                         net (fo=63, routed)          1.743     1.743    datapath/video_inst/Inst_vga/vga_sig_gen/horizontal_counter/CLK
    SLICE_X154Y128       FDRE                                         r  datapath/video_inst/Inst_vga/vga_sig_gen/horizontal_counter/processQ_reg[8]/C
  -------------------------------------------------------------------    -------------------
    SLICE_X154Y128       FDRE (Prop_fdre_C_Q)         0.478     2.221 r  datapath/video_inst/Inst_vga/vga_sig_gen/horizontal_counter/processQ_reg[8]/Q
                         net (fo=20, routed)          1.189     3.411    datapath/leftChannelMemory/Q[8]
    RAMB18_X8Y49         RAMB18E1                                     r  datapath/leftChannelMemory/sdp_bl.ramb18_dp_bl.ram18_bl/ADDRARDADDR[12]
  -------------------------------------------------------------------    -------------------

Slack:                    inf
  Source:                 datapath/video_inst/Inst_vga/vga_sig_gen/horizontal_counter/processQ_reg[5]/C
                            (rising edge-triggered cell FDRE clocked by clk_out1_clk_wiz_0  {rise@0.000ns fall@20.000ns period=40.000ns})
  Destination:            datapath/leftChannelMemory/sdp_bl.ramb18_dp_bl.ram18_bl/ADDRARDADDR[9]
  Path Group:             (none)
  Path Type:              Max at Slow Process Corner
  Data Path Delay:        1.634ns  (logic 0.456ns (27.907%)  route 1.178ns (72.093%))
  Logic Levels:           0  
  Clock Uncertainty:      0.190ns  ((TSJ^2 + DJ^2)^1/2) / 2 + PE
    Total System Jitter     (TSJ):    0.050ns
    Discrete Jitter          (DJ):    0.175ns
    Phase Error              (PE):    0.099ns

    Location             Delay type                Incr(ns)  Path(ns)    Netlist Resource(s)
  -------------------------------------------------------------------    -------------------
                         (clock clk_out1_clk_wiz_0 rise edge)
                                                      0.000     0.000 r  
    BUFGCTRL_X0Y2        BUFG                         0.000     0.000 r  clk_IBUF_BUFG_inst/O
                         net (fo=232, routed)         2.106     2.106    datapath/video_inst/mmcm_adv_inst_display_clocks/inst/clk_in1
    MMCME2_ADV_X1Y0      MMCME2_ADV (Prop_mmcme2_adv_CLKIN1_CLKOUT0)
                                                     -4.900    -2.793 r  datapath/video_inst/mmcm_adv_inst_display_clocks/inst/mmcm_adv_inst/CLKOUT0
                         net (fo=1, routed)           2.697    -0.096    datapath/video_inst/mmcm_adv_inst_display_clocks/inst/clk_out1_clk_wiz_0
    BUFGCTRL_X0Y4        BUFG (Prop_bufg_I_O)         0.096    -0.000 r  datapath/video_inst/mmcm_adv_inst_display_clocks/inst/clkout1_buf/O
                         net (fo=63, routed)          1.738     1.738    datapath/video_inst/Inst_vga/vga_sig_gen/horizontal_counter/CLK
    SLICE_X153Y126       FDRE                                         r  datapath/video_inst/Inst_vga/vga_sig_gen/horizontal_counter/processQ_reg[5]/C
  -------------------------------------------------------------------    -------------------
    SLICE_X153Y126       FDRE (Prop_fdre_C_Q)         0.456     2.194 r  datapath/video_inst/Inst_vga/vga_sig_gen/horizontal_counter/processQ_reg[5]/Q
                         net (fo=47, routed)          1.178     3.372    datapath/leftChannelMemory/Q[5]
    RAMB18_X8Y49         RAMB18E1                                     r  datapath/leftChannelMemory/sdp_bl.ramb18_dp_bl.ram18_bl/ADDRARDADDR[9]
  -------------------------------------------------------------------    -------------------

Slack:                    inf
  Source:                 datapath/video_inst/Inst_vga/vga_sig_gen/horizontal_counter/processQ_reg[9]/C
                            (rising edge-triggered cell FDRE clocked by clk_out1_clk_wiz_0  {rise@0.000ns fall@20.000ns period=40.000ns})
  Destination:            datapath/leftChannelMemory/sdp_bl.ramb18_dp_bl.ram18_bl/ADDRARDADDR[13]
  Path Group:             (none)
  Path Type:              Max at Slow Process Corner
  Data Path Delay:        1.630ns  (logic 0.518ns (31.775%)  route 1.112ns (68.225%))
  Logic Levels:           0  
  Clock Uncertainty:      0.190ns  ((TSJ^2 + DJ^2)^1/2) / 2 + PE
    Total System Jitter     (TSJ):    0.050ns
    Discrete Jitter          (DJ):    0.175ns
    Phase Error              (PE):    0.099ns

    Location             Delay type                Incr(ns)  Path(ns)    Netlist Resource(s)
  -------------------------------------------------------------------    -------------------
                         (clock clk_out1_clk_wiz_0 rise edge)
                                                      0.000     0.000 r  
    BUFGCTRL_X0Y2        BUFG                         0.000     0.000 r  clk_IBUF_BUFG_inst/O
                         net (fo=232, routed)         2.106     2.106    datapath/video_inst/mmcm_adv_inst_display_clocks/inst/clk_in1
    MMCME2_ADV_X1Y0      MMCME2_ADV (Prop_mmcme2_adv_CLKIN1_CLKOUT0)
                                                     -4.900    -2.793 r  datapath/video_inst/mmcm_adv_inst_display_clocks/inst/mmcm_adv_inst/CLKOUT0
                         net (fo=1, routed)           2.697    -0.096    datapath/video_inst/mmcm_adv_inst_display_clocks/inst/clk_out1_clk_wiz_0
    BUFGCTRL_X0Y4        BUFG (Prop_bufg_I_O)         0.096    -0.000 r  datapath/video_inst/mmcm_adv_inst_display_clocks/inst/clkout1_buf/O
                         net (fo=63, routed)          1.740     1.740    datapath/video_inst/Inst_vga/vga_sig_gen/horizontal_counter/CLK
    SLICE_X154Y127       FDRE                                         r  datapath/video_inst/Inst_vga/vga_sig_gen/horizontal_counter/processQ_reg[9]/C
  -------------------------------------------------------------------    -------------------
    SLICE_X154Y127       FDRE (Prop_fdre_C_Q)         0.518     2.258 r  datapath/video_inst/Inst_vga/vga_sig_gen/horizontal_counter/processQ_reg[9]/Q
                         net (fo=18, routed)          1.112     3.371    datapath/leftChannelMemory/Q[9]
    RAMB18_X8Y49         RAMB18E1                                     r  datapath/leftChannelMemory/sdp_bl.ramb18_dp_bl.ram18_bl/ADDRARDADDR[13]
  -------------------------------------------------------------------    -------------------

Slack:                    inf
  Source:                 datapath/video_inst/Inst_vga/vga_sig_gen/horizontal_counter/processQ_reg[7]/C
                            (rising edge-triggered cell FDRE clocked by clk_out1_clk_wiz_0  {rise@0.000ns fall@20.000ns period=40.000ns})
  Destination:            datapath/leftChannelMemory/sdp_bl.ramb18_dp_bl.ram18_bl/ADDRARDADDR[11]
  Path Group:             (none)
  Path Type:              Max at Slow Process Corner
  Data Path Delay:        1.551ns  (logic 0.518ns (33.395%)  route 1.033ns (66.605%))
  Logic Levels:           0  
  Clock Uncertainty:      0.190ns  ((TSJ^2 + DJ^2)^1/2) / 2 + PE
    Total System Jitter     (TSJ):    0.050ns
    Discrete Jitter          (DJ):    0.175ns
    Phase Error              (PE):    0.099ns

    Location             Delay type                Incr(ns)  Path(ns)    Netlist Resource(s)
  -------------------------------------------------------------------    -------------------
                         (clock clk_out1_clk_wiz_0 rise edge)
                                                      0.000     0.000 r  
    BUFGCTRL_X0Y2        BUFG                         0.000     0.000 r  clk_IBUF_BUFG_inst/O
                         net (fo=232, routed)         2.106     2.106    datapath/video_inst/mmcm_adv_inst_display_clocks/inst/clk_in1
    MMCME2_ADV_X1Y0      MMCME2_ADV (Prop_mmcme2_adv_CLKIN1_CLKOUT0)
                                                     -4.900    -2.793 r  datapath/video_inst/mmcm_adv_inst_display_clocks/inst/mmcm_adv_inst/CLKOUT0
                         net (fo=1, routed)           2.697    -0.096    datapath/video_inst/mmcm_adv_inst_display_clocks/inst/clk_out1_clk_wiz_0
    BUFGCTRL_X0Y4        BUFG (Prop_bufg_I_O)         0.096    -0.000 r  datapath/video_inst/mmcm_adv_inst_display_clocks/inst/clkout1_buf/O
                         net (fo=63, routed)          1.743     1.743    datapath/video_inst/Inst_vga/vga_sig_gen/horizontal_counter/CLK
    SLICE_X154Y128       FDRE                                         r  datapath/video_inst/Inst_vga/vga_sig_gen/horizontal_counter/processQ_reg[7]/C
  -------------------------------------------------------------------    -------------------
    SLICE_X154Y128       FDRE (Prop_fdre_C_Q)         0.518     2.261 r  datapath/video_inst/Inst_vga/vga_sig_gen/horizontal_counter/processQ_reg[7]/Q
                         net (fo=24, routed)          1.033     3.295    datapath/leftChannelMemory/Q[7]
    RAMB18_X8Y49         RAMB18E1                                     r  datapath/leftChannelMemory/sdp_bl.ramb18_dp_bl.ram18_bl/ADDRARDADDR[11]
  -------------------------------------------------------------------    -------------------

Slack:                    inf
  Source:                 datapath/video_inst/Inst_vga/vga_sig_gen/horizontal_counter/processQ_reg[3]/C
                            (rising edge-triggered cell FDRE clocked by clk_out1_clk_wiz_0  {rise@0.000ns fall@20.000ns period=40.000ns})
  Destination:            datapath/leftChannelMemory/sdp_bl.ramb18_dp_bl.ram18_bl/ADDRARDADDR[7]
  Path Group:             (none)
  Path Type:              Max at Slow Process Corner
  Data Path Delay:        1.529ns  (logic 0.518ns (33.878%)  route 1.011ns (66.122%))
  Logic Levels:           0  
  Clock Uncertainty:      0.190ns  ((TSJ^2 + DJ^2)^1/2) / 2 + PE
    Total System Jitter     (TSJ):    0.050ns
    Discrete Jitter          (DJ):    0.175ns
    Phase Error              (PE):    0.099ns

    Location             Delay type                Incr(ns)  Path(ns)    Netlist Resource(s)
  -------------------------------------------------------------------    -------------------
                         (clock clk_out1_clk_wiz_0 rise edge)
                                                      0.000     0.000 r  
    BUFGCTRL_X0Y2        BUFG                         0.000     0.000 r  clk_IBUF_BUFG_inst/O
                         net (fo=232, routed)         2.106     2.106    datapath/video_inst/mmcm_adv_inst_display_clocks/inst/clk_in1
    MMCME2_ADV_X1Y0      MMCME2_ADV (Prop_mmcme2_adv_CLKIN1_CLKOUT0)
                                                     -4.900    -2.793 r  datapath/video_inst/mmcm_adv_inst_display_clocks/inst/mmcm_adv_inst/CLKOUT0
                         net (fo=1, routed)           2.697    -0.096    datapath/video_inst/mmcm_adv_inst_display_clocks/inst/clk_out1_clk_wiz_0
    BUFGCTRL_X0Y4        BUFG (Prop_bufg_I_O)         0.096    -0.000 r  datapath/video_inst/mmcm_adv_inst_display_clocks/inst/clkout1_buf/O
                         net (fo=63, routed)          1.740     1.740    datapath/video_inst/Inst_vga/vga_sig_gen/horizontal_counter/CLK
    SLICE_X154Y127       FDRE                                         r  datapath/video_inst/Inst_vga/vga_sig_gen/horizontal_counter/processQ_reg[3]/C
  -------------------------------------------------------------------    -------------------
    SLICE_X154Y127       FDRE (Prop_fdre_C_Q)         0.518     2.258 r  datapath/video_inst/Inst_vga/vga_sig_gen/horizontal_counter/processQ_reg[3]/Q
                         net (fo=62, routed)          1.011     3.269    datapath/leftChannelMemory/Q[3]
    RAMB18_X8Y49         RAMB18E1                                     r  datapath/leftChannelMemory/sdp_bl.ramb18_dp_bl.ram18_bl/ADDRARDADDR[7]
  -------------------------------------------------------------------    -------------------

Slack:                    inf
  Source:                 datapath/video_inst/Inst_vga/vga_sig_gen/horizontal_counter/processQ_reg[4]/C
                            (rising edge-triggered cell FDRE clocked by clk_out1_clk_wiz_0  {rise@0.000ns fall@20.000ns period=40.000ns})
  Destination:            datapath/leftChannelMemory/sdp_bl.ramb18_dp_bl.ram18_bl/ADDRARDADDR[8]
  Path Group:             (none)
  Path Type:              Max at Slow Process Corner
  Data Path Delay:        1.516ns  (logic 0.518ns (34.173%)  route 0.998ns (65.827%))
  Logic Levels:           0  
  Clock Uncertainty:      0.190ns  ((TSJ^2 + DJ^2)^1/2) / 2 + PE
    Total System Jitter     (TSJ):    0.050ns
    Discrete Jitter          (DJ):    0.175ns
    Phase Error              (PE):    0.099ns

    Location             Delay type                Incr(ns)  Path(ns)    Netlist Resource(s)
  -------------------------------------------------------------------    -------------------
                         (clock clk_out1_clk_wiz_0 rise edge)
                                                      0.000     0.000 r  
    BUFGCTRL_X0Y2        BUFG                         0.000     0.000 r  clk_IBUF_BUFG_inst/O
                         net (fo=232, routed)         2.106     2.106    datapath/video_inst/mmcm_adv_inst_display_clocks/inst/clk_in1
    MMCME2_ADV_X1Y0      MMCME2_ADV (Prop_mmcme2_adv_CLKIN1_CLKOUT0)
                                                     -4.900    -2.793 r  datapath/video_inst/mmcm_adv_inst_display_clocks/inst/mmcm_adv_inst/CLKOUT0
                         net (fo=1, routed)           2.697    -0.096    datapath/video_inst/mmcm_adv_inst_display_clocks/inst/clk_out1_clk_wiz_0
    BUFGCTRL_X0Y4        BUFG (Prop_bufg_I_O)         0.096    -0.000 r  datapath/video_inst/mmcm_adv_inst_display_clocks/inst/clkout1_buf/O
                         net (fo=63, routed)          1.743     1.743    datapath/video_inst/Inst_vga/vga_sig_gen/horizontal_counter/CLK
    SLICE_X154Y128       FDRE                                         r  datapath/video_inst/Inst_vga/vga_sig_gen/horizontal_counter/processQ_reg[4]/C
  -------------------------------------------------------------------    -------------------
    SLICE_X154Y128       FDRE (Prop_fdre_C_Q)         0.518     2.261 r  datapath/video_inst/Inst_vga/vga_sig_gen/horizontal_counter/processQ_reg[4]/Q
                         net (fo=50, routed)          0.998     3.259    datapath/leftChannelMemory/Q[4]
    RAMB18_X8Y49         RAMB18E1                                     r  datapath/leftChannelMemory/sdp_bl.ramb18_dp_bl.ram18_bl/ADDRARDADDR[8]
  -------------------------------------------------------------------    -------------------





Min Delay Paths
--------------------------------------------------------------------------------------
Slack:                    inf
  Source:                 datapath/video_inst/Inst_vga/vga_sig_gen/horizontal_counter/processQ_reg[6]/C
                            (rising edge-triggered cell FDRE clocked by clk_out1_clk_wiz_0  {rise@0.000ns fall@20.000ns period=40.000ns})
  Destination:            datapath/rightChannelMemory/sdp_bl.ramb18_dp_bl.ram18_bl/ADDRARDADDR[10]
  Path Group:             (none)
  Path Type:              Min at Fast Process Corner
  Data Path Delay:        0.403ns  (logic 0.148ns (36.704%)  route 0.255ns (63.296%))
  Logic Levels:           0  
  Clock Uncertainty:      0.190ns  ((TSJ^2 + DJ^2)^1/2) / 2 + PE
    Total System Jitter     (TSJ):    0.050ns
    Discrete Jitter          (DJ):    0.175ns
    Phase Error              (PE):    0.099ns

    Location             Delay type                Incr(ns)  Path(ns)    Netlist Resource(s)
  -------------------------------------------------------------------    -------------------
                         (clock clk_out1_clk_wiz_0 rise edge)
                                                      0.000     0.000 r  
    BUFGCTRL_X0Y2        BUFG                         0.000     0.000 r  clk_IBUF_BUFG_inst/O
                         net (fo=232, routed)         0.745     0.745    datapath/video_inst/mmcm_adv_inst_display_clocks/inst/clk_in1
    MMCME2_ADV_X1Y0      MMCME2_ADV (Prop_mmcme2_adv_CLKIN1_CLKOUT0)
                                                     -1.683    -0.938 r  datapath/video_inst/mmcm_adv_inst_display_clocks/inst/mmcm_adv_inst/CLKOUT0
                         net (fo=1, routed)           0.912    -0.026    datapath/video_inst/mmcm_adv_inst_display_clocks/inst/clk_out1_clk_wiz_0
    BUFGCTRL_X0Y4        BUFG (Prop_bufg_I_O)         0.026    -0.000 r  datapath/video_inst/mmcm_adv_inst_display_clocks/inst/clkout1_buf/O
                         net (fo=63, routed)          0.611     0.611    datapath/video_inst/Inst_vga/vga_sig_gen/horizontal_counter/CLK
    SLICE_X154Y127       FDRE                                         r  datapath/video_inst/Inst_vga/vga_sig_gen/horizontal_counter/processQ_reg[6]/C
  -------------------------------------------------------------------    -------------------
    SLICE_X154Y127       FDRE (Prop_fdre_C_Q)         0.148     0.759 r  datapath/video_inst/Inst_vga/vga_sig_gen/horizontal_counter/processQ_reg[6]/Q
                         net (fo=36, routed)          0.255     1.014    datapath/rightChannelMemory/Q[6]
    RAMB18_X8Y50         RAMB18E1                                     r  datapath/rightChannelMemory/sdp_bl.ramb18_dp_bl.ram18_bl/ADDRARDADDR[10]
  -------------------------------------------------------------------    -------------------

Slack:                    inf
  Source:                 datapath/video_inst/Inst_vga/vga_sig_gen/horizontal_counter/processQ_reg[4]/C
                            (rising edge-triggered cell FDRE clocked by clk_out1_clk_wiz_0  {rise@0.000ns fall@20.000ns period=40.000ns})
  Destination:            datapath/rightChannelMemory/sdp_bl.ramb18_dp_bl.ram18_bl/ADDRARDADDR[8]
  Path Group:             (none)
  Path Type:              Min at Fast Process Corner
  Data Path Delay:        0.440ns  (logic 0.164ns (37.288%)  route 0.276ns (62.712%))
  Logic Levels:           0  
  Clock Uncertainty:      0.190ns  ((TSJ^2 + DJ^2)^1/2) / 2 + PE
    Total System Jitter     (TSJ):    0.050ns
    Discrete Jitter          (DJ):    0.175ns
    Phase Error              (PE):    0.099ns

    Location             Delay type                Incr(ns)  Path(ns)    Netlist Resource(s)
  -------------------------------------------------------------------    -------------------
                         (clock clk_out1_clk_wiz_0 rise edge)
                                                      0.000     0.000 r  
    BUFGCTRL_X0Y2        BUFG                         0.000     0.000 r  clk_IBUF_BUFG_inst/O
                         net (fo=232, routed)         0.745     0.745    datapath/video_inst/mmcm_adv_inst_display_clocks/inst/clk_in1
    MMCME2_ADV_X1Y0      MMCME2_ADV (Prop_mmcme2_adv_CLKIN1_CLKOUT0)
                                                     -1.683    -0.938 r  datapath/video_inst/mmcm_adv_inst_display_clocks/inst/mmcm_adv_inst/CLKOUT0
                         net (fo=1, routed)           0.912    -0.026    datapath/video_inst/mmcm_adv_inst_display_clocks/inst/clk_out1_clk_wiz_0
    BUFGCTRL_X0Y4        BUFG (Prop_bufg_I_O)         0.026    -0.000 r  datapath/video_inst/mmcm_adv_inst_display_clocks/inst/clkout1_buf/O
                         net (fo=63, routed)          0.611     0.611    datapath/video_inst/Inst_vga/vga_sig_gen/horizontal_counter/CLK
    SLICE_X154Y128       FDRE                                         r  datapath/video_inst/Inst_vga/vga_sig_gen/horizontal_counter/processQ_reg[4]/C
  -------------------------------------------------------------------    -------------------
    SLICE_X154Y128       FDRE (Prop_fdre_C_Q)         0.164     0.775 r  datapath/video_inst/Inst_vga/vga_sig_gen/horizontal_counter/processQ_reg[4]/Q
                         net (fo=50, routed)          0.276     1.050    datapath/rightChannelMemory/Q[4]
    RAMB18_X8Y50         RAMB18E1                                     r  datapath/rightChannelMemory/sdp_bl.ramb18_dp_bl.ram18_bl/ADDRARDADDR[8]
  -------------------------------------------------------------------    -------------------

Slack:                    inf
  Source:                 datapath/video_inst/Inst_vga/vga_sig_gen/horizontal_counter/processQ_reg[3]/C
                            (rising edge-triggered cell FDRE clocked by clk_out1_clk_wiz_0  {rise@0.000ns fall@20.000ns period=40.000ns})
  Destination:            datapath/rightChannelMemory/sdp_bl.ramb18_dp_bl.ram18_bl/ADDRARDADDR[7]
  Path Group:             (none)
  Path Type:              Min at Fast Process Corner
  Data Path Delay:        0.466ns  (logic 0.164ns (35.193%)  route 0.302ns (64.807%))
  Logic Levels:           0  
  Clock Uncertainty:      0.190ns  ((TSJ^2 + DJ^2)^1/2) / 2 + PE
    Total System Jitter     (TSJ):    0.050ns
    Discrete Jitter          (DJ):    0.175ns
    Phase Error              (PE):    0.099ns

    Location             Delay type                Incr(ns)  Path(ns)    Netlist Resource(s)
  -------------------------------------------------------------------    -------------------
                         (clock clk_out1_clk_wiz_0 rise edge)
                                                      0.000     0.000 r  
    BUFGCTRL_X0Y2        BUFG                         0.000     0.000 r  clk_IBUF_BUFG_inst/O
                         net (fo=232, routed)         0.745     0.745    datapath/video_inst/mmcm_adv_inst_display_clocks/inst/clk_in1
    MMCME2_ADV_X1Y0      MMCME2_ADV (Prop_mmcme2_adv_CLKIN1_CLKOUT0)
                                                     -1.683    -0.938 r  datapath/video_inst/mmcm_adv_inst_display_clocks/inst/mmcm_adv_inst/CLKOUT0
                         net (fo=1, routed)           0.912    -0.026    datapath/video_inst/mmcm_adv_inst_display_clocks/inst/clk_out1_clk_wiz_0
    BUFGCTRL_X0Y4        BUFG (Prop_bufg_I_O)         0.026    -0.000 r  datapath/video_inst/mmcm_adv_inst_display_clocks/inst/clkout1_buf/O
                         net (fo=63, routed)          0.611     0.611    datapath/video_inst/Inst_vga/vga_sig_gen/horizontal_counter/CLK
    SLICE_X154Y127       FDRE                                         r  datapath/video_inst/Inst_vga/vga_sig_gen/horizontal_counter/processQ_reg[3]/C
  -------------------------------------------------------------------    -------------------
    SLICE_X154Y127       FDRE (Prop_fdre_C_Q)         0.164     0.775 r  datapath/video_inst/Inst_vga/vga_sig_gen/horizontal_counter/processQ_reg[3]/Q
                         net (fo=62, routed)          0.302     1.077    datapath/rightChannelMemory/Q[3]
    RAMB18_X8Y50         RAMB18E1                                     r  datapath/rightChannelMemory/sdp_bl.ramb18_dp_bl.ram18_bl/ADDRARDADDR[7]
  -------------------------------------------------------------------    -------------------

Slack:                    inf
  Source:                 datapath/video_inst/Inst_vga/vga_sig_gen/horizontal_counter/processQ_reg[9]/C
                            (rising edge-triggered cell FDRE clocked by clk_out1_clk_wiz_0  {rise@0.000ns fall@20.000ns period=40.000ns})
  Destination:            datapath/rightChannelMemory/sdp_bl.ramb18_dp_bl.ram18_bl/ADDRARDADDR[13]
  Path Group:             (none)
  Path Type:              Min at Fast Process Corner
  Data Path Delay:        0.482ns  (logic 0.164ns (34.008%)  route 0.318ns (65.992%))
  Logic Levels:           0  
  Clock Uncertainty:      0.190ns  ((TSJ^2 + DJ^2)^1/2) / 2 + PE
    Total System Jitter     (TSJ):    0.050ns
    Discrete Jitter          (DJ):    0.175ns
    Phase Error              (PE):    0.099ns

    Location             Delay type                Incr(ns)  Path(ns)    Netlist Resource(s)
  -------------------------------------------------------------------    -------------------
                         (clock clk_out1_clk_wiz_0 rise edge)
                                                      0.000     0.000 r  
    BUFGCTRL_X0Y2        BUFG                         0.000     0.000 r  clk_IBUF_BUFG_inst/O
                         net (fo=232, routed)         0.745     0.745    datapath/video_inst/mmcm_adv_inst_display_clocks/inst/clk_in1
    MMCME2_ADV_X1Y0      MMCME2_ADV (Prop_mmcme2_adv_CLKIN1_CLKOUT0)
                                                     -1.683    -0.938 r  datapath/video_inst/mmcm_adv_inst_display_clocks/inst/mmcm_adv_inst/CLKOUT0
                         net (fo=1, routed)           0.912    -0.026    datapath/video_inst/mmcm_adv_inst_display_clocks/inst/clk_out1_clk_wiz_0
    BUFGCTRL_X0Y4        BUFG (Prop_bufg_I_O)         0.026    -0.000 r  datapath/video_inst/mmcm_adv_inst_display_clocks/inst/clkout1_buf/O
                         net (fo=63, routed)          0.611     0.611    datapath/video_inst/Inst_vga/vga_sig_gen/horizontal_counter/CLK
    SLICE_X154Y127       FDRE                                         r  datapath/video_inst/Inst_vga/vga_sig_gen/horizontal_counter/processQ_reg[9]/C
  -------------------------------------------------------------------    -------------------
    SLICE_X154Y127       FDRE (Prop_fdre_C_Q)         0.164     0.775 r  datapath/video_inst/Inst_vga/vga_sig_gen/horizontal_counter/processQ_reg[9]/Q
                         net (fo=18, routed)          0.318     1.093    datapath/rightChannelMemory/Q[9]
    RAMB18_X8Y50         RAMB18E1                                     r  datapath/rightChannelMemory/sdp_bl.ramb18_dp_bl.ram18_bl/ADDRARDADDR[13]
  -------------------------------------------------------------------    -------------------

Slack:                    inf
  Source:                 datapath/video_inst/Inst_vga/vga_sig_gen/horizontal_counter/processQ_reg[7]/C
                            (rising edge-triggered cell FDRE clocked by clk_out1_clk_wiz_0  {rise@0.000ns fall@20.000ns period=40.000ns})
  Destination:            datapath/rightChannelMemory/sdp_bl.ramb18_dp_bl.ram18_bl/ADDRARDADDR[11]
  Path Group:             (none)
  Path Type:              Min at Fast Process Corner
  Data Path Delay:        0.488ns  (logic 0.164ns (33.598%)  route 0.324ns (66.402%))
  Logic Levels:           0  
  Clock Uncertainty:      0.190ns  ((TSJ^2 + DJ^2)^1/2) / 2 + PE
    Total System Jitter     (TSJ):    0.050ns
    Discrete Jitter          (DJ):    0.175ns
    Phase Error              (PE):    0.099ns

    Location             Delay type                Incr(ns)  Path(ns)    Netlist Resource(s)
  -------------------------------------------------------------------    -------------------
                         (clock clk_out1_clk_wiz_0 rise edge)
                                                      0.000     0.000 r  
    BUFGCTRL_X0Y2        BUFG                         0.000     0.000 r  clk_IBUF_BUFG_inst/O
                         net (fo=232, routed)         0.745     0.745    datapath/video_inst/mmcm_adv_inst_display_clocks/inst/clk_in1
    MMCME2_ADV_X1Y0      MMCME2_ADV (Prop_mmcme2_adv_CLKIN1_CLKOUT0)
                                                     -1.683    -0.938 r  datapath/video_inst/mmcm_adv_inst_display_clocks/inst/mmcm_adv_inst/CLKOUT0
                         net (fo=1, routed)           0.912    -0.026    datapath/video_inst/mmcm_adv_inst_display_clocks/inst/clk_out1_clk_wiz_0
    BUFGCTRL_X0Y4        BUFG (Prop_bufg_I_O)         0.026    -0.000 r  datapath/video_inst/mmcm_adv_inst_display_clocks/inst/clkout1_buf/O
                         net (fo=63, routed)          0.611     0.611    datapath/video_inst/Inst_vga/vga_sig_gen/horizontal_counter/CLK
    SLICE_X154Y128       FDRE                                         r  datapath/video_inst/Inst_vga/vga_sig_gen/horizontal_counter/processQ_reg[7]/C
  -------------------------------------------------------------------    -------------------
    SLICE_X154Y128       FDRE (Prop_fdre_C_Q)         0.164     0.775 r  datapath/video_inst/Inst_vga/vga_sig_gen/horizontal_counter/processQ_reg[7]/Q
                         net (fo=24, routed)          0.324     1.099    datapath/rightChannelMemory/Q[7]
    RAMB18_X8Y50         RAMB18E1                                     r  datapath/rightChannelMemory/sdp_bl.ramb18_dp_bl.ram18_bl/ADDRARDADDR[11]
  -------------------------------------------------------------------    -------------------

Slack:                    inf
  Source:                 datapath/video_inst/Inst_vga/vga_sig_gen/horizontal_counter/processQ_reg[6]/C
                            (rising edge-triggered cell FDRE clocked by clk_out1_clk_wiz_0  {rise@0.000ns fall@20.000ns period=40.000ns})
  Destination:            datapath/leftChannelMemory/sdp_bl.ramb18_dp_bl.ram18_bl/ADDRARDADDR[10]
  Path Group:             (none)
  Path Type:              Min at Fast Process Corner
  Data Path Delay:        0.509ns  (logic 0.148ns (29.063%)  route 0.361ns (70.937%))
  Logic Levels:           0  
  Clock Uncertainty:      0.190ns  ((TSJ^2 + DJ^2)^1/2) / 2 + PE
    Total System Jitter     (TSJ):    0.050ns
    Discrete Jitter          (DJ):    0.175ns
    Phase Error              (PE):    0.099ns

    Location             Delay type                Incr(ns)  Path(ns)    Netlist Resource(s)
  -------------------------------------------------------------------    -------------------
                         (clock clk_out1_clk_wiz_0 rise edge)
                                                      0.000     0.000 r  
    BUFGCTRL_X0Y2        BUFG                         0.000     0.000 r  clk_IBUF_BUFG_inst/O
                         net (fo=232, routed)         0.745     0.745    datapath/video_inst/mmcm_adv_inst_display_clocks/inst/clk_in1
    MMCME2_ADV_X1Y0      MMCME2_ADV (Prop_mmcme2_adv_CLKIN1_CLKOUT0)
                                                     -1.683    -0.938 r  datapath/video_inst/mmcm_adv_inst_display_clocks/inst/mmcm_adv_inst/CLKOUT0
                         net (fo=1, routed)           0.912    -0.026    datapath/video_inst/mmcm_adv_inst_display_clocks/inst/clk_out1_clk_wiz_0
    BUFGCTRL_X0Y4        BUFG (Prop_bufg_I_O)         0.026    -0.000 r  datapath/video_inst/mmcm_adv_inst_display_clocks/inst/clkout1_buf/O
                         net (fo=63, routed)          0.611     0.611    datapath/video_inst/Inst_vga/vga_sig_gen/horizontal_counter/CLK
    SLICE_X154Y127       FDRE                                         r  datapath/video_inst/Inst_vga/vga_sig_gen/horizontal_counter/processQ_reg[6]/C
  -------------------------------------------------------------------    -------------------
    SLICE_X154Y127       FDRE (Prop_fdre_C_Q)         0.148     0.759 r  datapath/video_inst/Inst_vga/vga_sig_gen/horizontal_counter/processQ_reg[6]/Q
                         net (fo=36, routed)          0.361     1.120    datapath/leftChannelMemory/Q[6]
    RAMB18_X8Y49         RAMB18E1                                     r  datapath/leftChannelMemory/sdp_bl.ramb18_dp_bl.ram18_bl/ADDRARDADDR[10]
  -------------------------------------------------------------------    -------------------

Slack:                    inf
  Source:                 datapath/video_inst/Inst_vga/vga_sig_gen/horizontal_counter/processQ_reg[5]/C
                            (rising edge-triggered cell FDRE clocked by clk_out1_clk_wiz_0  {rise@0.000ns fall@20.000ns period=40.000ns})
  Destination:            datapath/rightChannelMemory/sdp_bl.ramb18_dp_bl.ram18_bl/ADDRARDADDR[9]
  Path Group:             (none)
  Path Type:              Min at Fast Process Corner
  Data Path Delay:        0.522ns  (logic 0.141ns (27.011%)  route 0.381ns (72.989%))
  Logic Levels:           0  
  Clock Uncertainty:      0.190ns  ((TSJ^2 + DJ^2)^1/2) / 2 + PE
    Total System Jitter     (TSJ):    0.050ns
    Discrete Jitter          (DJ):    0.175ns
    Phase Error              (PE):    0.099ns

    Location             Delay type                Incr(ns)  Path(ns)    Netlist Resource(s)
  -------------------------------------------------------------------    -------------------
                         (clock clk_out1_clk_wiz_0 rise edge)
                                                      0.000     0.000 r  
    BUFGCTRL_X0Y2        BUFG                         0.000     0.000 r  clk_IBUF_BUFG_inst/O
                         net (fo=232, routed)         0.745     0.745    datapath/video_inst/mmcm_adv_inst_display_clocks/inst/clk_in1
    MMCME2_ADV_X1Y0      MMCME2_ADV (Prop_mmcme2_adv_CLKIN1_CLKOUT0)
                                                     -1.683    -0.938 r  datapath/video_inst/mmcm_adv_inst_display_clocks/inst/mmcm_adv_inst/CLKOUT0
                         net (fo=1, routed)           0.912    -0.026    datapath/video_inst/mmcm_adv_inst_display_clocks/inst/clk_out1_clk_wiz_0
    BUFGCTRL_X0Y4        BUFG (Prop_bufg_I_O)         0.026    -0.000 r  datapath/video_inst/mmcm_adv_inst_display_clocks/inst/clkout1_buf/O
                         net (fo=63, routed)          0.609     0.609    datapath/video_inst/Inst_vga/vga_sig_gen/horizontal_counter/CLK
    SLICE_X153Y126       FDRE                                         r  datapath/video_inst/Inst_vga/vga_sig_gen/horizontal_counter/processQ_reg[5]/C
  -------------------------------------------------------------------    -------------------
    SLICE_X153Y126       FDRE (Prop_fdre_C_Q)         0.141     0.750 r  datapath/video_inst/Inst_vga/vga_sig_gen/horizontal_counter/processQ_reg[5]/Q
                         net (fo=47, routed)          0.381     1.131    datapath/rightChannelMemory/Q[5]
    RAMB18_X8Y50         RAMB18E1                                     r  datapath/rightChannelMemory/sdp_bl.ramb18_dp_bl.ram18_bl/ADDRARDADDR[9]
  -------------------------------------------------------------------    -------------------

Slack:                    inf
  Source:                 datapath/video_inst/Inst_vga/vga_sig_gen/horizontal_counter/processQ_reg[8]/C
                            (rising edge-triggered cell FDRE clocked by clk_out1_clk_wiz_0  {rise@0.000ns fall@20.000ns period=40.000ns})
  Destination:            datapath/rightChannelMemory/sdp_bl.ramb18_dp_bl.ram18_bl/ADDRARDADDR[12]
  Path Group:             (none)
  Path Type:              Min at Fast Process Corner
  Data Path Delay:        0.543ns  (logic 0.148ns (27.249%)  route 0.395ns (72.751%))
  Logic Levels:           0  
  Clock Uncertainty:      0.190ns  ((TSJ^2 + DJ^2)^1/2) / 2 + PE
    Total System Jitter     (TSJ):    0.050ns
    Discrete Jitter          (DJ):    0.175ns
    Phase Error              (PE):    0.099ns

    Location             Delay type                Incr(ns)  Path(ns)    Netlist Resource(s)
  -------------------------------------------------------------------    -------------------
                         (clock clk_out1_clk_wiz_0 rise edge)
                                                      0.000     0.000 r  
    BUFGCTRL_X0Y2        BUFG                         0.000     0.000 r  clk_IBUF_BUFG_inst/O
                         net (fo=232, routed)         0.745     0.745    datapath/video_inst/mmcm_adv_inst_display_clocks/inst/clk_in1
    MMCME2_ADV_X1Y0      MMCME2_ADV (Prop_mmcme2_adv_CLKIN1_CLKOUT0)
                                                     -1.683    -0.938 r  datapath/video_inst/mmcm_adv_inst_display_clocks/inst/mmcm_adv_inst/CLKOUT0
                         net (fo=1, routed)           0.912    -0.026    datapath/video_inst/mmcm_adv_inst_display_clocks/inst/clk_out1_clk_wiz_0
    BUFGCTRL_X0Y4        BUFG (Prop_bufg_I_O)         0.026    -0.000 r  datapath/video_inst/mmcm_adv_inst_display_clocks/inst/clkout1_buf/O
                         net (fo=63, routed)          0.611     0.611    datapath/video_inst/Inst_vga/vga_sig_gen/horizontal_counter/CLK
    SLICE_X154Y128       FDRE                                         r  datapath/video_inst/Inst_vga/vga_sig_gen/horizontal_counter/processQ_reg[8]/C
  -------------------------------------------------------------------    -------------------
    SLICE_X154Y128       FDRE (Prop_fdre_C_Q)         0.148     0.759 r  datapath/video_inst/Inst_vga/vga_sig_gen/horizontal_counter/processQ_reg[8]/Q
                         net (fo=20, routed)          0.395     1.154    datapath/rightChannelMemory/Q[8]
    RAMB18_X8Y50         RAMB18E1                                     r  datapath/rightChannelMemory/sdp_bl.ramb18_dp_bl.ram18_bl/ADDRARDADDR[12]
  -------------------------------------------------------------------    -------------------

Slack:                    inf
  Source:                 datapath/video_inst/Inst_vga/vga_sig_gen/horizontal_counter/processQ_reg[4]/C
                            (rising edge-triggered cell FDRE clocked by clk_out1_clk_wiz_0  {rise@0.000ns fall@20.000ns period=40.000ns})
  Destination:            datapath/leftChannelMemory/sdp_bl.ramb18_dp_bl.ram18_bl/ADDRARDADDR[8]
  Path Group:             (none)
  Path Type:              Min at Fast Process Corner
  Data Path Delay:        0.546ns  (logic 0.164ns (30.046%)  route 0.382ns (69.954%))
  Logic Levels:           0  
  Clock Uncertainty:      0.190ns  ((TSJ^2 + DJ^2)^1/2) / 2 + PE
    Total System Jitter     (TSJ):    0.050ns
    Discrete Jitter          (DJ):    0.175ns
    Phase Error              (PE):    0.099ns

    Location             Delay type                Incr(ns)  Path(ns)    Netlist Resource(s)
  -------------------------------------------------------------------    -------------------
                         (clock clk_out1_clk_wiz_0 rise edge)
                                                      0.000     0.000 r  
    BUFGCTRL_X0Y2        BUFG                         0.000     0.000 r  clk_IBUF_BUFG_inst/O
                         net (fo=232, routed)         0.745     0.745    datapath/video_inst/mmcm_adv_inst_display_clocks/inst/clk_in1
    MMCME2_ADV_X1Y0      MMCME2_ADV (Prop_mmcme2_adv_CLKIN1_CLKOUT0)
                                                     -1.683    -0.938 r  datapath/video_inst/mmcm_adv_inst_display_clocks/inst/mmcm_adv_inst/CLKOUT0
                         net (fo=1, routed)           0.912    -0.026    datapath/video_inst/mmcm_adv_inst_display_clocks/inst/clk_out1_clk_wiz_0
    BUFGCTRL_X0Y4        BUFG (Prop_bufg_I_O)         0.026    -0.000 r  datapath/video_inst/mmcm_adv_inst_display_clocks/inst/clkout1_buf/O
                         net (fo=63, routed)          0.611     0.611    datapath/video_inst/Inst_vga/vga_sig_gen/horizontal_counter/CLK
    SLICE_X154Y128       FDRE                                         r  datapath/video_inst/Inst_vga/vga_sig_gen/horizontal_counter/processQ_reg[4]/C
  -------------------------------------------------------------------    -------------------
    SLICE_X154Y128       FDRE (Prop_fdre_C_Q)         0.164     0.775 r  datapath/video_inst/Inst_vga/vga_sig_gen/horizontal_counter/processQ_reg[4]/Q
                         net (fo=50, routed)          0.382     1.156    datapath/leftChannelMemory/Q[4]
    RAMB18_X8Y49         RAMB18E1                                     r  datapath/leftChannelMemory/sdp_bl.ramb18_dp_bl.ram18_bl/ADDRARDADDR[8]
  -------------------------------------------------------------------    -------------------

Slack:                    inf
  Source:                 datapath/video_inst/Inst_vga/vga_sig_gen/horizontal_counter/processQ_reg[1]/C
                            (rising edge-triggered cell FDRE clocked by clk_out1_clk_wiz_0  {rise@0.000ns fall@20.000ns period=40.000ns})
  Destination:            datapath/rightChannelMemory/sdp_bl.ramb18_dp_bl.ram18_bl/ADDRARDADDR[5]
  Path Group:             (none)
  Path Type:              Min at Fast Process Corner
  Data Path Delay:        0.560ns  (logic 0.128ns (22.868%)  route 0.432ns (77.132%))
  Logic Levels:           0  
  Clock Uncertainty:      0.190ns  ((TSJ^2 + DJ^2)^1/2) / 2 + PE
    Total System Jitter     (TSJ):    0.050ns
    Discrete Jitter          (DJ):    0.175ns
    Phase Error              (PE):    0.099ns

    Location             Delay type                Incr(ns)  Path(ns)    Netlist Resource(s)
  -------------------------------------------------------------------    -------------------
                         (clock clk_out1_clk_wiz_0 rise edge)
                                                      0.000     0.000 r  
    BUFGCTRL_X0Y2        BUFG                         0.000     0.000 r  clk_IBUF_BUFG_inst/O
                         net (fo=232, routed)         0.745     0.745    datapath/video_inst/mmcm_adv_inst_display_clocks/inst/clk_in1
    MMCME2_ADV_X1Y0      MMCME2_ADV (Prop_mmcme2_adv_CLKIN1_CLKOUT0)
                                                     -1.683    -0.938 r  datapath/video_inst/mmcm_adv_inst_display_clocks/inst/mmcm_adv_inst/CLKOUT0
                         net (fo=1, routed)           0.912    -0.026    datapath/video_inst/mmcm_adv_inst_display_clocks/inst/clk_out1_clk_wiz_0
    BUFGCTRL_X0Y4        BUFG (Prop_bufg_I_O)         0.026    -0.000 r  datapath/video_inst/mmcm_adv_inst_display_clocks/inst/clkout1_buf/O
                         net (fo=63, routed)          0.609     0.609    datapath/video_inst/Inst_vga/vga_sig_gen/horizontal_counter/CLK
    SLICE_X153Y126       FDRE                                         r  datapath/video_inst/Inst_vga/vga_sig_gen/horizontal_counter/processQ_reg[1]/C
  -------------------------------------------------------------------    -------------------
    SLICE_X153Y126       FDRE (Prop_fdre_C_Q)         0.128     0.737 r  datapath/video_inst/Inst_vga/vga_sig_gen/horizontal_counter/processQ_reg[1]/Q
                         net (fo=32, routed)          0.432     1.168    datapath/rightChannelMemory/Q[1]
    RAMB18_X8Y50         RAMB18E1                                     r  datapath/rightChannelMemory/sdp_bl.ramb18_dp_bl.ram18_bl/ADDRARDADDR[5]
  -------------------------------------------------------------------    -------------------





--------------------------------------------------------------------------------------
Path Group:  (none)
From Clock:  clk_out1_clk_wiz_1
  To Clock:  

Max Delay             1 Endpoint
Min Delay             1 Endpoint
--------------------------------------------------------------------------------------


Max Delay Paths
--------------------------------------------------------------------------------------
Slack:                    inf
  Source:                 datapath/Audio_Codec/audiocodec_master_clock/inst/mmcm_adv_inst/CLKOUT0
                            (clock source 'clk_out1_clk_wiz_1'  {rise@0.000ns fall@40.688ns period=81.375ns})
  Destination:            ac_mclk
                            (output port)
  Path Group:             (none)
  Path Type:              Max at Slow Process Corner
  Data Path Delay:        8.601ns  (logic 3.632ns (42.233%)  route 4.969ns (57.767%))
  Logic Levels:           2  (BUFG=1 OBUF=1)
  Clock Uncertainty:      0.202ns  ((TSJ^2 + DJ^2)^1/2) / 2 + PE
    Total System Jitter     (TSJ):    0.050ns
    Discrete Jitter          (DJ):    0.201ns
    Phase Error              (PE):    0.099ns

    Location             Delay type                Incr(ns)  Path(ns)    Netlist Resource(s)
  -------------------------------------------------------------------    -------------------
                         (clock clk_out1_clk_wiz_1 fall edge)
                                                     40.688    40.688 f  
    BUFGCTRL_X0Y2        BUFG                         0.000    40.688 f  clk_IBUF_BUFG_inst/O
                         net (fo=232, routed)         1.761    42.449    datapath/Audio_Codec/audiocodec_master_clock/inst/clk_in1
  -------------------------------------------------------------------    -------------------
    MMCME2_ADV_X0Y2      MMCME2_ADV (Prop_mmcme2_adv_CLKIN1_CLKOUT0)
                                                     -3.701    38.748 f  datapath/Audio_Codec/audiocodec_master_clock/inst/mmcm_adv_inst/CLKOUT0
                         net (fo=1, routed)           1.843    40.591    datapath/Audio_Codec/audiocodec_master_clock/inst/clk_out1_clk_wiz_1
    BUFGCTRL_X0Y1        BUFG (Prop_bufg_I_O)         0.096    40.687 f  datapath/Audio_Codec/audiocodec_master_clock/inst/clkout1_buf/O
                         net (fo=1, routed)           3.125    43.813    ac_mclk_OBUF
    U6                   OBUF (Prop_obuf_I_O)         3.536    47.349 f  ac_mclk_OBUF_inst/O
                         net (fo=0)                   0.000    47.349    ac_mclk
    U6                                                                f  ac_mclk (OUT)
  -------------------------------------------------------------------    -------------------





Min Delay Paths
--------------------------------------------------------------------------------------
Slack:                    inf
  Source:                 datapath/Audio_Codec/audiocodec_master_clock/inst/mmcm_adv_inst/CLKOUT0
                            (clock source 'clk_out1_clk_wiz_1'  {rise@0.000ns fall@40.688ns period=81.375ns})
  Destination:            ac_mclk
                            (output port)
  Path Group:             (none)
  Path Type:              Min at Fast Process Corner
  Data Path Delay:        2.605ns  (logic 1.263ns (48.503%)  route 1.341ns (51.497%))
  Logic Levels:           2  (BUFG=1 OBUF=1)
  Clock Uncertainty:      0.202ns  ((TSJ^2 + DJ^2)^1/2) / 2 + PE
    Total System Jitter     (TSJ):    0.050ns
    Discrete Jitter          (DJ):    0.201ns
    Phase Error              (PE):    0.099ns

    Location             Delay type                Incr(ns)  Path(ns)    Netlist Resource(s)
  -------------------------------------------------------------------    -------------------
                         (clock clk_out1_clk_wiz_1 rise edge)
                                                      0.000     0.000 r  
    BUFGCTRL_X0Y2        BUFG                         0.000     0.000 r  clk_IBUF_BUFG_inst/O
                         net (fo=232, routed)         0.610     0.610    datapath/Audio_Codec/audiocodec_master_clock/inst/clk_in1
  -------------------------------------------------------------------    -------------------
    MMCME2_ADV_X0Y2      MMCME2_ADV (Prop_mmcme2_adv_CLKIN1_CLKOUT0)
                                                     -1.180    -0.571 r  datapath/Audio_Codec/audiocodec_master_clock/inst/mmcm_adv_inst/CLKOUT0
                         net (fo=1, routed)           0.545    -0.026    datapath/Audio_Codec/audiocodec_master_clock/inst/clk_out1_clk_wiz_1
    BUFGCTRL_X0Y1        BUFG (Prop_bufg_I_O)         0.026     0.000 r  datapath/Audio_Codec/audiocodec_master_clock/inst/clkout1_buf/O
                         net (fo=1, routed)           0.796     0.796    ac_mclk_OBUF
    U6                   OBUF (Prop_obuf_I_O)         1.237     2.034 r  ac_mclk_OBUF_inst/O
                         net (fo=0)                   0.000     2.034    ac_mclk
    U6                                                                r  ac_mclk (OUT)
  -------------------------------------------------------------------    -------------------





--------------------------------------------------------------------------------------
Path Group:  (none)
From Clock:  clk_out2_clk_wiz_0
  To Clock:  

Max Delay             8 Endpoints
Min Delay             8 Endpoints
--------------------------------------------------------------------------------------


Max Delay Paths
--------------------------------------------------------------------------------------
Slack:                    inf
  Source:                 datapath/video_inst/inst_dvid/ODDR2_red/C
                            (falling edge-triggered cell ODDR clocked by clk_out2_clk_wiz_0  {rise@0.000ns fall@4.000ns period=8.000ns})
  Destination:            tmdsb[2]
                            (output port)
  Path Group:             (none)
  Path Type:              Max at Slow Process Corner
  Data Path Delay:        2.370ns  (logic 2.369ns (99.958%)  route 0.001ns (0.042%))
  Logic Levels:           1  (OBUFDS=1)
  Clock Uncertainty:      0.166ns  ((TSJ^2 + DJ^2)^1/2) / 2 + PE
    Total System Jitter     (TSJ):    0.050ns
    Discrete Jitter          (DJ):    0.125ns
    Phase Error              (PE):    0.099ns

    Location             Delay type                Incr(ns)  Path(ns)    Netlist Resource(s)
  -------------------------------------------------------------------    -------------------
                         (clock clk_out2_clk_wiz_0 fall edge)
                                                      4.000     4.000 f  
    BUFGCTRL_X0Y2        BUFG                         0.000     4.000 f  clk_IBUF_BUFG_inst/O
                         net (fo=232, routed)         2.106     6.106    datapath/video_inst/mmcm_adv_inst_display_clocks/inst/clk_in1
    MMCME2_ADV_X1Y0      MMCME2_ADV (Prop_mmcme2_adv_CLKIN1_CLKOUT1)
                                                     -4.900     1.207 f  datapath/video_inst/mmcm_adv_inst_display_clocks/inst/mmcm_adv_inst/CLKOUT1
                         net (fo=1, routed)           2.697     3.904    datapath/video_inst/mmcm_adv_inst_display_clocks/inst/clk_out2_clk_wiz_0
    BUFGCTRL_X0Y0        BUFG (Prop_bufg_I_O)         0.096     4.000 f  datapath/video_inst/mmcm_adv_inst_display_clocks/inst/clkout2_buf/O
                         net (fo=44, routed)          1.831     5.831    datapath/video_inst/inst_dvid/clk_out2
    OLOGIC_X1Y134        ODDR                                         f  datapath/video_inst/inst_dvid/ODDR2_red/C
  -------------------------------------------------------------------    -------------------
    OLOGIC_X1Y134        ODDR (Prop_oddr_C_Q)         0.472     6.303 r  datapath/video_inst/inst_dvid/ODDR2_red/Q
                         net (fo=1, routed)           0.001     6.304    datapath/video_inst/red_s
    AB3                  OBUFDS (Prop_obufds_I_OB)    1.897     8.201 r  datapath/video_inst/OBUFDS_green/OB
                         net (fo=0)                   0.000     8.201    tmdsb[2]
    AB2                                                               r  tmdsb[2] (OUT)
  -------------------------------------------------------------------    -------------------

Slack:                    inf
  Source:                 datapath/video_inst/inst_dvid/ODDR2_green/C
                            (falling edge-triggered cell ODDR clocked by clk_out2_clk_wiz_0  {rise@0.000ns fall@4.000ns period=8.000ns})
  Destination:            tmdsb[1]
                            (output port)
  Path Group:             (none)
  Path Type:              Max at Slow Process Corner
  Data Path Delay:        2.369ns  (logic 2.368ns (99.958%)  route 0.001ns (0.042%))
  Logic Levels:           1  (OBUFDS=1)
  Clock Uncertainty:      0.166ns  ((TSJ^2 + DJ^2)^1/2) / 2 + PE
    Total System Jitter     (TSJ):    0.050ns
    Discrete Jitter          (DJ):    0.125ns
    Phase Error              (PE):    0.099ns

    Location             Delay type                Incr(ns)  Path(ns)    Netlist Resource(s)
  -------------------------------------------------------------------    -------------------
                         (clock clk_out2_clk_wiz_0 fall edge)
                                                      4.000     4.000 f  
    BUFGCTRL_X0Y2        BUFG                         0.000     4.000 f  clk_IBUF_BUFG_inst/O
                         net (fo=232, routed)         2.106     6.106    datapath/video_inst/mmcm_adv_inst_display_clocks/inst/clk_in1
    MMCME2_ADV_X1Y0      MMCME2_ADV (Prop_mmcme2_adv_CLKIN1_CLKOUT1)
                                                     -4.900     1.207 f  datapath/video_inst/mmcm_adv_inst_display_clocks/inst/mmcm_adv_inst/CLKOUT1
                         net (fo=1, routed)           2.697     3.904    datapath/video_inst/mmcm_adv_inst_display_clocks/inst/clk_out2_clk_wiz_0
    BUFGCTRL_X0Y0        BUFG (Prop_bufg_I_O)         0.096     4.000 f  datapath/video_inst/mmcm_adv_inst_display_clocks/inst/clkout2_buf/O
                         net (fo=44, routed)          1.832     5.832    datapath/video_inst/inst_dvid/clk_out2
    OLOGIC_X1Y136        ODDR                                         f  datapath/video_inst/inst_dvid/ODDR2_green/C
  -------------------------------------------------------------------    -------------------
    OLOGIC_X1Y136        ODDR (Prop_oddr_C_Q)         0.472     6.304 r  datapath/video_inst/inst_dvid/ODDR2_green/Q
                         net (fo=1, routed)           0.001     6.305    datapath/video_inst/green_s
    AA1                  OBUFDS (Prop_obufds_I_OB)    1.896     8.201 r  datapath/video_inst/OBUFDS_red/OB
                         net (fo=0)                   0.000     8.201    tmdsb[1]
    AB1                                                               r  tmdsb[1] (OUT)
  -------------------------------------------------------------------    -------------------

Slack:                    inf
  Source:                 datapath/video_inst/inst_dvid/ODDR2_red/C
                            (falling edge-triggered cell ODDR clocked by clk_out2_clk_wiz_0  {rise@0.000ns fall@4.000ns period=8.000ns})
  Destination:            tmds[2]
                            (output port)
  Path Group:             (none)
  Path Type:              Max at Slow Process Corner
  Data Path Delay:        2.369ns  (logic 2.368ns (99.958%)  route 0.001ns (0.042%))
  Logic Levels:           1  (OBUFDS=1)
  Clock Uncertainty:      0.166ns  ((TSJ^2 + DJ^2)^1/2) / 2 + PE
    Total System Jitter     (TSJ):    0.050ns
    Discrete Jitter          (DJ):    0.125ns
    Phase Error              (PE):    0.099ns

    Location             Delay type                Incr(ns)  Path(ns)    Netlist Resource(s)
  -------------------------------------------------------------------    -------------------
                         (clock clk_out2_clk_wiz_0 fall edge)
                                                      4.000     4.000 f  
    BUFGCTRL_X0Y2        BUFG                         0.000     4.000 f  clk_IBUF_BUFG_inst/O
                         net (fo=232, routed)         2.106     6.106    datapath/video_inst/mmcm_adv_inst_display_clocks/inst/clk_in1
    MMCME2_ADV_X1Y0      MMCME2_ADV (Prop_mmcme2_adv_CLKIN1_CLKOUT1)
                                                     -4.900     1.207 f  datapath/video_inst/mmcm_adv_inst_display_clocks/inst/mmcm_adv_inst/CLKOUT1
                         net (fo=1, routed)           2.697     3.904    datapath/video_inst/mmcm_adv_inst_display_clocks/inst/clk_out2_clk_wiz_0
    BUFGCTRL_X0Y0        BUFG (Prop_bufg_I_O)         0.096     4.000 f  datapath/video_inst/mmcm_adv_inst_display_clocks/inst/clkout2_buf/O
                         net (fo=44, routed)          1.831     5.831    datapath/video_inst/inst_dvid/clk_out2
    OLOGIC_X1Y134        ODDR                                         f  datapath/video_inst/inst_dvid/ODDR2_red/C
  -------------------------------------------------------------------    -------------------
    OLOGIC_X1Y134        ODDR (Prop_oddr_C_Q)         0.472     6.303 r  datapath/video_inst/inst_dvid/ODDR2_red/Q
                         net (fo=1, routed)           0.001     6.304    datapath/video_inst/red_s
    AB3                  OBUFDS (Prop_obufds_I_O)     1.896     8.200 r  datapath/video_inst/OBUFDS_green/O
                         net (fo=0)                   0.000     8.200    tmds[2]
    AB3                                                               r  tmds[2] (OUT)
  -------------------------------------------------------------------    -------------------

Slack:                    inf
  Source:                 datapath/video_inst/inst_dvid/ODDR2_green/C
                            (falling edge-triggered cell ODDR clocked by clk_out2_clk_wiz_0  {rise@0.000ns fall@4.000ns period=8.000ns})
  Destination:            tmds[1]
                            (output port)
  Path Group:             (none)
  Path Type:              Max at Slow Process Corner
  Data Path Delay:        2.368ns  (logic 2.367ns (99.958%)  route 0.001ns (0.042%))
  Logic Levels:           1  (OBUFDS=1)
  Clock Uncertainty:      0.166ns  ((TSJ^2 + DJ^2)^1/2) / 2 + PE
    Total System Jitter     (TSJ):    0.050ns
    Discrete Jitter          (DJ):    0.125ns
    Phase Error              (PE):    0.099ns

    Location             Delay type                Incr(ns)  Path(ns)    Netlist Resource(s)
  -------------------------------------------------------------------    -------------------
                         (clock clk_out2_clk_wiz_0 fall edge)
                                                      4.000     4.000 f  
    BUFGCTRL_X0Y2        BUFG                         0.000     4.000 f  clk_IBUF_BUFG_inst/O
                         net (fo=232, routed)         2.106     6.106    datapath/video_inst/mmcm_adv_inst_display_clocks/inst/clk_in1
    MMCME2_ADV_X1Y0      MMCME2_ADV (Prop_mmcme2_adv_CLKIN1_CLKOUT1)
                                                     -4.900     1.207 f  datapath/video_inst/mmcm_adv_inst_display_clocks/inst/mmcm_adv_inst/CLKOUT1
                         net (fo=1, routed)           2.697     3.904    datapath/video_inst/mmcm_adv_inst_display_clocks/inst/clk_out2_clk_wiz_0
    BUFGCTRL_X0Y0        BUFG (Prop_bufg_I_O)         0.096     4.000 f  datapath/video_inst/mmcm_adv_inst_display_clocks/inst/clkout2_buf/O
                         net (fo=44, routed)          1.832     5.832    datapath/video_inst/inst_dvid/clk_out2
    OLOGIC_X1Y136        ODDR                                         f  datapath/video_inst/inst_dvid/ODDR2_green/C
  -------------------------------------------------------------------    -------------------
    OLOGIC_X1Y136        ODDR (Prop_oddr_C_Q)         0.472     6.304 r  datapath/video_inst/inst_dvid/ODDR2_green/Q
                         net (fo=1, routed)           0.001     6.305    datapath/video_inst/green_s
    AA1                  OBUFDS (Prop_obufds_I_O)     1.895     8.200 r  datapath/video_inst/OBUFDS_red/O
                         net (fo=0)                   0.000     8.200    tmds[1]
    AA1                                                               r  tmds[1] (OUT)
  -------------------------------------------------------------------    -------------------

Slack:                    inf
  Source:                 datapath/video_inst/inst_dvid/ODDR2_blue/C
                            (falling edge-triggered cell ODDR clocked by clk_out2_clk_wiz_0  {rise@0.000ns fall@4.000ns period=8.000ns})
  Destination:            tmdsb[0]
                            (output port)
  Path Group:             (none)
  Path Type:              Max at Slow Process Corner
  Data Path Delay:        2.358ns  (logic 2.357ns (99.958%)  route 0.001ns (0.042%))
  Logic Levels:           1  (OBUFDS=1)
  Clock Uncertainty:      0.166ns  ((TSJ^2 + DJ^2)^1/2) / 2 + PE
    Total System Jitter     (TSJ):    0.050ns
    Discrete Jitter          (DJ):    0.125ns
    Phase Error              (PE):    0.099ns

    Location             Delay type                Incr(ns)  Path(ns)    Netlist Resource(s)
  -------------------------------------------------------------------    -------------------
                         (clock clk_out2_clk_wiz_0 fall edge)
                                                      4.000     4.000 f  
    BUFGCTRL_X0Y2        BUFG                         0.000     4.000 f  clk_IBUF_BUFG_inst/O
                         net (fo=232, routed)         2.106     6.106    datapath/video_inst/mmcm_adv_inst_display_clocks/inst/clk_in1
    MMCME2_ADV_X1Y0      MMCME2_ADV (Prop_mmcme2_adv_CLKIN1_CLKOUT1)
                                                     -4.900     1.207 f  datapath/video_inst/mmcm_adv_inst_display_clocks/inst/mmcm_adv_inst/CLKOUT1
                         net (fo=1, routed)           2.697     3.904    datapath/video_inst/mmcm_adv_inst_display_clocks/inst/clk_out2_clk_wiz_0
    BUFGCTRL_X0Y0        BUFG (Prop_bufg_I_O)         0.096     4.000 f  datapath/video_inst/mmcm_adv_inst_display_clocks/inst/clkout2_buf/O
                         net (fo=44, routed)          1.835     5.835    datapath/video_inst/inst_dvid/clk_out2
    OLOGIC_X1Y140        ODDR                                         f  datapath/video_inst/inst_dvid/ODDR2_blue/C
  -------------------------------------------------------------------    -------------------
    OLOGIC_X1Y140        ODDR (Prop_oddr_C_Q)         0.472     6.307 r  datapath/video_inst/inst_dvid/ODDR2_blue/Q
                         net (fo=1, routed)           0.001     6.308    datapath/video_inst/blue_s
    W1                   OBUFDS (Prop_obufds_I_OB)    1.885     8.193 r  datapath/video_inst/OBUFDS_blue/OB
                         net (fo=0)                   0.000     8.193    tmdsb[0]
    Y1                                                                r  tmdsb[0] (OUT)
  -------------------------------------------------------------------    -------------------

Slack:                    inf
  Source:                 datapath/video_inst/inst_dvid/ODDR2_blue/C
                            (falling edge-triggered cell ODDR clocked by clk_out2_clk_wiz_0  {rise@0.000ns fall@4.000ns period=8.000ns})
  Destination:            tmds[0]
                            (output port)
  Path Group:             (none)
  Path Type:              Max at Slow Process Corner
  Data Path Delay:        2.357ns  (logic 2.356ns (99.958%)  route 0.001ns (0.042%))
  Logic Levels:           1  (OBUFDS=1)
  Clock Uncertainty:      0.166ns  ((TSJ^2 + DJ^2)^1/2) / 2 + PE
    Total System Jitter     (TSJ):    0.050ns
    Discrete Jitter          (DJ):    0.125ns
    Phase Error              (PE):    0.099ns

    Location             Delay type                Incr(ns)  Path(ns)    Netlist Resource(s)
  -------------------------------------------------------------------    -------------------
                         (clock clk_out2_clk_wiz_0 fall edge)
                                                      4.000     4.000 f  
    BUFGCTRL_X0Y2        BUFG                         0.000     4.000 f  clk_IBUF_BUFG_inst/O
                         net (fo=232, routed)         2.106     6.106    datapath/video_inst/mmcm_adv_inst_display_clocks/inst/clk_in1
    MMCME2_ADV_X1Y0      MMCME2_ADV (Prop_mmcme2_adv_CLKIN1_CLKOUT1)
                                                     -4.900     1.207 f  datapath/video_inst/mmcm_adv_inst_display_clocks/inst/mmcm_adv_inst/CLKOUT1
                         net (fo=1, routed)           2.697     3.904    datapath/video_inst/mmcm_adv_inst_display_clocks/inst/clk_out2_clk_wiz_0
    BUFGCTRL_X0Y0        BUFG (Prop_bufg_I_O)         0.096     4.000 f  datapath/video_inst/mmcm_adv_inst_display_clocks/inst/clkout2_buf/O
                         net (fo=44, routed)          1.835     5.835    datapath/video_inst/inst_dvid/clk_out2
    OLOGIC_X1Y140        ODDR                                         f  datapath/video_inst/inst_dvid/ODDR2_blue/C
  -------------------------------------------------------------------    -------------------
    OLOGIC_X1Y140        ODDR (Prop_oddr_C_Q)         0.472     6.307 r  datapath/video_inst/inst_dvid/ODDR2_blue/Q
                         net (fo=1, routed)           0.001     6.308    datapath/video_inst/blue_s
    W1                   OBUFDS (Prop_obufds_I_O)     1.884     8.192 r  datapath/video_inst/OBUFDS_blue/O
                         net (fo=0)                   0.000     8.192    tmds[0]
    W1                                                                r  tmds[0] (OUT)
  -------------------------------------------------------------------    -------------------

Slack:                    inf
  Source:                 datapath/video_inst/inst_dvid/ODDR2_clock/C
                            (falling edge-triggered cell ODDR clocked by clk_out2_clk_wiz_0  {rise@0.000ns fall@4.000ns period=8.000ns})
  Destination:            tmdsb[3]
                            (output port)
  Path Group:             (none)
  Path Type:              Max at Slow Process Corner
  Data Path Delay:        2.341ns  (logic 2.340ns (99.957%)  route 0.001ns (0.043%))
  Logic Levels:           1  (OBUFDS=1)
  Clock Uncertainty:      0.166ns  ((TSJ^2 + DJ^2)^1/2) / 2 + PE
    Total System Jitter     (TSJ):    0.050ns
    Discrete Jitter          (DJ):    0.125ns
    Phase Error              (PE):    0.099ns

    Location             Delay type                Incr(ns)  Path(ns)    Netlist Resource(s)
  -------------------------------------------------------------------    -------------------
                         (clock clk_out2_clk_wiz_0 fall edge)
                                                      4.000     4.000 f  
    BUFGCTRL_X0Y2        BUFG                         0.000     4.000 f  clk_IBUF_BUFG_inst/O
                         net (fo=232, routed)         2.106     6.106    datapath/video_inst/mmcm_adv_inst_display_clocks/inst/clk_in1
    MMCME2_ADV_X1Y0      MMCME2_ADV (Prop_mmcme2_adv_CLKIN1_CLKOUT1)
                                                     -4.900     1.207 f  datapath/video_inst/mmcm_adv_inst_display_clocks/inst/mmcm_adv_inst/CLKOUT1
                         net (fo=1, routed)           2.697     3.904    datapath/video_inst/mmcm_adv_inst_display_clocks/inst/clk_out2_clk_wiz_0
    BUFGCTRL_X0Y0        BUFG (Prop_bufg_I_O)         0.096     4.000 f  datapath/video_inst/mmcm_adv_inst_display_clocks/inst/clkout2_buf/O
                         net (fo=44, routed)          1.838     5.838    datapath/video_inst/inst_dvid/clk_out2
    OLOGIC_X1Y148        ODDR                                         f  datapath/video_inst/inst_dvid/ODDR2_clock/C
  -------------------------------------------------------------------    -------------------
    OLOGIC_X1Y148        ODDR (Prop_oddr_C_Q)         0.472     6.310 r  datapath/video_inst/inst_dvid/ODDR2_clock/Q
                         net (fo=1, routed)           0.001     6.311    datapath/video_inst/clock_s
    T1                   OBUFDS (Prop_obufds_I_OB)    1.868     8.179 r  datapath/video_inst/OBUFDS_clock/OB
                         net (fo=0)                   0.000     8.179    tmdsb[3]
    U1                                                                r  tmdsb[3] (OUT)
  -------------------------------------------------------------------    -------------------

Slack:                    inf
  Source:                 datapath/video_inst/inst_dvid/ODDR2_clock/C
                            (falling edge-triggered cell ODDR clocked by clk_out2_clk_wiz_0  {rise@0.000ns fall@4.000ns period=8.000ns})
  Destination:            tmds[3]
                            (output port)
  Path Group:             (none)
  Path Type:              Max at Slow Process Corner
  Data Path Delay:        2.340ns  (logic 2.339ns (99.957%)  route 0.001ns (0.043%))
  Logic Levels:           1  (OBUFDS=1)
  Clock Uncertainty:      0.166ns  ((TSJ^2 + DJ^2)^1/2) / 2 + PE
    Total System Jitter     (TSJ):    0.050ns
    Discrete Jitter          (DJ):    0.125ns
    Phase Error              (PE):    0.099ns

    Location             Delay type                Incr(ns)  Path(ns)    Netlist Resource(s)
  -------------------------------------------------------------------    -------------------
                         (clock clk_out2_clk_wiz_0 fall edge)
                                                      4.000     4.000 f  
    BUFGCTRL_X0Y2        BUFG                         0.000     4.000 f  clk_IBUF_BUFG_inst/O
                         net (fo=232, routed)         2.106     6.106    datapath/video_inst/mmcm_adv_inst_display_clocks/inst/clk_in1
    MMCME2_ADV_X1Y0      MMCME2_ADV (Prop_mmcme2_adv_CLKIN1_CLKOUT1)
                                                     -4.900     1.207 f  datapath/video_inst/mmcm_adv_inst_display_clocks/inst/mmcm_adv_inst/CLKOUT1
                         net (fo=1, routed)           2.697     3.904    datapath/video_inst/mmcm_adv_inst_display_clocks/inst/clk_out2_clk_wiz_0
    BUFGCTRL_X0Y0        BUFG (Prop_bufg_I_O)         0.096     4.000 f  datapath/video_inst/mmcm_adv_inst_display_clocks/inst/clkout2_buf/O
                         net (fo=44, routed)          1.838     5.838    datapath/video_inst/inst_dvid/clk_out2
    OLOGIC_X1Y148        ODDR                                         f  datapath/video_inst/inst_dvid/ODDR2_clock/C
  -------------------------------------------------------------------    -------------------
    OLOGIC_X1Y148        ODDR (Prop_oddr_C_Q)         0.472     6.310 r  datapath/video_inst/inst_dvid/ODDR2_clock/Q
                         net (fo=1, routed)           0.001     6.311    datapath/video_inst/clock_s
    T1                   OBUFDS (Prop_obufds_I_O)     1.867     8.178 r  datapath/video_inst/OBUFDS_clock/O
                         net (fo=0)                   0.000     8.178    tmds[3]
    T1                                                                r  tmds[3] (OUT)
  -------------------------------------------------------------------    -------------------





Min Delay Paths
--------------------------------------------------------------------------------------
Slack:                    inf
  Source:                 datapath/video_inst/inst_dvid/ODDR2_clock/C
                            (rising edge-triggered cell ODDR clocked by clk_out2_clk_wiz_0  {rise@0.000ns fall@4.000ns period=8.000ns})
  Destination:            tmds[3]
                            (output port)
  Path Group:             (none)
  Path Type:              Min at Fast Process Corner
  Data Path Delay:        0.994ns  (logic 0.993ns (99.899%)  route 0.001ns (0.101%))
  Logic Levels:           1  (OBUFDS=1)
  Clock Uncertainty:      0.166ns  ((TSJ^2 + DJ^2)^1/2) / 2 + PE
    Total System Jitter     (TSJ):    0.050ns
    Discrete Jitter          (DJ):    0.125ns
    Phase Error              (PE):    0.099ns

    Location             Delay type                Incr(ns)  Path(ns)    Netlist Resource(s)
  -------------------------------------------------------------------    -------------------
                         (clock clk_out2_clk_wiz_0 rise edge)
                                                      0.000     0.000 r  
    BUFGCTRL_X0Y2        BUFG                         0.000     0.000 r  clk_IBUF_BUFG_inst/O
                         net (fo=232, routed)         0.745     0.745    datapath/video_inst/mmcm_adv_inst_display_clocks/inst/clk_in1
    MMCME2_ADV_X1Y0      MMCME2_ADV (Prop_mmcme2_adv_CLKIN1_CLKOUT1)
                                                     -1.683    -0.938 r  datapath/video_inst/mmcm_adv_inst_display_clocks/inst/mmcm_adv_inst/CLKOUT1
                         net (fo=1, routed)           0.912    -0.026    datapath/video_inst/mmcm_adv_inst_display_clocks/inst/clk_out2_clk_wiz_0
    BUFGCTRL_X0Y0        BUFG (Prop_bufg_I_O)         0.026    -0.000 r  datapath/video_inst/mmcm_adv_inst_display_clocks/inst/clkout2_buf/O
                         net (fo=44, routed)          0.640     0.640    datapath/video_inst/inst_dvid/clk_out2
    OLOGIC_X1Y148        ODDR                                         r  datapath/video_inst/inst_dvid/ODDR2_clock/C
  -------------------------------------------------------------------    -------------------
    OLOGIC_X1Y148        ODDR (Prop_oddr_C_Q)         0.177     0.817 r  datapath/video_inst/inst_dvid/ODDR2_clock/Q
                         net (fo=1, routed)           0.001     0.818    datapath/video_inst/clock_s
    T1                   OBUFDS (Prop_obufds_I_O)     0.816     1.634 r  datapath/video_inst/OBUFDS_clock/O
                         net (fo=0)                   0.000     1.634    tmds[3]
    T1                                                                r  tmds[3] (OUT)
  -------------------------------------------------------------------    -------------------

Slack:                    inf
  Source:                 datapath/video_inst/inst_dvid/ODDR2_clock/C
                            (rising edge-triggered cell ODDR clocked by clk_out2_clk_wiz_0  {rise@0.000ns fall@4.000ns period=8.000ns})
  Destination:            tmdsb[3]
                            (output port)
  Path Group:             (none)
  Path Type:              Min at Fast Process Corner
  Data Path Delay:        0.995ns  (logic 0.994ns (99.899%)  route 0.001ns (0.101%))
  Logic Levels:           1  (OBUFDS=1)
  Clock Uncertainty:      0.166ns  ((TSJ^2 + DJ^2)^1/2) / 2 + PE
    Total System Jitter     (TSJ):    0.050ns
    Discrete Jitter          (DJ):    0.125ns
    Phase Error              (PE):    0.099ns

    Location             Delay type                Incr(ns)  Path(ns)    Netlist Resource(s)
  -------------------------------------------------------------------    -------------------
                         (clock clk_out2_clk_wiz_0 rise edge)
                                                      0.000     0.000 r  
    BUFGCTRL_X0Y2        BUFG                         0.000     0.000 r  clk_IBUF_BUFG_inst/O
                         net (fo=232, routed)         0.745     0.745    datapath/video_inst/mmcm_adv_inst_display_clocks/inst/clk_in1
    MMCME2_ADV_X1Y0      MMCME2_ADV (Prop_mmcme2_adv_CLKIN1_CLKOUT1)
                                                     -1.683    -0.938 r  datapath/video_inst/mmcm_adv_inst_display_clocks/inst/mmcm_adv_inst/CLKOUT1
                         net (fo=1, routed)           0.912    -0.026    datapath/video_inst/mmcm_adv_inst_display_clocks/inst/clk_out2_clk_wiz_0
    BUFGCTRL_X0Y0        BUFG (Prop_bufg_I_O)         0.026    -0.000 r  datapath/video_inst/mmcm_adv_inst_display_clocks/inst/clkout2_buf/O
                         net (fo=44, routed)          0.640     0.640    datapath/video_inst/inst_dvid/clk_out2
    OLOGIC_X1Y148        ODDR                                         r  datapath/video_inst/inst_dvid/ODDR2_clock/C
  -------------------------------------------------------------------    -------------------
    OLOGIC_X1Y148        ODDR (Prop_oddr_C_Q)         0.177     0.817 r  datapath/video_inst/inst_dvid/ODDR2_clock/Q
                         net (fo=1, routed)           0.001     0.818    datapath/video_inst/clock_s
    T1                   OBUFDS (Prop_obufds_I_OB)    0.817     1.635 r  datapath/video_inst/OBUFDS_clock/OB
                         net (fo=0)                   0.000     1.635    tmdsb[3]
    U1                                                                r  tmdsb[3] (OUT)
  -------------------------------------------------------------------    -------------------

Slack:                    inf
  Source:                 datapath/video_inst/inst_dvid/ODDR2_blue/C
                            (rising edge-triggered cell ODDR clocked by clk_out2_clk_wiz_0  {rise@0.000ns fall@4.000ns period=8.000ns})
  Destination:            tmds[0]
                            (output port)
  Path Group:             (none)
  Path Type:              Min at Fast Process Corner
  Data Path Delay:        1.010ns  (logic 1.009ns (99.901%)  route 0.001ns (0.099%))
  Logic Levels:           1  (OBUFDS=1)
  Clock Uncertainty:      0.166ns  ((TSJ^2 + DJ^2)^1/2) / 2 + PE
    Total System Jitter     (TSJ):    0.050ns
    Discrete Jitter          (DJ):    0.125ns
    Phase Error              (PE):    0.099ns

    Location             Delay type                Incr(ns)  Path(ns)    Netlist Resource(s)
  -------------------------------------------------------------------    -------------------
                         (clock clk_out2_clk_wiz_0 rise edge)
                                                      0.000     0.000 r  
    BUFGCTRL_X0Y2        BUFG                         0.000     0.000 r  clk_IBUF_BUFG_inst/O
                         net (fo=232, routed)         0.745     0.745    datapath/video_inst/mmcm_adv_inst_display_clocks/inst/clk_in1
    MMCME2_ADV_X1Y0      MMCME2_ADV (Prop_mmcme2_adv_CLKIN1_CLKOUT1)
                                                     -1.683    -0.938 r  datapath/video_inst/mmcm_adv_inst_display_clocks/inst/mmcm_adv_inst/CLKOUT1
                         net (fo=1, routed)           0.912    -0.026    datapath/video_inst/mmcm_adv_inst_display_clocks/inst/clk_out2_clk_wiz_0
    BUFGCTRL_X0Y0        BUFG (Prop_bufg_I_O)         0.026    -0.000 r  datapath/video_inst/mmcm_adv_inst_display_clocks/inst/clkout2_buf/O
                         net (fo=44, routed)          0.638     0.638    datapath/video_inst/inst_dvid/clk_out2
    OLOGIC_X1Y140        ODDR                                         r  datapath/video_inst/inst_dvid/ODDR2_blue/C
  -------------------------------------------------------------------    -------------------
    OLOGIC_X1Y140        ODDR (Prop_oddr_C_Q)         0.177     0.815 r  datapath/video_inst/inst_dvid/ODDR2_blue/Q
                         net (fo=1, routed)           0.001     0.816    datapath/video_inst/blue_s
    W1                   OBUFDS (Prop_obufds_I_O)     0.832     1.648 r  datapath/video_inst/OBUFDS_blue/O
                         net (fo=0)                   0.000     1.648    tmds[0]
    W1                                                                r  tmds[0] (OUT)
  -------------------------------------------------------------------    -------------------

Slack:                    inf
  Source:                 datapath/video_inst/inst_dvid/ODDR2_blue/C
                            (rising edge-triggered cell ODDR clocked by clk_out2_clk_wiz_0  {rise@0.000ns fall@4.000ns period=8.000ns})
  Destination:            tmdsb[0]
                            (output port)
  Path Group:             (none)
  Path Type:              Min at Fast Process Corner
  Data Path Delay:        1.011ns  (logic 1.010ns (99.901%)  route 0.001ns (0.099%))
  Logic Levels:           1  (OBUFDS=1)
  Clock Uncertainty:      0.166ns  ((TSJ^2 + DJ^2)^1/2) / 2 + PE
    Total System Jitter     (TSJ):    0.050ns
    Discrete Jitter          (DJ):    0.125ns
    Phase Error              (PE):    0.099ns

    Location             Delay type                Incr(ns)  Path(ns)    Netlist Resource(s)
  -------------------------------------------------------------------    -------------------
                         (clock clk_out2_clk_wiz_0 rise edge)
                                                      0.000     0.000 r  
    BUFGCTRL_X0Y2        BUFG                         0.000     0.000 r  clk_IBUF_BUFG_inst/O
                         net (fo=232, routed)         0.745     0.745    datapath/video_inst/mmcm_adv_inst_display_clocks/inst/clk_in1
    MMCME2_ADV_X1Y0      MMCME2_ADV (Prop_mmcme2_adv_CLKIN1_CLKOUT1)
                                                     -1.683    -0.938 r  datapath/video_inst/mmcm_adv_inst_display_clocks/inst/mmcm_adv_inst/CLKOUT1
                         net (fo=1, routed)           0.912    -0.026    datapath/video_inst/mmcm_adv_inst_display_clocks/inst/clk_out2_clk_wiz_0
    BUFGCTRL_X0Y0        BUFG (Prop_bufg_I_O)         0.026    -0.000 r  datapath/video_inst/mmcm_adv_inst_display_clocks/inst/clkout2_buf/O
                         net (fo=44, routed)          0.638     0.638    datapath/video_inst/inst_dvid/clk_out2
    OLOGIC_X1Y140        ODDR                                         r  datapath/video_inst/inst_dvid/ODDR2_blue/C
  -------------------------------------------------------------------    -------------------
    OLOGIC_X1Y140        ODDR (Prop_oddr_C_Q)         0.177     0.815 r  datapath/video_inst/inst_dvid/ODDR2_blue/Q
                         net (fo=1, routed)           0.001     0.816    datapath/video_inst/blue_s
    W1                   OBUFDS (Prop_obufds_I_OB)    0.833     1.649 r  datapath/video_inst/OBUFDS_blue/OB
                         net (fo=0)                   0.000     1.649    tmdsb[0]
    Y1                                                                r  tmdsb[0] (OUT)
  -------------------------------------------------------------------    -------------------

Slack:                    inf
  Source:                 datapath/video_inst/inst_dvid/ODDR2_green/C
                            (rising edge-triggered cell ODDR clocked by clk_out2_clk_wiz_0  {rise@0.000ns fall@4.000ns period=8.000ns})
  Destination:            tmds[1]
                            (output port)
  Path Group:             (none)
  Path Type:              Min at Fast Process Corner
  Data Path Delay:        1.022ns  (logic 1.021ns (99.902%)  route 0.001ns (0.098%))
  Logic Levels:           1  (OBUFDS=1)
  Clock Uncertainty:      0.166ns  ((TSJ^2 + DJ^2)^1/2) / 2 + PE
    Total System Jitter     (TSJ):    0.050ns
    Discrete Jitter          (DJ):    0.125ns
    Phase Error              (PE):    0.099ns

    Location             Delay type                Incr(ns)  Path(ns)    Netlist Resource(s)
  -------------------------------------------------------------------    -------------------
                         (clock clk_out2_clk_wiz_0 rise edge)
                                                      0.000     0.000 r  
    BUFGCTRL_X0Y2        BUFG                         0.000     0.000 r  clk_IBUF_BUFG_inst/O
                         net (fo=232, routed)         0.745     0.745    datapath/video_inst/mmcm_adv_inst_display_clocks/inst/clk_in1
    MMCME2_ADV_X1Y0      MMCME2_ADV (Prop_mmcme2_adv_CLKIN1_CLKOUT1)
                                                     -1.683    -0.938 r  datapath/video_inst/mmcm_adv_inst_display_clocks/inst/mmcm_adv_inst/CLKOUT1
                         net (fo=1, routed)           0.912    -0.026    datapath/video_inst/mmcm_adv_inst_display_clocks/inst/clk_out2_clk_wiz_0
    BUFGCTRL_X0Y0        BUFG (Prop_bufg_I_O)         0.026    -0.000 r  datapath/video_inst/mmcm_adv_inst_display_clocks/inst/clkout2_buf/O
                         net (fo=44, routed)          0.636     0.636    datapath/video_inst/inst_dvid/clk_out2
    OLOGIC_X1Y136        ODDR                                         r  datapath/video_inst/inst_dvid/ODDR2_green/C
  -------------------------------------------------------------------    -------------------
    OLOGIC_X1Y136        ODDR (Prop_oddr_C_Q)         0.177     0.813 r  datapath/video_inst/inst_dvid/ODDR2_green/Q
                         net (fo=1, routed)           0.001     0.814    datapath/video_inst/green_s
    AA1                  OBUFDS (Prop_obufds_I_O)     0.844     1.657 r  datapath/video_inst/OBUFDS_red/O
                         net (fo=0)                   0.000     1.657    tmds[1]
    AA1                                                               r  tmds[1] (OUT)
  -------------------------------------------------------------------    -------------------

Slack:                    inf
  Source:                 datapath/video_inst/inst_dvid/ODDR2_green/C
                            (rising edge-triggered cell ODDR clocked by clk_out2_clk_wiz_0  {rise@0.000ns fall@4.000ns period=8.000ns})
  Destination:            tmdsb[1]
                            (output port)
  Path Group:             (none)
  Path Type:              Min at Fast Process Corner
  Data Path Delay:        1.023ns  (logic 1.022ns (99.902%)  route 0.001ns (0.098%))
  Logic Levels:           1  (OBUFDS=1)
  Clock Uncertainty:      0.166ns  ((TSJ^2 + DJ^2)^1/2) / 2 + PE
    Total System Jitter     (TSJ):    0.050ns
    Discrete Jitter          (DJ):    0.125ns
    Phase Error              (PE):    0.099ns

    Location             Delay type                Incr(ns)  Path(ns)    Netlist Resource(s)
  -------------------------------------------------------------------    -------------------
                         (clock clk_out2_clk_wiz_0 rise edge)
                                                      0.000     0.000 r  
    BUFGCTRL_X0Y2        BUFG                         0.000     0.000 r  clk_IBUF_BUFG_inst/O
                         net (fo=232, routed)         0.745     0.745    datapath/video_inst/mmcm_adv_inst_display_clocks/inst/clk_in1
    MMCME2_ADV_X1Y0      MMCME2_ADV (Prop_mmcme2_adv_CLKIN1_CLKOUT1)
                                                     -1.683    -0.938 r  datapath/video_inst/mmcm_adv_inst_display_clocks/inst/mmcm_adv_inst/CLKOUT1
                         net (fo=1, routed)           0.912    -0.026    datapath/video_inst/mmcm_adv_inst_display_clocks/inst/clk_out2_clk_wiz_0
    BUFGCTRL_X0Y0        BUFG (Prop_bufg_I_O)         0.026    -0.000 r  datapath/video_inst/mmcm_adv_inst_display_clocks/inst/clkout2_buf/O
                         net (fo=44, routed)          0.636     0.636    datapath/video_inst/inst_dvid/clk_out2
    OLOGIC_X1Y136        ODDR                                         r  datapath/video_inst/inst_dvid/ODDR2_green/C
  -------------------------------------------------------------------    -------------------
    OLOGIC_X1Y136        ODDR (Prop_oddr_C_Q)         0.177     0.813 r  datapath/video_inst/inst_dvid/ODDR2_green/Q
                         net (fo=1, routed)           0.001     0.814    datapath/video_inst/green_s
    AA1                  OBUFDS (Prop_obufds_I_OB)    0.845     1.658 r  datapath/video_inst/OBUFDS_red/OB
                         net (fo=0)                   0.000     1.658    tmdsb[1]
    AB1                                                               r  tmdsb[1] (OUT)
  -------------------------------------------------------------------    -------------------

Slack:                    inf
  Source:                 datapath/video_inst/inst_dvid/ODDR2_red/C
                            (rising edge-triggered cell ODDR clocked by clk_out2_clk_wiz_0  {rise@0.000ns fall@4.000ns period=8.000ns})
  Destination:            tmds[2]
                            (output port)
  Path Group:             (none)
  Path Type:              Min at Fast Process Corner
  Data Path Delay:        1.023ns  (logic 1.022ns (99.902%)  route 0.001ns (0.098%))
  Logic Levels:           1  (OBUFDS=1)
  Clock Uncertainty:      0.166ns  ((TSJ^2 + DJ^2)^1/2) / 2 + PE
    Total System Jitter     (TSJ):    0.050ns
    Discrete Jitter          (DJ):    0.125ns
    Phase Error              (PE):    0.099ns

    Location             Delay type                Incr(ns)  Path(ns)    Netlist Resource(s)
  -------------------------------------------------------------------    -------------------
                         (clock clk_out2_clk_wiz_0 rise edge)
                                                      0.000     0.000 r  
    BUFGCTRL_X0Y2        BUFG                         0.000     0.000 r  clk_IBUF_BUFG_inst/O
                         net (fo=232, routed)         0.745     0.745    datapath/video_inst/mmcm_adv_inst_display_clocks/inst/clk_in1
    MMCME2_ADV_X1Y0      MMCME2_ADV (Prop_mmcme2_adv_CLKIN1_CLKOUT1)
                                                     -1.683    -0.938 r  datapath/video_inst/mmcm_adv_inst_display_clocks/inst/mmcm_adv_inst/CLKOUT1
                         net (fo=1, routed)           0.912    -0.026    datapath/video_inst/mmcm_adv_inst_display_clocks/inst/clk_out2_clk_wiz_0
    BUFGCTRL_X0Y0        BUFG (Prop_bufg_I_O)         0.026    -0.000 r  datapath/video_inst/mmcm_adv_inst_display_clocks/inst/clkout2_buf/O
                         net (fo=44, routed)          0.636     0.636    datapath/video_inst/inst_dvid/clk_out2
    OLOGIC_X1Y134        ODDR                                         r  datapath/video_inst/inst_dvid/ODDR2_red/C
  -------------------------------------------------------------------    -------------------
    OLOGIC_X1Y134        ODDR (Prop_oddr_C_Q)         0.177     0.813 r  datapath/video_inst/inst_dvid/ODDR2_red/Q
                         net (fo=1, routed)           0.001     0.814    datapath/video_inst/red_s
    AB3                  OBUFDS (Prop_obufds_I_O)     0.845     1.659 r  datapath/video_inst/OBUFDS_green/O
                         net (fo=0)                   0.000     1.659    tmds[2]
    AB3                                                               r  tmds[2] (OUT)
  -------------------------------------------------------------------    -------------------

Slack:                    inf
  Source:                 datapath/video_inst/inst_dvid/ODDR2_red/C
                            (rising edge-triggered cell ODDR clocked by clk_out2_clk_wiz_0  {rise@0.000ns fall@4.000ns period=8.000ns})
  Destination:            tmdsb[2]
                            (output port)
  Path Group:             (none)
  Path Type:              Min at Fast Process Corner
  Data Path Delay:        1.024ns  (logic 1.023ns (99.902%)  route 0.001ns (0.098%))
  Logic Levels:           1  (OBUFDS=1)
  Clock Uncertainty:      0.166ns  ((TSJ^2 + DJ^2)^1/2) / 2 + PE
    Total System Jitter     (TSJ):    0.050ns
    Discrete Jitter          (DJ):    0.125ns
    Phase Error              (PE):    0.099ns

    Location             Delay type                Incr(ns)  Path(ns)    Netlist Resource(s)
  -------------------------------------------------------------------    -------------------
                         (clock clk_out2_clk_wiz_0 rise edge)
                                                      0.000     0.000 r  
    BUFGCTRL_X0Y2        BUFG                         0.000     0.000 r  clk_IBUF_BUFG_inst/O
                         net (fo=232, routed)         0.745     0.745    datapath/video_inst/mmcm_adv_inst_display_clocks/inst/clk_in1
    MMCME2_ADV_X1Y0      MMCME2_ADV (Prop_mmcme2_adv_CLKIN1_CLKOUT1)
                                                     -1.683    -0.938 r  datapath/video_inst/mmcm_adv_inst_display_clocks/inst/mmcm_adv_inst/CLKOUT1
                         net (fo=1, routed)           0.912    -0.026    datapath/video_inst/mmcm_adv_inst_display_clocks/inst/clk_out2_clk_wiz_0
    BUFGCTRL_X0Y0        BUFG (Prop_bufg_I_O)         0.026    -0.000 r  datapath/video_inst/mmcm_adv_inst_display_clocks/inst/clkout2_buf/O
                         net (fo=44, routed)          0.636     0.636    datapath/video_inst/inst_dvid/clk_out2
    OLOGIC_X1Y134        ODDR                                         r  datapath/video_inst/inst_dvid/ODDR2_red/C
  -------------------------------------------------------------------    -------------------
    OLOGIC_X1Y134        ODDR (Prop_oddr_C_Q)         0.177     0.813 r  datapath/video_inst/inst_dvid/ODDR2_red/Q
                         net (fo=1, routed)           0.001     0.814    datapath/video_inst/red_s
    AB3                  OBUFDS (Prop_obufds_I_OB)    0.846     1.660 r  datapath/video_inst/OBUFDS_green/OB
                         net (fo=0)                   0.000     1.660    tmdsb[2]
    AB2                                                               r  tmdsb[2] (OUT)
  -------------------------------------------------------------------    -------------------





--------------------------------------------------------------------------------------
Path Group:  (none)
From Clock:  clk_out2_clk_wiz_1
  To Clock:  

Max Delay             2 Endpoints
Min Delay             2 Endpoints
--------------------------------------------------------------------------------------


Max Delay Paths
--------------------------------------------------------------------------------------
Slack:                    inf
  Source:                 datapath/Audio_Codec/initialize_audio/twi_controller/rScl_reg/C
                            (rising edge-triggered cell FDRE clocked by clk_out2_clk_wiz_1  {rise@0.000ns fall@10.000ns period=20.000ns})
  Destination:            scl
                            (output port)
  Path Group:             (none)
  Path Type:              Max at Slow Process Corner
  Data Path Delay:        5.945ns  (logic 4.021ns (67.635%)  route 1.924ns (32.365%))
  Logic Levels:           1  (OBUFT=1)
  Clock Uncertainty:      0.178ns  ((TSJ^2 + DJ^2)^1/2) / 2 + PE
    Total System Jitter     (TSJ):    0.050ns
    Discrete Jitter          (DJ):    0.152ns
    Phase Error              (PE):    0.099ns

    Location             Delay type                Incr(ns)  Path(ns)    Netlist Resource(s)
  -------------------------------------------------------------------    -------------------
                         (clock clk_out2_clk_wiz_1 rise edge)
                                                      0.000     0.000 r  
    BUFGCTRL_X0Y2        BUFG                         0.000     0.000 r  clk_IBUF_BUFG_inst/O
                         net (fo=232, routed)         1.761     1.761    datapath/Audio_Codec/audiocodec_master_clock/inst/clk_in1
    MMCME2_ADV_X0Y2      MMCME2_ADV (Prop_mmcme2_adv_CLKIN1_CLKOUT1)
                                                     -3.701    -1.939 r  datapath/Audio_Codec/audiocodec_master_clock/inst/mmcm_adv_inst/CLKOUT1
                         net (fo=1, routed)           1.843    -0.096    datapath/Audio_Codec/audiocodec_master_clock/inst/clk_out2_clk_wiz_1
    BUFGCTRL_X0Y3        BUFG (Prop_bufg_I_O)         0.096    -0.000 r  datapath/Audio_Codec/audiocodec_master_clock/inst/clkout2_buf/O
                         net (fo=115, routed)         1.823     1.823    datapath/Audio_Codec/initialize_audio/twi_controller/CLK
    SLICE_X163Y117       FDRE                                         r  datapath/Audio_Codec/initialize_audio/twi_controller/rScl_reg/C
  -------------------------------------------------------------------    -------------------
    SLICE_X163Y117       FDRE (Prop_fdre_C_Q)         0.456     2.279 f  datapath/Audio_Codec/initialize_audio/twi_controller/rScl_reg/Q
                         net (fo=3, routed)           1.924     4.204    scl_IOBUF_inst/T
    W5                   OBUFT (TriStatE_obuft_T_O)
                                                      3.565     7.769 r  scl_IOBUF_inst/OBUFT/O
                         net (fo=1, unset)            0.000     7.769    scl
    W5                                                                r  scl (INOUT)
  -------------------------------------------------------------------    -------------------

Slack:                    inf
  Source:                 datapath/Audio_Codec/initialize_audio/twi_controller/rSda_reg/C
                            (rising edge-triggered cell FDRE clocked by clk_out2_clk_wiz_1  {rise@0.000ns fall@10.000ns period=20.000ns})
  Destination:            sda
                            (output port)
  Path Group:             (none)
  Path Type:              Max at Slow Process Corner
  Data Path Delay:        5.626ns  (logic 4.004ns (71.168%)  route 1.622ns (28.832%))
  Logic Levels:           1  (OBUFT=1)
  Clock Uncertainty:      0.178ns  ((TSJ^2 + DJ^2)^1/2) / 2 + PE
    Total System Jitter     (TSJ):    0.050ns
    Discrete Jitter          (DJ):    0.152ns
    Phase Error              (PE):    0.099ns

    Location             Delay type                Incr(ns)  Path(ns)    Netlist Resource(s)
  -------------------------------------------------------------------    -------------------
                         (clock clk_out2_clk_wiz_1 rise edge)
                                                      0.000     0.000 r  
    BUFGCTRL_X0Y2        BUFG                         0.000     0.000 r  clk_IBUF_BUFG_inst/O
                         net (fo=232, routed)         1.761     1.761    datapath/Audio_Codec/audiocodec_master_clock/inst/clk_in1
    MMCME2_ADV_X0Y2      MMCME2_ADV (Prop_mmcme2_adv_CLKIN1_CLKOUT1)
                                                     -3.701    -1.939 r  datapath/Audio_Codec/audiocodec_master_clock/inst/mmcm_adv_inst/CLKOUT1
                         net (fo=1, routed)           1.843    -0.096    datapath/Audio_Codec/audiocodec_master_clock/inst/clk_out2_clk_wiz_1
    BUFGCTRL_X0Y3        BUFG (Prop_bufg_I_O)         0.096    -0.000 r  datapath/Audio_Codec/audiocodec_master_clock/inst/clkout2_buf/O
                         net (fo=115, routed)         1.823     1.823    datapath/Audio_Codec/initialize_audio/twi_controller/CLK
    SLICE_X161Y117       FDRE                                         r  datapath/Audio_Codec/initialize_audio/twi_controller/rSda_reg/C
  -------------------------------------------------------------------    -------------------
    SLICE_X161Y117       FDRE (Prop_fdre_C_Q)         0.456     2.279 f  datapath/Audio_Codec/initialize_audio/twi_controller/rSda_reg/Q
                         net (fo=3, routed)           1.622     3.901    sda_IOBUF_inst/T
    V5                   OBUFT (TriStatE_obuft_T_O)
                                                      3.548     7.449 r  sda_IOBUF_inst/OBUFT/O
                         net (fo=1, unset)            0.000     7.449    sda
    V5                                                                r  sda (INOUT)
  -------------------------------------------------------------------    -------------------





Min Delay Paths
--------------------------------------------------------------------------------------
Slack:                    inf
  Source:                 datapath/Audio_Codec/initialize_audio/twi_controller/rSda_reg/C
                            (rising edge-triggered cell FDRE clocked by clk_out2_clk_wiz_1  {rise@0.000ns fall@10.000ns period=20.000ns})
  Destination:            sda
                            (output port)
  Path Group:             (none)
  Path Type:              Min at Fast Process Corner
  Data Path Delay:        1.565ns  (logic 0.965ns (61.659%)  route 0.600ns (38.341%))
  Logic Levels:           1  (OBUFT=1)
  Clock Uncertainty:      0.178ns  ((TSJ^2 + DJ^2)^1/2) / 2 + PE
    Total System Jitter     (TSJ):    0.050ns
    Discrete Jitter          (DJ):    0.152ns
    Phase Error              (PE):    0.099ns

    Location             Delay type                Incr(ns)  Path(ns)    Netlist Resource(s)
  -------------------------------------------------------------------    -------------------
                         (clock clk_out2_clk_wiz_1 rise edge)
                                                      0.000     0.000 r  
    BUFGCTRL_X0Y2        BUFG                         0.000     0.000 r  clk_IBUF_BUFG_inst/O
                         net (fo=232, routed)         0.610     0.610    datapath/Audio_Codec/audiocodec_master_clock/inst/clk_in1
    MMCME2_ADV_X0Y2      MMCME2_ADV (Prop_mmcme2_adv_CLKIN1_CLKOUT1)
                                                     -1.180    -0.571 r  datapath/Audio_Codec/audiocodec_master_clock/inst/mmcm_adv_inst/CLKOUT1
                         net (fo=1, routed)           0.545    -0.026    datapath/Audio_Codec/audiocodec_master_clock/inst/clk_out2_clk_wiz_1
    BUFGCTRL_X0Y3        BUFG (Prop_bufg_I_O)         0.026     0.000 r  datapath/Audio_Codec/audiocodec_master_clock/inst/clkout2_buf/O
                         net (fo=115, routed)         0.642     0.642    datapath/Audio_Codec/initialize_audio/twi_controller/CLK
    SLICE_X161Y117       FDRE                                         r  datapath/Audio_Codec/initialize_audio/twi_controller/rSda_reg/C
  -------------------------------------------------------------------    -------------------
    SLICE_X161Y117       FDRE (Prop_fdre_C_Q)         0.141     0.783 r  datapath/Audio_Codec/initialize_audio/twi_controller/rSda_reg/Q
                         net (fo=3, routed)           0.600     1.383    sda_IOBUF_inst/T
    V5                   OBUFT (TriStatD_obuft_T_O)
                                                      0.824     2.207 r  sda_IOBUF_inst/OBUFT/O
                         net (fo=1, unset)            0.000     2.207    sda
    V5                                                                r  sda (INOUT)
  -------------------------------------------------------------------    -------------------

Slack:                    inf
  Source:                 datapath/Audio_Codec/initialize_audio/twi_controller/rScl_reg/C
                            (rising edge-triggered cell FDRE clocked by clk_out2_clk_wiz_1  {rise@0.000ns fall@10.000ns period=20.000ns})
  Destination:            scl
                            (output port)
  Path Group:             (none)
  Path Type:              Min at Fast Process Corner
  Data Path Delay:        1.672ns  (logic 0.965ns (57.711%)  route 0.707ns (42.289%))
  Logic Levels:           1  (OBUFT=1)
  Clock Uncertainty:      0.178ns  ((TSJ^2 + DJ^2)^1/2) / 2 + PE
    Total System Jitter     (TSJ):    0.050ns
    Discrete Jitter          (DJ):    0.152ns
    Phase Error              (PE):    0.099ns

    Location             Delay type                Incr(ns)  Path(ns)    Netlist Resource(s)
  -------------------------------------------------------------------    -------------------
                         (clock clk_out2_clk_wiz_1 rise edge)
                                                      0.000     0.000 r  
    BUFGCTRL_X0Y2        BUFG                         0.000     0.000 r  clk_IBUF_BUFG_inst/O
                         net (fo=232, routed)         0.610     0.610    datapath/Audio_Codec/audiocodec_master_clock/inst/clk_in1
    MMCME2_ADV_X0Y2      MMCME2_ADV (Prop_mmcme2_adv_CLKIN1_CLKOUT1)
                                                     -1.180    -0.571 r  datapath/Audio_Codec/audiocodec_master_clock/inst/mmcm_adv_inst/CLKOUT1
                         net (fo=1, routed)           0.545    -0.026    datapath/Audio_Codec/audiocodec_master_clock/inst/clk_out2_clk_wiz_1
    BUFGCTRL_X0Y3        BUFG (Prop_bufg_I_O)         0.026     0.000 r  datapath/Audio_Codec/audiocodec_master_clock/inst/clkout2_buf/O
                         net (fo=115, routed)         0.642     0.642    datapath/Audio_Codec/initialize_audio/twi_controller/CLK
    SLICE_X163Y117       FDRE                                         r  datapath/Audio_Codec/initialize_audio/twi_controller/rScl_reg/C
  -------------------------------------------------------------------    -------------------
    SLICE_X163Y117       FDRE (Prop_fdre_C_Q)         0.141     0.783 r  datapath/Audio_Codec/initialize_audio/twi_controller/rScl_reg/Q
                         net (fo=3, routed)           0.707     1.490    scl_IOBUF_inst/T
    W5                   OBUFT (TriStatD_obuft_T_O)
                                                      0.824     2.314 r  scl_IOBUF_inst/OBUFT/O
                         net (fo=1, unset)            0.000     2.314    scl
    W5                                                                r  scl (INOUT)
  -------------------------------------------------------------------    -------------------





--------------------------------------------------------------------------------------
Path Group:  (none)
From Clock:  clkfbout_clk_wiz_0
  To Clock:  

Max Delay             1 Endpoint
Min Delay             1 Endpoint
--------------------------------------------------------------------------------------


Max Delay Paths
--------------------------------------------------------------------------------------
Slack:                    inf
  Source:                 datapath/video_inst/mmcm_adv_inst_display_clocks/inst/mmcm_adv_inst/CLKFBOUT
                            (clock source 'clkfbout_clk_wiz_0'  {rise@0.000ns fall@5.000ns period=10.000ns})
  Destination:            datapath/video_inst/mmcm_adv_inst_display_clocks/inst/mmcm_adv_inst/CLKFBIN
  Path Group:             (none)
  Path Type:              Max at Slow Process Corner
  Data Path Delay:        4.900ns  (logic 0.096ns (1.959%)  route 4.804ns (98.041%))
  Logic Levels:           1  (BUFG=1)
  Clock Uncertainty:      0.148ns  ((TSJ^2 + DJ^2)^1/2) / 2 + PE
    Total System Jitter     (TSJ):    0.050ns
    Discrete Jitter          (DJ):    0.086ns
    Phase Error              (PE):    0.099ns

    Location             Delay type                Incr(ns)  Path(ns)    Netlist Resource(s)
  -------------------------------------------------------------------    -------------------
                         (clock clkfbout_clk_wiz_0 fall edge)
                                                      5.000     5.000 f  
    BUFGCTRL_X0Y2        BUFG                         0.000     5.000 f  clk_IBUF_BUFG_inst/O
                         net (fo=232, routed)         2.106     7.106    datapath/video_inst/mmcm_adv_inst_display_clocks/inst/clk_in1
  -------------------------------------------------------------------    -------------------
    MMCME2_ADV_X1Y0      MMCME2_ADV (Prop_mmcme2_adv_CLKIN1_CLKFBOUT)
                                                     -4.900     2.207 f  datapath/video_inst/mmcm_adv_inst_display_clocks/inst/mmcm_adv_inst/CLKFBOUT
                         net (fo=1, routed)           2.697     4.904    datapath/video_inst/mmcm_adv_inst_display_clocks/inst/clkfbout_clk_wiz_0
    BUFGCTRL_X0Y6        BUFG (Prop_bufg_I_O)         0.096     5.000 f  datapath/video_inst/mmcm_adv_inst_display_clocks/inst/clkf_buf/O
                         net (fo=1, routed)           2.106     7.106    datapath/video_inst/mmcm_adv_inst_display_clocks/inst/clkfbout_buf_clk_wiz_0
    MMCME2_ADV_X1Y0      MMCME2_ADV                                   f  datapath/video_inst/mmcm_adv_inst_display_clocks/inst/mmcm_adv_inst/CLKFBIN
  -------------------------------------------------------------------    -------------------





Min Delay Paths
--------------------------------------------------------------------------------------
Slack:                    inf
  Source:                 datapath/video_inst/mmcm_adv_inst_display_clocks/inst/mmcm_adv_inst/CLKFBOUT
                            (clock source 'clkfbout_clk_wiz_0'  {rise@0.000ns fall@5.000ns period=10.000ns})
  Destination:            datapath/video_inst/mmcm_adv_inst_display_clocks/inst/mmcm_adv_inst/CLKFBIN
  Path Group:             (none)
  Path Type:              Min at Fast Process Corner
  Data Path Delay:        1.683ns  (logic 0.026ns (1.545%)  route 1.657ns (98.455%))
  Logic Levels:           1  (BUFG=1)
  Clock Uncertainty:      0.148ns  ((TSJ^2 + DJ^2)^1/2) / 2 + PE
    Total System Jitter     (TSJ):    0.050ns
    Discrete Jitter          (DJ):    0.086ns
    Phase Error              (PE):    0.099ns

    Location             Delay type                Incr(ns)  Path(ns)    Netlist Resource(s)
  -------------------------------------------------------------------    -------------------
                         (clock clkfbout_clk_wiz_0 rise edge)
                                                      0.000     0.000 r  
    BUFGCTRL_X0Y2        BUFG                         0.000     0.000 r  clk_IBUF_BUFG_inst/O
                         net (fo=232, routed)         0.745     0.745    datapath/video_inst/mmcm_adv_inst_display_clocks/inst/clk_in1
  -------------------------------------------------------------------    -------------------
    MMCME2_ADV_X1Y0      MMCME2_ADV (Prop_mmcme2_adv_CLKIN1_CLKFBOUT)
                                                     -1.683    -0.938 r  datapath/video_inst/mmcm_adv_inst_display_clocks/inst/mmcm_adv_inst/CLKFBOUT
                         net (fo=1, routed)           0.912    -0.026    datapath/video_inst/mmcm_adv_inst_display_clocks/inst/clkfbout_clk_wiz_0
    BUFGCTRL_X0Y6        BUFG (Prop_bufg_I_O)         0.026    -0.000 r  datapath/video_inst/mmcm_adv_inst_display_clocks/inst/clkf_buf/O
                         net (fo=1, routed)           0.745     0.745    datapath/video_inst/mmcm_adv_inst_display_clocks/inst/clkfbout_buf_clk_wiz_0
    MMCME2_ADV_X1Y0      MMCME2_ADV                                   r  datapath/video_inst/mmcm_adv_inst_display_clocks/inst/mmcm_adv_inst/CLKFBIN
  -------------------------------------------------------------------    -------------------





--------------------------------------------------------------------------------------
Path Group:  (none)
From Clock:  clkfbout_clk_wiz_1
  To Clock:  

Max Delay             1 Endpoint
Min Delay             1 Endpoint
--------------------------------------------------------------------------------------


Max Delay Paths
--------------------------------------------------------------------------------------
Slack:                    inf
  Source:                 datapath/Audio_Codec/audiocodec_master_clock/inst/mmcm_adv_inst/CLKFBOUT
                            (clock source 'clkfbout_clk_wiz_1'  {rise@0.000ns fall@5.000ns period=10.000ns})
  Destination:            datapath/Audio_Codec/audiocodec_master_clock/inst/mmcm_adv_inst/CLKFBIN
  Path Group:             (none)
  Path Type:              Max at Slow Process Corner
  Data Path Delay:        3.701ns  (logic 0.096ns (2.594%)  route 3.605ns (97.406%))
  Logic Levels:           1  (BUFG=1)
  Clock Uncertainty:      0.148ns  ((TSJ^2 + DJ^2)^1/2) / 2 + PE
    Total System Jitter     (TSJ):    0.050ns
    Discrete Jitter          (DJ):    0.086ns
    Phase Error              (PE):    0.099ns

    Location             Delay type                Incr(ns)  Path(ns)    Netlist Resource(s)
  -------------------------------------------------------------------    -------------------
                         (clock clkfbout_clk_wiz_1 fall edge)
                                                      5.000     5.000 f  
    BUFGCTRL_X0Y2        BUFG                         0.000     5.000 f  clk_IBUF_BUFG_inst/O
                         net (fo=232, routed)         1.761     6.761    datapath/Audio_Codec/audiocodec_master_clock/inst/clk_in1
  -------------------------------------------------------------------    -------------------
    MMCME2_ADV_X0Y2      MMCME2_ADV (Prop_mmcme2_adv_CLKIN1_CLKFBOUT)
                                                     -3.701     3.061 f  datapath/Audio_Codec/audiocodec_master_clock/inst/mmcm_adv_inst/CLKFBOUT
                         net (fo=1, routed)           1.843     4.904    datapath/Audio_Codec/audiocodec_master_clock/inst/clkfbout_clk_wiz_1
    BUFGCTRL_X0Y5        BUFG (Prop_bufg_I_O)         0.096     5.000 f  datapath/Audio_Codec/audiocodec_master_clock/inst/clkf_buf/O
                         net (fo=1, routed)           1.761     6.761    datapath/Audio_Codec/audiocodec_master_clock/inst/clkfbout_buf_clk_wiz_1
    MMCME2_ADV_X0Y2      MMCME2_ADV                                   f  datapath/Audio_Codec/audiocodec_master_clock/inst/mmcm_adv_inst/CLKFBIN
  -------------------------------------------------------------------    -------------------





Min Delay Paths
--------------------------------------------------------------------------------------
Slack:                    inf
  Source:                 datapath/Audio_Codec/audiocodec_master_clock/inst/mmcm_adv_inst/CLKFBOUT
                            (clock source 'clkfbout_clk_wiz_1'  {rise@0.000ns fall@5.000ns period=10.000ns})
  Destination:            datapath/Audio_Codec/audiocodec_master_clock/inst/mmcm_adv_inst/CLKFBIN
  Path Group:             (none)
  Path Type:              Min at Fast Process Corner
  Data Path Delay:        1.180ns  (logic 0.026ns (2.202%)  route 1.155ns (97.798%))
  Logic Levels:           1  (BUFG=1)
  Clock Uncertainty:      0.148ns  ((TSJ^2 + DJ^2)^1/2) / 2 + PE
    Total System Jitter     (TSJ):    0.050ns
    Discrete Jitter          (DJ):    0.086ns
    Phase Error              (PE):    0.099ns

    Location             Delay type                Incr(ns)  Path(ns)    Netlist Resource(s)
  -------------------------------------------------------------------    -------------------
                         (clock clkfbout_clk_wiz_1 rise edge)
                                                      0.000     0.000 r  
    BUFGCTRL_X0Y2        BUFG                         0.000     0.000 r  clk_IBUF_BUFG_inst/O
                         net (fo=232, routed)         0.610     0.610    datapath/Audio_Codec/audiocodec_master_clock/inst/clk_in1
  -------------------------------------------------------------------    -------------------
    MMCME2_ADV_X0Y2      MMCME2_ADV (Prop_mmcme2_adv_CLKIN1_CLKFBOUT)
                                                     -1.180    -0.571 r  datapath/Audio_Codec/audiocodec_master_clock/inst/mmcm_adv_inst/CLKFBOUT
                         net (fo=1, routed)           0.545    -0.026    datapath/Audio_Codec/audiocodec_master_clock/inst/clkfbout_clk_wiz_1
    BUFGCTRL_X0Y5        BUFG (Prop_bufg_I_O)         0.026     0.000 r  datapath/Audio_Codec/audiocodec_master_clock/inst/clkf_buf/O
                         net (fo=1, routed)           0.610     0.610    datapath/Audio_Codec/audiocodec_master_clock/inst/clkfbout_buf_clk_wiz_1
    MMCME2_ADV_X0Y2      MMCME2_ADV                                   r  datapath/Audio_Codec/audiocodec_master_clock/inst/mmcm_adv_inst/CLKFBIN
  -------------------------------------------------------------------    -------------------





--------------------------------------------------------------------------------------
Path Group:  (none)
From Clock:  
  To Clock:  clk_out1_clk_wiz_0

Max Delay            43 Endpoints
Min Delay            43 Endpoints
--------------------------------------------------------------------------------------


Max Delay Paths
--------------------------------------------------------------------------------------
Slack:                    inf
  Source:                 switch[1]
                            (input port)
  Destination:            datapath/video_inst/inst_dvid/TDMS_encoder_green/encoded_reg[9]/D
                            (rising edge-triggered cell FDRE clocked by clk_out1_clk_wiz_0  {rise@0.000ns fall@20.000ns period=40.000ns})
  Path Group:             (none)
  Path Type:              Setup (Max at Slow Process Corner)
  Data Path Delay:        13.339ns  (logic 2.374ns (17.802%)  route 10.964ns (82.198%))
  Logic Levels:           6  (IBUF=1 LUT3=2 LUT4=1 LUT5=1 LUT6=1)
  Clock Path Skew:        1.706ns (DCD - SCD + CPR)
    Destination Clock Delay (DCD):    1.706ns
    Source Clock Delay      (SCD):    0.000ns
    Clock Pessimism Removal (CPR):    0.000ns
  Clock Uncertainty:      0.190ns  ((TSJ^2 + DJ^2)^1/2) / 2 + PE
    Total System Jitter     (TSJ):    0.050ns
    Discrete Jitter          (DJ):    0.175ns
    Phase Error              (PE):    0.099ns

    Location             Delay type                Incr(ns)  Path(ns)    Netlist Resource(s)
  -------------------------------------------------------------------    -------------------
    F21                                               0.000     0.000 r  switch[1] (IN)
                         net (fo=0)                   0.000     0.000    switch[1]
    F21                  IBUF (Prop_ibuf_I_O)         1.067     1.067 r  switch_IBUF[1]_inst/O
                         net (fo=2, routed)           7.996     9.064    datapath/video_inst/Inst_vga/vga_sig_gen/horizontal_counter/switch_IBUF[1]
    SLICE_X156Y132       LUT3 (Prop_lut3_I2_O)        0.150     9.214 r  datapath/video_inst/Inst_vga/vga_sig_gen/horizontal_counter/dc_bias[1]_i_3/O
                         net (fo=6, routed)           0.948    10.162    datapath/video_inst/Inst_vga/vga_sig_gen/horizontal_counter/processQ_reg[7]_0
    SLICE_X156Y133       LUT4 (Prop_lut4_I0_O)        0.352    10.514 r  datapath/video_inst/Inst_vga/vga_sig_gen/horizontal_counter/dc_bias[2]_i_4/O
                         net (fo=2, routed)           0.637    11.152    datapath/video_inst/Inst_vga/vga_sig_gen/horizontal_counter/dc_bias[2]_i_4_n_0
    SLICE_X157Y133       LUT6 (Prop_lut6_I1_O)        0.326    11.478 f  datapath/video_inst/Inst_vga/vga_sig_gen/horizontal_counter/dc_bias[1]_i_2/O
                         net (fo=4, routed)           0.809    12.286    datapath/video_inst/inst_dvid/TDMS_encoder_green/dc_bias_reg[1]_0
    SLICE_X159Y133       LUT5 (Prop_lut5_I0_O)        0.152    12.438 f  datapath/video_inst/inst_dvid/TDMS_encoder_green/encoded[9]_i_2/O
                         net (fo=1, routed)           0.573    13.012    datapath/video_inst/inst_dvid/TDMS_encoder_green/encoded[9]_i_2_n_0
    SLICE_X160Y133       LUT3 (Prop_lut3_I0_O)        0.327    13.339 r  datapath/video_inst/inst_dvid/TDMS_encoder_green/encoded[9]_i_1/O
                         net (fo=1, routed)           0.000    13.339    datapath/video_inst/inst_dvid/TDMS_encoder_green/encoded[9]_i_1_n_0
    SLICE_X160Y133       FDRE                                         r  datapath/video_inst/inst_dvid/TDMS_encoder_green/encoded_reg[9]/D
  -------------------------------------------------------------------    -------------------

                         (clock clk_out1_clk_wiz_0 rise edge)
                                                      0.000     0.000 r  
    BUFGCTRL_X0Y2        BUFG                         0.000     0.000 r  clk_IBUF_BUFG_inst/O
                         net (fo=232, routed)         1.972     1.972    datapath/video_inst/mmcm_adv_inst_display_clocks/inst/clk_in1
    MMCME2_ADV_X1Y0      MMCME2_ADV (Prop_mmcme2_adv_CLKIN1_CLKOUT0)
                                                     -4.637    -2.665 r  datapath/video_inst/mmcm_adv_inst_display_clocks/inst/mmcm_adv_inst/CLKOUT0
                         net (fo=1, routed)           2.574    -0.091    datapath/video_inst/mmcm_adv_inst_display_clocks/inst/clk_out1_clk_wiz_0
    BUFGCTRL_X0Y4        BUFG (Prop_bufg_I_O)         0.091     0.000 r  datapath/video_inst/mmcm_adv_inst_display_clocks/inst/clkout1_buf/O
                         net (fo=63, routed)          1.706     1.706    datapath/video_inst/inst_dvid/TDMS_encoder_green/clk_out1
    SLICE_X160Y133       FDRE                                         r  datapath/video_inst/inst_dvid/TDMS_encoder_green/encoded_reg[9]/C

Slack:                    inf
  Source:                 switch[1]
                            (input port)
  Destination:            datapath/video_inst/inst_dvid/TDMS_encoder_green/dc_bias_reg[3]/D
                            (rising edge-triggered cell FDRE clocked by clk_out1_clk_wiz_0  {rise@0.000ns fall@20.000ns period=40.000ns})
  Path Group:             (none)
  Path Type:              Setup (Max at Slow Process Corner)
  Data Path Delay:        13.031ns  (logic 2.143ns (16.449%)  route 10.887ns (83.551%))
  Logic Levels:           6  (IBUF=1 LUT3=1 LUT4=1 LUT6=3)
  Clock Path Skew:        1.704ns (DCD - SCD + CPR)
    Destination Clock Delay (DCD):    1.704ns
    Source Clock Delay      (SCD):    0.000ns
    Clock Pessimism Removal (CPR):    0.000ns
  Clock Uncertainty:      0.190ns  ((TSJ^2 + DJ^2)^1/2) / 2 + PE
    Total System Jitter     (TSJ):    0.050ns
    Discrete Jitter          (DJ):    0.175ns
    Phase Error              (PE):    0.099ns

    Location             Delay type                Incr(ns)  Path(ns)    Netlist Resource(s)
  -------------------------------------------------------------------    -------------------
    F21                                               0.000     0.000 f  switch[1] (IN)
                         net (fo=0)                   0.000     0.000    switch[1]
    F21                  IBUF (Prop_ibuf_I_O)         1.067     1.067 f  switch_IBUF[1]_inst/O
                         net (fo=2, routed)           7.996     9.064    datapath/video_inst/Inst_vga/vga_sig_gen/horizontal_counter/switch_IBUF[1]
    SLICE_X156Y132       LUT3 (Prop_lut3_I2_O)        0.150     9.214 f  datapath/video_inst/Inst_vga/vga_sig_gen/horizontal_counter/dc_bias[1]_i_3/O
                         net (fo=6, routed)           0.948    10.162    datapath/video_inst/Inst_vga/vga_sig_gen/horizontal_counter/processQ_reg[7]_0
    SLICE_X156Y133       LUT4 (Prop_lut4_I0_O)        0.352    10.514 f  datapath/video_inst/Inst_vga/vga_sig_gen/horizontal_counter/dc_bias[2]_i_4/O
                         net (fo=2, routed)           0.635    11.150    datapath/video_inst/Inst_vga/vga_sig_gen/horizontal_counter/dc_bias[2]_i_4_n_0
    SLICE_X157Y133       LUT6 (Prop_lut6_I5_O)        0.326    11.476 r  datapath/video_inst/Inst_vga/vga_sig_gen/horizontal_counter/dc_bias[2]_i_2/O
                         net (fo=2, routed)           0.813    12.289    datapath/video_inst/inst_dvid/TDMS_encoder_green/dc_bias_reg[2]_0
    SLICE_X158Y133       LUT6 (Prop_lut6_I3_O)        0.124    12.413 r  datapath/video_inst/inst_dvid/TDMS_encoder_green/dc_bias[3]_i_2/O
                         net (fo=1, routed)           0.494    12.907    datapath/video_inst/inst_dvid/TDMS_encoder_green/dc_bias[3]_i_2_n_0
    SLICE_X158Y133       LUT6 (Prop_lut6_I0_O)        0.124    13.031 r  datapath/video_inst/inst_dvid/TDMS_encoder_green/dc_bias[3]_i_1/O
                         net (fo=1, routed)           0.000    13.031    datapath/video_inst/inst_dvid/TDMS_encoder_green/dc_bias[3]_i_1_n_0
    SLICE_X158Y133       FDRE                                         r  datapath/video_inst/inst_dvid/TDMS_encoder_green/dc_bias_reg[3]/D
  -------------------------------------------------------------------    -------------------

                         (clock clk_out1_clk_wiz_0 rise edge)
                                                      0.000     0.000 r  
    BUFGCTRL_X0Y2        BUFG                         0.000     0.000 r  clk_IBUF_BUFG_inst/O
                         net (fo=232, routed)         1.972     1.972    datapath/video_inst/mmcm_adv_inst_display_clocks/inst/clk_in1
    MMCME2_ADV_X1Y0      MMCME2_ADV (Prop_mmcme2_adv_CLKIN1_CLKOUT0)
                                                     -4.637    -2.665 r  datapath/video_inst/mmcm_adv_inst_display_clocks/inst/mmcm_adv_inst/CLKOUT0
                         net (fo=1, routed)           2.574    -0.091    datapath/video_inst/mmcm_adv_inst_display_clocks/inst/clk_out1_clk_wiz_0
    BUFGCTRL_X0Y4        BUFG (Prop_bufg_I_O)         0.091     0.000 r  datapath/video_inst/mmcm_adv_inst_display_clocks/inst/clkout1_buf/O
                         net (fo=63, routed)          1.704     1.704    datapath/video_inst/inst_dvid/TDMS_encoder_green/clk_out1
    SLICE_X158Y133       FDRE                                         r  datapath/video_inst/inst_dvid/TDMS_encoder_green/dc_bias_reg[3]/C

Slack:                    inf
  Source:                 switch[1]
                            (input port)
  Destination:            datapath/video_inst/inst_dvid/TDMS_encoder_green/dc_bias_reg[1]/D
                            (rising edge-triggered cell FDRE clocked by clk_out1_clk_wiz_0  {rise@0.000ns fall@20.000ns period=40.000ns})
  Path Group:             (none)
  Path Type:              Setup (Max at Slow Process Corner)
  Data Path Delay:        12.052ns  (logic 2.019ns (16.757%)  route 10.032ns (83.243%))
  Logic Levels:           5  (IBUF=1 LUT3=1 LUT4=1 LUT6=2)
  Clock Path Skew:        1.705ns (DCD - SCD + CPR)
    Destination Clock Delay (DCD):    1.705ns
    Source Clock Delay      (SCD):    0.000ns
    Clock Pessimism Removal (CPR):    0.000ns
  Clock Uncertainty:      0.190ns  ((TSJ^2 + DJ^2)^1/2) / 2 + PE
    Total System Jitter     (TSJ):    0.050ns
    Discrete Jitter          (DJ):    0.175ns
    Phase Error              (PE):    0.099ns

    Location             Delay type                Incr(ns)  Path(ns)    Netlist Resource(s)
  -------------------------------------------------------------------    -------------------
    F21                                               0.000     0.000 r  switch[1] (IN)
                         net (fo=0)                   0.000     0.000    switch[1]
    F21                  IBUF (Prop_ibuf_I_O)         1.067     1.067 r  switch_IBUF[1]_inst/O
                         net (fo=2, routed)           7.996     9.064    datapath/video_inst/Inst_vga/vga_sig_gen/horizontal_counter/switch_IBUF[1]
    SLICE_X156Y132       LUT3 (Prop_lut3_I2_O)        0.150     9.214 r  datapath/video_inst/Inst_vga/vga_sig_gen/horizontal_counter/dc_bias[1]_i_3/O
                         net (fo=6, routed)           0.948    10.162    datapath/video_inst/Inst_vga/vga_sig_gen/horizontal_counter/processQ_reg[7]_0
    SLICE_X156Y133       LUT4 (Prop_lut4_I0_O)        0.352    10.514 r  datapath/video_inst/Inst_vga/vga_sig_gen/horizontal_counter/dc_bias[2]_i_4/O
                         net (fo=2, routed)           0.637    11.152    datapath/video_inst/Inst_vga/vga_sig_gen/horizontal_counter/dc_bias[2]_i_4_n_0
    SLICE_X157Y133       LUT6 (Prop_lut6_I1_O)        0.326    11.478 r  datapath/video_inst/Inst_vga/vga_sig_gen/horizontal_counter/dc_bias[1]_i_2/O
                         net (fo=4, routed)           0.450    11.928    datapath/video_inst/inst_dvid/TDMS_encoder_green/dc_bias_reg[1]_0
    SLICE_X158Y134       LUT6 (Prop_lut6_I1_O)        0.124    12.052 r  datapath/video_inst/inst_dvid/TDMS_encoder_green/dc_bias[1]_i_1__1/O
                         net (fo=1, routed)           0.000    12.052    datapath/video_inst/inst_dvid/TDMS_encoder_green/dc_bias[1]_i_1__1_n_0
    SLICE_X158Y134       FDRE                                         r  datapath/video_inst/inst_dvid/TDMS_encoder_green/dc_bias_reg[1]/D
  -------------------------------------------------------------------    -------------------

                         (clock clk_out1_clk_wiz_0 rise edge)
                                                      0.000     0.000 r  
    BUFGCTRL_X0Y2        BUFG                         0.000     0.000 r  clk_IBUF_BUFG_inst/O
                         net (fo=232, routed)         1.972     1.972    datapath/video_inst/mmcm_adv_inst_display_clocks/inst/clk_in1
    MMCME2_ADV_X1Y0      MMCME2_ADV (Prop_mmcme2_adv_CLKIN1_CLKOUT0)
                                                     -4.637    -2.665 r  datapath/video_inst/mmcm_adv_inst_display_clocks/inst/mmcm_adv_inst/CLKOUT0
                         net (fo=1, routed)           2.574    -0.091    datapath/video_inst/mmcm_adv_inst_display_clocks/inst/clk_out1_clk_wiz_0
    BUFGCTRL_X0Y4        BUFG (Prop_bufg_I_O)         0.091     0.000 r  datapath/video_inst/mmcm_adv_inst_display_clocks/inst/clkout1_buf/O
                         net (fo=63, routed)          1.705     1.705    datapath/video_inst/inst_dvid/TDMS_encoder_green/clk_out1
    SLICE_X158Y134       FDRE                                         r  datapath/video_inst/inst_dvid/TDMS_encoder_green/dc_bias_reg[1]/C

Slack:                    inf
  Source:                 switch[1]
                            (input port)
  Destination:            datapath/video_inst/inst_dvid/TDMS_encoder_green/dc_bias_reg[0]/D
                            (rising edge-triggered cell FDRE clocked by clk_out1_clk_wiz_0  {rise@0.000ns fall@20.000ns period=40.000ns})
  Path Group:             (none)
  Path Type:              Setup (Max at Slow Process Corner)
  Data Path Delay:        12.041ns  (logic 2.019ns (16.772%)  route 10.021ns (83.228%))
  Logic Levels:           5  (IBUF=1 LUT3=1 LUT4=1 LUT5=1 LUT6=1)
  Clock Path Skew:        1.705ns (DCD - SCD + CPR)
    Destination Clock Delay (DCD):    1.705ns
    Source Clock Delay      (SCD):    0.000ns
    Clock Pessimism Removal (CPR):    0.000ns
  Clock Uncertainty:      0.190ns  ((TSJ^2 + DJ^2)^1/2) / 2 + PE
    Total System Jitter     (TSJ):    0.050ns
    Discrete Jitter          (DJ):    0.175ns
    Phase Error              (PE):    0.099ns

    Location             Delay type                Incr(ns)  Path(ns)    Netlist Resource(s)
  -------------------------------------------------------------------    -------------------
    F21                                               0.000     0.000 r  switch[1] (IN)
                         net (fo=0)                   0.000     0.000    switch[1]
    F21                  IBUF (Prop_ibuf_I_O)         1.067     1.067 r  switch_IBUF[1]_inst/O
                         net (fo=2, routed)           7.996     9.064    datapath/video_inst/Inst_vga/vga_sig_gen/horizontal_counter/switch_IBUF[1]
    SLICE_X156Y132       LUT3 (Prop_lut3_I2_O)        0.150     9.214 r  datapath/video_inst/Inst_vga/vga_sig_gen/horizontal_counter/dc_bias[1]_i_3/O
                         net (fo=6, routed)           0.948    10.162    datapath/video_inst/Inst_vga/vga_sig_gen/horizontal_counter/processQ_reg[7]_0
    SLICE_X156Y133       LUT4 (Prop_lut4_I0_O)        0.352    10.514 r  datapath/video_inst/Inst_vga/vga_sig_gen/horizontal_counter/dc_bias[2]_i_4/O
                         net (fo=2, routed)           0.637    11.152    datapath/video_inst/Inst_vga/vga_sig_gen/horizontal_counter/dc_bias[2]_i_4_n_0
    SLICE_X157Y133       LUT6 (Prop_lut6_I1_O)        0.326    11.478 r  datapath/video_inst/Inst_vga/vga_sig_gen/horizontal_counter/dc_bias[1]_i_2/O
                         net (fo=4, routed)           0.439    11.917    datapath/video_inst/Inst_vga/vga_sig_gen/horizontal_counter/dc_bias_reg[3]
    SLICE_X158Y134       LUT5 (Prop_lut5_I1_O)        0.124    12.041 r  datapath/video_inst/Inst_vga/vga_sig_gen/horizontal_counter/dc_bias[0]_i_1__0/O
                         net (fo=1, routed)           0.000    12.041    datapath/video_inst/inst_dvid/TDMS_encoder_green/dc_bias_reg[0]_1[0]
    SLICE_X158Y134       FDRE                                         r  datapath/video_inst/inst_dvid/TDMS_encoder_green/dc_bias_reg[0]/D
  -------------------------------------------------------------------    -------------------

                         (clock clk_out1_clk_wiz_0 rise edge)
                                                      0.000     0.000 r  
    BUFGCTRL_X0Y2        BUFG                         0.000     0.000 r  clk_IBUF_BUFG_inst/O
                         net (fo=232, routed)         1.972     1.972    datapath/video_inst/mmcm_adv_inst_display_clocks/inst/clk_in1
    MMCME2_ADV_X1Y0      MMCME2_ADV (Prop_mmcme2_adv_CLKIN1_CLKOUT0)
                                                     -4.637    -2.665 r  datapath/video_inst/mmcm_adv_inst_display_clocks/inst/mmcm_adv_inst/CLKOUT0
                         net (fo=1, routed)           2.574    -0.091    datapath/video_inst/mmcm_adv_inst_display_clocks/inst/clk_out1_clk_wiz_0
    BUFGCTRL_X0Y4        BUFG (Prop_bufg_I_O)         0.091     0.000 r  datapath/video_inst/mmcm_adv_inst_display_clocks/inst/clkout1_buf/O
                         net (fo=63, routed)          1.705     1.705    datapath/video_inst/inst_dvid/TDMS_encoder_green/clk_out1
    SLICE_X158Y134       FDRE                                         r  datapath/video_inst/inst_dvid/TDMS_encoder_green/dc_bias_reg[0]/C

Slack:                    inf
  Source:                 switch[1]
                            (input port)
  Destination:            datapath/video_inst/inst_dvid/TDMS_encoder_green/dc_bias_reg[2]/D
                            (rising edge-triggered cell FDRE clocked by clk_out1_clk_wiz_0  {rise@0.000ns fall@20.000ns period=40.000ns})
  Path Group:             (none)
  Path Type:              Setup (Max at Slow Process Corner)
  Data Path Delay:        12.018ns  (logic 2.019ns (16.804%)  route 9.998ns (83.196%))
  Logic Levels:           5  (IBUF=1 LUT3=1 LUT4=1 LUT6=2)
  Clock Path Skew:        1.704ns (DCD - SCD + CPR)
    Destination Clock Delay (DCD):    1.704ns
    Source Clock Delay      (SCD):    0.000ns
    Clock Pessimism Removal (CPR):    0.000ns
  Clock Uncertainty:      0.190ns  ((TSJ^2 + DJ^2)^1/2) / 2 + PE
    Total System Jitter     (TSJ):    0.050ns
    Discrete Jitter          (DJ):    0.175ns
    Phase Error              (PE):    0.099ns

    Location             Delay type                Incr(ns)  Path(ns)    Netlist Resource(s)
  -------------------------------------------------------------------    -------------------
    F21                                               0.000     0.000 f  switch[1] (IN)
                         net (fo=0)                   0.000     0.000    switch[1]
    F21                  IBUF (Prop_ibuf_I_O)         1.067     1.067 f  switch_IBUF[1]_inst/O
                         net (fo=2, routed)           7.996     9.064    datapath/video_inst/Inst_vga/vga_sig_gen/horizontal_counter/switch_IBUF[1]
    SLICE_X156Y132       LUT3 (Prop_lut3_I2_O)        0.150     9.214 f  datapath/video_inst/Inst_vga/vga_sig_gen/horizontal_counter/dc_bias[1]_i_3/O
                         net (fo=6, routed)           0.948    10.162    datapath/video_inst/Inst_vga/vga_sig_gen/horizontal_counter/processQ_reg[7]_0
    SLICE_X156Y133       LUT4 (Prop_lut4_I0_O)        0.352    10.514 f  datapath/video_inst/Inst_vga/vga_sig_gen/horizontal_counter/dc_bias[2]_i_4/O
                         net (fo=2, routed)           0.635    11.150    datapath/video_inst/Inst_vga/vga_sig_gen/horizontal_counter/dc_bias[2]_i_4_n_0
    SLICE_X157Y133       LUT6 (Prop_lut6_I5_O)        0.326    11.476 r  datapath/video_inst/Inst_vga/vga_sig_gen/horizontal_counter/dc_bias[2]_i_2/O
                         net (fo=2, routed)           0.418    11.894    datapath/video_inst/inst_dvid/TDMS_encoder_green/dc_bias_reg[2]_0
    SLICE_X158Y133       LUT6 (Prop_lut6_I3_O)        0.124    12.018 r  datapath/video_inst/inst_dvid/TDMS_encoder_green/dc_bias[2]_i_1/O
                         net (fo=1, routed)           0.000    12.018    datapath/video_inst/inst_dvid/TDMS_encoder_green/dc_bias[2]_i_1_n_0
    SLICE_X158Y133       FDRE                                         r  datapath/video_inst/inst_dvid/TDMS_encoder_green/dc_bias_reg[2]/D
  -------------------------------------------------------------------    -------------------

                         (clock clk_out1_clk_wiz_0 rise edge)
                                                      0.000     0.000 r  
    BUFGCTRL_X0Y2        BUFG                         0.000     0.000 r  clk_IBUF_BUFG_inst/O
                         net (fo=232, routed)         1.972     1.972    datapath/video_inst/mmcm_adv_inst_display_clocks/inst/clk_in1
    MMCME2_ADV_X1Y0      MMCME2_ADV (Prop_mmcme2_adv_CLKIN1_CLKOUT0)
                                                     -4.637    -2.665 r  datapath/video_inst/mmcm_adv_inst_display_clocks/inst/mmcm_adv_inst/CLKOUT0
                         net (fo=1, routed)           2.574    -0.091    datapath/video_inst/mmcm_adv_inst_display_clocks/inst/clk_out1_clk_wiz_0
    BUFGCTRL_X0Y4        BUFG (Prop_bufg_I_O)         0.091     0.000 r  datapath/video_inst/mmcm_adv_inst_display_clocks/inst/clkout1_buf/O
                         net (fo=63, routed)          1.704     1.704    datapath/video_inst/inst_dvid/TDMS_encoder_green/clk_out1
    SLICE_X158Y133       FDRE                                         r  datapath/video_inst/inst_dvid/TDMS_encoder_green/dc_bias_reg[2]/C

Slack:                    inf
  Source:                 datapath/num_step_v/process_q_reg[6]/C
                            (rising edge-triggered cell FDRE)
  Destination:            datapath/video_inst/inst_dvid/TDMS_encoder_blue/encoded_reg[1]/D
                            (rising edge-triggered cell FDRE clocked by clk_out1_clk_wiz_0  {rise@0.000ns fall@20.000ns period=40.000ns})
  Path Group:             (none)
  Path Type:              Setup (Max at Slow Process Corner)
  Data Path Delay:        11.657ns  (logic 3.230ns (27.709%)  route 8.427ns (72.291%))
  Logic Levels:           14  (CARRY4=4 FDRE=1 LUT2=1 LUT4=2 LUT5=1 LUT6=5)
  Clock Uncertainty:      0.190ns  ((TSJ^2 + DJ^2)^1/2) / 2 + PE
    Total System Jitter     (TSJ):    0.050ns
    Discrete Jitter          (DJ):    0.175ns
    Phase Error              (PE):    0.099ns

    Location             Delay type                Incr(ns)  Path(ns)    Netlist Resource(s)
  -------------------------------------------------------------------    -------------------
    SLICE_X148Y125       FDRE                         0.000     0.000 r  datapath/num_step_v/process_q_reg[6]/C
    SLICE_X148Y125       FDRE (Prop_fdre_C_Q)         0.518     0.518 r  datapath/num_step_v/process_q_reg[6]/Q
                         net (fo=9, routed)           1.463     1.981    datapath/video_inst/Inst_vga/vga_sig_gen/vertical_counter/is_trigger_volt1_carry_i_10_0[5]
    SLICE_X150Y127       LUT2 (Prop_lut2_I1_O)        0.124     2.105 r  datapath/video_inst/Inst_vga/vga_sig_gen/vertical_counter/is_trigger_volt1_carry_i_25/O
                         net (fo=1, routed)           0.000     2.105    datapath/video_inst/Inst_vga/vga_sig_gen/vertical_counter/is_trigger_volt1_carry_i_25_n_0
    SLICE_X150Y127       CARRY4 (Prop_carry4_S[2]_CO[3])
                                                      0.380     2.485 r  datapath/video_inst/Inst_vga/vga_sig_gen/vertical_counter/is_trigger_volt1_carry_i_11/CO[3]
                         net (fo=1, routed)           0.000     2.485    datapath/video_inst/Inst_vga/vga_sig_gen/vertical_counter/is_trigger_volt1_carry_i_11_n_0
    SLICE_X150Y128       CARRY4 (Prop_carry4_CI_CO[3])
                                                      0.117     2.602 r  datapath/video_inst/Inst_vga/vga_sig_gen/vertical_counter/is_trigger_volt1_carry_i_10/CO[3]
                         net (fo=12, routed)          1.348     3.949    datapath/video_inst/Inst_vga/vga_sig_gen/vertical_counter/is_trigger_volt1_carry_i_10_n_0
    SLICE_X151Y124       LUT4 (Prop_lut4_I3_O)        0.124     4.073 f  datapath/video_inst/Inst_vga/vga_sig_gen/vertical_counter/is_trigger_volt1_carry_i_18/O
                         net (fo=2, routed)           0.530     4.603    datapath/video_inst/Inst_vga/vga_sig_gen/horizontal_counter/is_trigger_volt1_carry_0
    SLICE_X150Y124       LUT6 (Prop_lut6_I5_O)        0.124     4.727 r  datapath/video_inst/Inst_vga/vga_sig_gen/horizontal_counter/is_trigger_volt1_carry_i_3/O
                         net (fo=1, routed)           0.323     5.050    datapath/video_inst/Inst_vga/color_mapper_1/is_trigger_volt1_carry__0_0[1]
    SLICE_X149Y124       CARRY4 (Prop_carry4_DI[1]_CO[3])
                                                      0.507     5.557 r  datapath/video_inst/Inst_vga/color_mapper_1/is_trigger_volt1_carry/CO[3]
                         net (fo=1, routed)           0.009     5.566    datapath/video_inst/Inst_vga/color_mapper_1/is_trigger_volt1_carry_n_0
    SLICE_X149Y125       CARRY4 (Prop_carry4_CI_CO[1])
                                                      0.157     5.723 r  datapath/video_inst/Inst_vga/color_mapper_1/is_trigger_volt1_carry__0/CO[1]
                         net (fo=1, routed)           0.604     6.327    datapath/video_inst/Inst_vga/vga_sig_gen/horizontal_counter/dc_bias[3]_i_25_0[0]
    SLICE_X155Y126       LUT6 (Prop_lut6_I4_O)        0.329     6.656 f  datapath/video_inst/Inst_vga/vga_sig_gen/horizontal_counter/dc_bias[3]_i_48/O
                         net (fo=1, routed)           0.433     7.089    datapath/video_inst/Inst_vga/vga_sig_gen/horizontal_counter/dc_bias[3]_i_48_n_0
    SLICE_X155Y126       LUT6 (Prop_lut6_I0_O)        0.124     7.213 r  datapath/video_inst/Inst_vga/vga_sig_gen/horizontal_counter/dc_bias[3]_i_25/O
                         net (fo=1, routed)           0.779     7.991    datapath/video_inst/Inst_vga/vga_sig_gen/vertical_counter/dc_bias[1]_i_4
    SLICE_X155Y129       LUT6 (Prop_lut6_I5_O)        0.124     8.115 f  datapath/video_inst/Inst_vga/vga_sig_gen/vertical_counter/dc_bias[3]_i_8/O
                         net (fo=7, routed)           1.230     9.345    datapath/video_inst/Inst_vga/vga_sig_gen/vertical_counter/processQ_reg[4]_3
    SLICE_X156Y133       LUT6 (Prop_lut6_I2_O)        0.124     9.469 r  datapath/video_inst/Inst_vga/vga_sig_gen/vertical_counter/dc_bias[0]_i_2/O
                         net (fo=5, routed)           1.112    10.582    datapath/video_inst/inst_dvid/TDMS_encoder_blue/dc_bias_reg[0]_0
    SLICE_X158Y131       LUT5 (Prop_lut5_I0_O)        0.150    10.732 r  datapath/video_inst/inst_dvid/TDMS_encoder_blue/encoded[4]_i_2/O
                         net (fo=2, routed)           0.597    11.329    datapath/video_inst/Inst_vga/vga_sig_gen/encoded_reg[4]
    SLICE_X159Y133       LUT4 (Prop_lut4_I3_O)        0.328    11.657 r  datapath/video_inst/Inst_vga/vga_sig_gen/encoded[1]_i_1/O
                         net (fo=1, routed)           0.000    11.657    datapath/video_inst/inst_dvid/TDMS_encoder_blue/encoded_reg[1]_0
    SLICE_X159Y133       FDRE                                         r  datapath/video_inst/inst_dvid/TDMS_encoder_blue/encoded_reg[1]/D
  -------------------------------------------------------------------    -------------------

                         (clock clk_out1_clk_wiz_0 rise edge)
                                                      0.000     0.000 r  
    BUFGCTRL_X0Y2        BUFG                         0.000     0.000 r  clk_IBUF_BUFG_inst/O
                         net (fo=232, routed)         1.972     1.972    datapath/video_inst/mmcm_adv_inst_display_clocks/inst/clk_in1
    MMCME2_ADV_X1Y0      MMCME2_ADV (Prop_mmcme2_adv_CLKIN1_CLKOUT0)
                                                     -4.637    -2.665 r  datapath/video_inst/mmcm_adv_inst_display_clocks/inst/mmcm_adv_inst/CLKOUT0
                         net (fo=1, routed)           2.574    -0.091    datapath/video_inst/mmcm_adv_inst_display_clocks/inst/clk_out1_clk_wiz_0
    BUFGCTRL_X0Y4        BUFG (Prop_bufg_I_O)         0.091     0.000 r  datapath/video_inst/mmcm_adv_inst_display_clocks/inst/clkout1_buf/O
                         net (fo=63, routed)          1.704     1.704    datapath/video_inst/inst_dvid/TDMS_encoder_blue/clk_out1
    SLICE_X159Y133       FDRE                                         r  datapath/video_inst/inst_dvid/TDMS_encoder_blue/encoded_reg[1]/C

Slack:                    inf
  Source:                 datapath/num_step_v/process_q_reg[6]/C
                            (rising edge-triggered cell FDRE)
  Destination:            datapath/video_inst/inst_dvid/TDMS_encoder_blue/encoded_reg[4]/D
                            (rising edge-triggered cell FDRE clocked by clk_out1_clk_wiz_0  {rise@0.000ns fall@20.000ns period=40.000ns})
  Path Group:             (none)
  Path Type:              Setup (Max at Slow Process Corner)
  Data Path Delay:        11.651ns  (logic 3.224ns (27.672%)  route 8.427ns (72.328%))
  Logic Levels:           14  (CARRY4=4 FDRE=1 LUT2=1 LUT4=2 LUT5=1 LUT6=5)
  Clock Uncertainty:      0.190ns  ((TSJ^2 + DJ^2)^1/2) / 2 + PE
    Total System Jitter     (TSJ):    0.050ns
    Discrete Jitter          (DJ):    0.175ns
    Phase Error              (PE):    0.099ns

    Location             Delay type                Incr(ns)  Path(ns)    Netlist Resource(s)
  -------------------------------------------------------------------    -------------------
    SLICE_X148Y125       FDRE                         0.000     0.000 r  datapath/num_step_v/process_q_reg[6]/C
    SLICE_X148Y125       FDRE (Prop_fdre_C_Q)         0.518     0.518 r  datapath/num_step_v/process_q_reg[6]/Q
                         net (fo=9, routed)           1.463     1.981    datapath/video_inst/Inst_vga/vga_sig_gen/vertical_counter/is_trigger_volt1_carry_i_10_0[5]
    SLICE_X150Y127       LUT2 (Prop_lut2_I1_O)        0.124     2.105 r  datapath/video_inst/Inst_vga/vga_sig_gen/vertical_counter/is_trigger_volt1_carry_i_25/O
                         net (fo=1, routed)           0.000     2.105    datapath/video_inst/Inst_vga/vga_sig_gen/vertical_counter/is_trigger_volt1_carry_i_25_n_0
    SLICE_X150Y127       CARRY4 (Prop_carry4_S[2]_CO[3])
                                                      0.380     2.485 r  datapath/video_inst/Inst_vga/vga_sig_gen/vertical_counter/is_trigger_volt1_carry_i_11/CO[3]
                         net (fo=1, routed)           0.000     2.485    datapath/video_inst/Inst_vga/vga_sig_gen/vertical_counter/is_trigger_volt1_carry_i_11_n_0
    SLICE_X150Y128       CARRY4 (Prop_carry4_CI_CO[3])
                                                      0.117     2.602 r  datapath/video_inst/Inst_vga/vga_sig_gen/vertical_counter/is_trigger_volt1_carry_i_10/CO[3]
                         net (fo=12, routed)          1.348     3.949    datapath/video_inst/Inst_vga/vga_sig_gen/vertical_counter/is_trigger_volt1_carry_i_10_n_0
    SLICE_X151Y124       LUT4 (Prop_lut4_I3_O)        0.124     4.073 f  datapath/video_inst/Inst_vga/vga_sig_gen/vertical_counter/is_trigger_volt1_carry_i_18/O
                         net (fo=2, routed)           0.530     4.603    datapath/video_inst/Inst_vga/vga_sig_gen/horizontal_counter/is_trigger_volt1_carry_0
    SLICE_X150Y124       LUT6 (Prop_lut6_I5_O)        0.124     4.727 r  datapath/video_inst/Inst_vga/vga_sig_gen/horizontal_counter/is_trigger_volt1_carry_i_3/O
                         net (fo=1, routed)           0.323     5.050    datapath/video_inst/Inst_vga/color_mapper_1/is_trigger_volt1_carry__0_0[1]
    SLICE_X149Y124       CARRY4 (Prop_carry4_DI[1]_CO[3])
                                                      0.507     5.557 r  datapath/video_inst/Inst_vga/color_mapper_1/is_trigger_volt1_carry/CO[3]
                         net (fo=1, routed)           0.009     5.566    datapath/video_inst/Inst_vga/color_mapper_1/is_trigger_volt1_carry_n_0
    SLICE_X149Y125       CARRY4 (Prop_carry4_CI_CO[1])
                                                      0.157     5.723 r  datapath/video_inst/Inst_vga/color_mapper_1/is_trigger_volt1_carry__0/CO[1]
                         net (fo=1, routed)           0.604     6.327    datapath/video_inst/Inst_vga/vga_sig_gen/horizontal_counter/dc_bias[3]_i_25_0[0]
    SLICE_X155Y126       LUT6 (Prop_lut6_I4_O)        0.329     6.656 f  datapath/video_inst/Inst_vga/vga_sig_gen/horizontal_counter/dc_bias[3]_i_48/O
                         net (fo=1, routed)           0.433     7.089    datapath/video_inst/Inst_vga/vga_sig_gen/horizontal_counter/dc_bias[3]_i_48_n_0
    SLICE_X155Y126       LUT6 (Prop_lut6_I0_O)        0.124     7.213 r  datapath/video_inst/Inst_vga/vga_sig_gen/horizontal_counter/dc_bias[3]_i_25/O
                         net (fo=1, routed)           0.779     7.991    datapath/video_inst/Inst_vga/vga_sig_gen/vertical_counter/dc_bias[1]_i_4
    SLICE_X155Y129       LUT6 (Prop_lut6_I5_O)        0.124     8.115 f  datapath/video_inst/Inst_vga/vga_sig_gen/vertical_counter/dc_bias[3]_i_8/O
                         net (fo=7, routed)           1.230     9.345    datapath/video_inst/Inst_vga/vga_sig_gen/vertical_counter/processQ_reg[4]_3
    SLICE_X156Y133       LUT6 (Prop_lut6_I2_O)        0.124     9.469 r  datapath/video_inst/Inst_vga/vga_sig_gen/vertical_counter/dc_bias[0]_i_2/O
                         net (fo=5, routed)           1.112    10.582    datapath/video_inst/inst_dvid/TDMS_encoder_blue/dc_bias_reg[0]_0
    SLICE_X158Y131       LUT5 (Prop_lut5_I0_O)        0.150    10.732 r  datapath/video_inst/inst_dvid/TDMS_encoder_blue/encoded[4]_i_2/O
                         net (fo=2, routed)           0.597    11.329    datapath/video_inst/Inst_vga/vga_sig_gen/encoded_reg[4]
    SLICE_X159Y133       LUT4 (Prop_lut4_I3_O)        0.322    11.651 r  datapath/video_inst/Inst_vga/vga_sig_gen/encoded[4]_i_1/O
                         net (fo=1, routed)           0.000    11.651    datapath/video_inst/inst_dvid/TDMS_encoder_blue/encoded_reg[4]_0
    SLICE_X159Y133       FDRE                                         r  datapath/video_inst/inst_dvid/TDMS_encoder_blue/encoded_reg[4]/D
  -------------------------------------------------------------------    -------------------

                         (clock clk_out1_clk_wiz_0 rise edge)
                                                      0.000     0.000 r  
    BUFGCTRL_X0Y2        BUFG                         0.000     0.000 r  clk_IBUF_BUFG_inst/O
                         net (fo=232, routed)         1.972     1.972    datapath/video_inst/mmcm_adv_inst_display_clocks/inst/clk_in1
    MMCME2_ADV_X1Y0      MMCME2_ADV (Prop_mmcme2_adv_CLKIN1_CLKOUT0)
                                                     -4.637    -2.665 r  datapath/video_inst/mmcm_adv_inst_display_clocks/inst/mmcm_adv_inst/CLKOUT0
                         net (fo=1, routed)           2.574    -0.091    datapath/video_inst/mmcm_adv_inst_display_clocks/inst/clk_out1_clk_wiz_0
    BUFGCTRL_X0Y4        BUFG (Prop_bufg_I_O)         0.091     0.000 r  datapath/video_inst/mmcm_adv_inst_display_clocks/inst/clkout1_buf/O
                         net (fo=63, routed)          1.704     1.704    datapath/video_inst/inst_dvid/TDMS_encoder_blue/clk_out1
    SLICE_X159Y133       FDRE                                         r  datapath/video_inst/inst_dvid/TDMS_encoder_blue/encoded_reg[4]/C

Slack:                    inf
  Source:                 datapath/num_step_v/process_q_reg[6]/C
                            (rising edge-triggered cell FDRE)
  Destination:            datapath/video_inst/inst_dvid/TDMS_encoder_blue/encoded_reg[9]/D
                            (rising edge-triggered cell FDRE clocked by clk_out1_clk_wiz_0  {rise@0.000ns fall@20.000ns period=40.000ns})
  Path Group:             (none)
  Path Type:              Setup (Max at Slow Process Corner)
  Data Path Delay:        11.605ns  (logic 3.226ns (27.798%)  route 8.379ns (72.202%))
  Logic Levels:           14  (CARRY4=4 FDRE=1 LUT2=2 LUT4=1 LUT6=6)
  Clock Uncertainty:      0.190ns  ((TSJ^2 + DJ^2)^1/2) / 2 + PE
    Total System Jitter     (TSJ):    0.050ns
    Discrete Jitter          (DJ):    0.175ns
    Phase Error              (PE):    0.099ns

    Location             Delay type                Incr(ns)  Path(ns)    Netlist Resource(s)
  -------------------------------------------------------------------    -------------------
    SLICE_X148Y125       FDRE                         0.000     0.000 r  datapath/num_step_v/process_q_reg[6]/C
    SLICE_X148Y125       FDRE (Prop_fdre_C_Q)         0.518     0.518 r  datapath/num_step_v/process_q_reg[6]/Q
                         net (fo=9, routed)           1.463     1.981    datapath/video_inst/Inst_vga/vga_sig_gen/vertical_counter/is_trigger_volt1_carry_i_10_0[5]
    SLICE_X150Y127       LUT2 (Prop_lut2_I1_O)        0.124     2.105 r  datapath/video_inst/Inst_vga/vga_sig_gen/vertical_counter/is_trigger_volt1_carry_i_25/O
                         net (fo=1, routed)           0.000     2.105    datapath/video_inst/Inst_vga/vga_sig_gen/vertical_counter/is_trigger_volt1_carry_i_25_n_0
    SLICE_X150Y127       CARRY4 (Prop_carry4_S[2]_CO[3])
                                                      0.380     2.485 r  datapath/video_inst/Inst_vga/vga_sig_gen/vertical_counter/is_trigger_volt1_carry_i_11/CO[3]
                         net (fo=1, routed)           0.000     2.485    datapath/video_inst/Inst_vga/vga_sig_gen/vertical_counter/is_trigger_volt1_carry_i_11_n_0
    SLICE_X150Y128       CARRY4 (Prop_carry4_CI_CO[3])
                                                      0.117     2.602 r  datapath/video_inst/Inst_vga/vga_sig_gen/vertical_counter/is_trigger_volt1_carry_i_10/CO[3]
                         net (fo=12, routed)          1.348     3.949    datapath/video_inst/Inst_vga/vga_sig_gen/vertical_counter/is_trigger_volt1_carry_i_10_n_0
    SLICE_X151Y124       LUT4 (Prop_lut4_I3_O)        0.124     4.073 f  datapath/video_inst/Inst_vga/vga_sig_gen/vertical_counter/is_trigger_volt1_carry_i_18/O
                         net (fo=2, routed)           0.530     4.603    datapath/video_inst/Inst_vga/vga_sig_gen/horizontal_counter/is_trigger_volt1_carry_0
    SLICE_X150Y124       LUT6 (Prop_lut6_I5_O)        0.124     4.727 r  datapath/video_inst/Inst_vga/vga_sig_gen/horizontal_counter/is_trigger_volt1_carry_i_3/O
                         net (fo=1, routed)           0.323     5.050    datapath/video_inst/Inst_vga/color_mapper_1/is_trigger_volt1_carry__0_0[1]
    SLICE_X149Y124       CARRY4 (Prop_carry4_DI[1]_CO[3])
                                                      0.507     5.557 r  datapath/video_inst/Inst_vga/color_mapper_1/is_trigger_volt1_carry/CO[3]
                         net (fo=1, routed)           0.009     5.566    datapath/video_inst/Inst_vga/color_mapper_1/is_trigger_volt1_carry_n_0
    SLICE_X149Y125       CARRY4 (Prop_carry4_CI_CO[1])
                                                      0.157     5.723 r  datapath/video_inst/Inst_vga/color_mapper_1/is_trigger_volt1_carry__0/CO[1]
                         net (fo=1, routed)           0.604     6.327    datapath/video_inst/Inst_vga/vga_sig_gen/horizontal_counter/dc_bias[3]_i_25_0[0]
    SLICE_X155Y126       LUT6 (Prop_lut6_I4_O)        0.329     6.656 f  datapath/video_inst/Inst_vga/vga_sig_gen/horizontal_counter/dc_bias[3]_i_48/O
                         net (fo=1, routed)           0.433     7.089    datapath/video_inst/Inst_vga/vga_sig_gen/horizontal_counter/dc_bias[3]_i_48_n_0
    SLICE_X155Y126       LUT6 (Prop_lut6_I0_O)        0.124     7.213 r  datapath/video_inst/Inst_vga/vga_sig_gen/horizontal_counter/dc_bias[3]_i_25/O
                         net (fo=1, routed)           0.779     7.991    datapath/video_inst/Inst_vga/vga_sig_gen/vertical_counter/dc_bias[1]_i_4
    SLICE_X155Y129       LUT6 (Prop_lut6_I5_O)        0.124     8.115 f  datapath/video_inst/Inst_vga/vga_sig_gen/vertical_counter/dc_bias[3]_i_8/O
                         net (fo=7, routed)           1.231     9.347    datapath/video_inst/Inst_vga/vga_sig_gen/vertical_counter/processQ_reg[4]_3
    SLICE_X156Y133       LUT6 (Prop_lut6_I5_O)        0.124     9.471 r  datapath/video_inst/Inst_vga/vga_sig_gen/vertical_counter/dc_bias[3]_i_2__1/O
                         net (fo=14, routed)          1.014    10.485    datapath/video_inst/inst_dvid/TDMS_encoder_blue/dc_bias_reg[3]_2
    SLICE_X158Y132       LUT2 (Prop_lut2_I1_O)        0.146    10.631 f  datapath/video_inst/inst_dvid/TDMS_encoder_blue/encoded[9]_i_2__0/O
                         net (fo=1, routed)           0.647    11.277    datapath/video_inst/Inst_vga/vga_sig_gen/vertical_counter/encoded_reg[9]_1
    SLICE_X159Y132       LUT6 (Prop_lut6_I0_O)        0.328    11.605 r  datapath/video_inst/Inst_vga/vga_sig_gen/vertical_counter/TDMS_encoder_blue/encoded[9]_i_1/O
                         net (fo=1, routed)           0.000    11.605    datapath/video_inst/inst_dvid/TDMS_encoder_blue/encoded_reg[9]_0
    SLICE_X159Y132       FDRE                                         r  datapath/video_inst/inst_dvid/TDMS_encoder_blue/encoded_reg[9]/D
  -------------------------------------------------------------------    -------------------

                         (clock clk_out1_clk_wiz_0 rise edge)
                                                      0.000     0.000 r  
    BUFGCTRL_X0Y2        BUFG                         0.000     0.000 r  clk_IBUF_BUFG_inst/O
                         net (fo=232, routed)         1.972     1.972    datapath/video_inst/mmcm_adv_inst_display_clocks/inst/clk_in1
    MMCME2_ADV_X1Y0      MMCME2_ADV (Prop_mmcme2_adv_CLKIN1_CLKOUT0)
                                                     -4.637    -2.665 r  datapath/video_inst/mmcm_adv_inst_display_clocks/inst/mmcm_adv_inst/CLKOUT0
                         net (fo=1, routed)           2.574    -0.091    datapath/video_inst/mmcm_adv_inst_display_clocks/inst/clk_out1_clk_wiz_0
    BUFGCTRL_X0Y4        BUFG (Prop_bufg_I_O)         0.091     0.000 r  datapath/video_inst/mmcm_adv_inst_display_clocks/inst/clkout1_buf/O
                         net (fo=63, routed)          1.703     1.703    datapath/video_inst/inst_dvid/TDMS_encoder_blue/clk_out1
    SLICE_X159Y132       FDRE                                         r  datapath/video_inst/inst_dvid/TDMS_encoder_blue/encoded_reg[9]/C

Slack:                    inf
  Source:                 datapath/num_step_v/process_q_reg[6]/C
                            (rising edge-triggered cell FDRE)
  Destination:            datapath/video_inst/inst_dvid/TDMS_encoder_green/encoded_reg[2]/D
                            (rising edge-triggered cell FDRE clocked by clk_out1_clk_wiz_0  {rise@0.000ns fall@20.000ns period=40.000ns})
  Path Group:             (none)
  Path Type:              Setup (Max at Slow Process Corner)
  Data Path Delay:        10.711ns  (logic 3.000ns (28.008%)  route 7.711ns (71.992%))
  Logic Levels:           14  (CARRY4=4 FDRE=1 LUT2=1 LUT3=1 LUT4=1 LUT5=1 LUT6=5)
  Clock Uncertainty:      0.190ns  ((TSJ^2 + DJ^2)^1/2) / 2 + PE
    Total System Jitter     (TSJ):    0.050ns
    Discrete Jitter          (DJ):    0.175ns
    Phase Error              (PE):    0.099ns

    Location             Delay type                Incr(ns)  Path(ns)    Netlist Resource(s)
  -------------------------------------------------------------------    -------------------
    SLICE_X148Y125       FDRE                         0.000     0.000 r  datapath/num_step_v/process_q_reg[6]/C
    SLICE_X148Y125       FDRE (Prop_fdre_C_Q)         0.518     0.518 r  datapath/num_step_v/process_q_reg[6]/Q
                         net (fo=9, routed)           1.463     1.981    datapath/video_inst/Inst_vga/vga_sig_gen/vertical_counter/is_trigger_volt1_carry_i_10_0[5]
    SLICE_X150Y127       LUT2 (Prop_lut2_I1_O)        0.124     2.105 r  datapath/video_inst/Inst_vga/vga_sig_gen/vertical_counter/is_trigger_volt1_carry_i_25/O
                         net (fo=1, routed)           0.000     2.105    datapath/video_inst/Inst_vga/vga_sig_gen/vertical_counter/is_trigger_volt1_carry_i_25_n_0
    SLICE_X150Y127       CARRY4 (Prop_carry4_S[2]_CO[3])
                                                      0.380     2.485 r  datapath/video_inst/Inst_vga/vga_sig_gen/vertical_counter/is_trigger_volt1_carry_i_11/CO[3]
                         net (fo=1, routed)           0.000     2.485    datapath/video_inst/Inst_vga/vga_sig_gen/vertical_counter/is_trigger_volt1_carry_i_11_n_0
    SLICE_X150Y128       CARRY4 (Prop_carry4_CI_CO[3])
                                                      0.117     2.602 r  datapath/video_inst/Inst_vga/vga_sig_gen/vertical_counter/is_trigger_volt1_carry_i_10/CO[3]
                         net (fo=12, routed)          1.348     3.949    datapath/video_inst/Inst_vga/vga_sig_gen/vertical_counter/is_trigger_volt1_carry_i_10_n_0
    SLICE_X151Y124       LUT4 (Prop_lut4_I3_O)        0.124     4.073 f  datapath/video_inst/Inst_vga/vga_sig_gen/vertical_counter/is_trigger_volt1_carry_i_18/O
                         net (fo=2, routed)           0.530     4.603    datapath/video_inst/Inst_vga/vga_sig_gen/horizontal_counter/is_trigger_volt1_carry_0
    SLICE_X150Y124       LUT6 (Prop_lut6_I5_O)        0.124     4.727 r  datapath/video_inst/Inst_vga/vga_sig_gen/horizontal_counter/is_trigger_volt1_carry_i_3/O
                         net (fo=1, routed)           0.323     5.050    datapath/video_inst/Inst_vga/color_mapper_1/is_trigger_volt1_carry__0_0[1]
    SLICE_X149Y124       CARRY4 (Prop_carry4_DI[1]_CO[3])
                                                      0.507     5.557 r  datapath/video_inst/Inst_vga/color_mapper_1/is_trigger_volt1_carry/CO[3]
                         net (fo=1, routed)           0.009     5.566    datapath/video_inst/Inst_vga/color_mapper_1/is_trigger_volt1_carry_n_0
    SLICE_X149Y125       CARRY4 (Prop_carry4_CI_CO[1])
                                                      0.157     5.723 r  datapath/video_inst/Inst_vga/color_mapper_1/is_trigger_volt1_carry__0/CO[1]
                         net (fo=1, routed)           0.604     6.327    datapath/video_inst/Inst_vga/vga_sig_gen/horizontal_counter/dc_bias[3]_i_25_0[0]
    SLICE_X155Y126       LUT6 (Prop_lut6_I4_O)        0.329     6.656 f  datapath/video_inst/Inst_vga/vga_sig_gen/horizontal_counter/dc_bias[3]_i_48/O
                         net (fo=1, routed)           0.433     7.089    datapath/video_inst/Inst_vga/vga_sig_gen/horizontal_counter/dc_bias[3]_i_48_n_0
    SLICE_X155Y126       LUT6 (Prop_lut6_I0_O)        0.124     7.213 r  datapath/video_inst/Inst_vga/vga_sig_gen/horizontal_counter/dc_bias[3]_i_25/O
                         net (fo=1, routed)           0.779     7.991    datapath/video_inst/Inst_vga/vga_sig_gen/vertical_counter/dc_bias[1]_i_4
    SLICE_X155Y129       LUT6 (Prop_lut6_I5_O)        0.124     8.115 f  datapath/video_inst/Inst_vga/vga_sig_gen/vertical_counter/dc_bias[3]_i_8/O
                         net (fo=7, routed)           1.230     9.345    datapath/video_inst/Inst_vga/vga_sig_gen/vertical_counter/processQ_reg[4]_3
    SLICE_X156Y133       LUT6 (Prop_lut6_I2_O)        0.124     9.469 r  datapath/video_inst/Inst_vga/vga_sig_gen/vertical_counter/dc_bias[0]_i_2/O
                         net (fo=5, routed)           0.404     9.874    datapath/video_inst/inst_dvid/TDMS_encoder_green/encoded_reg[0]_0
    SLICE_X159Y133       LUT5 (Prop_lut5_I0_O)        0.124     9.998 r  datapath/video_inst/inst_dvid/TDMS_encoder_green/dc_bias[3]_i_3__0/O
                         net (fo=3, routed)           0.590    10.587    datapath/video_inst/inst_dvid/TDMS_encoder_green/dc_bias[3]_i_3__0_n_0
    SLICE_X160Y133       LUT3 (Prop_lut3_I1_O)        0.124    10.711 r  datapath/video_inst/inst_dvid/TDMS_encoder_green/encoded[2]_i_1/O
                         net (fo=1, routed)           0.000    10.711    datapath/video_inst/inst_dvid/TDMS_encoder_green/encoded[2]_i_1_n_0
    SLICE_X160Y133       FDRE                                         r  datapath/video_inst/inst_dvid/TDMS_encoder_green/encoded_reg[2]/D
  -------------------------------------------------------------------    -------------------

                         (clock clk_out1_clk_wiz_0 rise edge)
                                                      0.000     0.000 r  
    BUFGCTRL_X0Y2        BUFG                         0.000     0.000 r  clk_IBUF_BUFG_inst/O
                         net (fo=232, routed)         1.972     1.972    datapath/video_inst/mmcm_adv_inst_display_clocks/inst/clk_in1
    MMCME2_ADV_X1Y0      MMCME2_ADV (Prop_mmcme2_adv_CLKIN1_CLKOUT0)
                                                     -4.637    -2.665 r  datapath/video_inst/mmcm_adv_inst_display_clocks/inst/mmcm_adv_inst/CLKOUT0
                         net (fo=1, routed)           2.574    -0.091    datapath/video_inst/mmcm_adv_inst_display_clocks/inst/clk_out1_clk_wiz_0
    BUFGCTRL_X0Y4        BUFG (Prop_bufg_I_O)         0.091     0.000 r  datapath/video_inst/mmcm_adv_inst_display_clocks/inst/clkout1_buf/O
                         net (fo=63, routed)          1.706     1.706    datapath/video_inst/inst_dvid/TDMS_encoder_green/clk_out1
    SLICE_X160Y133       FDRE                                         r  datapath/video_inst/inst_dvid/TDMS_encoder_green/encoded_reg[2]/C

Slack:                    inf
  Source:                 datapath/num_step_v/process_q_reg[6]/C
                            (rising edge-triggered cell FDRE)
  Destination:            datapath/video_inst/inst_dvid/TDMS_encoder_blue/dc_bias_reg[0]/D
                            (rising edge-triggered cell FDRE clocked by clk_out1_clk_wiz_0  {rise@0.000ns fall@20.000ns period=40.000ns})
  Path Group:             (none)
  Path Type:              Setup (Max at Slow Process Corner)
  Data Path Delay:        10.706ns  (logic 2.876ns (26.865%)  route 7.830ns (73.135%))
  Logic Levels:           13  (CARRY4=4 FDRE=1 LUT2=1 LUT4=1 LUT5=1 LUT6=5)
  Clock Uncertainty:      0.190ns  ((TSJ^2 + DJ^2)^1/2) / 2 + PE
    Total System Jitter     (TSJ):    0.050ns
    Discrete Jitter          (DJ):    0.175ns
    Phase Error              (PE):    0.099ns

    Location             Delay type                Incr(ns)  Path(ns)    Netlist Resource(s)
  -------------------------------------------------------------------    -------------------
    SLICE_X148Y125       FDRE                         0.000     0.000 r  datapath/num_step_v/process_q_reg[6]/C
    SLICE_X148Y125       FDRE (Prop_fdre_C_Q)         0.518     0.518 r  datapath/num_step_v/process_q_reg[6]/Q
                         net (fo=9, routed)           1.463     1.981    datapath/video_inst/Inst_vga/vga_sig_gen/vertical_counter/is_trigger_volt1_carry_i_10_0[5]
    SLICE_X150Y127       LUT2 (Prop_lut2_I1_O)        0.124     2.105 r  datapath/video_inst/Inst_vga/vga_sig_gen/vertical_counter/is_trigger_volt1_carry_i_25/O
                         net (fo=1, routed)           0.000     2.105    datapath/video_inst/Inst_vga/vga_sig_gen/vertical_counter/is_trigger_volt1_carry_i_25_n_0
    SLICE_X150Y127       CARRY4 (Prop_carry4_S[2]_CO[3])
                                                      0.380     2.485 r  datapath/video_inst/Inst_vga/vga_sig_gen/vertical_counter/is_trigger_volt1_carry_i_11/CO[3]
                         net (fo=1, routed)           0.000     2.485    datapath/video_inst/Inst_vga/vga_sig_gen/vertical_counter/is_trigger_volt1_carry_i_11_n_0
    SLICE_X150Y128       CARRY4 (Prop_carry4_CI_CO[3])
                                                      0.117     2.602 r  datapath/video_inst/Inst_vga/vga_sig_gen/vertical_counter/is_trigger_volt1_carry_i_10/CO[3]
                         net (fo=12, routed)          1.348     3.949    datapath/video_inst/Inst_vga/vga_sig_gen/vertical_counter/is_trigger_volt1_carry_i_10_n_0
    SLICE_X151Y124       LUT4 (Prop_lut4_I3_O)        0.124     4.073 f  datapath/video_inst/Inst_vga/vga_sig_gen/vertical_counter/is_trigger_volt1_carry_i_18/O
                         net (fo=2, routed)           0.530     4.603    datapath/video_inst/Inst_vga/vga_sig_gen/horizontal_counter/is_trigger_volt1_carry_0
    SLICE_X150Y124       LUT6 (Prop_lut6_I5_O)        0.124     4.727 r  datapath/video_inst/Inst_vga/vga_sig_gen/horizontal_counter/is_trigger_volt1_carry_i_3/O
                         net (fo=1, routed)           0.323     5.050    datapath/video_inst/Inst_vga/color_mapper_1/is_trigger_volt1_carry__0_0[1]
    SLICE_X149Y124       CARRY4 (Prop_carry4_DI[1]_CO[3])
                                                      0.507     5.557 r  datapath/video_inst/Inst_vga/color_mapper_1/is_trigger_volt1_carry/CO[3]
                         net (fo=1, routed)           0.009     5.566    datapath/video_inst/Inst_vga/color_mapper_1/is_trigger_volt1_carry_n_0
    SLICE_X149Y125       CARRY4 (Prop_carry4_CI_CO[1])
                                                      0.157     5.723 r  datapath/video_inst/Inst_vga/color_mapper_1/is_trigger_volt1_carry__0/CO[1]
                         net (fo=1, routed)           0.604     6.327    datapath/video_inst/Inst_vga/vga_sig_gen/horizontal_counter/dc_bias[3]_i_25_0[0]
    SLICE_X155Y126       LUT6 (Prop_lut6_I4_O)        0.329     6.656 f  datapath/video_inst/Inst_vga/vga_sig_gen/horizontal_counter/dc_bias[3]_i_48/O
                         net (fo=1, routed)           0.433     7.089    datapath/video_inst/Inst_vga/vga_sig_gen/horizontal_counter/dc_bias[3]_i_48_n_0
    SLICE_X155Y126       LUT6 (Prop_lut6_I0_O)        0.124     7.213 r  datapath/video_inst/Inst_vga/vga_sig_gen/horizontal_counter/dc_bias[3]_i_25/O
                         net (fo=1, routed)           0.779     7.991    datapath/video_inst/Inst_vga/vga_sig_gen/vertical_counter/dc_bias[1]_i_4
    SLICE_X155Y129       LUT6 (Prop_lut6_I5_O)        0.124     8.115 f  datapath/video_inst/Inst_vga/vga_sig_gen/vertical_counter/dc_bias[3]_i_8/O
                         net (fo=7, routed)           1.230     9.345    datapath/video_inst/Inst_vga/vga_sig_gen/vertical_counter/processQ_reg[4]_3
    SLICE_X156Y133       LUT6 (Prop_lut6_I2_O)        0.124     9.469 r  datapath/video_inst/Inst_vga/vga_sig_gen/vertical_counter/dc_bias[0]_i_2/O
                         net (fo=5, routed)           1.112    10.582    datapath/video_inst/inst_dvid/TDMS_encoder_blue/dc_bias_reg[0]_0
    SLICE_X158Y131       LUT5 (Prop_lut5_I1_O)        0.124    10.706 r  datapath/video_inst/inst_dvid/TDMS_encoder_blue/dc_bias[0]_i_1__1/O
                         net (fo=1, routed)           0.000    10.706    datapath/video_inst/inst_dvid/TDMS_encoder_blue/dc_bias[0]_i_1__1_n_0
    SLICE_X158Y131       FDRE                                         r  datapath/video_inst/inst_dvid/TDMS_encoder_blue/dc_bias_reg[0]/D
  -------------------------------------------------------------------    -------------------

                         (clock clk_out1_clk_wiz_0 rise edge)
                                                      0.000     0.000 r  
    BUFGCTRL_X0Y2        BUFG                         0.000     0.000 r  clk_IBUF_BUFG_inst/O
                         net (fo=232, routed)         1.972     1.972    datapath/video_inst/mmcm_adv_inst_display_clocks/inst/clk_in1
    MMCME2_ADV_X1Y0      MMCME2_ADV (Prop_mmcme2_adv_CLKIN1_CLKOUT0)
                                                     -4.637    -2.665 r  datapath/video_inst/mmcm_adv_inst_display_clocks/inst/mmcm_adv_inst/CLKOUT0
                         net (fo=1, routed)           2.574    -0.091    datapath/video_inst/mmcm_adv_inst_display_clocks/inst/clk_out1_clk_wiz_0
    BUFGCTRL_X0Y4        BUFG (Prop_bufg_I_O)         0.091     0.000 r  datapath/video_inst/mmcm_adv_inst_display_clocks/inst/clkout1_buf/O
                         net (fo=63, routed)          1.701     1.701    datapath/video_inst/inst_dvid/TDMS_encoder_blue/clk_out1
    SLICE_X158Y131       FDRE                                         r  datapath/video_inst/inst_dvid/TDMS_encoder_blue/dc_bias_reg[0]/C





Min Delay Paths
--------------------------------------------------------------------------------------
Slack:                    inf
  Source:                 reset_n
                            (input port)
  Destination:            datapath/video_inst/Inst_vga/vga_sig_gen/vertical_counter/processQ_reg[0]/R
                            (rising edge-triggered cell FDRE clocked by clk_out1_clk_wiz_0  {rise@0.000ns fall@20.000ns period=40.000ns})
  Path Group:             (none)
  Path Type:              Hold (Min at Fast Process Corner)
  Data Path Delay:        1.875ns  (logic 0.228ns (12.156%)  route 1.647ns (87.844%))
  Logic Levels:           2  (IBUF=1 LUT3=1)
  Clock Path Skew:        0.882ns (DCD - SCD - CPR)
    Destination Clock Delay (DCD):    0.882ns
    Source Clock Delay      (SCD):    0.000ns
    Clock Pessimism Removal (CPR):    -0.000ns

    Location             Delay type                Incr(ns)  Path(ns)    Netlist Resource(s)
  -------------------------------------------------------------------    -------------------
    G4                                                0.000     0.000 f  reset_n (IN)
                         net (fo=0)                   0.000     0.000    reset_n
    G4                   IBUF (Prop_ibuf_I_O)         0.186     0.186 f  reset_n_IBUF_inst/O
                         net (fo=56, routed)          1.364     1.550    datapath/video_inst/Inst_vga/vga_sig_gen/vertical_counter/reset_n_IBUF
    SLICE_X156Y129       LUT3 (Prop_lut3_I2_O)        0.042     1.592 r  datapath/video_inst/Inst_vga/vga_sig_gen/vertical_counter/processQ[9]_i_1__1/O
                         net (fo=10, routed)          0.282     1.875    datapath/video_inst/Inst_vga/vga_sig_gen/vertical_counter/processQ[9]_i_1__1_n_0
    SLICE_X154Y129       FDRE                                         r  datapath/video_inst/Inst_vga/vga_sig_gen/vertical_counter/processQ_reg[0]/R
  -------------------------------------------------------------------    -------------------

                         (clock clk_out1_clk_wiz_0 rise edge)
                                                      0.000     0.000 r  
    BUFGCTRL_X0Y2        BUFG                         0.000     0.000 r  clk_IBUF_BUFG_inst/O
                         net (fo=232, routed)         1.022     1.022    datapath/video_inst/mmcm_adv_inst_display_clocks/inst/clk_in1
    MMCME2_ADV_X1Y0      MMCME2_ADV (Prop_mmcme2_adv_CLKIN1_CLKOUT0)
                                                     -2.040    -1.018 r  datapath/video_inst/mmcm_adv_inst_display_clocks/inst/mmcm_adv_inst/CLKOUT0
                         net (fo=1, routed)           0.989    -0.029    datapath/video_inst/mmcm_adv_inst_display_clocks/inst/clk_out1_clk_wiz_0
    BUFGCTRL_X0Y4        BUFG (Prop_bufg_I_O)         0.029    -0.000 r  datapath/video_inst/mmcm_adv_inst_display_clocks/inst/clkout1_buf/O
                         net (fo=63, routed)          0.882     0.882    datapath/video_inst/Inst_vga/vga_sig_gen/vertical_counter/CLK
    SLICE_X154Y129       FDRE                                         r  datapath/video_inst/Inst_vga/vga_sig_gen/vertical_counter/processQ_reg[0]/C

Slack:                    inf
  Source:                 reset_n
                            (input port)
  Destination:            datapath/video_inst/Inst_vga/vga_sig_gen/vertical_counter/processQ_reg[1]/R
                            (rising edge-triggered cell FDRE clocked by clk_out1_clk_wiz_0  {rise@0.000ns fall@20.000ns period=40.000ns})
  Path Group:             (none)
  Path Type:              Hold (Min at Fast Process Corner)
  Data Path Delay:        1.875ns  (logic 0.228ns (12.156%)  route 1.647ns (87.844%))
  Logic Levels:           2  (IBUF=1 LUT3=1)
  Clock Path Skew:        0.882ns (DCD - SCD - CPR)
    Destination Clock Delay (DCD):    0.882ns
    Source Clock Delay      (SCD):    0.000ns
    Clock Pessimism Removal (CPR):    -0.000ns

    Location             Delay type                Incr(ns)  Path(ns)    Netlist Resource(s)
  -------------------------------------------------------------------    -------------------
    G4                                                0.000     0.000 f  reset_n (IN)
                         net (fo=0)                   0.000     0.000    reset_n
    G4                   IBUF (Prop_ibuf_I_O)         0.186     0.186 f  reset_n_IBUF_inst/O
                         net (fo=56, routed)          1.364     1.550    datapath/video_inst/Inst_vga/vga_sig_gen/vertical_counter/reset_n_IBUF
    SLICE_X156Y129       LUT3 (Prop_lut3_I2_O)        0.042     1.592 r  datapath/video_inst/Inst_vga/vga_sig_gen/vertical_counter/processQ[9]_i_1__1/O
                         net (fo=10, routed)          0.282     1.875    datapath/video_inst/Inst_vga/vga_sig_gen/vertical_counter/processQ[9]_i_1__1_n_0
    SLICE_X154Y129       FDRE                                         r  datapath/video_inst/Inst_vga/vga_sig_gen/vertical_counter/processQ_reg[1]/R
  -------------------------------------------------------------------    -------------------

                         (clock clk_out1_clk_wiz_0 rise edge)
                                                      0.000     0.000 r  
    BUFGCTRL_X0Y2        BUFG                         0.000     0.000 r  clk_IBUF_BUFG_inst/O
                         net (fo=232, routed)         1.022     1.022    datapath/video_inst/mmcm_adv_inst_display_clocks/inst/clk_in1
    MMCME2_ADV_X1Y0      MMCME2_ADV (Prop_mmcme2_adv_CLKIN1_CLKOUT0)
                                                     -2.040    -1.018 r  datapath/video_inst/mmcm_adv_inst_display_clocks/inst/mmcm_adv_inst/CLKOUT0
                         net (fo=1, routed)           0.989    -0.029    datapath/video_inst/mmcm_adv_inst_display_clocks/inst/clk_out1_clk_wiz_0
    BUFGCTRL_X0Y4        BUFG (Prop_bufg_I_O)         0.029    -0.000 r  datapath/video_inst/mmcm_adv_inst_display_clocks/inst/clkout1_buf/O
                         net (fo=63, routed)          0.882     0.882    datapath/video_inst/Inst_vga/vga_sig_gen/vertical_counter/CLK
    SLICE_X154Y129       FDRE                                         r  datapath/video_inst/Inst_vga/vga_sig_gen/vertical_counter/processQ_reg[1]/C

Slack:                    inf
  Source:                 reset_n
                            (input port)
  Destination:            datapath/video_inst/Inst_vga/vga_sig_gen/vertical_counter/processQ_reg[6]/R
                            (rising edge-triggered cell FDRE clocked by clk_out1_clk_wiz_0  {rise@0.000ns fall@20.000ns period=40.000ns})
  Path Group:             (none)
  Path Type:              Hold (Min at Fast Process Corner)
  Data Path Delay:        1.875ns  (logic 0.228ns (12.156%)  route 1.647ns (87.844%))
  Logic Levels:           2  (IBUF=1 LUT3=1)
  Clock Path Skew:        0.882ns (DCD - SCD - CPR)
    Destination Clock Delay (DCD):    0.882ns
    Source Clock Delay      (SCD):    0.000ns
    Clock Pessimism Removal (CPR):    -0.000ns

    Location             Delay type                Incr(ns)  Path(ns)    Netlist Resource(s)
  -------------------------------------------------------------------    -------------------
    G4                                                0.000     0.000 f  reset_n (IN)
                         net (fo=0)                   0.000     0.000    reset_n
    G4                   IBUF (Prop_ibuf_I_O)         0.186     0.186 f  reset_n_IBUF_inst/O
                         net (fo=56, routed)          1.364     1.550    datapath/video_inst/Inst_vga/vga_sig_gen/vertical_counter/reset_n_IBUF
    SLICE_X156Y129       LUT3 (Prop_lut3_I2_O)        0.042     1.592 r  datapath/video_inst/Inst_vga/vga_sig_gen/vertical_counter/processQ[9]_i_1__1/O
                         net (fo=10, routed)          0.282     1.875    datapath/video_inst/Inst_vga/vga_sig_gen/vertical_counter/processQ[9]_i_1__1_n_0
    SLICE_X154Y129       FDRE                                         r  datapath/video_inst/Inst_vga/vga_sig_gen/vertical_counter/processQ_reg[6]/R
  -------------------------------------------------------------------    -------------------

                         (clock clk_out1_clk_wiz_0 rise edge)
                                                      0.000     0.000 r  
    BUFGCTRL_X0Y2        BUFG                         0.000     0.000 r  clk_IBUF_BUFG_inst/O
                         net (fo=232, routed)         1.022     1.022    datapath/video_inst/mmcm_adv_inst_display_clocks/inst/clk_in1
    MMCME2_ADV_X1Y0      MMCME2_ADV (Prop_mmcme2_adv_CLKIN1_CLKOUT0)
                                                     -2.040    -1.018 r  datapath/video_inst/mmcm_adv_inst_display_clocks/inst/mmcm_adv_inst/CLKOUT0
                         net (fo=1, routed)           0.989    -0.029    datapath/video_inst/mmcm_adv_inst_display_clocks/inst/clk_out1_clk_wiz_0
    BUFGCTRL_X0Y4        BUFG (Prop_bufg_I_O)         0.029    -0.000 r  datapath/video_inst/mmcm_adv_inst_display_clocks/inst/clkout1_buf/O
                         net (fo=63, routed)          0.882     0.882    datapath/video_inst/Inst_vga/vga_sig_gen/vertical_counter/CLK
    SLICE_X154Y129       FDRE                                         r  datapath/video_inst/Inst_vga/vga_sig_gen/vertical_counter/processQ_reg[6]/C

Slack:                    inf
  Source:                 reset_n
                            (input port)
  Destination:            datapath/video_inst/Inst_vga/vga_sig_gen/vertical_counter/processQ_reg[7]/R
                            (rising edge-triggered cell FDRE clocked by clk_out1_clk_wiz_0  {rise@0.000ns fall@20.000ns period=40.000ns})
  Path Group:             (none)
  Path Type:              Hold (Min at Fast Process Corner)
  Data Path Delay:        1.875ns  (logic 0.228ns (12.156%)  route 1.647ns (87.844%))
  Logic Levels:           2  (IBUF=1 LUT3=1)
  Clock Path Skew:        0.882ns (DCD - SCD - CPR)
    Destination Clock Delay (DCD):    0.882ns
    Source Clock Delay      (SCD):    0.000ns
    Clock Pessimism Removal (CPR):    -0.000ns

    Location             Delay type                Incr(ns)  Path(ns)    Netlist Resource(s)
  -------------------------------------------------------------------    -------------------
    G4                                                0.000     0.000 f  reset_n (IN)
                         net (fo=0)                   0.000     0.000    reset_n
    G4                   IBUF (Prop_ibuf_I_O)         0.186     0.186 f  reset_n_IBUF_inst/O
                         net (fo=56, routed)          1.364     1.550    datapath/video_inst/Inst_vga/vga_sig_gen/vertical_counter/reset_n_IBUF
    SLICE_X156Y129       LUT3 (Prop_lut3_I2_O)        0.042     1.592 r  datapath/video_inst/Inst_vga/vga_sig_gen/vertical_counter/processQ[9]_i_1__1/O
                         net (fo=10, routed)          0.282     1.875    datapath/video_inst/Inst_vga/vga_sig_gen/vertical_counter/processQ[9]_i_1__1_n_0
    SLICE_X154Y129       FDRE                                         r  datapath/video_inst/Inst_vga/vga_sig_gen/vertical_counter/processQ_reg[7]/R
  -------------------------------------------------------------------    -------------------

                         (clock clk_out1_clk_wiz_0 rise edge)
                                                      0.000     0.000 r  
    BUFGCTRL_X0Y2        BUFG                         0.000     0.000 r  clk_IBUF_BUFG_inst/O
                         net (fo=232, routed)         1.022     1.022    datapath/video_inst/mmcm_adv_inst_display_clocks/inst/clk_in1
    MMCME2_ADV_X1Y0      MMCME2_ADV (Prop_mmcme2_adv_CLKIN1_CLKOUT0)
                                                     -2.040    -1.018 r  datapath/video_inst/mmcm_adv_inst_display_clocks/inst/mmcm_adv_inst/CLKOUT0
                         net (fo=1, routed)           0.989    -0.029    datapath/video_inst/mmcm_adv_inst_display_clocks/inst/clk_out1_clk_wiz_0
    BUFGCTRL_X0Y4        BUFG (Prop_bufg_I_O)         0.029    -0.000 r  datapath/video_inst/mmcm_adv_inst_display_clocks/inst/clkout1_buf/O
                         net (fo=63, routed)          0.882     0.882    datapath/video_inst/Inst_vga/vga_sig_gen/vertical_counter/CLK
    SLICE_X154Y129       FDRE                                         r  datapath/video_inst/Inst_vga/vga_sig_gen/vertical_counter/processQ_reg[7]/C

Slack:                    inf
  Source:                 reset_n
                            (input port)
  Destination:            datapath/video_inst/Inst_vga/vga_sig_gen/vertical_counter/processQ_reg[8]/R
                            (rising edge-triggered cell FDRE clocked by clk_out1_clk_wiz_0  {rise@0.000ns fall@20.000ns period=40.000ns})
  Path Group:             (none)
  Path Type:              Hold (Min at Fast Process Corner)
  Data Path Delay:        1.875ns  (logic 0.228ns (12.156%)  route 1.647ns (87.844%))
  Logic Levels:           2  (IBUF=1 LUT3=1)
  Clock Path Skew:        0.882ns (DCD - SCD - CPR)
    Destination Clock Delay (DCD):    0.882ns
    Source Clock Delay      (SCD):    0.000ns
    Clock Pessimism Removal (CPR):    -0.000ns

    Location             Delay type                Incr(ns)  Path(ns)    Netlist Resource(s)
  -------------------------------------------------------------------    -------------------
    G4                                                0.000     0.000 f  reset_n (IN)
                         net (fo=0)                   0.000     0.000    reset_n
    G4                   IBUF (Prop_ibuf_I_O)         0.186     0.186 f  reset_n_IBUF_inst/O
                         net (fo=56, routed)          1.364     1.550    datapath/video_inst/Inst_vga/vga_sig_gen/vertical_counter/reset_n_IBUF
    SLICE_X156Y129       LUT3 (Prop_lut3_I2_O)        0.042     1.592 r  datapath/video_inst/Inst_vga/vga_sig_gen/vertical_counter/processQ[9]_i_1__1/O
                         net (fo=10, routed)          0.282     1.875    datapath/video_inst/Inst_vga/vga_sig_gen/vertical_counter/processQ[9]_i_1__1_n_0
    SLICE_X154Y129       FDRE                                         r  datapath/video_inst/Inst_vga/vga_sig_gen/vertical_counter/processQ_reg[8]/R
  -------------------------------------------------------------------    -------------------

                         (clock clk_out1_clk_wiz_0 rise edge)
                                                      0.000     0.000 r  
    BUFGCTRL_X0Y2        BUFG                         0.000     0.000 r  clk_IBUF_BUFG_inst/O
                         net (fo=232, routed)         1.022     1.022    datapath/video_inst/mmcm_adv_inst_display_clocks/inst/clk_in1
    MMCME2_ADV_X1Y0      MMCME2_ADV (Prop_mmcme2_adv_CLKIN1_CLKOUT0)
                                                     -2.040    -1.018 r  datapath/video_inst/mmcm_adv_inst_display_clocks/inst/mmcm_adv_inst/CLKOUT0
                         net (fo=1, routed)           0.989    -0.029    datapath/video_inst/mmcm_adv_inst_display_clocks/inst/clk_out1_clk_wiz_0
    BUFGCTRL_X0Y4        BUFG (Prop_bufg_I_O)         0.029    -0.000 r  datapath/video_inst/mmcm_adv_inst_display_clocks/inst/clkout1_buf/O
                         net (fo=63, routed)          0.882     0.882    datapath/video_inst/Inst_vga/vga_sig_gen/vertical_counter/CLK
    SLICE_X154Y129       FDRE                                         r  datapath/video_inst/Inst_vga/vga_sig_gen/vertical_counter/processQ_reg[8]/C

Slack:                    inf
  Source:                 reset_n
                            (input port)
  Destination:            datapath/video_inst/Inst_vga/vga_sig_gen/vertical_counter/processQ_reg[9]/R
                            (rising edge-triggered cell FDRE clocked by clk_out1_clk_wiz_0  {rise@0.000ns fall@20.000ns period=40.000ns})
  Path Group:             (none)
  Path Type:              Hold (Min at Fast Process Corner)
  Data Path Delay:        1.875ns  (logic 0.228ns (12.156%)  route 1.647ns (87.844%))
  Logic Levels:           2  (IBUF=1 LUT3=1)
  Clock Path Skew:        0.882ns (DCD - SCD - CPR)
    Destination Clock Delay (DCD):    0.882ns
    Source Clock Delay      (SCD):    0.000ns
    Clock Pessimism Removal (CPR):    -0.000ns

    Location             Delay type                Incr(ns)  Path(ns)    Netlist Resource(s)
  -------------------------------------------------------------------    -------------------
    G4                                                0.000     0.000 f  reset_n (IN)
                         net (fo=0)                   0.000     0.000    reset_n
    G4                   IBUF (Prop_ibuf_I_O)         0.186     0.186 f  reset_n_IBUF_inst/O
                         net (fo=56, routed)          1.364     1.550    datapath/video_inst/Inst_vga/vga_sig_gen/vertical_counter/reset_n_IBUF
    SLICE_X156Y129       LUT3 (Prop_lut3_I2_O)        0.042     1.592 r  datapath/video_inst/Inst_vga/vga_sig_gen/vertical_counter/processQ[9]_i_1__1/O
                         net (fo=10, routed)          0.282     1.875    datapath/video_inst/Inst_vga/vga_sig_gen/vertical_counter/processQ[9]_i_1__1_n_0
    SLICE_X155Y129       FDRE                                         r  datapath/video_inst/Inst_vga/vga_sig_gen/vertical_counter/processQ_reg[9]/R
  -------------------------------------------------------------------    -------------------

                         (clock clk_out1_clk_wiz_0 rise edge)
                                                      0.000     0.000 r  
    BUFGCTRL_X0Y2        BUFG                         0.000     0.000 r  clk_IBUF_BUFG_inst/O
                         net (fo=232, routed)         1.022     1.022    datapath/video_inst/mmcm_adv_inst_display_clocks/inst/clk_in1
    MMCME2_ADV_X1Y0      MMCME2_ADV (Prop_mmcme2_adv_CLKIN1_CLKOUT0)
                                                     -2.040    -1.018 r  datapath/video_inst/mmcm_adv_inst_display_clocks/inst/mmcm_adv_inst/CLKOUT0
                         net (fo=1, routed)           0.989    -0.029    datapath/video_inst/mmcm_adv_inst_display_clocks/inst/clk_out1_clk_wiz_0
    BUFGCTRL_X0Y4        BUFG (Prop_bufg_I_O)         0.029    -0.000 r  datapath/video_inst/mmcm_adv_inst_display_clocks/inst/clkout1_buf/O
                         net (fo=63, routed)          0.882     0.882    datapath/video_inst/Inst_vga/vga_sig_gen/vertical_counter/CLK
    SLICE_X155Y129       FDRE                                         r  datapath/video_inst/Inst_vga/vga_sig_gen/vertical_counter/processQ_reg[9]/C

Slack:                    inf
  Source:                 reset_n
                            (input port)
  Destination:            datapath/video_inst/Inst_vga/vga_sig_gen/horizontal_counter/processQ_reg[4]/R
                            (rising edge-triggered cell FDRE clocked by clk_out1_clk_wiz_0  {rise@0.000ns fall@20.000ns period=40.000ns})
  Path Group:             (none)
  Path Type:              Hold (Min at Fast Process Corner)
  Data Path Delay:        1.922ns  (logic 0.231ns (12.016%)  route 1.691ns (87.984%))
  Logic Levels:           2  (IBUF=1 LUT2=1)
  Clock Path Skew:        0.881ns (DCD - SCD - CPR)
    Destination Clock Delay (DCD):    0.881ns
    Source Clock Delay      (SCD):    0.000ns
    Clock Pessimism Removal (CPR):    -0.000ns

    Location             Delay type                Incr(ns)  Path(ns)    Netlist Resource(s)
  -------------------------------------------------------------------    -------------------
    G4                                                0.000     0.000 f  reset_n (IN)
                         net (fo=0)                   0.000     0.000    reset_n
    G4                   IBUF (Prop_ibuf_I_O)         0.186     0.186 f  reset_n_IBUF_inst/O
                         net (fo=56, routed)          1.364     1.550    datapath/video_inst/Inst_vga/vga_sig_gen/horizontal_counter/reset_n_IBUF
    SLICE_X156Y129       LUT2 (Prop_lut2_I1_O)        0.045     1.595 r  datapath/video_inst/Inst_vga/vga_sig_gen/horizontal_counter/processQ[9]_i_1__0/O
                         net (fo=10, routed)          0.326     1.922    datapath/video_inst/Inst_vga/vga_sig_gen/horizontal_counter/processQ[9]_i_1__0_n_0
    SLICE_X154Y128       FDRE                                         r  datapath/video_inst/Inst_vga/vga_sig_gen/horizontal_counter/processQ_reg[4]/R
  -------------------------------------------------------------------    -------------------

                         (clock clk_out1_clk_wiz_0 rise edge)
                                                      0.000     0.000 r  
    BUFGCTRL_X0Y2        BUFG                         0.000     0.000 r  clk_IBUF_BUFG_inst/O
                         net (fo=232, routed)         1.022     1.022    datapath/video_inst/mmcm_adv_inst_display_clocks/inst/clk_in1
    MMCME2_ADV_X1Y0      MMCME2_ADV (Prop_mmcme2_adv_CLKIN1_CLKOUT0)
                                                     -2.040    -1.018 r  datapath/video_inst/mmcm_adv_inst_display_clocks/inst/mmcm_adv_inst/CLKOUT0
                         net (fo=1, routed)           0.989    -0.029    datapath/video_inst/mmcm_adv_inst_display_clocks/inst/clk_out1_clk_wiz_0
    BUFGCTRL_X0Y4        BUFG (Prop_bufg_I_O)         0.029    -0.000 r  datapath/video_inst/mmcm_adv_inst_display_clocks/inst/clkout1_buf/O
                         net (fo=63, routed)          0.881     0.881    datapath/video_inst/Inst_vga/vga_sig_gen/horizontal_counter/CLK
    SLICE_X154Y128       FDRE                                         r  datapath/video_inst/Inst_vga/vga_sig_gen/horizontal_counter/processQ_reg[4]/C

Slack:                    inf
  Source:                 reset_n
                            (input port)
  Destination:            datapath/video_inst/Inst_vga/vga_sig_gen/horizontal_counter/processQ_reg[7]/R
                            (rising edge-triggered cell FDRE clocked by clk_out1_clk_wiz_0  {rise@0.000ns fall@20.000ns period=40.000ns})
  Path Group:             (none)
  Path Type:              Hold (Min at Fast Process Corner)
  Data Path Delay:        1.922ns  (logic 0.231ns (12.016%)  route 1.691ns (87.984%))
  Logic Levels:           2  (IBUF=1 LUT2=1)
  Clock Path Skew:        0.881ns (DCD - SCD - CPR)
    Destination Clock Delay (DCD):    0.881ns
    Source Clock Delay      (SCD):    0.000ns
    Clock Pessimism Removal (CPR):    -0.000ns

    Location             Delay type                Incr(ns)  Path(ns)    Netlist Resource(s)
  -------------------------------------------------------------------    -------------------
    G4                                                0.000     0.000 f  reset_n (IN)
                         net (fo=0)                   0.000     0.000    reset_n
    G4                   IBUF (Prop_ibuf_I_O)         0.186     0.186 f  reset_n_IBUF_inst/O
                         net (fo=56, routed)          1.364     1.550    datapath/video_inst/Inst_vga/vga_sig_gen/horizontal_counter/reset_n_IBUF
    SLICE_X156Y129       LUT2 (Prop_lut2_I1_O)        0.045     1.595 r  datapath/video_inst/Inst_vga/vga_sig_gen/horizontal_counter/processQ[9]_i_1__0/O
                         net (fo=10, routed)          0.326     1.922    datapath/video_inst/Inst_vga/vga_sig_gen/horizontal_counter/processQ[9]_i_1__0_n_0
    SLICE_X154Y128       FDRE                                         r  datapath/video_inst/Inst_vga/vga_sig_gen/horizontal_counter/processQ_reg[7]/R
  -------------------------------------------------------------------    -------------------

                         (clock clk_out1_clk_wiz_0 rise edge)
                                                      0.000     0.000 r  
    BUFGCTRL_X0Y2        BUFG                         0.000     0.000 r  clk_IBUF_BUFG_inst/O
                         net (fo=232, routed)         1.022     1.022    datapath/video_inst/mmcm_adv_inst_display_clocks/inst/clk_in1
    MMCME2_ADV_X1Y0      MMCME2_ADV (Prop_mmcme2_adv_CLKIN1_CLKOUT0)
                                                     -2.040    -1.018 r  datapath/video_inst/mmcm_adv_inst_display_clocks/inst/mmcm_adv_inst/CLKOUT0
                         net (fo=1, routed)           0.989    -0.029    datapath/video_inst/mmcm_adv_inst_display_clocks/inst/clk_out1_clk_wiz_0
    BUFGCTRL_X0Y4        BUFG (Prop_bufg_I_O)         0.029    -0.000 r  datapath/video_inst/mmcm_adv_inst_display_clocks/inst/clkout1_buf/O
                         net (fo=63, routed)          0.881     0.881    datapath/video_inst/Inst_vga/vga_sig_gen/horizontal_counter/CLK
    SLICE_X154Y128       FDRE                                         r  datapath/video_inst/Inst_vga/vga_sig_gen/horizontal_counter/processQ_reg[7]/C

Slack:                    inf
  Source:                 reset_n
                            (input port)
  Destination:            datapath/video_inst/Inst_vga/vga_sig_gen/horizontal_counter/processQ_reg[8]/R
                            (rising edge-triggered cell FDRE clocked by clk_out1_clk_wiz_0  {rise@0.000ns fall@20.000ns period=40.000ns})
  Path Group:             (none)
  Path Type:              Hold (Min at Fast Process Corner)
  Data Path Delay:        1.922ns  (logic 0.231ns (12.016%)  route 1.691ns (87.984%))
  Logic Levels:           2  (IBUF=1 LUT2=1)
  Clock Path Skew:        0.881ns (DCD - SCD - CPR)
    Destination Clock Delay (DCD):    0.881ns
    Source Clock Delay      (SCD):    0.000ns
    Clock Pessimism Removal (CPR):    -0.000ns

    Location             Delay type                Incr(ns)  Path(ns)    Netlist Resource(s)
  -------------------------------------------------------------------    -------------------
    G4                                                0.000     0.000 f  reset_n (IN)
                         net (fo=0)                   0.000     0.000    reset_n
    G4                   IBUF (Prop_ibuf_I_O)         0.186     0.186 f  reset_n_IBUF_inst/O
                         net (fo=56, routed)          1.364     1.550    datapath/video_inst/Inst_vga/vga_sig_gen/horizontal_counter/reset_n_IBUF
    SLICE_X156Y129       LUT2 (Prop_lut2_I1_O)        0.045     1.595 r  datapath/video_inst/Inst_vga/vga_sig_gen/horizontal_counter/processQ[9]_i_1__0/O
                         net (fo=10, routed)          0.326     1.922    datapath/video_inst/Inst_vga/vga_sig_gen/horizontal_counter/processQ[9]_i_1__0_n_0
    SLICE_X154Y128       FDRE                                         r  datapath/video_inst/Inst_vga/vga_sig_gen/horizontal_counter/processQ_reg[8]/R
  -------------------------------------------------------------------    -------------------

                         (clock clk_out1_clk_wiz_0 rise edge)
                                                      0.000     0.000 r  
    BUFGCTRL_X0Y2        BUFG                         0.000     0.000 r  clk_IBUF_BUFG_inst/O
                         net (fo=232, routed)         1.022     1.022    datapath/video_inst/mmcm_adv_inst_display_clocks/inst/clk_in1
    MMCME2_ADV_X1Y0      MMCME2_ADV (Prop_mmcme2_adv_CLKIN1_CLKOUT0)
                                                     -2.040    -1.018 r  datapath/video_inst/mmcm_adv_inst_display_clocks/inst/mmcm_adv_inst/CLKOUT0
                         net (fo=1, routed)           0.989    -0.029    datapath/video_inst/mmcm_adv_inst_display_clocks/inst/clk_out1_clk_wiz_0
    BUFGCTRL_X0Y4        BUFG (Prop_bufg_I_O)         0.029    -0.000 r  datapath/video_inst/mmcm_adv_inst_display_clocks/inst/clkout1_buf/O
                         net (fo=63, routed)          0.881     0.881    datapath/video_inst/Inst_vga/vga_sig_gen/horizontal_counter/CLK
    SLICE_X154Y128       FDRE                                         r  datapath/video_inst/Inst_vga/vga_sig_gen/horizontal_counter/processQ_reg[8]/C

Slack:                    inf
  Source:                 reset_n
                            (input port)
  Destination:            datapath/video_inst/Inst_vga/vga_sig_gen/vertical_counter/processQ_reg[2]/R
                            (rising edge-triggered cell FDRE clocked by clk_out1_clk_wiz_0  {rise@0.000ns fall@20.000ns period=40.000ns})
  Path Group:             (none)
  Path Type:              Hold (Min at Fast Process Corner)
  Data Path Delay:        1.928ns  (logic 0.228ns (11.824%)  route 1.700ns (88.176%))
  Logic Levels:           2  (IBUF=1 LUT3=1)
  Clock Path Skew:        0.884ns (DCD - SCD - CPR)
    Destination Clock Delay (DCD):    0.884ns
    Source Clock Delay      (SCD):    0.000ns
    Clock Pessimism Removal (CPR):    -0.000ns

    Location             Delay type                Incr(ns)  Path(ns)    Netlist Resource(s)
  -------------------------------------------------------------------    -------------------
    G4                                                0.000     0.000 f  reset_n (IN)
                         net (fo=0)                   0.000     0.000    reset_n
    G4                   IBUF (Prop_ibuf_I_O)         0.186     0.186 f  reset_n_IBUF_inst/O
                         net (fo=56, routed)          1.364     1.550    datapath/video_inst/Inst_vga/vga_sig_gen/vertical_counter/reset_n_IBUF
    SLICE_X156Y129       LUT3 (Prop_lut3_I2_O)        0.042     1.592 r  datapath/video_inst/Inst_vga/vga_sig_gen/vertical_counter/processQ[9]_i_1__1/O
                         net (fo=10, routed)          0.335     1.928    datapath/video_inst/Inst_vga/vga_sig_gen/vertical_counter/processQ[9]_i_1__1_n_0
    SLICE_X154Y131       FDRE                                         r  datapath/video_inst/Inst_vga/vga_sig_gen/vertical_counter/processQ_reg[2]/R
  -------------------------------------------------------------------    -------------------

                         (clock clk_out1_clk_wiz_0 rise edge)
                                                      0.000     0.000 r  
    BUFGCTRL_X0Y2        BUFG                         0.000     0.000 r  clk_IBUF_BUFG_inst/O
                         net (fo=232, routed)         1.022     1.022    datapath/video_inst/mmcm_adv_inst_display_clocks/inst/clk_in1
    MMCME2_ADV_X1Y0      MMCME2_ADV (Prop_mmcme2_adv_CLKIN1_CLKOUT0)
                                                     -2.040    -1.018 r  datapath/video_inst/mmcm_adv_inst_display_clocks/inst/mmcm_adv_inst/CLKOUT0
                         net (fo=1, routed)           0.989    -0.029    datapath/video_inst/mmcm_adv_inst_display_clocks/inst/clk_out1_clk_wiz_0
    BUFGCTRL_X0Y4        BUFG (Prop_bufg_I_O)         0.029    -0.000 r  datapath/video_inst/mmcm_adv_inst_display_clocks/inst/clkout1_buf/O
                         net (fo=63, routed)          0.884     0.884    datapath/video_inst/Inst_vga/vga_sig_gen/vertical_counter/CLK
    SLICE_X154Y131       FDRE                                         r  datapath/video_inst/Inst_vga/vga_sig_gen/vertical_counter/processQ_reg[2]/C





--------------------------------------------------------------------------------------
Path Group:  (none)
From Clock:  
  To Clock:  clk_out2_clk_wiz_1

Max Delay            30 Endpoints
Min Delay            30 Endpoints
--------------------------------------------------------------------------------------


Max Delay Paths
--------------------------------------------------------------------------------------
Slack:                    inf
  Source:                 reset_n
                            (input port)
  Destination:            datapath/Audio_Codec/initialize_audio/twi_controller/FSM_gray_state_reg[2]/CE
                            (rising edge-triggered cell FDRE clocked by clk_out2_clk_wiz_1  {rise@0.000ns fall@10.000ns period=20.000ns})
  Path Group:             (none)
  Path Type:              Setup (Max at Slow Process Corner)
  Data Path Delay:        8.856ns  (logic 1.434ns (16.190%)  route 7.422ns (83.810%))
  Logic Levels:           4  (IBUF=1 LUT5=1 LUT6=2)
  Clock Path Skew:        1.704ns (DCD - SCD + CPR)
    Destination Clock Delay (DCD):    1.704ns
    Source Clock Delay      (SCD):    0.000ns
    Clock Pessimism Removal (CPR):    0.000ns
  Clock Uncertainty:      0.178ns  ((TSJ^2 + DJ^2)^1/2) / 2 + PE
    Total System Jitter     (TSJ):    0.050ns
    Discrete Jitter          (DJ):    0.152ns
    Phase Error              (PE):    0.099ns

    Location             Delay type                Incr(ns)  Path(ns)    Netlist Resource(s)
  -------------------------------------------------------------------    -------------------
    G4                                                0.000     0.000 r  reset_n (IN)
                         net (fo=0)                   0.000     0.000    reset_n
    G4                   IBUF (Prop_ibuf_I_O)         1.062     1.062 r  reset_n_IBUF_inst/O
                         net (fo=56, routed)          5.701     6.763    datapath/Audio_Codec/initialize_audio/twi_controller/reset_n_IBUF
    SLICE_X161Y115       LUT5 (Prop_lut5_I4_O)        0.124     6.887 f  datapath/Audio_Codec/initialize_audio/twi_controller/FSM_gray_state[3]_i_10/O
                         net (fo=1, routed)           0.948     7.835    datapath/Audio_Codec/initialize_audio/twi_controller/FSM_gray_state[3]_i_10_n_0
    SLICE_X161Y116       LUT6 (Prop_lut6_I3_O)        0.124     7.959 r  datapath/Audio_Codec/initialize_audio/twi_controller/FSM_gray_state[3]_i_3/O
                         net (fo=1, routed)           0.404     8.363    datapath/Audio_Codec/initialize_audio/twi_controller/FSM_gray_state[3]_i_3_n_0
    SLICE_X161Y115       LUT6 (Prop_lut6_I0_O)        0.124     8.487 r  datapath/Audio_Codec/initialize_audio/twi_controller/FSM_gray_state[3]_i_1/O
                         net (fo=4, routed)           0.369     8.856    datapath/Audio_Codec/initialize_audio/twi_controller/FSM_gray_state[3]_i_1_n_0
    SLICE_X159Y116       FDRE                                         r  datapath/Audio_Codec/initialize_audio/twi_controller/FSM_gray_state_reg[2]/CE
  -------------------------------------------------------------------    -------------------

                         (clock clk_out2_clk_wiz_1 rise edge)
                                                      0.000     0.000 r  
    BUFGCTRL_X0Y2        BUFG                         0.000     0.000 r  clk_IBUF_BUFG_inst/O
                         net (fo=232, routed)         1.643     1.643    datapath/Audio_Codec/audiocodec_master_clock/inst/clk_in1
    MMCME2_ADV_X0Y2      MMCME2_ADV (Prop_mmcme2_adv_CLKIN1_CLKOUT1)
                                                     -3.494    -1.851 r  datapath/Audio_Codec/audiocodec_master_clock/inst/mmcm_adv_inst/CLKOUT1
                         net (fo=1, routed)           1.760    -0.091    datapath/Audio_Codec/audiocodec_master_clock/inst/clk_out2_clk_wiz_1
    BUFGCTRL_X0Y3        BUFG (Prop_bufg_I_O)         0.091     0.000 r  datapath/Audio_Codec/audiocodec_master_clock/inst/clkout2_buf/O
                         net (fo=115, routed)         1.704     1.704    datapath/Audio_Codec/initialize_audio/twi_controller/CLK
    SLICE_X159Y116       FDRE                                         r  datapath/Audio_Codec/initialize_audio/twi_controller/FSM_gray_state_reg[2]/C

Slack:                    inf
  Source:                 reset_n
                            (input port)
  Destination:            datapath/Audio_Codec/initialize_audio/twi_controller/FSM_gray_state_reg[3]/CE
                            (rising edge-triggered cell FDRE clocked by clk_out2_clk_wiz_1  {rise@0.000ns fall@10.000ns period=20.000ns})
  Path Group:             (none)
  Path Type:              Setup (Max at Slow Process Corner)
  Data Path Delay:        8.856ns  (logic 1.434ns (16.190%)  route 7.422ns (83.810%))
  Logic Levels:           4  (IBUF=1 LUT5=1 LUT6=2)
  Clock Path Skew:        1.704ns (DCD - SCD + CPR)
    Destination Clock Delay (DCD):    1.704ns
    Source Clock Delay      (SCD):    0.000ns
    Clock Pessimism Removal (CPR):    0.000ns
  Clock Uncertainty:      0.178ns  ((TSJ^2 + DJ^2)^1/2) / 2 + PE
    Total System Jitter     (TSJ):    0.050ns
    Discrete Jitter          (DJ):    0.152ns
    Phase Error              (PE):    0.099ns

    Location             Delay type                Incr(ns)  Path(ns)    Netlist Resource(s)
  -------------------------------------------------------------------    -------------------
    G4                                                0.000     0.000 r  reset_n (IN)
                         net (fo=0)                   0.000     0.000    reset_n
    G4                   IBUF (Prop_ibuf_I_O)         1.062     1.062 r  reset_n_IBUF_inst/O
                         net (fo=56, routed)          5.701     6.763    datapath/Audio_Codec/initialize_audio/twi_controller/reset_n_IBUF
    SLICE_X161Y115       LUT5 (Prop_lut5_I4_O)        0.124     6.887 f  datapath/Audio_Codec/initialize_audio/twi_controller/FSM_gray_state[3]_i_10/O
                         net (fo=1, routed)           0.948     7.835    datapath/Audio_Codec/initialize_audio/twi_controller/FSM_gray_state[3]_i_10_n_0
    SLICE_X161Y116       LUT6 (Prop_lut6_I3_O)        0.124     7.959 r  datapath/Audio_Codec/initialize_audio/twi_controller/FSM_gray_state[3]_i_3/O
                         net (fo=1, routed)           0.404     8.363    datapath/Audio_Codec/initialize_audio/twi_controller/FSM_gray_state[3]_i_3_n_0
    SLICE_X161Y115       LUT6 (Prop_lut6_I0_O)        0.124     8.487 r  datapath/Audio_Codec/initialize_audio/twi_controller/FSM_gray_state[3]_i_1/O
                         net (fo=4, routed)           0.369     8.856    datapath/Audio_Codec/initialize_audio/twi_controller/FSM_gray_state[3]_i_1_n_0
    SLICE_X159Y116       FDRE                                         r  datapath/Audio_Codec/initialize_audio/twi_controller/FSM_gray_state_reg[3]/CE
  -------------------------------------------------------------------    -------------------

                         (clock clk_out2_clk_wiz_1 rise edge)
                                                      0.000     0.000 r  
    BUFGCTRL_X0Y2        BUFG                         0.000     0.000 r  clk_IBUF_BUFG_inst/O
                         net (fo=232, routed)         1.643     1.643    datapath/Audio_Codec/audiocodec_master_clock/inst/clk_in1
    MMCME2_ADV_X0Y2      MMCME2_ADV (Prop_mmcme2_adv_CLKIN1_CLKOUT1)
                                                     -3.494    -1.851 r  datapath/Audio_Codec/audiocodec_master_clock/inst/mmcm_adv_inst/CLKOUT1
                         net (fo=1, routed)           1.760    -0.091    datapath/Audio_Codec/audiocodec_master_clock/inst/clk_out2_clk_wiz_1
    BUFGCTRL_X0Y3        BUFG (Prop_bufg_I_O)         0.091     0.000 r  datapath/Audio_Codec/audiocodec_master_clock/inst/clkout2_buf/O
                         net (fo=115, routed)         1.704     1.704    datapath/Audio_Codec/initialize_audio/twi_controller/CLK
    SLICE_X159Y116       FDRE                                         r  datapath/Audio_Codec/initialize_audio/twi_controller/FSM_gray_state_reg[3]/C

Slack:                    inf
  Source:                 reset_n
                            (input port)
  Destination:            datapath/Audio_Codec/initialize_audio/twi_controller/FSM_gray_state_reg[0]/CE
                            (rising edge-triggered cell FDRE clocked by clk_out2_clk_wiz_1  {rise@0.000ns fall@10.000ns period=20.000ns})
  Path Group:             (none)
  Path Type:              Setup (Max at Slow Process Corner)
  Data Path Delay:        8.831ns  (logic 1.434ns (16.236%)  route 7.397ns (83.764%))
  Logic Levels:           4  (IBUF=1 LUT5=1 LUT6=2)
  Clock Path Skew:        1.706ns (DCD - SCD + CPR)
    Destination Clock Delay (DCD):    1.706ns
    Source Clock Delay      (SCD):    0.000ns
    Clock Pessimism Removal (CPR):    0.000ns
  Clock Uncertainty:      0.178ns  ((TSJ^2 + DJ^2)^1/2) / 2 + PE
    Total System Jitter     (TSJ):    0.050ns
    Discrete Jitter          (DJ):    0.152ns
    Phase Error              (PE):    0.099ns

    Location             Delay type                Incr(ns)  Path(ns)    Netlist Resource(s)
  -------------------------------------------------------------------    -------------------
    G4                                                0.000     0.000 r  reset_n (IN)
                         net (fo=0)                   0.000     0.000    reset_n
    G4                   IBUF (Prop_ibuf_I_O)         1.062     1.062 r  reset_n_IBUF_inst/O
                         net (fo=56, routed)          5.701     6.763    datapath/Audio_Codec/initialize_audio/twi_controller/reset_n_IBUF
    SLICE_X161Y115       LUT5 (Prop_lut5_I4_O)        0.124     6.887 f  datapath/Audio_Codec/initialize_audio/twi_controller/FSM_gray_state[3]_i_10/O
                         net (fo=1, routed)           0.948     7.835    datapath/Audio_Codec/initialize_audio/twi_controller/FSM_gray_state[3]_i_10_n_0
    SLICE_X161Y116       LUT6 (Prop_lut6_I3_O)        0.124     7.959 r  datapath/Audio_Codec/initialize_audio/twi_controller/FSM_gray_state[3]_i_3/O
                         net (fo=1, routed)           0.404     8.363    datapath/Audio_Codec/initialize_audio/twi_controller/FSM_gray_state[3]_i_3_n_0
    SLICE_X161Y115       LUT6 (Prop_lut6_I0_O)        0.124     8.487 r  datapath/Audio_Codec/initialize_audio/twi_controller/FSM_gray_state[3]_i_1/O
                         net (fo=4, routed)           0.344     8.831    datapath/Audio_Codec/initialize_audio/twi_controller/FSM_gray_state[3]_i_1_n_0
    SLICE_X160Y116       FDRE                                         r  datapath/Audio_Codec/initialize_audio/twi_controller/FSM_gray_state_reg[0]/CE
  -------------------------------------------------------------------    -------------------

                         (clock clk_out2_clk_wiz_1 rise edge)
                                                      0.000     0.000 r  
    BUFGCTRL_X0Y2        BUFG                         0.000     0.000 r  clk_IBUF_BUFG_inst/O
                         net (fo=232, routed)         1.643     1.643    datapath/Audio_Codec/audiocodec_master_clock/inst/clk_in1
    MMCME2_ADV_X0Y2      MMCME2_ADV (Prop_mmcme2_adv_CLKIN1_CLKOUT1)
                                                     -3.494    -1.851 r  datapath/Audio_Codec/audiocodec_master_clock/inst/mmcm_adv_inst/CLKOUT1
                         net (fo=1, routed)           1.760    -0.091    datapath/Audio_Codec/audiocodec_master_clock/inst/clk_out2_clk_wiz_1
    BUFGCTRL_X0Y3        BUFG (Prop_bufg_I_O)         0.091     0.000 r  datapath/Audio_Codec/audiocodec_master_clock/inst/clkout2_buf/O
                         net (fo=115, routed)         1.706     1.706    datapath/Audio_Codec/initialize_audio/twi_controller/CLK
    SLICE_X160Y116       FDRE                                         r  datapath/Audio_Codec/initialize_audio/twi_controller/FSM_gray_state_reg[0]/C

Slack:                    inf
  Source:                 reset_n
                            (input port)
  Destination:            datapath/Audio_Codec/initialize_audio/twi_controller/FSM_gray_state_reg[1]/CE
                            (rising edge-triggered cell FDRE clocked by clk_out2_clk_wiz_1  {rise@0.000ns fall@10.000ns period=20.000ns})
  Path Group:             (none)
  Path Type:              Setup (Max at Slow Process Corner)
  Data Path Delay:        8.831ns  (logic 1.434ns (16.236%)  route 7.397ns (83.764%))
  Logic Levels:           4  (IBUF=1 LUT5=1 LUT6=2)
  Clock Path Skew:        1.706ns (DCD - SCD + CPR)
    Destination Clock Delay (DCD):    1.706ns
    Source Clock Delay      (SCD):    0.000ns
    Clock Pessimism Removal (CPR):    0.000ns
  Clock Uncertainty:      0.178ns  ((TSJ^2 + DJ^2)^1/2) / 2 + PE
    Total System Jitter     (TSJ):    0.050ns
    Discrete Jitter          (DJ):    0.152ns
    Phase Error              (PE):    0.099ns

    Location             Delay type                Incr(ns)  Path(ns)    Netlist Resource(s)
  -------------------------------------------------------------------    -------------------
    G4                                                0.000     0.000 r  reset_n (IN)
                         net (fo=0)                   0.000     0.000    reset_n
    G4                   IBUF (Prop_ibuf_I_O)         1.062     1.062 r  reset_n_IBUF_inst/O
                         net (fo=56, routed)          5.701     6.763    datapath/Audio_Codec/initialize_audio/twi_controller/reset_n_IBUF
    SLICE_X161Y115       LUT5 (Prop_lut5_I4_O)        0.124     6.887 f  datapath/Audio_Codec/initialize_audio/twi_controller/FSM_gray_state[3]_i_10/O
                         net (fo=1, routed)           0.948     7.835    datapath/Audio_Codec/initialize_audio/twi_controller/FSM_gray_state[3]_i_10_n_0
    SLICE_X161Y116       LUT6 (Prop_lut6_I3_O)        0.124     7.959 r  datapath/Audio_Codec/initialize_audio/twi_controller/FSM_gray_state[3]_i_3/O
                         net (fo=1, routed)           0.404     8.363    datapath/Audio_Codec/initialize_audio/twi_controller/FSM_gray_state[3]_i_3_n_0
    SLICE_X161Y115       LUT6 (Prop_lut6_I0_O)        0.124     8.487 r  datapath/Audio_Codec/initialize_audio/twi_controller/FSM_gray_state[3]_i_1/O
                         net (fo=4, routed)           0.344     8.831    datapath/Audio_Codec/initialize_audio/twi_controller/FSM_gray_state[3]_i_1_n_0
    SLICE_X160Y116       FDRE                                         r  datapath/Audio_Codec/initialize_audio/twi_controller/FSM_gray_state_reg[1]/CE
  -------------------------------------------------------------------    -------------------

                         (clock clk_out2_clk_wiz_1 rise edge)
                                                      0.000     0.000 r  
    BUFGCTRL_X0Y2        BUFG                         0.000     0.000 r  clk_IBUF_BUFG_inst/O
                         net (fo=232, routed)         1.643     1.643    datapath/Audio_Codec/audiocodec_master_clock/inst/clk_in1
    MMCME2_ADV_X0Y2      MMCME2_ADV (Prop_mmcme2_adv_CLKIN1_CLKOUT1)
                                                     -3.494    -1.851 r  datapath/Audio_Codec/audiocodec_master_clock/inst/mmcm_adv_inst/CLKOUT1
                         net (fo=1, routed)           1.760    -0.091    datapath/Audio_Codec/audiocodec_master_clock/inst/clk_out2_clk_wiz_1
    BUFGCTRL_X0Y3        BUFG (Prop_bufg_I_O)         0.091     0.000 r  datapath/Audio_Codec/audiocodec_master_clock/inst/clkout2_buf/O
                         net (fo=115, routed)         1.706     1.706    datapath/Audio_Codec/initialize_audio/twi_controller/CLK
    SLICE_X160Y116       FDRE                                         r  datapath/Audio_Codec/initialize_audio/twi_controller/FSM_gray_state_reg[1]/C

Slack:                    inf
  Source:                 reset_n
                            (input port)
  Destination:            datapath/Audio_Codec/initialize_audio/initEn_reg/D
                            (rising edge-triggered cell FDRE clocked by clk_out2_clk_wiz_1  {rise@0.000ns fall@10.000ns period=20.000ns})
  Path Group:             (none)
  Path Type:              Setup (Max at Slow Process Corner)
  Data Path Delay:        7.340ns  (logic 1.310ns (17.845%)  route 6.030ns (82.155%))
  Logic Levels:           3  (IBUF=1 LUT4=1 LUT5=1)
  Clock Path Skew:        1.702ns (DCD - SCD + CPR)
    Destination Clock Delay (DCD):    1.702ns
    Source Clock Delay      (SCD):    0.000ns
    Clock Pessimism Removal (CPR):    0.000ns
  Clock Uncertainty:      0.178ns  ((TSJ^2 + DJ^2)^1/2) / 2 + PE
    Total System Jitter     (TSJ):    0.050ns
    Discrete Jitter          (DJ):    0.152ns
    Phase Error              (PE):    0.099ns

    Location             Delay type                Incr(ns)  Path(ns)    Netlist Resource(s)
  -------------------------------------------------------------------    -------------------
    G4                                                0.000     0.000 r  reset_n (IN)
                         net (fo=0)                   0.000     0.000    reset_n
    G4                   IBUF (Prop_ibuf_I_O)         1.062     1.062 r  reset_n_IBUF_inst/O
                         net (fo=56, routed)          5.365     6.427    datapath/Audio_Codec/initialize_audio/twi_controller/reset_n_IBUF
    SLICE_X161Y119       LUT4 (Prop_lut4_I2_O)        0.124     6.551 r  datapath/Audio_Codec/initialize_audio/twi_controller/initEn_i_2/O
                         net (fo=1, routed)           0.665     7.216    datapath/Audio_Codec/initialize_audio/twi_controller/initEn_i_2_n_0
    SLICE_X161Y119       LUT5 (Prop_lut5_I1_O)        0.124     7.340 r  datapath/Audio_Codec/initialize_audio/twi_controller/initEn_i_1/O
                         net (fo=1, routed)           0.000     7.340    datapath/Audio_Codec/initialize_audio/twi_controller_n_8
    SLICE_X161Y119       FDRE                                         r  datapath/Audio_Codec/initialize_audio/initEn_reg/D
  -------------------------------------------------------------------    -------------------

                         (clock clk_out2_clk_wiz_1 rise edge)
                                                      0.000     0.000 r  
    BUFGCTRL_X0Y2        BUFG                         0.000     0.000 r  clk_IBUF_BUFG_inst/O
                         net (fo=232, routed)         1.643     1.643    datapath/Audio_Codec/audiocodec_master_clock/inst/clk_in1
    MMCME2_ADV_X0Y2      MMCME2_ADV (Prop_mmcme2_adv_CLKIN1_CLKOUT1)
                                                     -3.494    -1.851 r  datapath/Audio_Codec/audiocodec_master_clock/inst/mmcm_adv_inst/CLKOUT1
                         net (fo=1, routed)           1.760    -0.091    datapath/Audio_Codec/audiocodec_master_clock/inst/clk_out2_clk_wiz_1
    BUFGCTRL_X0Y3        BUFG (Prop_bufg_I_O)         0.091     0.000 r  datapath/Audio_Codec/audiocodec_master_clock/inst/clkout2_buf/O
                         net (fo=115, routed)         1.702     1.702    datapath/Audio_Codec/initialize_audio/CLK
    SLICE_X161Y119       FDRE                                         r  datapath/Audio_Codec/initialize_audio/initEn_reg/C

Slack:                    inf
  Source:                 reset_n
                            (input port)
  Destination:            datapath/Audio_Codec/initialize_audio/initA_reg[2]/R
                            (rising edge-triggered cell FDRE clocked by clk_out2_clk_wiz_1  {rise@0.000ns fall@10.000ns period=20.000ns})
  Path Group:             (none)
  Path Type:              Setup (Max at Slow Process Corner)
  Data Path Delay:        7.099ns  (logic 1.214ns (17.098%)  route 5.885ns (82.902%))
  Logic Levels:           2  (IBUF=1 LUT1=1)
  Clock Path Skew:        1.702ns (DCD - SCD + CPR)
    Destination Clock Delay (DCD):    1.702ns
    Source Clock Delay      (SCD):    0.000ns
    Clock Pessimism Removal (CPR):    0.000ns
  Clock Uncertainty:      0.178ns  ((TSJ^2 + DJ^2)^1/2) / 2 + PE
    Total System Jitter     (TSJ):    0.050ns
    Discrete Jitter          (DJ):    0.152ns
    Phase Error              (PE):    0.099ns

    Location             Delay type                Incr(ns)  Path(ns)    Netlist Resource(s)
  -------------------------------------------------------------------    -------------------
    G4                                                0.000     0.000 f  reset_n (IN)
                         net (fo=0)                   0.000     0.000    reset_n
    G4                   IBUF (Prop_ibuf_I_O)         1.062     1.062 f  reset_n_IBUF_inst/O
                         net (fo=56, routed)          4.845     5.907    datapath/Audio_Codec/audio_inout/reset_n_IBUF
    SLICE_X154Y118       LUT1 (Prop_lut1_I0_O)        0.152     6.059 r  datapath/Audio_Codec/audio_inout/sdp_bl.ramb18_dp_bl.ram18_bl_i_1/O
                         net (fo=95, routed)          1.040     7.099    datapath/Audio_Codec/initialize_audio/initA_reg[0]_0
    SLICE_X163Y120       FDRE                                         r  datapath/Audio_Codec/initialize_audio/initA_reg[2]/R
  -------------------------------------------------------------------    -------------------

                         (clock clk_out2_clk_wiz_1 rise edge)
                                                      0.000     0.000 r  
    BUFGCTRL_X0Y2        BUFG                         0.000     0.000 r  clk_IBUF_BUFG_inst/O
                         net (fo=232, routed)         1.643     1.643    datapath/Audio_Codec/audiocodec_master_clock/inst/clk_in1
    MMCME2_ADV_X0Y2      MMCME2_ADV (Prop_mmcme2_adv_CLKIN1_CLKOUT1)
                                                     -3.494    -1.851 r  datapath/Audio_Codec/audiocodec_master_clock/inst/mmcm_adv_inst/CLKOUT1
                         net (fo=1, routed)           1.760    -0.091    datapath/Audio_Codec/audiocodec_master_clock/inst/clk_out2_clk_wiz_1
    BUFGCTRL_X0Y3        BUFG (Prop_bufg_I_O)         0.091     0.000 r  datapath/Audio_Codec/audiocodec_master_clock/inst/clkout2_buf/O
                         net (fo=115, routed)         1.702     1.702    datapath/Audio_Codec/initialize_audio/CLK
    SLICE_X163Y120       FDRE                                         r  datapath/Audio_Codec/initialize_audio/initA_reg[2]/C

Slack:                    inf
  Source:                 reset_n
                            (input port)
  Destination:            datapath/Audio_Codec/initialize_audio/initA_reg[3]/R
                            (rising edge-triggered cell FDRE clocked by clk_out2_clk_wiz_1  {rise@0.000ns fall@10.000ns period=20.000ns})
  Path Group:             (none)
  Path Type:              Setup (Max at Slow Process Corner)
  Data Path Delay:        7.099ns  (logic 1.214ns (17.098%)  route 5.885ns (82.902%))
  Logic Levels:           2  (IBUF=1 LUT1=1)
  Clock Path Skew:        1.702ns (DCD - SCD + CPR)
    Destination Clock Delay (DCD):    1.702ns
    Source Clock Delay      (SCD):    0.000ns
    Clock Pessimism Removal (CPR):    0.000ns
  Clock Uncertainty:      0.178ns  ((TSJ^2 + DJ^2)^1/2) / 2 + PE
    Total System Jitter     (TSJ):    0.050ns
    Discrete Jitter          (DJ):    0.152ns
    Phase Error              (PE):    0.099ns

    Location             Delay type                Incr(ns)  Path(ns)    Netlist Resource(s)
  -------------------------------------------------------------------    -------------------
    G4                                                0.000     0.000 f  reset_n (IN)
                         net (fo=0)                   0.000     0.000    reset_n
    G4                   IBUF (Prop_ibuf_I_O)         1.062     1.062 f  reset_n_IBUF_inst/O
                         net (fo=56, routed)          4.845     5.907    datapath/Audio_Codec/audio_inout/reset_n_IBUF
    SLICE_X154Y118       LUT1 (Prop_lut1_I0_O)        0.152     6.059 r  datapath/Audio_Codec/audio_inout/sdp_bl.ramb18_dp_bl.ram18_bl_i_1/O
                         net (fo=95, routed)          1.040     7.099    datapath/Audio_Codec/initialize_audio/initA_reg[0]_0
    SLICE_X163Y120       FDRE                                         r  datapath/Audio_Codec/initialize_audio/initA_reg[3]/R
  -------------------------------------------------------------------    -------------------

                         (clock clk_out2_clk_wiz_1 rise edge)
                                                      0.000     0.000 r  
    BUFGCTRL_X0Y2        BUFG                         0.000     0.000 r  clk_IBUF_BUFG_inst/O
                         net (fo=232, routed)         1.643     1.643    datapath/Audio_Codec/audiocodec_master_clock/inst/clk_in1
    MMCME2_ADV_X0Y2      MMCME2_ADV (Prop_mmcme2_adv_CLKIN1_CLKOUT1)
                                                     -3.494    -1.851 r  datapath/Audio_Codec/audiocodec_master_clock/inst/mmcm_adv_inst/CLKOUT1
                         net (fo=1, routed)           1.760    -0.091    datapath/Audio_Codec/audiocodec_master_clock/inst/clk_out2_clk_wiz_1
    BUFGCTRL_X0Y3        BUFG (Prop_bufg_I_O)         0.091     0.000 r  datapath/Audio_Codec/audiocodec_master_clock/inst/clkout2_buf/O
                         net (fo=115, routed)         1.702     1.702    datapath/Audio_Codec/initialize_audio/CLK
    SLICE_X163Y120       FDRE                                         r  datapath/Audio_Codec/initialize_audio/initA_reg[3]/C

Slack:                    inf
  Source:                 reset_n
                            (input port)
  Destination:            datapath/Audio_Codec/initialize_audio/initA_reg[5]/R
                            (rising edge-triggered cell FDRE clocked by clk_out2_clk_wiz_1  {rise@0.000ns fall@10.000ns period=20.000ns})
  Path Group:             (none)
  Path Type:              Setup (Max at Slow Process Corner)
  Data Path Delay:        7.099ns  (logic 1.214ns (17.098%)  route 5.885ns (82.902%))
  Logic Levels:           2  (IBUF=1 LUT1=1)
  Clock Path Skew:        1.702ns (DCD - SCD + CPR)
    Destination Clock Delay (DCD):    1.702ns
    Source Clock Delay      (SCD):    0.000ns
    Clock Pessimism Removal (CPR):    0.000ns
  Clock Uncertainty:      0.178ns  ((TSJ^2 + DJ^2)^1/2) / 2 + PE
    Total System Jitter     (TSJ):    0.050ns
    Discrete Jitter          (DJ):    0.152ns
    Phase Error              (PE):    0.099ns

    Location             Delay type                Incr(ns)  Path(ns)    Netlist Resource(s)
  -------------------------------------------------------------------    -------------------
    G4                                                0.000     0.000 f  reset_n (IN)
                         net (fo=0)                   0.000     0.000    reset_n
    G4                   IBUF (Prop_ibuf_I_O)         1.062     1.062 f  reset_n_IBUF_inst/O
                         net (fo=56, routed)          4.845     5.907    datapath/Audio_Codec/audio_inout/reset_n_IBUF
    SLICE_X154Y118       LUT1 (Prop_lut1_I0_O)        0.152     6.059 r  datapath/Audio_Codec/audio_inout/sdp_bl.ramb18_dp_bl.ram18_bl_i_1/O
                         net (fo=95, routed)          1.040     7.099    datapath/Audio_Codec/initialize_audio/initA_reg[0]_0
    SLICE_X163Y120       FDRE                                         r  datapath/Audio_Codec/initialize_audio/initA_reg[5]/R
  -------------------------------------------------------------------    -------------------

                         (clock clk_out2_clk_wiz_1 rise edge)
                                                      0.000     0.000 r  
    BUFGCTRL_X0Y2        BUFG                         0.000     0.000 r  clk_IBUF_BUFG_inst/O
                         net (fo=232, routed)         1.643     1.643    datapath/Audio_Codec/audiocodec_master_clock/inst/clk_in1
    MMCME2_ADV_X0Y2      MMCME2_ADV (Prop_mmcme2_adv_CLKIN1_CLKOUT1)
                                                     -3.494    -1.851 r  datapath/Audio_Codec/audiocodec_master_clock/inst/mmcm_adv_inst/CLKOUT1
                         net (fo=1, routed)           1.760    -0.091    datapath/Audio_Codec/audiocodec_master_clock/inst/clk_out2_clk_wiz_1
    BUFGCTRL_X0Y3        BUFG (Prop_bufg_I_O)         0.091     0.000 r  datapath/Audio_Codec/audiocodec_master_clock/inst/clkout2_buf/O
                         net (fo=115, routed)         1.702     1.702    datapath/Audio_Codec/initialize_audio/CLK
    SLICE_X163Y120       FDRE                                         r  datapath/Audio_Codec/initialize_audio/initA_reg[5]/C

Slack:                    inf
  Source:                 reset_n
                            (input port)
  Destination:            datapath/Audio_Codec/initialize_audio/initA_reg[6]/R
                            (rising edge-triggered cell FDRE clocked by clk_out2_clk_wiz_1  {rise@0.000ns fall@10.000ns period=20.000ns})
  Path Group:             (none)
  Path Type:              Setup (Max at Slow Process Corner)
  Data Path Delay:        7.099ns  (logic 1.214ns (17.098%)  route 5.885ns (82.902%))
  Logic Levels:           2  (IBUF=1 LUT1=1)
  Clock Path Skew:        1.702ns (DCD - SCD + CPR)
    Destination Clock Delay (DCD):    1.702ns
    Source Clock Delay      (SCD):    0.000ns
    Clock Pessimism Removal (CPR):    0.000ns
  Clock Uncertainty:      0.178ns  ((TSJ^2 + DJ^2)^1/2) / 2 + PE
    Total System Jitter     (TSJ):    0.050ns
    Discrete Jitter          (DJ):    0.152ns
    Phase Error              (PE):    0.099ns

    Location             Delay type                Incr(ns)  Path(ns)    Netlist Resource(s)
  -------------------------------------------------------------------    -------------------
    G4                                                0.000     0.000 f  reset_n (IN)
                         net (fo=0)                   0.000     0.000    reset_n
    G4                   IBUF (Prop_ibuf_I_O)         1.062     1.062 f  reset_n_IBUF_inst/O
                         net (fo=56, routed)          4.845     5.907    datapath/Audio_Codec/audio_inout/reset_n_IBUF
    SLICE_X154Y118       LUT1 (Prop_lut1_I0_O)        0.152     6.059 r  datapath/Audio_Codec/audio_inout/sdp_bl.ramb18_dp_bl.ram18_bl_i_1/O
                         net (fo=95, routed)          1.040     7.099    datapath/Audio_Codec/initialize_audio/initA_reg[0]_0
    SLICE_X163Y120       FDRE                                         r  datapath/Audio_Codec/initialize_audio/initA_reg[6]/R
  -------------------------------------------------------------------    -------------------

                         (clock clk_out2_clk_wiz_1 rise edge)
                                                      0.000     0.000 r  
    BUFGCTRL_X0Y2        BUFG                         0.000     0.000 r  clk_IBUF_BUFG_inst/O
                         net (fo=232, routed)         1.643     1.643    datapath/Audio_Codec/audiocodec_master_clock/inst/clk_in1
    MMCME2_ADV_X0Y2      MMCME2_ADV (Prop_mmcme2_adv_CLKIN1_CLKOUT1)
                                                     -3.494    -1.851 r  datapath/Audio_Codec/audiocodec_master_clock/inst/mmcm_adv_inst/CLKOUT1
                         net (fo=1, routed)           1.760    -0.091    datapath/Audio_Codec/audiocodec_master_clock/inst/clk_out2_clk_wiz_1
    BUFGCTRL_X0Y3        BUFG (Prop_bufg_I_O)         0.091     0.000 r  datapath/Audio_Codec/audiocodec_master_clock/inst/clkout2_buf/O
                         net (fo=115, routed)         1.702     1.702    datapath/Audio_Codec/initialize_audio/CLK
    SLICE_X163Y120       FDRE                                         r  datapath/Audio_Codec/initialize_audio/initA_reg[6]/C

Slack:                    inf
  Source:                 reset_n
                            (input port)
  Destination:            datapath/Audio_Codec/initialize_audio/initA_reg[0]/R
                            (rising edge-triggered cell FDRE clocked by clk_out2_clk_wiz_1  {rise@0.000ns fall@10.000ns period=20.000ns})
  Path Group:             (none)
  Path Type:              Setup (Max at Slow Process Corner)
  Data Path Delay:        6.955ns  (logic 1.214ns (17.452%)  route 5.741ns (82.548%))
  Logic Levels:           2  (IBUF=1 LUT1=1)
  Clock Path Skew:        1.700ns (DCD - SCD + CPR)
    Destination Clock Delay (DCD):    1.700ns
    Source Clock Delay      (SCD):    0.000ns
    Clock Pessimism Removal (CPR):    0.000ns
  Clock Uncertainty:      0.178ns  ((TSJ^2 + DJ^2)^1/2) / 2 + PE
    Total System Jitter     (TSJ):    0.050ns
    Discrete Jitter          (DJ):    0.152ns
    Phase Error              (PE):    0.099ns

    Location             Delay type                Incr(ns)  Path(ns)    Netlist Resource(s)
  -------------------------------------------------------------------    -------------------
    G4                                                0.000     0.000 f  reset_n (IN)
                         net (fo=0)                   0.000     0.000    reset_n
    G4                   IBUF (Prop_ibuf_I_O)         1.062     1.062 f  reset_n_IBUF_inst/O
                         net (fo=56, routed)          4.845     5.907    datapath/Audio_Codec/audio_inout/reset_n_IBUF
    SLICE_X154Y118       LUT1 (Prop_lut1_I0_O)        0.152     6.059 r  datapath/Audio_Codec/audio_inout/sdp_bl.ramb18_dp_bl.ram18_bl_i_1/O
                         net (fo=95, routed)          0.896     6.955    datapath/Audio_Codec/initialize_audio/initA_reg[0]_0
    SLICE_X159Y120       FDRE                                         r  datapath/Audio_Codec/initialize_audio/initA_reg[0]/R
  -------------------------------------------------------------------    -------------------

                         (clock clk_out2_clk_wiz_1 rise edge)
                                                      0.000     0.000 r  
    BUFGCTRL_X0Y2        BUFG                         0.000     0.000 r  clk_IBUF_BUFG_inst/O
                         net (fo=232, routed)         1.643     1.643    datapath/Audio_Codec/audiocodec_master_clock/inst/clk_in1
    MMCME2_ADV_X0Y2      MMCME2_ADV (Prop_mmcme2_adv_CLKIN1_CLKOUT1)
                                                     -3.494    -1.851 r  datapath/Audio_Codec/audiocodec_master_clock/inst/mmcm_adv_inst/CLKOUT1
                         net (fo=1, routed)           1.760    -0.091    datapath/Audio_Codec/audiocodec_master_clock/inst/clk_out2_clk_wiz_1
    BUFGCTRL_X0Y3        BUFG (Prop_bufg_I_O)         0.091     0.000 r  datapath/Audio_Codec/audiocodec_master_clock/inst/clkout2_buf/O
                         net (fo=115, routed)         1.700     1.700    datapath/Audio_Codec/initialize_audio/CLK
    SLICE_X159Y120       FDRE                                         r  datapath/Audio_Codec/initialize_audio/initA_reg[0]/C





Min Delay Paths
--------------------------------------------------------------------------------------
Slack:                    inf
  Source:                 sda
                            (input port)
  Destination:            datapath/Audio_Codec/initialize_audio/twi_controller/dSda_reg/D
                            (rising edge-triggered cell FDRE clocked by clk_out2_clk_wiz_1  {rise@0.000ns fall@10.000ns period=20.000ns})
  Path Group:             (none)
  Path Type:              Hold (Min at Fast Process Corner)
  Data Path Delay:        0.601ns  (logic 0.246ns (40.850%)  route 0.356ns (59.150%))
  Logic Levels:           1  (IBUF=1)
  Clock Path Skew:        0.913ns (DCD - SCD - CPR)
    Destination Clock Delay (DCD):    0.913ns
    Source Clock Delay      (SCD):    0.000ns
    Clock Pessimism Removal (CPR):    -0.000ns

    Location             Delay type                Incr(ns)  Path(ns)    Netlist Resource(s)
  -------------------------------------------------------------------    -------------------
    V5                                                0.000     0.000 r  sda (INOUT)
                         net (fo=1, unset)            0.000     0.000    sda_IOBUF_inst/IO
    V5                   IBUF (Prop_ibuf_I_O)         0.246     0.246 r  sda_IOBUF_inst/IBUF/O
                         net (fo=1, routed)           0.356     0.601    datapath/Audio_Codec/initialize_audio/twi_controller/sda_IBUF
    SLICE_X161Y117       FDRE                                         r  datapath/Audio_Codec/initialize_audio/twi_controller/dSda_reg/D
  -------------------------------------------------------------------    -------------------

                         (clock clk_out2_clk_wiz_1 rise edge)
                                                      0.000     0.000 r  
    BUFGCTRL_X0Y2        BUFG                         0.000     0.000 r  clk_IBUF_BUFG_inst/O
                         net (fo=232, routed)         0.879     0.879    datapath/Audio_Codec/audiocodec_master_clock/inst/clk_in1
    MMCME2_ADV_X0Y2      MMCME2_ADV (Prop_mmcme2_adv_CLKIN1_CLKOUT1)
                                                     -1.502    -0.624 r  datapath/Audio_Codec/audiocodec_master_clock/inst/mmcm_adv_inst/CLKOUT1
                         net (fo=1, routed)           0.595    -0.029    datapath/Audio_Codec/audiocodec_master_clock/inst/clk_out2_clk_wiz_1
    BUFGCTRL_X0Y3        BUFG (Prop_bufg_I_O)         0.029    -0.000 r  datapath/Audio_Codec/audiocodec_master_clock/inst/clkout2_buf/O
                         net (fo=115, routed)         0.913     0.913    datapath/Audio_Codec/initialize_audio/twi_controller/CLK
    SLICE_X161Y117       FDRE                                         r  datapath/Audio_Codec/initialize_audio/twi_controller/dSda_reg/C

Slack:                    inf
  Source:                 scl
                            (input port)
  Destination:            datapath/Audio_Codec/initialize_audio/twi_controller/dScl_reg/D
                            (rising edge-triggered cell FDRE clocked by clk_out2_clk_wiz_1  {rise@0.000ns fall@10.000ns period=20.000ns})
  Path Group:             (none)
  Path Type:              Hold (Min at Fast Process Corner)
  Data Path Delay:        0.619ns  (logic 0.263ns (42.450%)  route 0.356ns (57.550%))
  Logic Levels:           1  (IBUF=1)
  Clock Path Skew:        0.911ns (DCD - SCD - CPR)
    Destination Clock Delay (DCD):    0.911ns
    Source Clock Delay      (SCD):    0.000ns
    Clock Pessimism Removal (CPR):    -0.000ns

    Location             Delay type                Incr(ns)  Path(ns)    Netlist Resource(s)
  -------------------------------------------------------------------    -------------------
    W5                                                0.000     0.000 r  scl (INOUT)
                         net (fo=1, unset)            0.000     0.000    scl_IOBUF_inst/IO
    W5                   IBUF (Prop_ibuf_I_O)         0.263     0.263 r  scl_IOBUF_inst/IBUF/O
                         net (fo=1, routed)           0.356     0.619    datapath/Audio_Codec/initialize_audio/twi_controller/scl_IBUF
    SLICE_X163Y119       FDRE                                         r  datapath/Audio_Codec/initialize_audio/twi_controller/dScl_reg/D
  -------------------------------------------------------------------    -------------------

                         (clock clk_out2_clk_wiz_1 rise edge)
                                                      0.000     0.000 r  
    BUFGCTRL_X0Y2        BUFG                         0.000     0.000 r  clk_IBUF_BUFG_inst/O
                         net (fo=232, routed)         0.879     0.879    datapath/Audio_Codec/audiocodec_master_clock/inst/clk_in1
    MMCME2_ADV_X0Y2      MMCME2_ADV (Prop_mmcme2_adv_CLKIN1_CLKOUT1)
                                                     -1.502    -0.624 r  datapath/Audio_Codec/audiocodec_master_clock/inst/mmcm_adv_inst/CLKOUT1
                         net (fo=1, routed)           0.595    -0.029    datapath/Audio_Codec/audiocodec_master_clock/inst/clk_out2_clk_wiz_1
    BUFGCTRL_X0Y3        BUFG (Prop_bufg_I_O)         0.029    -0.000 r  datapath/Audio_Codec/audiocodec_master_clock/inst/clkout2_buf/O
                         net (fo=115, routed)         0.911     0.911    datapath/Audio_Codec/initialize_audio/twi_controller/CLK
    SLICE_X163Y119       FDRE                                         r  datapath/Audio_Codec/initialize_audio/twi_controller/dScl_reg/C

Slack:                    inf
  Source:                 reset_n
                            (input port)
  Destination:            datapath/Audio_Codec/initialize_audio/delayEn_reg/D
                            (rising edge-triggered cell FDRE clocked by clk_out2_clk_wiz_1  {rise@0.000ns fall@10.000ns period=20.000ns})
  Path Group:             (none)
  Path Type:              Hold (Min at Fast Process Corner)
  Data Path Delay:        2.362ns  (logic 0.231ns (9.776%)  route 2.131ns (90.224%))
  Logic Levels:           2  (IBUF=1 LUT6=1)
  Clock Path Skew:        0.911ns (DCD - SCD - CPR)
    Destination Clock Delay (DCD):    0.911ns
    Source Clock Delay      (SCD):    0.000ns
    Clock Pessimism Removal (CPR):    -0.000ns

    Location             Delay type                Incr(ns)  Path(ns)    Netlist Resource(s)
  -------------------------------------------------------------------    -------------------
    G4                                                0.000     0.000 r  reset_n (IN)
                         net (fo=0)                   0.000     0.000    reset_n
    G4                   IBUF (Prop_ibuf_I_O)         0.186     0.186 r  reset_n_IBUF_inst/O
                         net (fo=56, routed)          2.131     2.317    datapath/Audio_Codec/initialize_audio/reset_n_IBUF
    SLICE_X158Y118       LUT6 (Prop_lut6_I5_O)        0.045     2.362 r  datapath/Audio_Codec/initialize_audio/delayEn_i_1/O
                         net (fo=1, routed)           0.000     2.362    datapath/Audio_Codec/initialize_audio/delayEn_i_1_n_0
    SLICE_X158Y118       FDRE                                         r  datapath/Audio_Codec/initialize_audio/delayEn_reg/D
  -------------------------------------------------------------------    -------------------

                         (clock clk_out2_clk_wiz_1 rise edge)
                                                      0.000     0.000 r  
    BUFGCTRL_X0Y2        BUFG                         0.000     0.000 r  clk_IBUF_BUFG_inst/O
                         net (fo=232, routed)         0.879     0.879    datapath/Audio_Codec/audiocodec_master_clock/inst/clk_in1
    MMCME2_ADV_X0Y2      MMCME2_ADV (Prop_mmcme2_adv_CLKIN1_CLKOUT1)
                                                     -1.502    -0.624 r  datapath/Audio_Codec/audiocodec_master_clock/inst/mmcm_adv_inst/CLKOUT1
                         net (fo=1, routed)           0.595    -0.029    datapath/Audio_Codec/audiocodec_master_clock/inst/clk_out2_clk_wiz_1
    BUFGCTRL_X0Y3        BUFG (Prop_bufg_I_O)         0.029    -0.000 r  datapath/Audio_Codec/audiocodec_master_clock/inst/clkout2_buf/O
                         net (fo=115, routed)         0.911     0.911    datapath/Audio_Codec/initialize_audio/CLK
    SLICE_X158Y118       FDRE                                         r  datapath/Audio_Codec/initialize_audio/delayEn_reg/C

Slack:                    inf
  Source:                 reset_n
                            (input port)
  Destination:            datapath/Audio_Codec/initialize_audio/data_i_reg[6]/CE
                            (rising edge-triggered cell FDRE clocked by clk_out2_clk_wiz_1  {rise@0.000ns fall@10.000ns period=20.000ns})
  Path Group:             (none)
  Path Type:              Hold (Min at Fast Process Corner)
  Data Path Delay:        2.385ns  (logic 0.186ns (7.794%)  route 2.199ns (92.206%))
  Logic Levels:           1  (IBUF=1)
  Clock Path Skew:        0.911ns (DCD - SCD - CPR)
    Destination Clock Delay (DCD):    0.911ns
    Source Clock Delay      (SCD):    0.000ns
    Clock Pessimism Removal (CPR):    -0.000ns

    Location             Delay type                Incr(ns)  Path(ns)    Netlist Resource(s)
  -------------------------------------------------------------------    -------------------
    G4                                                0.000     0.000 r  reset_n (IN)
                         net (fo=0)                   0.000     0.000    reset_n
    G4                   IBUF (Prop_ibuf_I_O)         0.186     0.186 r  reset_n_IBUF_inst/O
                         net (fo=56, routed)          2.199     2.385    datapath/Audio_Codec/initialize_audio/reset_n_IBUF
    SLICE_X160Y119       FDRE                                         r  datapath/Audio_Codec/initialize_audio/data_i_reg[6]/CE
  -------------------------------------------------------------------    -------------------

                         (clock clk_out2_clk_wiz_1 rise edge)
                                                      0.000     0.000 r  
    BUFGCTRL_X0Y2        BUFG                         0.000     0.000 r  clk_IBUF_BUFG_inst/O
                         net (fo=232, routed)         0.879     0.879    datapath/Audio_Codec/audiocodec_master_clock/inst/clk_in1
    MMCME2_ADV_X0Y2      MMCME2_ADV (Prop_mmcme2_adv_CLKIN1_CLKOUT1)
                                                     -1.502    -0.624 r  datapath/Audio_Codec/audiocodec_master_clock/inst/mmcm_adv_inst/CLKOUT1
                         net (fo=1, routed)           0.595    -0.029    datapath/Audio_Codec/audiocodec_master_clock/inst/clk_out2_clk_wiz_1
    BUFGCTRL_X0Y3        BUFG (Prop_bufg_I_O)         0.029    -0.000 r  datapath/Audio_Codec/audiocodec_master_clock/inst/clkout2_buf/O
                         net (fo=115, routed)         0.911     0.911    datapath/Audio_Codec/initialize_audio/CLK
    SLICE_X160Y119       FDRE                                         r  datapath/Audio_Codec/initialize_audio/data_i_reg[6]/C

Slack:                    inf
  Source:                 reset_n
                            (input port)
  Destination:            datapath/Audio_Codec/initialize_audio/data_i_reg[1]/CE
                            (rising edge-triggered cell FDRE clocked by clk_out2_clk_wiz_1  {rise@0.000ns fall@10.000ns period=20.000ns})
  Path Group:             (none)
  Path Type:              Hold (Min at Fast Process Corner)
  Data Path Delay:        2.448ns  (logic 0.186ns (7.595%)  route 2.262ns (92.405%))
  Logic Levels:           1  (IBUF=1)
  Clock Path Skew:        0.912ns (DCD - SCD - CPR)
    Destination Clock Delay (DCD):    0.912ns
    Source Clock Delay      (SCD):    0.000ns
    Clock Pessimism Removal (CPR):    -0.000ns

    Location             Delay type                Incr(ns)  Path(ns)    Netlist Resource(s)
  -------------------------------------------------------------------    -------------------
    G4                                                0.000     0.000 r  reset_n (IN)
                         net (fo=0)                   0.000     0.000    reset_n
    G4                   IBUF (Prop_ibuf_I_O)         0.186     0.186 r  reset_n_IBUF_inst/O
                         net (fo=56, routed)          2.262     2.448    datapath/Audio_Codec/initialize_audio/reset_n_IBUF
    SLICE_X160Y118       FDRE                                         r  datapath/Audio_Codec/initialize_audio/data_i_reg[1]/CE
  -------------------------------------------------------------------    -------------------

                         (clock clk_out2_clk_wiz_1 rise edge)
                                                      0.000     0.000 r  
    BUFGCTRL_X0Y2        BUFG                         0.000     0.000 r  clk_IBUF_BUFG_inst/O
                         net (fo=232, routed)         0.879     0.879    datapath/Audio_Codec/audiocodec_master_clock/inst/clk_in1
    MMCME2_ADV_X0Y2      MMCME2_ADV (Prop_mmcme2_adv_CLKIN1_CLKOUT1)
                                                     -1.502    -0.624 r  datapath/Audio_Codec/audiocodec_master_clock/inst/mmcm_adv_inst/CLKOUT1
                         net (fo=1, routed)           0.595    -0.029    datapath/Audio_Codec/audiocodec_master_clock/inst/clk_out2_clk_wiz_1
    BUFGCTRL_X0Y3        BUFG (Prop_bufg_I_O)         0.029    -0.000 r  datapath/Audio_Codec/audiocodec_master_clock/inst/clkout2_buf/O
                         net (fo=115, routed)         0.912     0.912    datapath/Audio_Codec/initialize_audio/CLK
    SLICE_X160Y118       FDRE                                         r  datapath/Audio_Codec/initialize_audio/data_i_reg[1]/C

Slack:                    inf
  Source:                 reset_n
                            (input port)
  Destination:            datapath/Audio_Codec/initialize_audio/msg_reg/CE
                            (rising edge-triggered cell FDRE clocked by clk_out2_clk_wiz_1  {rise@0.000ns fall@10.000ns period=20.000ns})
  Path Group:             (none)
  Path Type:              Hold (Min at Fast Process Corner)
  Data Path Delay:        2.448ns  (logic 0.186ns (7.595%)  route 2.262ns (92.405%))
  Logic Levels:           1  (IBUF=1)
  Clock Path Skew:        0.912ns (DCD - SCD - CPR)
    Destination Clock Delay (DCD):    0.912ns
    Source Clock Delay      (SCD):    0.000ns
    Clock Pessimism Removal (CPR):    -0.000ns

    Location             Delay type                Incr(ns)  Path(ns)    Netlist Resource(s)
  -------------------------------------------------------------------    -------------------
    G4                                                0.000     0.000 r  reset_n (IN)
                         net (fo=0)                   0.000     0.000    reset_n
    G4                   IBUF (Prop_ibuf_I_O)         0.186     0.186 r  reset_n_IBUF_inst/O
                         net (fo=56, routed)          2.262     2.448    datapath/Audio_Codec/initialize_audio/reset_n_IBUF
    SLICE_X160Y118       FDRE                                         r  datapath/Audio_Codec/initialize_audio/msg_reg/CE
  -------------------------------------------------------------------    -------------------

                         (clock clk_out2_clk_wiz_1 rise edge)
                                                      0.000     0.000 r  
    BUFGCTRL_X0Y2        BUFG                         0.000     0.000 r  clk_IBUF_BUFG_inst/O
                         net (fo=232, routed)         0.879     0.879    datapath/Audio_Codec/audiocodec_master_clock/inst/clk_in1
    MMCME2_ADV_X0Y2      MMCME2_ADV (Prop_mmcme2_adv_CLKIN1_CLKOUT1)
                                                     -1.502    -0.624 r  datapath/Audio_Codec/audiocodec_master_clock/inst/mmcm_adv_inst/CLKOUT1
                         net (fo=1, routed)           0.595    -0.029    datapath/Audio_Codec/audiocodec_master_clock/inst/clk_out2_clk_wiz_1
    BUFGCTRL_X0Y3        BUFG (Prop_bufg_I_O)         0.029    -0.000 r  datapath/Audio_Codec/audiocodec_master_clock/inst/clkout2_buf/O
                         net (fo=115, routed)         0.912     0.912    datapath/Audio_Codec/initialize_audio/CLK
    SLICE_X160Y118       FDRE                                         r  datapath/Audio_Codec/initialize_audio/msg_reg/C

Slack:                    inf
  Source:                 reset_n
                            (input port)
  Destination:            datapath/Audio_Codec/initialize_audio/stb_reg/CE
                            (rising edge-triggered cell FDRE clocked by clk_out2_clk_wiz_1  {rise@0.000ns fall@10.000ns period=20.000ns})
  Path Group:             (none)
  Path Type:              Hold (Min at Fast Process Corner)
  Data Path Delay:        2.448ns  (logic 0.186ns (7.595%)  route 2.262ns (92.405%))
  Logic Levels:           1  (IBUF=1)
  Clock Path Skew:        0.912ns (DCD - SCD - CPR)
    Destination Clock Delay (DCD):    0.912ns
    Source Clock Delay      (SCD):    0.000ns
    Clock Pessimism Removal (CPR):    -0.000ns

    Location             Delay type                Incr(ns)  Path(ns)    Netlist Resource(s)
  -------------------------------------------------------------------    -------------------
    G4                                                0.000     0.000 r  reset_n (IN)
                         net (fo=0)                   0.000     0.000    reset_n
    G4                   IBUF (Prop_ibuf_I_O)         0.186     0.186 r  reset_n_IBUF_inst/O
                         net (fo=56, routed)          2.262     2.448    datapath/Audio_Codec/initialize_audio/reset_n_IBUF
    SLICE_X160Y118       FDRE                                         r  datapath/Audio_Codec/initialize_audio/stb_reg/CE
  -------------------------------------------------------------------    -------------------

                         (clock clk_out2_clk_wiz_1 rise edge)
                                                      0.000     0.000 r  
    BUFGCTRL_X0Y2        BUFG                         0.000     0.000 r  clk_IBUF_BUFG_inst/O
                         net (fo=232, routed)         0.879     0.879    datapath/Audio_Codec/audiocodec_master_clock/inst/clk_in1
    MMCME2_ADV_X0Y2      MMCME2_ADV (Prop_mmcme2_adv_CLKIN1_CLKOUT1)
                                                     -1.502    -0.624 r  datapath/Audio_Codec/audiocodec_master_clock/inst/mmcm_adv_inst/CLKOUT1
                         net (fo=1, routed)           0.595    -0.029    datapath/Audio_Codec/audiocodec_master_clock/inst/clk_out2_clk_wiz_1
    BUFGCTRL_X0Y3        BUFG (Prop_bufg_I_O)         0.029    -0.000 r  datapath/Audio_Codec/audiocodec_master_clock/inst/clkout2_buf/O
                         net (fo=115, routed)         0.912     0.912    datapath/Audio_Codec/initialize_audio/CLK
    SLICE_X160Y118       FDRE                                         r  datapath/Audio_Codec/initialize_audio/stb_reg/C

Slack:                    inf
  Source:                 reset_n
                            (input port)
  Destination:            datapath/Audio_Codec/initialize_audio/twi_controller/int_Rst_reg/D
                            (rising edge-triggered cell FDRE clocked by clk_out2_clk_wiz_1  {rise@0.000ns fall@10.000ns period=20.000ns})
  Path Group:             (none)
  Path Type:              Hold (Min at Fast Process Corner)
  Data Path Delay:        2.479ns  (logic 0.231ns (9.315%)  route 2.248ns (90.685%))
  Logic Levels:           2  (IBUF=1 LUT6=1)
  Clock Path Skew:        0.915ns (DCD - SCD - CPR)
    Destination Clock Delay (DCD):    0.915ns
    Source Clock Delay      (SCD):    0.000ns
    Clock Pessimism Removal (CPR):    -0.000ns

    Location             Delay type                Incr(ns)  Path(ns)    Netlist Resource(s)
  -------------------------------------------------------------------    -------------------
    G4                                                0.000     0.000 f  reset_n (IN)
                         net (fo=0)                   0.000     0.000    reset_n
    G4                   IBUF (Prop_ibuf_I_O)         0.186     0.186 f  reset_n_IBUF_inst/O
                         net (fo=56, routed)          2.248     2.434    datapath/Audio_Codec/initialize_audio/twi_controller/reset_n_IBUF
    SLICE_X160Y115       LUT6 (Prop_lut6_I4_O)        0.045     2.479 r  datapath/Audio_Codec/initialize_audio/twi_controller/int_Rst_i_1/O
                         net (fo=1, routed)           0.000     2.479    datapath/Audio_Codec/initialize_audio/twi_controller/int_Rst_i_1_n_0
    SLICE_X160Y115       FDRE                                         r  datapath/Audio_Codec/initialize_audio/twi_controller/int_Rst_reg/D
  -------------------------------------------------------------------    -------------------

                         (clock clk_out2_clk_wiz_1 rise edge)
                                                      0.000     0.000 r  
    BUFGCTRL_X0Y2        BUFG                         0.000     0.000 r  clk_IBUF_BUFG_inst/O
                         net (fo=232, routed)         0.879     0.879    datapath/Audio_Codec/audiocodec_master_clock/inst/clk_in1
    MMCME2_ADV_X0Y2      MMCME2_ADV (Prop_mmcme2_adv_CLKIN1_CLKOUT1)
                                                     -1.502    -0.624 r  datapath/Audio_Codec/audiocodec_master_clock/inst/mmcm_adv_inst/CLKOUT1
                         net (fo=1, routed)           0.595    -0.029    datapath/Audio_Codec/audiocodec_master_clock/inst/clk_out2_clk_wiz_1
    BUFGCTRL_X0Y3        BUFG (Prop_bufg_I_O)         0.029    -0.000 r  datapath/Audio_Codec/audiocodec_master_clock/inst/clkout2_buf/O
                         net (fo=115, routed)         0.915     0.915    datapath/Audio_Codec/initialize_audio/twi_controller/CLK
    SLICE_X160Y115       FDRE                                         r  datapath/Audio_Codec/initialize_audio/twi_controller/int_Rst_reg/C

Slack:                    inf
  Source:                 reset_n
                            (input port)
  Destination:            datapath/Audio_Codec/initialize_audio/data_i_reg[0]/CE
                            (rising edge-triggered cell FDRE clocked by clk_out2_clk_wiz_1  {rise@0.000ns fall@10.000ns period=20.000ns})
  Path Group:             (none)
  Path Type:              Hold (Min at Fast Process Corner)
  Data Path Delay:        2.506ns  (logic 0.186ns (7.418%)  route 2.320ns (92.582%))
  Logic Levels:           1  (IBUF=1)
  Clock Path Skew:        0.911ns (DCD - SCD - CPR)
    Destination Clock Delay (DCD):    0.911ns
    Source Clock Delay      (SCD):    0.000ns
    Clock Pessimism Removal (CPR):    -0.000ns

    Location             Delay type                Incr(ns)  Path(ns)    Netlist Resource(s)
  -------------------------------------------------------------------    -------------------
    G4                                                0.000     0.000 r  reset_n (IN)
                         net (fo=0)                   0.000     0.000    reset_n
    G4                   IBUF (Prop_ibuf_I_O)         0.186     0.186 r  reset_n_IBUF_inst/O
                         net (fo=56, routed)          2.320     2.506    datapath/Audio_Codec/initialize_audio/reset_n_IBUF
    SLICE_X162Y119       FDRE                                         r  datapath/Audio_Codec/initialize_audio/data_i_reg[0]/CE
  -------------------------------------------------------------------    -------------------

                         (clock clk_out2_clk_wiz_1 rise edge)
                                                      0.000     0.000 r  
    BUFGCTRL_X0Y2        BUFG                         0.000     0.000 r  clk_IBUF_BUFG_inst/O
                         net (fo=232, routed)         0.879     0.879    datapath/Audio_Codec/audiocodec_master_clock/inst/clk_in1
    MMCME2_ADV_X0Y2      MMCME2_ADV (Prop_mmcme2_adv_CLKIN1_CLKOUT1)
                                                     -1.502    -0.624 r  datapath/Audio_Codec/audiocodec_master_clock/inst/mmcm_adv_inst/CLKOUT1
                         net (fo=1, routed)           0.595    -0.029    datapath/Audio_Codec/audiocodec_master_clock/inst/clk_out2_clk_wiz_1
    BUFGCTRL_X0Y3        BUFG (Prop_bufg_I_O)         0.029    -0.000 r  datapath/Audio_Codec/audiocodec_master_clock/inst/clkout2_buf/O
                         net (fo=115, routed)         0.911     0.911    datapath/Audio_Codec/initialize_audio/CLK
    SLICE_X162Y119       FDRE                                         r  datapath/Audio_Codec/initialize_audio/data_i_reg[0]/C

Slack:                    inf
  Source:                 reset_n
                            (input port)
  Destination:            datapath/Audio_Codec/initialize_audio/data_i_reg[2]/CE
                            (rising edge-triggered cell FDRE clocked by clk_out2_clk_wiz_1  {rise@0.000ns fall@10.000ns period=20.000ns})
  Path Group:             (none)
  Path Type:              Hold (Min at Fast Process Corner)
  Data Path Delay:        2.524ns  (logic 0.186ns (7.366%)  route 2.338ns (92.634%))
  Logic Levels:           1  (IBUF=1)
  Clock Path Skew:        0.910ns (DCD - SCD - CPR)
    Destination Clock Delay (DCD):    0.910ns
    Source Clock Delay      (SCD):    0.000ns
    Clock Pessimism Removal (CPR):    -0.000ns

    Location             Delay type                Incr(ns)  Path(ns)    Netlist Resource(s)
  -------------------------------------------------------------------    -------------------
    G4                                                0.000     0.000 r  reset_n (IN)
                         net (fo=0)                   0.000     0.000    reset_n
    G4                   IBUF (Prop_ibuf_I_O)         0.186     0.186 r  reset_n_IBUF_inst/O
                         net (fo=56, routed)          2.338     2.524    datapath/Audio_Codec/initialize_audio/reset_n_IBUF
    SLICE_X160Y120       FDRE                                         r  datapath/Audio_Codec/initialize_audio/data_i_reg[2]/CE
  -------------------------------------------------------------------    -------------------

                         (clock clk_out2_clk_wiz_1 rise edge)
                                                      0.000     0.000 r  
    BUFGCTRL_X0Y2        BUFG                         0.000     0.000 r  clk_IBUF_BUFG_inst/O
                         net (fo=232, routed)         0.879     0.879    datapath/Audio_Codec/audiocodec_master_clock/inst/clk_in1
    MMCME2_ADV_X0Y2      MMCME2_ADV (Prop_mmcme2_adv_CLKIN1_CLKOUT1)
                                                     -1.502    -0.624 r  datapath/Audio_Codec/audiocodec_master_clock/inst/mmcm_adv_inst/CLKOUT1
                         net (fo=1, routed)           0.595    -0.029    datapath/Audio_Codec/audiocodec_master_clock/inst/clk_out2_clk_wiz_1
    BUFGCTRL_X0Y3        BUFG (Prop_bufg_I_O)         0.029    -0.000 r  datapath/Audio_Codec/audiocodec_master_clock/inst/clkout2_buf/O
                         net (fo=115, routed)         0.910     0.910    datapath/Audio_Codec/initialize_audio/CLK
    SLICE_X160Y120       FDRE                                         r  datapath/Audio_Codec/initialize_audio/data_i_reg[2]/C





